0.027245995260611364,0.31935787649163905,-0.2863949505758626,-0.007085320990108044,-0.45904162187276537,-0.3278234135481627,-0.024077061490971385,-0.2731414502161487,0.12021894333094196,0.08859366778742206,0.22192499203069385,-0.05338485053462769,-0.27757970068618504,0.0719753847295939,-0.12017466888645423,0.0638016079901864,-0.0025309069797155984,-0.05956311733324729,0.08814247445806692,0.007194827418533265,0.07883980869602825,0.1563622671754738,0.12154562419515715,0.03195599689144062,0.2972949104020343,0.1628610051867409,0.04064396968404782,0.1996822038902936,0.044734479662756316,0.03688581442222694,0.08837750656743057,0.041887803739470326,0.12469928065015802,0.02157982478721086,0.03805244012101326,0.026867097676108287,0.010972086400147133,0.018298237664942957,0.024150359945095283,0.016088840072553925
0.2910383869950611,-0.5362609178284681,-0.22510706344966475,-0.15606798392282634,0.008071036121481748,-0.18425440093758275,-0.19384764157868992,0.27697589333952677,-0.2514743599712645,-0.11805268361754519,-0.04650079971421984,0.038484456487925665,0.04428299789828501,0.09883327153983151,-0.12619620111391583,-0.13419509192983367,0.08402851047632683,-0.02495303871005727,-0.08152469108754248,-0.07389201079847472,0.18470341506389681,0.4045912194170561,0.08394537545158721,0.061989243639691015,0.04477322926997216,0.060175344886844624,0.07123422537844026,0.11473955232852195,0.12943331267865243,0.041807608765324716,0.01820861148274656,0.023521748510999207,0.022114845645581693,0.03750035595105072,0.034451324549059754,0.03188879888928378,0.02762438457883684,0.020594079965895434,0.023510767192494966,0.017958041853850745
0.05283565194045762,-0.4126399179730091,-0.21229712979837415,0.17599481506672138,-0.3818108338579997,-0.4323881859628083,0.1802019734226759,-0.19442801637063398,0.12804551186912605,-0.0539951253838074,0.019025987016564848,0.034209521252695774,-0.02437407826172866,-0.07570618122511868,-0.03101203856076956,-0.011848634851833035,0.08253164208975139,-0.05769096995994049,-0.031014886313851242,-0.01826990138860166,0.17973054447146153,0.2668476125920135,0.12682497599832132,0.12766250606146293,0.224820708643752,0.3086159440208829,0.07412540312775666,0.08636446126474998,0.049123451442837286,0.057719288086861595,0.032646081047415725,0.02754341024253398,0.023162359099470228,0.027994043954648405,0.049164719329277635,0.01577387723530565,0.0287931138929614,0.022566702229499774,0.01649533530633783,0.019280972601743874
-0.48208922460075654,-0.391456952456397,0.4402694306230999,-0.04749713161615808,-0.16659391184444464,0.14593089001477402,0.02256304748555365,-0.02261851502648942,-0.1721170115608959,-0.04305801329661942,-0.03088618762247901,-0.019917038380210254,0.02473664979121013,-0.041881528010071785,0.09595537422838948,-0.005455188223134164,0.16221485453062923,-0.09943879248260035,-0.05390616043025185,0.03237748740990582,0.3526705727808667,0.19326404761019617,0.2605006605786126,0.07763502858777444,0.08308069007971436,0.1453041944586955,0.04493515477302661,0.048916717269259107,0.057540231870098386,0.0338289759056371,0.02533461090680528,0.014679523423354782,0.023457277951361197,0.024659814008281947,0.0345803556657414,0.021617935202839986,0.07513859109632857,0.027604409426216316,0.02377611871003858,0.021213703175612397
0.5155260652730174,-0.35841578728004897,-0.3033184169023128,-0.1833176944050643,0.033951480525312966,-0.21640640906397726,-0.1372085514234536,-0.07636707372445815,0.05722347564915932,-0.06288797827115215,-0.03491553045811717,-0.011643184090742944,-0.025493491184329396,0.12608493613924782,-0.004560736852046671,-0.03033660638566863,0.03264411725419463,-0.024835249416391085,-0.042464549202508445,0.07941601919947111,0.46709166471360414,0.27454927092677495,0.17038421426459685,0.13150831019663778,0.05094760708148886,0.12083506639561781,0.06541064491757656,0.04170424210374933,0.031086027004419974,0.03363718391232481,0.033068081722283635,0.02013392427524254,0.01773629524605075,0.05419504844190004,0.018282281059552593,0.015124955562160775,0.016435285562827133,0.012479570170108678,0.014014437842010438,0.023034397390412503
-0.3744182756804244,0.27422272960165417,-0.22782297878259325,-0.38225723353370544,0.14591309522982387,-0.24029042323548294,-0.027019286070596428,0.09227066415819299,0.17008556665098362,-0.16147231322469863,0.021492034476245876,-0.3686356086207683,-0.08351194661664639,-0.057907901192780935,-0.12380873703839901,0.0710404008498826,-0.015990961375059173,-0.07229280502599401,-0.09644409553356288,-0.006835996191047215,0.2756395948626346,0.2097740108062478,0.11453256432211881,0.23787333763971755,0.08896257547823792,0.10673513361303744,0.03374878517562291,0.04142496663535443,0.06673307117263305,0.06616225295507662,0.026637528675700857,0.18582409725998233,0.027702560134424483,0.02327811233791793,0.03919843387942021,0.02242996932292495,0.0210659361380204,0.022676170858769162,0.03134077323009981,0.014824828887151574
-0.526455722744332,-0.05102186113335174,-0.02611265303716483,-0.2592870480396093,-0.03984677418611817,-0.06309304199790755,-0.0802349466339781,-0.03959214001048498,-0.19202919874711202,-0.060747836829579245,-0.2865908838884449,-0.009331682274151815,-0.09282879226630872,-0.16749127373997857,-0.08749257416720076,-0.0214228561632117,-0.14764827355164342,-0.41434232364005835,-0.10079502066148247,0.01593575750094817,0.3831433402713458,0.060382407528405,0.08090057008774879,0.12985729420257977,0.05519250023409445,0.04303776885133828,0.038260669066372016,0.032992392864840854,0.07594482628165163,0.032993043989446025,0.11494630659138602,0.026187279413388737,0.03041144616338477,0.05674319492710395,0.027397177828008445,0.02213309935831485,0.04612013688450014,0.23798178448125787,0.029048751091445998,0.01555250235453989
-0.5926882732288246,0.24843244266086703,0.09843948589800894,-0.05444586045068589,-0.08654866587479944,-0.11723573558487672,-0.09113424369982262,0.29546688732837334,-0.1011261641726737,0.14255927889478437,-0.008657062128457101,-0.2271785217379334,-0.07077134589638505,-0.12283042867171516,-0.08712507051456661,-0.03955542239816635,-0.061713624230739186,0.018631327591469474,-0.02950197486503392,0.008334959868130381,0.494107242221139,0.20987283697354042,0.09250929870931092,0.05953515039433943,0.033918079627185425,0.053708703257992596,0.029160191131182664,0.14030342202992083,0.044820166702293815,0.05273718974278185,0.023041903863756433,0.08238182023094157,0.02038316366277383,0.039331432789919185,0.024108732157744846,0.019503614190038633,0.0195471166425814,0.010303834806151553,0.020350846989589614,0.011361244407865172
-0.5603169823493896,0.09221472426447004,-0.28817704104584985,-0.45938169064125317,0.09451913266020363,0.005022550977115066,0.03481162595186695,-0.11191769908198397,-0.005647405846051776,-0.02120973356816398,0.014997062482073905,-0.13261165860227977,-0.08876411635409445,0.06006419328040045,0.02664665474374346,-0.04770467491666465,0.005124705768512022,0.007620746262936014,0.029549012060024926,0.004058329538592658,0.4150107944296657,0.10260252887124573,0.17048371942210752,0.3267509076806193,0.04486666314387546,0.02568871308916224,0.026076039434692427,0.03715877733481597,0.013802042139915172,0.01973391763117594,0.019679872336554244,0.03505874420751425,0.02142377547253419,0.01692530432213712,0.008448964262654377,0.011813937406763148,0.014036042138590308,0.010186945774155071,0.01161985171539762,0.010674869774036802
0.24249975890932013,-0.0608465271698765,-0.6001493541497948,-0.02997196084236398,-0.004548784323507243,-0.05104008123908842,0.19141851548680472,0.06464248261636266,0.004260624995149749,0.12135970667937045,0.020930957487361374,-0.1651275683269635,0.16237538319128544,-0.2032784782512238,-0.09454894083147211,-0.05858287241751916,0.23180599456779052,0.09192933821007722,-0.12354507328470622,0.029591245693262498,0.19178199727413478,0.11004633745625829,0.4961710972804142,0.056002162097010824,0.037989753269533605,0.0423423060087329,0.07565858436764143,0.032173421052425516,0.022015500841847904,0.04270119851316966,0.020394643807484174,0.051545197874857764,0.05014509409923056,0.06843353330933702,0.028260229446136546,0.018654048418211087,0.08933136040079005,0.027770890857817625,0.03534126021122206,0.014144008364182382
-0.45781280156430837,0.16786139800078864,-0.29343633543177944,-0.1786014010857361,-0.4111687335289859,0.007555874916411076,-0.2998760742614721,-0.23740629420118015,-0.05929576155649956,0.0896236353572268,0.05985048889801374,-0.19529478492332042,0.020491582374883223,-0.039222373356395855,-0.12741725804567733,-0.06387255463641861,0.10813231943472847,0.032978531383376926,-0.16123239008797557,0.049612360915599674,0.32188924338906594,0.07325242996419035,0.14168512534045619,0.06147475251836309,0.22147287217144926,0.02445167813357572,0.12091292892047315,0.08372244114897748,0.02002577070930955,0.019934588691835547,0.017321249916019913,0.0575659002700529,0.011671510626100447,0.011690110640256718,0.02911018384322741,0.015449877119038672,0.021853687522717602,0.010008456087380255,0.038299639698882525,0.010746501527124518
-0.6494762787172728,-0.13909354221395903,-0.002938183724145027,-0.24340019388571482,0.09807626625634139,-0.026039313323154192,-0.023533221410368527,-0.007913392462418746,0.03309444395408217,-0.0382201346792524,-0.02956109024785476,-0.01439236624378852,-0.008016219144021106,0.02648265455003907,0.019856146536094053,0.039330152105855304,-0.02282694533266645,-0.019419722246410077,-0.02323675097580093,-0.03650004631915815,0.677336437095376,0.07855388554796797,0.02467022635806719,0.11096807357234906,0.02861703390109523,0.012763331216363114,0.008453459225666062,0.01144400985694901,0.009761687319790062,0.008916880683555077,0.008322340883219502,0.005668523438423927,0.00433792534487488,0.006436154930542029,0.004918218868435665,0.006890082281291522,0.0038165888431638184,0.004122601468459891,0.004139353130850775,0.005894240069525597
-0.6598478528342938,0.15614427082247168,0.014630042741419045,-0.20637260117419684,-0.15285573975924105,-0.006495540598734656,-0.024451986632248405,0.11180373729198821,-0.11493106949304607,-0.09582312291260549,0.04260417389808856,-0.1107321525793363,0.07302949478718786,0.02955777354415214,-0.030712769587284184,0.041191076373668284,0.03828391810136387,0.012453726737665963,0.07967937138224997,-0.028019014826229427,0.6270900952759176,0.05712303040255149,0.0161427292405871,0.072313775775223,0.04220771847618651,0.010609941212189227,0.008882018386382452,0.026532822932441694,0.02429154004330704,0.01963263716977242,0.010439614242350476,0.022630045446164048,0.013286872352029624,0.006477658585726879,0.007753732491476829,0.006180287551986323,0.006160831518577379,0.0047424210369769095,0.012751147091082386,0.005762620232822389
-0.15604917425583623,-0.289043218971028,-0.29195166639182846,-0.3140572112924478,-0.17909596215135276,-0.42527211591656494,-0.1554735122672301,-0.2562492530449307,0.13969495844031107,-0.07758088614675661,0.03197687688975965,-0.2402962280188649,0.051324535346580415,-0.09902062500060485,-0.1812781447439634,0.026829585676551707,-0.03618226292801454,0.0286196835655692,0.08081169794833408,-0.14858993190132436,0.21522977732091822,0.16904033450728898,0.18512816777556018,0.16209124252236717,0.0869626840251132,0.2563564588423694,0.06130664477943099,0.11336420618941417,0.05226428097802069,0.026285980574142036,0.023764422496768346,0.09188750284807048,0.01842412237015036,0.030688153359598354,0.053557575327619386,0.014285241859886567,0.014127035430632283,0.012973681432747347,0.0187066628141284,0.0396605060301184
-0.48592048772025126,-0.5175973929503443,-0.15877474157027682,-0.018051258313574844,-0.07257795008752752,-0.021581002001840606,-0.005352757572236631,-0.07451518075491953,-0.15637380695977918,-0.035129978024069676,0.04461390551653524,0.029815468557809543,-0.02210943232757075,-0.009451777931280613,0.017382732032498724,0.04184885992110005,-0.043205061952914126,-0.0356653201198875,-0.03728249556014751,0.009490558341022548,0.1674529471796143,0.2935542567787404,0.09318560284449964,0.10168366034965888,0.2505981769608368,0.325132467176563,0.04393467300911606,0.12564213293564996,0.19200950885696472,0.11401519124986782,0.0476652716961798,0.10659297639094824,0.08001300621517686,0.06942676939613578,0.073097433980989,0.06860260215500544,0.1007388724519443,0.05430911657731926,0.05465235138935132,0.0546426381360349
-0.38867668114004816,-0.40312723622817226,0.04067929350964577,-0.07598330054058902,0.03516682649308229,-0.022006899578900157,0.044315084366691744,0.13135856599335163,0.10150349334707279,-0.22331245271610364,-0.028217191559713587,0.05661305429662869,0.0136294200166825,-0.04315710793428932,-0.15787750518678995,-0.04285489267895908,-0.11511103807947716,-0.014524549069515206,-0.07132096251918175,-0.0060243923839294515,0.5726404923242693,0.309731309940544,0.18521553116785414,0.13598679559545035,0.06572994279877939,0.1077292941752889,0.024776710605812304,0.09000958987509385,0.07948937369878356,0.10976267067480164,0.05575878487555825,0.04468637211071183,0.05075070125951362,0.047434262841117396,0.07661537454433606,0.04078887900604357,0.07278972907927464,0.03722107643485273,0.04071484549446243,0.03195127364679443
-0.1174586917052805,0.01471331825962358,-0.2564408615086929,-0.0873180634892591,0.04214900658811501,-0.08365435014092064,-0.14884031790989427,-0.07139196057563925,0.11561217964083961,-0.04438508348999969,0.06148563381144288,0.006327246499528553,-0.058043039063353286,0.03451330312571485,-0.015777929298338503,0.051994192217954316,-0.02115336228463332,-0.00662885710927835,-0.02530921525801647,-0.08213598209341828,0.34512389209845157,0.2876206685876816,0.4395930894387336,0.24021214918532513,0.2580876282563277,0.1580227060671587,0.23898539111927708,0.24828009620930766,0.1472243002111228,0.15144674787335327,0.1562594909652255,0.11946653726182173,0.12880036693437505,0.12837537443311806,0.09850207318777729,0.10161159731947428,0.09412763326772748,0.10808510157026292,0.09903375354363787,0.11028554373033231
-0.1433173197211074,0.1644233998695081,0.0011311845546911224,-0.02860333767364253,-0.14376800532599923,-0.03365442648169404,-0.050434360817053374,-0.07248045911605969,-1.3153484924491364e-05,-0.011439083376035103,-0.05829907649752605,0.015888883426943216,-0.09321957611596036,-0.03249220600021329,0.009449460284956659,-0.03395393931014875,-0.0342479443402893,-0.0281416231409684,-0.001824526723832928,0.01278639936023775,0.48176162782489806,0.36354913180845705,0.3211696769180776,0.19131301471933126,0.1877699498963104,0.3774671640543003,0.1871671231827277,0.2078536067227255,0.17889835951770833,0.1279860541158647,0.12839259934094888,0.11056665192048588,0.12134102401178731,0.12631677304023287,0.08930412967139614,0.082015627139362,0.09347582333725166,0.06229852912392099,0.06901886221975471,0.07252685173393555
-0.3397758403158746,-0.08529156804506205,-0.24331747934543904,-0.059758307629011735,-0.011535555014303716,0.02677997110124203,0.0190212112806324,0.015173119757484258,-0.0322586503721722,-0.06032169336308519,-0.06098557141758673,-0.029657488918363686,-0.0687851474318025,-0.010614704536456425,0.022895468941466688,0.04316352679600184,-0.037661293266229266,-0.0428601040842489,0.017237546689774515,0.0071039301821518045,0.5872282917580786,0.3005249818774215,0.43705573433990225,0.1325782966507124,0.175785056814209,0.12663331382275347,0.14843141315135458,0.14060250446912062,0.09631997490082071,0.08086677023352644,0.09404634655383938,0.061941674653683255,0.08144398738229049,0.06669839016751748,0.06029933625568716,0.07436950835527276,0.07420941051507017,0.05328537572669824,0.043740687476613846,0.038176778095114945
-0.2884366751085606,-0.016209212658389344,0.04870150216121062,-0.06449329759412702,-0.10724233339906193,-0.19624948130129546,-0.1660430315674446,0.17371343203182904,-0.03982731047310019,0.026741609289884196,-0.15024416218784578,0.025122905380424297,-0.09745306919427668,-0.007142312056428289,0.08999501405347554,0.0421455423014367,0.03127337829552649,0.04206587665165815,-0.06066696587297793,-0.03162401258756979,0.3860956631463749,0.4742936314743759,0.2520361293730265,0.1633514902483307,0.23224301234211872,0.21826707358738615,0.17882610416820507,0.18506473507722646,0.13881560940907461,0.11072650655329609,0.12329956905899446,0.09015553545715442,0.14876950698738584,0.1093819916625508,0.09901206361892587,0.059181171042296636,0.0647738333039559,0.057948771627455826,0.07352829528154382,0.051308723396438195
0.001194962024213237,-0.24299611474778296,-0.011511141876200927,-0.3698133867958746,-0.15295684232561357,-0.4827088071541136,0.2002436506704005,0.08071103535160654,-0.04302651242978627,-0.24982650886946886,-0.12933751243804875,-0.19321163087959972,0.1041629977680188,-0.05138100248499958,0.0015982007371705782,-0.11162125351703181,-0.10548738782915675,-0.11811911472939877,-0.05004139734610343,-0.04760774711723595,0.09915371908686925,0.22804489663010521,0.11562459522564651,0.2359824551965235,0.09639833833705165,0.3567660016686378,0.12352319666485839,0.049981405130327845,0.054134230756970235,0.13226070572653145,0.06952944122968942,0.08574327521537882,0.04001259664783852,0.035628365174943735,0.028581673093296227,0.04091180466232813,0.03369239456605708,0.03969574707134815,0.019825835593395714,0.024855983429743902
0.19369391162569827,-0.43389645840102675,0.03278915656784454,-0.2963597738325019,-0.053647933017819824,-0.1761083762261164,-0.10199738471293965,-0.05674281699950639,0.060302798896207196,-0.09103131341091039,0.14610219373554728,-0.07155948046110105,0.05378905883071597,0.04945406275828328,-0.03689067236009352,0.08187047086135071,-0.03661635335131635,0.0036154000039196423,0.03261743045790842,0.03916248453241512,0.4783558011181857,0.4091379428001315,0.07822043696929017,0.22802037534264946,0.10462055426594971,0.1962916042677847,0.12081805623995417,0.07708261932867794,0.09302663625274794,0.09808523237902356,0.08290194373771675,0.07162696516230659,0.04530450408282869,0.08066708419010395,0.057062219352723965,0.05690423905570037,0.0391342176390369,0.03266141522160917,0.043001409508729736,0.0890476178042759
-0.4865287063540112,-0.3697704490214323,-0.03432897733769866,-0.1879472170825152,0.015644439769685537,0.09632095432451167,-0.026964138393866584,-0.05518005609504982,-0.16178893068963454,-0.12223444880562966,0.08479433425876998,-0.02281524664875537,0.022940985742883644,-0.05851744900054577,-0.02712701312201645,-0.004738779242150047,-0.022103002129172582,0.006782519190565644,0.07176393751752867,-0.02195339842885822,0.44986548633798007,0.37301424230564956,0.18281104653710678,0.17084367316815585,0.19126333138119908,0.11162979561105511,0.11281716813339956,0.09791370648579467,0.11819850886370019,0.0820476815805284,0.07868253132554502,0.05934985801508293,0.04244254814837801,0.041717947575803785,0.04050212726705063,0.03655664501451767,0.028749464709877916,0.04127979399963884,0.038291471131947835,0.02538702773638263
0.48765272746300165,0.3595848625253799,-0.30659649559688595,-0.31229865243232324,-0.24233467543766352,0.17531447090909139,-0.10351851592969184,0.02553060873841881,-0.22936107562275387,-0.016823980795687685,-0.012655596890295837,-0.05065175603867121,-0.020877766012529466,-0.09132247635585879,0.010674484990109666,-0.04219969242153428,-0.03228764700781874,0.020810025363586913,-0.0396486922936834,-0.015860405189889383,0.4149308378521544,0.20766308587472115,0.1373519881543782,0.1364477391924918,0.08850545871716733,0.0527093898003511,0.023988720638539046,0.01869112230617591,0.07557314273450845,0.011181720578101417,0.008671151759447191,0.009655426546547512,0.006669325029893424,0.017323035203585194,0.007334446598978688,0.008220561652703193,0.006997505112043043,0.006525020621252833,0.007507448432729142,0.00420103989491019
-0.5505506242991706,-0.2071898095040469,-0.0046151989059566335,0.22284606701383783,-0.1850425202886192,-0.04983392257033519,0.24953778046781472,-0.12214179212888743,-0.03631056595365004,0.04891562934863289,-0.023761652503451376,0.003714501952573721,-0.0361380201710499,-0.031348377787537504,0.0022261693158800214,-0.02727840321047603,-0.03503093170125744,0.06639152911817275,-0.05312298743208376,0.05463510333433479,0.6209418348516628,0.18101957468698168,0.05946592962498521,0.12391549692841475,0.0919057007845951,0.033888749133241386,0.13283243295037128,0.04815449309054975,0.023887733026702388,0.023396009803525228,0.02143333783769724,0.02222683611917317,0.025458471619618585,0.01810380961072434,0.015730492333990733,0.016555007061615702,0.015189594483259699,0.022171981727208006,0.016419706297991565,0.016005992292934767
-0.5828939887868173,-0.33010728609331585,-0.17663956641463696,0.12216310218567673,-0.10921754454296982,0.15034691934886463,0.08565689409543487,0.0401702291297047,0.026062697985643486,-0.08941674530897967,0.05406861983028866,-0.04597998801536177,-0.029412368846770245,0.05825050978449745,0.006452484422599516,-0.03697324125069463,-0.004513465120877547,-0.055851906484209075,-0.0523466563154493,-0.046680779599350436,0.5940805941145076,0.21937036440549917,0.0819619093225419,0.06737557853675323,0.07873311385135752,0.07323637797410154,0.04589695173297674,0.03143573673633603,0.023464126321786835,0.04322576780321102,0.02782765320030989,0.03393958322343074,0.024736544248474216,0.024872380287490867,0.016566480663470842,0.016972953197794502,0.016746120310174542,0.0192444356030881,0.01656497859182039,0.013556598395909501
0.46766793634976184,-0.04551950107768954,0.1062098583077429,0.07492017783153349,0.2835873744770113,0.2260090247765238,-0.17289960236175697,-0.16853769289596468,0.05545528022267449,-0.028056516273258364,-0.00011832225537748807,-0.22240314077440862,0.14737411202403294,0.000774057823701825,-0.023822853904012932,-0.14129521236837173,-0.12365183272878354,0.1716582383158811,0.030534343388362962,-0.12339246409408604,0.565818122473221,0.0952091959571599,0.09280504621026162,0.046590367516365964,0.16414796009391344,0.13313237270545236,0.07113698552840654,0.05937511957814146,0.0407821433332403,0.025852814969709738,0.02577760838368801,0.08314622814533582,0.04333363619986363,0.02585352975633707,0.016131207032444257,0.05184154522152264,0.03534988037433149,0.06820289467427808,0.016007607564346465,0.034850849974456165
-0.3721903457826875,-0.30543628576709586,-0.44441783615032354,0.08895454951352007,0.177928181573935,-0.17549065225187632,-0.23332396007976122,-0.13800661108402762,-0.013156658976258746,-0.0966107470388006,-0.08209802415227564,-0.253878984521598,-0.10012581553859391,-0.17949068740706878,-0.022840027364405473,0.09274451951860939,0.08012760714624878,0.07905808337920579,0.036199417181768966,0.0651890828196669,0.34904436531309274,0.13947089205699056,0.1953678259389774,0.058015478910172724,0.21094596668537943,0.07629687268661413,0.0725114561976033,0.04345839970348478,0.02568118705545008,0.07948661364145301,0.0604599981834135,0.11427587937156489,0.05321915216243769,0.058343766874371435,0.013296460476350375,0.035122017021322054,0.03651299874991785,0.0470706354781018,0.026337793476833952,0.02566493435281078
-0.27865277122248294,-0.6717872880221354,-0.08819900649360403,-0.03860713377044659,0.11934962375621104,-0.09352260746598587,-0.08659116112581709,0.11178104695625812,0.04980928678783895,-0.04030808060706275,-0.07804335062667743,-0.027534386258377383,-0.0004459992244188157,0.009093628229395663,-0.03248517296808347,0.018519407683134193,-0.030987068848283145,-0.024489941116625405,0.011582168062863486,-0.012680248119355815,0.18207433248916327,0.5932346986871075,0.07553399336817748,0.03705647638730014,0.0527043214899937,0.035826348278643935,0.05159826733788958,0.02781802597604846,0.03270974901805335,0.011301055556094662,0.02541450809570393,0.02288090635047788,0.018679420957845198,0.013229322061251486,0.019290886675436974,0.02844586569556113,0.018406273394822772,0.012990479013245272,0.014411837155223513,0.008264905997900154
0.0015618907537321507,-0.35970149732784384,0.09960647611839693,-0.28701490611479974,-0.4323159138925186,-0.13963173671825643,-0.22057233824895492,-0.3170821096280884,-0.10911500926624923,-0.093448636682136,-0.053226682957927283,-0.003392798740876322,-0.08538242584320574,-0.02063759255345534,0.043562866890066304,0.0016795011551617761,0.04673260263933239,0.02122480849254458,0.042925635896110044,0.11918933391482124,0.2584218869023306,0.37281515642595425,0.12198538652809031,0.1611845601488766,0.2709665835885464,0.05579217794680041,0.09886598826686599,0.14911582075449514,0.09239824989687263,0.041702889721556835,0.03256713226867,0.011913375855437551,0.02911761685705126,0.012960947228633241,0.02444193343577635,0.019807372839630327,0.0160094191728555,0.015729891072774706,0.03097870952645313,0.028554453869235993
-0.6635225765329101,-0.014063562858020275,0.05892808740347941,-0.08660629695456698,-0.12138832817052378,0.07680794573283142,-0.10289683593983091,-0.14561927205374692,-0.09939291347363494,-0.031041964895407757,-0.04857329906010431,-0.08735700491675377,0.03663040106445622,-0.017544394637554063,-0.06272591903104247,-0.016302751798241106,-0.0008643335395628649,0.002598590305667877,-0.04638517272550688,-0.05378882834318241,0.6137026985397075,0.04510747421154469,0.19506069304320364,0.09009062802828564,0.11450509699458498,0.04777577772683693,0.08497250182672991,0.09812664736153884,0.04245224104227061,0.021296977695057038,0.029888978318792527,0.024335652954086844,0.03507967224721254,0.022639809490613415,0.023020116579875134,0.018329222369559098,0.011309742072967442,0.01617641602498527,0.016026368711247404,0.01826301206950705
0.25010440556529207,0.045966421949590414,-0.1396841019239685,-0.08855793296047239,-0.22852073489932112,0.004718451764847844,-0.047861867268320965,-0.11155971525125158,-0.025828822717605972,-0.01257061896408245,0.04893250198250309,0.03376193611254791,-0.025386906236437922,-0.021695918805367503,-0.02102967150044515,-0.05142303106478032,0.0191952330390092,0.006166882285972955,0.09005956862354494,0.01608914488912348,0.5708148129486896,0.41842169637406845,0.3884135000696381,0.187019747253523,0.2158372723085968,0.13826899614160126,0.11315161811768822,0.12298029344482266,0.09141276959322556,0.0678080998285912,0.0733982157735604,0.06652238337682413,0.050399431477386576,0.06191846264478995,0.04954033278267662,0.05654602642763054,0.03982966926228785,0.036779250636708616,0.06520071919528413,0.036072812317176094
-0.12361389823795485,-0.30765789998575493,0.007801239982289395,0.1225118111296923,-0.14653453791255686,-0.19188298517913668,-0.024537888886467196,0.0015983158251581862,-0.0034366658470595095,-0.029005538811977396,-0.10077205240910667,0.015940125086943542,0.03430932225044003,0.029421812308232143,-0.02652030618535498,-0.011359342774055299,-0.03182695083632353,-0.058950981283160495,0.020072445455171502,-0.01564481612862037,0.5058288299900872,0.39246190585147195,0.13756141281857245,0.2443338981205248,0.2748625341560309,0.2690220857904244,0.12170963120966373,0.10502156532534924,0.1324315729161329,0.1408735970363462,0.18138843771380506,0.0807325949751458,0.06607175991603924,0.0900452363312358,0.12360065591571766,0.0761612993769446,0.10244039354839847,0.0875184579299127,0.0640629616562816,0.04402982522775823
-0.0028362711984167596,0.3293641185042732,0.3488142658150339,-0.11507276213746478,0.08593321904691151,0.06665855429268672,0.020725449250834412,-0.02322126290945234,-0.18637221756854228,0.06136049747952554,-0.016466755264370823,-0.12373722737966891,-0.02693776542562541,-0.19096640903489986,-0.0012371638901414474,-0.015887674115658525,0.006633388222847607,-0.006734499903462434,-0.09107660596381818,-0.09253298317369274,0.43941912496703617,0.46325863177420695,0.25860351609976634,0.25191309490569774,0.13616100923338634,0.10147599261418615,0.08550979209167314,0.0811039433049469,0.09879024773179348,0.08827094998584184,0.06316239527786092,0.0861729253031406,0.04794619583449415,0.0954630884107155,0.04849507300748542,0.05338533453846753,0.0483440389309352,0.0294382752399237,0.06153121117721325,0.04465856918707023
-0.4190466054186949,-0.010627913319615294,-0.04374956923185367,0.16942218927941255,-0.11043393705893319,0.08338819772924039,0.00014838475046472175,-0.00941616807545418,-0.00984288528732511,-0.09375942953819785,-0.028525115621953496,-0.0065325177622379115,-0.031417602846781266,-0.019672341434343286,0.009897373757585471,0.02064122414251192,0.006014765889837196,-0.03005800431683328,-0.05142125794913115,0.005119373967791272,0.7165541931001339,0.18409036442395368,0.1906933136855971,0.2355336775798406,0.19218290254853962,0.09671142528452034,0.1562241600840098,0.09027487899882305,0.1296549949465457,0.09388978745780623,0.04504239982943598,0.055605395153911726,0.03623401261637121,0.043243707213208596,0.030347342852800965,0.039095902066672586,0.03799165086265467,0.03759677681246134,0.02838636327635782,0.03339640686926762
-0.3820909400307831,-0.010605997771083404,-0.10862856415131915,-0.0031818044081933696,0.09217161274429003,-0.022315189183636543,0.01412053369284866,-0.029735960743488363,-0.06911178804781566,-0.048296553002152964,-0.04796932516349006,-0.007875732560464551,0.013132901601353667,-0.012827489727029831,0.007410795727007675,0.0015099916215609891,0.0477127733550484,-0.022767429914577444,0.019769785224026663,-0.056157312675149625,0.6657873310856601,0.2911925387618552,0.2789907380138036,0.2570335603833881,0.20286919799858866,0.11950758430590963,0.09677706870569838,0.1235980500938246,0.10162335303997361,0.11700228030220873,0.06922896451612878,0.07918576195777151,0.059867916159167686,0.07792904448606812,0.056644003862545554,0.07095048461769182,0.0627375583434867,0.051625043251821184,0.04428302920217258,0.0470220272399032
-0.48321635077244446,-0.17402197860029373,0.14755342253069836,0.2144020473007398,0.09917503611769136,-0.030835275935297297,0.08693376289583751,0.05306626277779169,-0.22703381817415036,0.022924467107026544,-0.05490911107530286,-0.16634957821715746,-0.01326735180644463,-0.16140829205818114,-0.02599481470213876,0.008662120217742094,-0.020060244695360867,0.03281269346826441,-0.018090279085107987,0.05823645358441715,0.5996188611429029,0.22985124899812773,0.17205136028026538,0.19602877553180414,0.08724538817285042,0.07499054137377555,0.06146523410407648,0.05852821302627346,0.12368705901156961,0.02939968451207086,0.037718120694094324,0.06965117209098055,0.0379807583745238,0.06634303855549575,0.023534448588532438,0.017739940359824374,0.024068846626566893,0.017352951922072975,0.027578322369947426,0.027408837569220305
0.4418871796111776,-0.11382049238763828,0.21050296307923394,-0.29803935381586066,-0.055463272344188436,0.004111655620360631,0.0630698993376814,-0.13042695397242648,-0.2783999488384303,0.00035028674580054843,0.0124017120453987,0.046437449008387505,-0.019152088787746744,-0.12464270351313932,-0.029753143066933194,-0.02312239060200349,-0.0010474979937623373,-0.03851324752738062,0.02743806883702791,-0.022352102781507167,0.5745947368100226,0.2714521130831309,0.18125672709852805,0.2051372866556815,0.0807582276982911,0.06790720424524714,0.047793640734575836,0.07173781432312519,0.14820682902637283,0.04663133832836155,0.04959021629900312,0.050939886628683526,0.04591742719596647,0.05322702455466525,0.03033147370049473,0.01983565002882641,0.02386953395232304,0.024050852759675497,0.022011678515840277,0.016042506890647828
-0.29409688669476325,-0.5297113354469924,-0.13058477845165006,-0.040240499649098274,0.0992320584428872,-0.1314139888805857,0.052109841716620094,-0.02555919411543372,0.029282316374967914,0.027191151382162326,-0.04860832000690463,-0.10885999894213465,-0.030197096422607452,-0.07331697492155198,-0.06275594948684417,-0.021438792721038984,-0.09369367098452851,0.05762193507366163,-0.056438243688831546,-0.04130666501452912,0.3426532133539303,0.5785506136908564,0.1655024067891134,0.1082110560296902,0.11864366067029145,0.07120257583792836,0.0859523243219505,0.05004763537092931,0.04751824936233052,0.04523022986658242,0.062443693779335126,0.054498194854658503,0.03683889873252224,0.03552988565383958,0.03447187621437738,0.02910000817821585,0.036618911727066154,0.027928525463148588,0.030900189748458155,0.03309878223936428
-0.2093765746500363,0.41195391444937574,-0.14130323802029823,0.24754252214533554,-0.16869751564251248,0.08972398929664535,-0.011604320818269107,-0.20080067010006616,0.05106446715787333,-0.04264779358327894,-0.08428643940078476,0.03958909962572246,-0.09460156786037621,0.10827068571943146,-0.1710240822407824,-0.06638293638600412,-0.09281405295537991,0.10164801746446783,-0.20649227384529362,0.001910825666064215,0.34346579676875333,0.5062766624777424,0.15081545196553353,0.19542513736149394,0.11314190429356513,0.06790918431338032,0.06505235519532086,0.11900970436502843,0.053236237836655494,0.046307130469492135,0.05513577212734136,0.03833285290189299,0.03925263966662956,0.043061281058327384,0.0699452357468101,0.027175700173480165,0.043204850941495794,0.03987189090595308,0.07606269359544397,0.021136434094742404
0.16245952533519104,-0.004222598788315138,-0.4000922140557802,0.1500579003561022,-0.3964882273824448,0.029570292726410378,0.027228089209269637,-0.01361742350882847,-0.12003943709234834,-0.01373312422238133,-0.06753686606960203,0.07063408745254313,-0.06721704502762874,0.08719342403181814,0.07933453774964928,-0.03171417964060038,0.06793796878343639,-0.008205167594665592,0.09151897487592031,-0.062025522009727434,0.42687250969142854,0.31429965878176486,0.4044441823224212,0.12409447502761711,0.2884560867768259,0.05668200073671744,0.05986301775111076,0.05014299023763517,0.06717260763926872,0.04185538059701495,0.040788011394875784,0.04925804870887639,0.03223297178073553,0.029323013098342284,0.04283038330005555,0.02681891215585993,0.03210609662293745,0.022605625992657766,0.04617287478208664,0.023282093920956492
-0.08801459807400484,-0.38026289884408426,0.2251219420785664,-0.08961057679397269,0.0011956082388153567,-0.19878117456591504,-0.038601243105730994,-0.08342593412345488,0.00391228369349273,0.21293946107401762,0.009396916958116366,-0.11997864786009228,-0.025737410820084603,-0.16395733906639742,-0.22206421070319649,-0.050865927829430654,-0.0027433490344005184,0.07388695741021813,-0.061425122382564944,-0.16761477298284214,0.48019389893162473,0.41548794221308816,0.2820775281736611,0.11154328712976505,0.0863461542827194,0.12827611756035576,0.06240923647535771,0.023250119687513008,0.03830828744518531,0.12421240512619745,0.03380563348925133,0.05929123561566049,0.02378485038594373,0.06916408845892713,0.09027621962108627,0.03372922176571233,0.012060580725192635,0.019533046156834526,0.021473091728895645,0.06005279486771504
-0.10067303028548757,0.030320358684205975,-0.05068614717936299,-0.3742241991635798,-0.4126987139527008,-0.16241837457338104,-0.07692812111946772,0.04613257061686789,0.012152681405351858,-0.16374799395866432,-0.23651719259062515,0.07584854210081808,0.056088459107954965,0.03288311742522606,-0.07296954592783807,-0.051158807699642365,0.017103915394125896,0.011129170523050184,0.05021928173414541,0.14515464878562237,0.4316044018044868,0.37415614871538755,0.11485407428161584,0.2555046597245014,0.28877831302390505,0.06311413697638407,0.04254097285837774,0.038115568873036826,0.020471862153970333,0.06357023999863023,0.10449003179088479,0.03309173148080889,0.02034010242535314,0.026446255162956147,0.017899398271192718,0.019979241673270476,0.016655751605500608,0.014802723805743606,0.017517126624838942,0.04751075162110004
-0.14340195503119077,-0.3864836816621486,0.46418209467141824,0.12795954215385155,-0.09266784742680266,-0.24059524722684425,0.05195750018568583,-0.131681803513026,-0.009102441042196431,-0.0826452976545574,0.029919016342604528,-0.08731150770180728,0.017595769604759205,-0.04176848517655507,0.042096653209880465,-0.008576760290860328,-0.04421258301544055,-0.04557521884151077,0.00011800817624794221,-0.04233521844107521,0.1296107653995036,0.3196227946174185,0.5589125916815976,0.08920265274216778,0.12925131003085705,0.13912484706631933,0.038807151654082946,0.042191798444703554,0.015954782055598436,0.05505379819273478,0.02378272599455855,0.030883665032766277,0.01726960776254035,0.021137537675083345,0.02341148506164294,0.022709154645561815,0.024086925350551593,0.018605019377375222,0.009854331550390163,0.016610074173732146
-0.5357175484960497,-0.35920210201127845,-0.21284412286326426,0.019238934773567983,0.10268764800724471,0.023156168548385925,-0.10506358287268022,0.013118079774343878,0.12903296899742098,-0.01702372989464969,0.0035027413757713764,-0.03973711850782586,-0.03593666925114551,0.024804671125581587,-0.03939757105657058,-0.024164986202378273,-0.06080918334570249,-0.02054598538422966,-0.009923672318247638,-0.005616297158817987,0.5308441067863331,0.4096073205904073,0.12459892096159235,0.08366657932469221,0.05643306438787954,0.05612844446399671,0.05332154570675912,0.038364998291022155,0.05766888645187812,0.018680190268841074,0.016782873193725196,0.024520618627197985,0.020176244589601613,0.01493703246188509,0.01753621815021536,0.010517888504461205,0.021473942407255173,0.011686079249629631,0.01106401135620519,0.010873938869640828
-0.5979443946467322,0.05929740938446391,-0.19851477168179127,-0.32647915980715647,-0.14651184334101439,0.11317935703966896,-0.059885939235148254,-0.0924979158477479,0.0004214072069355666,-0.011286332029335036,0.05452997944103563,-0.0037459036673094174,-0.03984174486486722,0.03689338389744666,0.033826712563718775,0.036386417483775815,0.017811540691634497,-0.0315419114749301,-0.005579166737325511,-0.000534839998583604,0.6121975982047544,0.06061499585639107,0.11085656545715518,0.18804815347639253,0.06881052962026618,0.0437907239055675,0.028363006844372804,0.0325984284927265,0.015582967972644732,0.012570055837201203,0.021367195343287487,0.015289119061407662,0.010294888883381778,0.01579686610736615,0.011094721134668938,0.00915739425500004,0.010632480329444851,0.01039653082344405,0.009841247725700646,0.007355533384242008
-0.1834013828775675,-0.017117645940776156,-0.10813520945715739,-0.08755408548505175,0.0022062232138226764,0.041898789892025196,-0.003421615168357553,-0.0926366881376247,-0.04553919842041614,-0.06738893885409485,0.00414652400543272,0.035217875651869436,0.003397430562595171,-0.049783538806154264,-0.028534708075491137,-0.05292685516886055,-0.012737274175141765,0.0019035458326878954,0.05109652926068926,0.037308862057353294,0.19976526067000977,0.5189002426705696,0.42856846162879225,0.29606968828360086,0.28802603769948426,0.2148049782826116,0.2296356246571364,0.1616863990814895,0.16301621706691255,0.14039854391079692,0.13582930681723845,0.09720446928085545,0.10156849917290432,0.10999051420823318,0.09310334331912663,0.07437867270633555,0.07077270447972393,0.07697268803643133,0.0648650799180767,0.06168289081448343
-0.010040524150566745,-0.4070994864032257,-0.03927139794813669,-0.010085135955739054,-0.08004511184213367,-0.06615339672269757,-0.24053203536237525,0.11339670218409381,-0.09861179283014918,-0.17034072569267417,0.01847430294764381,0.13527905652690106,-0.03486483882603765,0.0019747868560465905,-0.09563928903448632,-0.005984004886559557,-0.11053796338059657,-0.05367612545862976,0.057868035012922876,0.01610333961083692,0.2770689539318684,0.35868115755285607,0.19842901967441373,0.23522464458086653,0.24209726442919086,0.09936624772962903,0.24792815689096293,0.1482404906391955,0.19340716227431734,0.14052475608250423,0.11825366847810606,0.14613166933558336,0.16499740645559427,0.19052307197087923,0.12893730865768374,0.06887195708364831,0.11643286792054879,0.11412802371202362,0.07020530936175254,0.05990858841596982
-0.5832217280198039,-0.16391620673871582,0.12861200437904277,0.0015338851488462236,-0.002751898340519692,-0.000472292791117507,-0.09985625709945983,-0.06945518279700512,0.05819621487143944,-0.1305478696614351,0.014769125603311431,0.12148020680969528,-0.21293340193616403,0.037797637762014946,-0.050146330730787135,-0.035053664317044306,0.005103050163223025,-0.07013905023174101,-0.04114454301169442,0.03250675631424949,0.6053626543150006,0.15227541905434588,0.20749670131909573,0.09660174622982498,0.09096147946584754,0.08791983784218056,0.0812997882579108,0.06849477368023404,0.049785703297239046,0.08446397172078718,0.0397460431385127,0.07064513791336047,0.12334803981721448,0.03480452894044307,0.035686438762803016,0.03232982454916962,0.022484452737709097,0.03843029977929294,0.03613338042932148,0.021557619030745205
-0.3725129808595822,-0.34753998622595267,0.09841580010496638,-0.15419282490921993,-0.19162831363965263,-0.24550201829241336,-0.09573782850960516,-0.05837260167086393,-0.014370077641740812,0.18031958470541484,0.09697812821902085,-0.1257962764648813,-0.010104899918133741,-0.1654268378050627,-0.0554215879194463,-0.04794648588447311,-0.06375875961766227,0.005472888086515202,0.013626576115814899,-0.03272786986459057,0.28099263921307016,0.4925842457633117,0.08490927104074054,0.18203023709955163,0.24353994070456586,0.15066874563466956,0.11714683993146283,0.055389829018535314,0.046174162816522354,0.10687968484380596,0.0593421773425625,0.07854688079355379,0.023997298814715254,0.10329994421430601,0.040384382195026866,0.0369821011709166,0.042184641013300134,0.014819007641602419,0.023676567456272408,0.022027932154400267
0.38615211653954135,0.35865578542775445,-0.14427438183002697,0.05806859334398861,-0.2829971961112906,-0.009205614437968865,-0.13426742343371864,-0.008483435976864025,-0.06622038407047025,-0.08322109940131597,0.023305456844016414,-0.07815162289713463,0.04802772137358721,-0.14835624465111089,0.09940572993642745,-0.24568176611229503,-0.09123142697930774,-0.14774666058822244,0.03947914909415828,-0.029431078507700274,0.4988109151053507,0.29553664607254393,0.13605736616672037,0.09508888912951892,0.1670112744027778,0.08058772991672469,0.09039401574071429,0.0780824317360873,0.06728877218991278,0.05389247649335596,0.0425522259433834,0.04841460297687602,0.04387917329441966,0.06699551837445082,0.045291251983498364,0.12878873308529754,0.03701637216649756,0.05167252977421016,0.02800589400405593,0.029525254744763987
-0.47316680358953983,-0.025718814094452033,0.213376091358333,0.00593512598184556,-0.4055639693936269,0.09601599510010167,-0.2665287950435858,-0.07225604668693159,0.1818110009111962,-0.1272068955301654,-0.14849548214014233,-0.0379857558552929,-0.09305159131499353,-0.09361081954317037,-0.07759882848762968,-0.05106978646824326,0.037408202496516614,0.013133436698258118,0.016812165359451275,-0.08441391499531331,0.3913888750823938,0.16099024186025002,0.185945555546629,0.1525295915635991,0.24802398477154466,0.07335487372529705,0.1878837026092618,0.07480914626986168,0.08574713697646061,0.05287311600586399,0.07646771369759675,0.025577327483195782,0.055616384328077,0.04399199120654943,0.02162760227218199,0.02915587932416919,0.030969319861614587,0.008809107500518406,0.019801381427933112,0.054798083903453636
-0.34501476145191,-0.45350913711488505,0.21002987697488748,-0.4094974563678489,-0.05899694617643064,-0.08881206775639817,0.09996776820912269,0.07083324714251539,-0.009872260729525168,-0.14120459501189167,-0.07803499827945602,-0.07611777117925055,-0.011268209754069114,-0.04799843213351264,-0.013198269791180937,-0.034174566296752786,-0.02284407786459415,0.03935998190538756,0.0030647844458552183,0.00490885036602758,0.25633114249267214,0.45331471627636777,0.1456586727938307,0.28811283593905446,0.04412667402807868,0.06943345117187022,0.05084063430928021,0.04593051505084762,0.042366809633654155,0.059195329097189914,0.035716440946858004,0.03801165319150222,0.025946301834498198,0.03064063488230385,0.022939147628901927,0.02218250702116881,0.02799050375112759,0.018978903819355235,0.014469685614854002,0.02065310593601273
-0.5910166275649197,-0.024347291153113376,0.3329705398069495,0.031389898208672724,0.005888447449444326,-0.009483454610978312,0.03570706673216273,0.09743434346193929,-0.010530695298684046,-0.0024287921490740595,-0.11204660895334485,-0.02194009793219286,-0.057647274016871364,0.023024764022586002,-0.012594465948976598,-0.01832660444907314,-0.02548476498907113,0.025572263135452855,-0.019593093810761783,0.008423368244963678,0.6069634761772683,0.17118603421992903,0.29076025030820574,0.0882162320660401,0.05424778829636569,0.0500922497388919,0.03299519614438739,0.05973528484150444,0.03217745033917373,0.025019868946689283,0.045447859168929586,0.021847306785250178,0.026386287458603993,0.024607006668928285,0.022274190293777137,0.025338066244973752,0.020721061766465106,0.018681997731734276,0.019047360298762563,0.013146680728226183
-0.6491354686262525,0.04856912878196767,0.10233017031195042,-0.1517098168171396,0.20456046989531282,0.093801075627274,0.08993020095295667,-0.09796039182971454,-0.014588874097313083,0.07758757754270439,0.07098768622018702,0.047091508735319684,-0.00805588052785622,-0.01344051560068492,0.037579644202041254,-0.029451606220439762,-0.04313728782784959,0.13304087489521846,-0.05502061600445642,0.035621736139740234,0.640709843182695,0.0359342384910395,0.07243562771360428,0.058782139116597666,0.08188341452989503,0.035322539845841015,0.033595336320776485,0.030817936768303078,0.018860863516886112,0.02461358071961412,0.023393691888667432,0.019940490770294462,0.011711475869887807,0.008426203277826503,0.011145742430713283,0.015266141040281726,0.010714807897785544,0.03465753819146794,0.011685908480843657,0.010952792989328232
-0.49731580445576457,-0.06341400775307254,-0.06482859685017325,-0.016159918966379992,-0.09185780481837251,0.05700703878028653,-0.011564547177021055,-0.02102072416991543,-0.014526915487266728,-0.03244215163475576,-0.016052134968761372,0.014154409652970957,-0.01687939364127558,-0.009070365734964496,-0.00760490156192101,0.006996036057884192,-0.007124849148719575,-0.012337388984166033,-0.007508248942898522,-0.016368749327856123,0.7042002146453311,0.2830152259225165,0.2770651168424938,0.19997654260329645,0.13264103505483507,0.09512387554128496,0.054430748725967,0.035302965210422636,0.03463984310999499,0.025876644099658872,0.019458857031700316,0.025243427577900966,0.01950951047162288,0.023223299572242152,0.017033173773317076,0.01654280277357184,0.02562936856697889,0.014279535339218436,0.014251733992659563,0.013047253941743293
-0.6179296721959431,-0.2731260460463035,-0.04848693140971633,-0.08977167988651585,0.028989703811618705,0.018591171258394382,-0.015014203460704707,0.010700940757320946,0.030932305877501527,-0.050725314294999914,0.005175258805376892,-2.690337312585579e-06,0.024818923353454217,0.021402869007694343,-0.0031074294979603445,-0.020067127054312385,0.008998096268302223,-0.0032740909699472743,0.003058284161733759,-0.016133358769965453,0.6611997198020171,0.24474141124633308,0.056068673492687245,0.06091461256426235,0.12828590343688337,0.023817429000639146,0.050226750947904894,0.03277508817178784,0.018220127216351276,0.015697776080799492,0.01052025954628245,0.007240082472696613,0.010808451548104706,0.013794779121056975,0.006680113329830827,0.012118645258682783,0.012248935341952488,0.008514656970698356,0.010624184537749342,0.009492347954588979
-0.5990008591914133,-0.3176743550643361,-0.11430988846093046,-0.1571177897991561,0.048649082981746514,0.0003475884317027681,-0.03469316479977377,-0.008348445440892851,-0.03812055942921053,0.07884572187929655,-0.05016828714964567,-0.005174076691825272,-0.004525242515186933,-0.0013176212781369407,-0.009841821832204084,-0.026393112198991407,-0.00485523396932956,0.016732462392297292,-0.008597550766153211,0.0010851535504307066,0.6312868534652885,0.1838833037080643,0.06558999758066704,0.0804896107168948,0.055305524058603846,0.1220636259714697,0.05267438124534935,0.11587255177844437,0.03313087803914461,0.041016513644906466,0.04414705922607141,0.03307461919857457,0.014727258565679779,0.022507779554722076,0.041449467082153614,0.026611888973488308,0.021103065783043794,0.017026348729460093,0.017544512786723344,0.013731093616994088
0.06352670343682872,-0.2946612282509837,-0.3945179138604064,-0.12511592488829873,0.0049444554708734266,0.30367234370525553,-0.13899368610935026,-0.19283147270748097,0.04107480260448173,0.011543576259250852,-0.17462201498028349,-0.19230961548823733,0.28193101840808177,-0.06875614691877843,0.0017059372672781137,-0.10880546640286715,0.17184596804317215,-0.1602725654145545,0.009963149656663036,-0.013292971777595176,0.2973944104296173,0.2549033712259503,0.33988625025930236,0.11549431721695938,0.06831288751931143,0.1625792020476678,0.09628882376332266,0.08573270692972629,0.044741675834316805,0.03302863177859171,0.06993433422412024,0.08408223324788498,0.12042229333404389,0.029981176233204735,0.025118024389982826,0.02703926443596988,0.06030803783931291,0.048169970712870346,0.017568272472625737,0.012989530677566063
-0.2626793625189039,-0.22364688921035258,0.030299236845034865,-0.15588849370680544,-0.005402385964078349,-0.022990344112696275,-0.025709031455058824,-0.11126350622185302,-0.026903879086297645,-0.0646607648213545,-0.04180728577621909,0.0015698701679737982,-0.03463827416511354,0.005621441411512266,0.03082284249719677,0.02287792599764886,-0.054759915110813136,0.006293311675640755,-0.009953165603295757,-0.017713507313742417,0.6262078287577777,0.2661318364636548,0.35003236932044113,0.183968297497811,0.21807301996939343,0.12097521111924518,0.2064456119492447,0.1656832917611372,0.13375383634267587,0.06968294123575196,0.08715188547950851,0.07156338740089592,0.10365521945097027,0.060279586362649684,0.06342868174526108,0.06608597097330349,0.08616582926203754,0.07165560721384871,0.06579316391441313,0.05141054927169805
-0.3996764613817227,-0.0795452928758853,-0.08845528762132321,-0.10543209485184311,-0.0032594222793933497,-0.06709467906482566,-0.02133479102072128,-0.07218044211290546,0.007830247729247907,-0.006531036506438662,-0.005547978490099911,-0.009861774779008087,0.030561451339955047,0.02359320272250317,-0.04986364110112505,0.011315228288780968,-0.023693943823527377,-0.03451570460337117,0.009414631139100614,-3.8955786849003484e-05,0.7633055433085862,0.32474151722473243,0.186126119866566,0.15265884544900715,0.09516903254379103,0.10010707758434188,0.06116888297525845,0.09305550448698473,0.07960613593221762,0.024982504484031533,0.04345934508103673,0.03781462068218333,0.05558699262760872,0.055532437290875224,0.038159002865106505,0.019546348670992985,0.0212845398807285,0.024107149077205573,0.02622238989157461,0.033193605522910015
-0.13663080185521093,-0.41978889832598787,-0.22174288845674775,-0.16046566811670834,-0.052929639289276055,-0.16060280895054896,0.12411217561348764,-0.23398719754294164,0.03752990851886143,-0.040313400492114425,0.2807277153111375,-0.10372643196726175,-0.1981890237282907,-0.006652475353014927,0.010233090970225652,-0.05208334798485182,0.09294895362937901,0.004437245822515675,0.10173996742555537,0.10508575253717195,0.4451224768244382,0.37904808494504666,0.1532164739397377,0.13049602910946448,0.06441264901301885,0.06462670281020809,0.07086612639430459,0.11695851242812914,0.032474515706447916,0.038893661057518805,0.17312918022655585,0.04567684755948377,0.11221958497659577,0.029446469343306143,0.033820618950908585,0.040926189810675244,0.041919818718938635,0.031189397011781642,0.047711125831519374,0.037297044122541416
0.40683553834720665,-0.3698611648325571,0.010734565084977575,-0.191293312596005,-0.09488708948376375,-0.2594388831101741,0.02880484435828371,-0.09841228069457854,0.027865939121117133,0.02250340331472509,-0.05292050740869043,-0.03735774214863437,-0.020166015585823194,-0.054832051188363685,-0.1653686167173468,-0.06414682415842379,0.09486724368736121,-0.0001854396838528592,-0.023323984468637128,-0.09696073509875064,0.4980099489059862,0.31676151021165366,0.1441422048130091,0.18721073332662835,0.08654821884190594,0.1893452694422142,0.08781292889620926,0.10206079853689744,0.06804642019612596,0.06960246847055625,0.06928248600268948,0.06733156805379562,0.04602646907719476,0.06105876006161514,0.11611117992049644,0.05414177924893942,0.051370719574045015,0.039020882942470775,0.029047622383833654,0.05597702089278374
-0.5015335401968462,0.24029249358771299,0.06394404357934429,-0.20739137223543916,-0.09451629100427875,0.058652411124462255,-0.3115712461497519,-0.008762334263434299,-0.10596965028707138,-0.1587974598434426,0.09052871992113173,0.17913705399111293,-0.13352558180948298,-0.1159252777284539,-0.08871292325595065,0.039857472336409426,-0.021401437220635037,0.04957741700335222,-0.041882880704657746,0.0028312342938944515,0.48402697828740143,0.20414223767007278,0.1208961426173367,0.18770918120799412,0.12723793049420357,0.10667981928431197,0.15528863223377753,0.07172858896352655,0.07709465514661437,0.055045785976625655,0.03650931170676332,0.07116914909050458,0.057247528086854266,0.06434376335615377,0.05339578010845395,0.03376256026939325,0.029091449847680882,0.028452903350032806,0.023219622591837047,0.018683437168044
-0.0962346147605372,-0.17597052072105468,-0.05904795250738458,0.17353341980160733,-0.22972552715963193,-0.037021872392134184,-0.12175287383198974,-0.25849988684916136,-0.058884707181874114,-0.11464901379501653,-0.02851564244319584,-0.20963011030765746,-0.0016597501138652727,0.07712678584993042,-0.05595897871855988,-0.04719820913300667,0.028394420427071722,0.061298773281254965,-0.06359314561769865,-0.023698419675590436,0.4454922648526708,0.2728251060562365,0.2412845704764853,0.2751236856338675,0.22333160794654366,0.17489454132980162,0.14287416229373756,0.2733897464565355,0.15137250208036446,0.10620681365811536,0.09719422710697363,0.15416170810437324,0.06644069204433108,0.0897793190005007,0.11559415769437352,0.11961744031197552,0.07586934054945399,0.08275366310532507,0.06133877708125324,0.04676151483292236
-0.09933568662104696,-0.443788297216368,-0.022020443790133785,-0.18712873481898304,-0.13146762557406652,-0.05286082309580345,-0.12337069764713135,0.17358925429128688,-0.16723584311187523,-0.11660606376086848,0.1085914893761509,-0.02843727250450068,0.03843152046995371,0.04087285332644734,-0.025324692024590152,0.022398170057144274,-0.04551412778547762,-0.038146857283747455,0.031761815929515956,-0.016049208787376288,0.30061653345879763,0.37003205676312884,0.14997594211318938,0.3595889463069351,0.2395135239864392,0.17435541975774038,0.11460751821161694,0.21931207156976654,0.1550070463426994,0.1880941219475569,0.08890866016171517,0.04850571094446285,0.06688415176881041,0.06960726960935794,0.09222394255152527,0.05776672021687191,0.07202576412805399,0.032166036181905465,0.03960167763759367,0.0479116158934029
-0.07618538219642662,-0.19099065247280786,0.02434531897857671,-0.024169213936125665,-0.08107580814124651,0.07303496222329134,-0.04062165544556622,-0.04461083556486052,-0.005779726257687221,-0.0033877353357434645,-0.005726693584642548,-0.03972489773344269,-0.015323499606100825,-0.03724610804326512,0.029558020823470515,-0.042971868710911645,0.04408394399967646,-0.010439003665179178,0.016799316130302534,-0.020719019334236095,0.6085712959112349,0.6898601517108165,0.09507035566876418,0.053219963050830606,0.06538321023385722,0.0867953474956509,0.11406775681492681,0.08279423824383898,0.06352784773042411,0.07622763533476598,0.12130156039387051,0.06300071983209635,0.05015917689424607,0.04832655912256745,0.03731440571909632,0.04144288089658294,0.059692177314338304,0.02720596886821834,0.026609718988085115,0.030300677513698252
-0.49269572913374005,-0.08230859831616703,-0.10919840268697185,-0.16763774913760643,-0.10090485631667064,-0.025785340397440258,0.046058210529180695,-0.017964762428538734,-0.04062567273089511,-0.0508493259843753,-0.05374898673268389,-0.09155707354250267,0.03583989832844288,-0.10355963795654184,0.026146535321919292,-0.003582815747493361,-0.011150490613325976,-0.002033240219382862,0.03521370286754651,-0.03031911526707039,0.6663523316479127,0.15604803466761202,0.20843463398958595,0.21686034783546038,0.1321839632151437,0.08442946225791827,0.08416110686064582,0.130563643802086,0.09316827311117111,0.0724483801478962,0.08440560151358402,0.07271419515017562,0.07821127624845335,0.09078099515704775,0.06463618362916958,0.05143388784507716,0.0689187442008557,0.0511613589911724,0.04932838172232154,0.04188295933443655
-0.06307853688669363,0.14096893414861453,0.06591475489194161,-0.2047103512475754,-0.23049898549413173,-0.3002676365387073,0.14270587811816293,-0.14710155223090898,-0.07249766057343426,0.046788745059005994,-0.061050118736055765,0.06667114549180597,-0.048440624673560743,-0.19654642247181325,0.06788478787507715,-0.19620146280326145,-0.04831804605213322,-0.02894361519866004,0.044180647312363625,-0.09292909141222908,0.5747320197987984,0.23453532032287686,0.0989772474552171,0.16746291047033193,0.25439630742272834,0.24201936855377965,0.12826889447731063,0.11983799259832525,0.10077922242935364,0.062314714441945446,0.057435458659560006,0.046015704541556894,0.039285981407180676,0.1135231147198578,0.05383199924389664,0.10110296318012121,0.04014005117894667,0.02753154011872809,0.04046643880173079,0.05351328440654139
0.27845609351946754,0.11310321204831586,-0.48858695862003493,-0.24718684885226477,0.04846166974187827,0.03353997564395333,-0.0027916143216248036,-0.04061787258074401,0.15581069203451078,-0.13909113942991427,-0.1823129580071609,-0.10023728121279875,0.02419559751233826,-0.03410838665775955,0.02880438508891231,0.04232240551848709,-0.06376552509286149,-0.11609646808346084,-0.01828681670481777,0.12114157556521386,0.3326107429609906,0.244785370017101,0.4822567603584306,0.19815424327947823,0.0770607688537494,0.05990251119702221,0.041883520083881846,0.052457767245527274,0.08361193877217621,0.05555638833269629,0.08033980495259087,0.049027071987140076,0.023621336234642968,0.02662908124206525,0.014546790797939437,0.02173772715232547,0.02184023144447473,0.03622076971608066,0.015862977090674996,0.039255674848508205
-0.19568781281229816,-0.316053532936592,-0.047370615766169695,0.06708673732993845,-0.2255272402179048,-0.2496180579202865,-0.14929410344256358,0.0927327824388061,-0.18103801443444695,-0.03792563815711169,0.1147204803336277,-0.016540667105857235,-0.0745557808311121,0.0008736762649407328,-0.029570928063814204,0.09433685682042717,-0.0895234963723469,-0.09763714425063569,-0.005586573742018831,-0.05917966639593095,0.3700177298668971,0.36053868695944924,0.18913342629695296,0.2646093353126565,0.24323865331856043,0.2992037625357034,0.15577651642191537,0.12249577808988747,0.13327144893197163,0.07478431673751677,0.08409077575674696,0.06801393171052608,0.059016878666040946,0.058277617032867976,0.05946606894464399,0.08260226180245293,0.06750621122341645,0.06894971798776542,0.041692585873723334,0.054414594042883166
-0.1075794130553596,-0.3413058225450378,-0.3056541896114431,-0.10564148965989047,-0.06967093998163461,0.010069050816925584,0.23139007956583293,0.0024169388122466913,0.02273079689729159,-0.27948072429418985,-0.07909052544203411,0.06609399147525212,0.0701124273234175,0.010535580229363548,-0.08840629784062938,0.050801056913258896,0.03187698366307717,-0.04694273255061165,-0.044896047159656845,0.06340155777792228,0.32671190019697527,0.40730804792880393,0.33420793929241494,0.14200979694001686,0.1659466798953696,0.15055505977456976,0.1909196464110386,0.0977268251631591,0.0838427230221757,0.2011542452907498,0.08997389640495697,0.09864988967332342,0.07375015080178665,0.07090838771284601,0.05931854892401194,0.07275069338181239,0.04041975835219785,0.03979598213470942,0.056829609135156,0.05628550010320509
0.4664922861279433,0.23926542877600676,-0.36881923851007387,-0.08851242888881379,-0.24355353911775418,0.031281304195493534,-0.1932978920644524,0.06747071430901802,-0.19668485678168998,-0.30408679774318775,-0.043754724942606724,-0.08094373863724166,-0.15978057108944002,-0.16328738537954166,-0.06720060814827637,0.014980680903090212,-0.22737532259828414,-0.07535947986035506,0.009094531695866841,-0.0019786829262430877,0.367193190387249,0.12954048001798668,0.18028148747029454,0.032655226908798365,0.08949974532459178,0.02537142725040852,0.061199337087665576,0.020232430431503728,0.06688407592330088,0.11472976728850448,0.014853867535782422,0.019212295497845245,0.041953095744015234,0.0402635063177461,0.013916932517633894,0.008203012896958685,0.06954219786808373,0.01430122926901493,0.009837210535032873,0.007052937792994638
-0.2634619390379081,0.20601385431217567,-0.153639899460115,-0.3193271374288589,-0.3006617979839269,0.039185852473963105,-0.026711835042210513,0.3113898950234059,-0.03252734711213968,-0.2135804844734357,0.16427853855637203,-0.14349721107815697,-0.161228864454951,-0.03200020253881147,-0.1372337171262568,-0.4394617804629573,-0.17622909049686727,-0.10832199574607268,-0.008567903329786216,-0.049571961291265405,0.23600182367556333,0.15434505903904153,0.04134002297558418,0.13895796339564775,0.12375517357668253,0.018592155799233262,0.012424415315920373,0.11201086857520848,0.010198370735809878,0.06274973880503441,0.03900458572049805,0.03724345101533946,0.03909644898969139,0.011160522753743227,0.02826077819554299,0.23191988821873954,0.04111979965955479,0.02111968317156677,0.008594993611070908,0.010437322600828077
0.11985960044440397,-0.1087557583224953,-0.0677792240864736,-0.08423042226442698,0.0968398949370394,-0.2289441417021237,-0.4819859537948898,-0.0015756698003169766,-0.28742206683320515,0.18226061707817098,0.13405799825122167,0.12481661572703327,-0.02647175483626205,-0.1875851600988816,-0.2742131836688679,-0.4009035380924747,-0.21372116615439082,-0.023233626850951403,-0.12306616741890436,0.09535931720277488,0.08840507318703028,0.07543635788725803,0.03702087599479362,0.029340397881083186,0.03222747134688316,0.08003732787059362,0.27815193274140976,0.02021753888170989,0.10919652721346335,0.05222254920945131,0.035052083536624916,0.0350397893796319,0.01752746837015689,0.05966619790238797,0.09868497169799195,0.19817330171744338,0.06359831888509075,0.013459362089071029,0.028436926305003152,0.01972048425286795
-0.5291255685000973,-0.12131442934601708,0.09725253756071865,0.015694002930976333,-0.2820254105759991,-0.1312720852518429,0.14940061678973743,0.0926132894966939,0.051090470842656076,0.06772719257791222,-0.014561496710782178,-0.09283241306361753,-0.05054590257860193,0.019350112966885033,0.0381641660208779,-0.04777803917203583,0.10077421649817585,0.04199882232082883,-0.06420418005859069,-0.06652216295130245,0.6913223482886642,0.07939053693079061,0.061696995512107174,0.04151962559317113,0.14455506894122108,0.07193171034335996,0.06151876570066245,0.03336917334167801,0.018259922841265475,0.020286156184991033,0.01558901206793911,0.02442343012243976,0.015418424271575042,0.018796001677188853,0.013359920761787348,0.015232309625011946,0.029028465286991025,0.010955695363384664,0.015608580367374508,0.015911977786998713
-0.19439257692531559,-0.05644605800360783,0.10448971563014932,-0.013291671264074484,-0.05122847493210654,0.06750897944210224,0.05744522446450357,0.1409095519272658,0.005186534769420421,-0.2590791423901446,-0.06553545881220313,0.053585945354104096,-0.02104500480032572,-0.14996321840300658,-0.014568959184522959,0.10410392340180613,-0.13127677484362194,0.012582449343306927,0.06417896085687845,0.10549998616130851,0.6234909773198818,0.30394153704633864,0.31648005151204384,0.19410241282510593,0.16609145275748827,0.14247120760987703,0.06640438656687063,0.14535015595367737,0.08009329782761587,0.2021305682660733,0.059104467629751925,0.06470643933024182,0.057671834250583566,0.09228692398878438,0.0451036431162049,0.06900213427343703,0.06398179683431937,0.035539018966120745,0.042131788593167206,0.059627928228690924
0.1328028005396251,-0.1592867774280569,-0.572271661744889,0.07488303083486468,-0.07903761852808312,-0.29708941324515725,-0.12210376396948028,0.13567488712968093,-0.05358273620665897,-0.0506983086404305,0.018018154272332568,-0.3252018819517349,-0.20554854287275573,-0.03206604055917109,0.03150097797152727,-0.044606860179000014,-0.15685767731149458,0.0262077924877215,-0.05741698205851003,-0.07883095160859004,0.08741248784333801,0.07303604415692333,0.4864024522021448,0.04243782287322827,0.040378262180454864,0.12679007929607156,0.03850326288151291,0.04198548897872894,0.02062237947498663,0.025162499965646436,0.014159927075083857,0.14853421018096488,0.06811012906081533,0.013274027671427645,0.010507037594082442,0.012281561355327198,0.0450501525329711,0.010866683103945991,0.018565596879327604,0.016513242501719573
-0.20965522467760878,-0.22124198677434964,-0.23216373319192726,-0.40714442787734945,-0.15708453801394695,-0.15856361356819143,-0.385394788262879,-0.20044460585036725,0.11608378719780288,0.061577783870725336,0.22856089534684385,-0.2839705649348347,-0.1654542822022795,-0.2303458096585015,0.00033318007649062355,-0.028180317500984278,-0.06548527599838612,-0.0640261443328239,0.1459138202788617,0.08672512178954639,0.1300062640433703,0.13351784664525548,0.10945272080352614,0.24298218875550862,0.05377676450167611,0.0477228440954636,0.1922825828573346,0.0629886764901833,0.029865905092871507,0.023329972795571627,0.07715943319577534,0.10787404406382933,0.044045836329362924,0.07230242905184599,0.010961434672560642,0.014812472958523068,0.0168659606169876,0.01370733953971011,0.03361493596711907,0.018311817015020132
-0.6519969051617612,0.28221060266493225,-0.05248584298270171,0.03771752452367254,0.001107267311037498,-0.05501754030667818,-0.14001970141507616,0.04879116057876382,-0.00897958833762116,0.11775109719100282,0.07392906683655995,0.01154058670096412,0.09386008981828013,-0.0033181919311101498,-0.03887741051448126,0.006895169682148171,0.008530554258527893,-0.031842203508465755,-0.09458633778534903,-0.08488850100946062,0.6137064394822329,0.17798817853376883,0.03875157283041585,0.04063310426322484,0.02543508624876725,0.021952170637089548,0.040984324603923025,0.019951905835152838,0.016287672856247035,0.034948650240175023,0.021224498165224197,0.013476934325649639,0.02469408402569378,0.012624467850754714,0.012534398993609313,0.011930498300651586,0.011627511575625126,0.009499506523233562,0.020671265229596412,0.01967146327136534
0.49022696432228885,-0.06764512021547063,0.2961865709313248,0.04004188807851527,0.030671170658412798,-0.09894841817862317,-0.011219284729572504,-0.22462710348171025,-0.04148546905597228,-0.04012304568652379,0.04309376546310279,0.06356897814004209,0.029616540212861777,0.07169279047641607,-0.015022023404871099,-0.050977277642357426,0.026865917133420153,-0.06185039257207321,0.014696882220551228,-0.0518930079070836,0.6679726003400286,0.12899347154444413,0.248004048905619,0.1120528211716862,0.07553241953574896,0.059495340763405215,0.06065899240524277,0.12821322170223579,0.04813241134340022,0.04956216848787046,0.04269594186187938,0.03767237460221272,0.029438174143912976,0.02617883050648798,0.01891786265261255,0.031623330810273215,0.025550696243533396,0.018768503584757155,0.01815609338572677,0.0204748565557411
-0.24887169211775972,-0.22874655981565714,-0.08897564854081551,-0.0629530523897487,0.026753423543154485,0.011395373371153306,-0.04007810452722345,0.010904251299026812,0.00019251070905167484,-0.0546031211280166,-0.03045201531592787,0.06380804290926215,0.003746797981368905,-0.0364782470960855,-0.061246651732309546,-0.02417203456520883,-0.04089571492127762,0.04242842942396574,-0.0015551188764041505,-0.002787074907196374,0.7509606482562677,0.3605269420136367,0.11698586903886443,0.2526910103400119,0.1127934659046009,0.15569367856693414,0.09387060284158438,0.06007247776700219,0.08628327338369687,0.07413078010789302,0.04219938482086573,0.05868190013906777,0.04659469658738965,0.050974328664688345,0.07260192281402308,0.03464913541589242,0.031636941837459256,0.04623469950648101,0.02049378989796077,0.018348980964243988
-0.1248154123119785,-0.33596509428121335,-0.13365286381746266,-0.07984970629145526,-0.18970648681933802,-0.10181164072751822,0.035432095261583314,-0.041410232336402744,0.05063239728434956,-0.028611277135077405,-0.029420100670010163,-0.000923127990265508,-0.026368930010412087,-0.005489475070396923,0.01417755077956245,0.01771273214472772,0.014644099668101379,0.0038009934804954155,-0.03326308112389958,0.03757398513172391,0.37395480094727485,0.5134301910658918,0.34799784847786047,0.14350764120492468,0.27455286744320706,0.19208184750328963,0.18769021045553336,0.1290971406336795,0.09316398597330056,0.12053323601641336,0.08940896860516974,0.08493072949863632,0.049515671973583454,0.07797681221779741,0.08462320976330949,0.10092362163933741,0.06631172225937497,0.07343649410949253,0.056478726428057374,0.05618887049003644
-0.26601297927698003,-0.1964095510524148,-0.10097358795967913,-0.02920980756750017,0.006979741083983182,0.0019399512133159073,-0.032358951099833624,-0.08587134927256285,-0.0008828180234089056,-0.007634711935231485,-0.07773476153222421,-0.0267168647440836,0.021952352163805363,-0.041972400749635035,-0.002686468963210348,0.033355637496543675,-0.0073761032096986735,0.01854198775102327,0.01243320698333219,-0.012280051392707235,0.6426760013733657,0.4236039338872692,0.23637364207188497,0.22867065782920043,0.21581092696004206,0.14015966561962012,0.1631138695038258,0.04032595038075042,0.10182743078202805,0.09971459886213602,0.1132378803727504,0.09326697132327844,0.06782721417081004,0.0704584989208381,0.061192431219835815,0.05533687920583752,0.03712812071035585,0.04232729972407824,0.04593744259170313,0.041027300714190036
-0.21541485344227668,0.061258752751989116,0.14975744847540617,-0.22898611430180746,-0.23572001236594461,0.39814611072302986,-0.17707524346024334,-0.06353349680498938,-0.24255583632487576,-0.08584453629821755,0.13230858624511213,0.028567779028599482,0.08017383513793913,-0.2194099999090291,-0.042254150053357475,-0.015573583317341096,-0.0244111136378312,0.014048655240020795,0.09756805557501867,0.06994938571761639,0.3748955355592177,0.21518813670549103,0.1714590998549866,0.15855066687423655,0.15315738227160863,0.3730058258826747,0.12035291784806701,0.04407518133949276,0.15987941061205083,0.051453363401436136,0.06381500698002344,0.03787816317178221,0.039157125486246294,0.09763720827795372,0.030326806792810086,0.017252850565682966,0.02349382977255414,0.017994470710870965,0.028596700903981743,0.0328423248809888
-0.5179514144808881,-0.04183439122925605,-0.42076813102310173,-0.2454709557962825,-0.14498220428371686,-0.08477372611466276,0.047008793537105936,-0.15074169164742834,0.014852753710672408,-0.07840617391101805,-0.06793896501765558,0.02140797878575156,-0.07957304555533523,0.10517837061235032,-0.0027213311492466806,0.03606673081634192,0.02040783801555683,-0.023029189033642494,-0.06407168859086812,-0.03071809671243667,0.46893543288244827,0.0994992379287665,0.3079962910477077,0.19662817272250685,0.07602089154956389,0.0916899522837884,0.03755966219169399,0.08803983929980017,0.03465682089097147,0.04299375442493303,0.03676172919490041,0.03709104677880521,0.042908510332189086,0.055512802461099825,0.021120420790126306,0.04299490621665813,0.03466544506459461,0.02483132727150184,0.030996050101699327,0.030801070810624855
0.09930111354734523,-0.5221995651266435,-0.19224003091527278,0.10405074765826801,0.11388817013255237,-0.049554701229679185,-0.05844960890220805,-0.035365345293057585,0.0050271197559040885,-0.05864894302155081,0.014069511776616557,0.06379933609314893,-0.032038743046022264,-0.022769015594026786,0.0010671604090033316,-0.038767390758090034,0.031249457706974352,0.04797274561048418,-0.08195502623966903,-0.021537233218785895,0.5114757423502538,0.5302612774093014,0.18998931260644172,0.13846599598216244,0.0804922849776228,0.07829177048448578,0.06350248328748775,0.04564891623945664,0.03558468221919555,0.044961005432058825,0.04182073357749506,0.034478536835159904,0.02383674317251745,0.025258081115207227,0.018656411926674582,0.018467373796676467,0.026259910107191684,0.019561253188677772,0.03996673833241741,0.027598488676748457
-0.09998714774956227,-0.12371264769324866,-0.5061732692647194,-0.14862280707267517,-0.059070380183377395,-0.08751308318540509,-0.17791522317732356,-0.0612362354657527,0.1681162187607547,-0.02314169155665294,-0.07665741311779718,-0.04081010326497285,-0.025037931044780363,-0.14883735631503292,0.03233479115883868,0.007790122972910809,-0.058380098211272546,-0.08662184725953695,-0.07194507987739307,-0.0670520974015891,0.2987920912352599,0.4361086210123105,0.4872300738035719,0.14988975046432199,0.06563653889227508,0.029557333895402434,0.06390978884715773,0.034737594970987995,0.07144749597539274,0.044844428192411315,0.05468229454215223,0.020722233121926323,0.015786131191697705,0.04647284261787722,0.04653518590845407,0.031061266537467002,0.01839851715052386,0.021915353176793228,0.03951766236972745,0.027943162612871733
-0.28303773695710616,-0.31649307053895054,0.0013137264089902573,-0.0010462843466357435,0.07705772451353868,0.31267925069911057,-0.2900884102199531,-0.05471758204083535,-0.2580108764319052,-0.2672375575889323,0.1924232530278261,-0.11455483104760514,-0.04071111808503769,-0.38319947820373124,-0.03048793554519204,0.1923477444287318,-0.17231415320925048,0.06905377089957243,-0.03642249792875823,0.07601107383863413,0.1838036652332288,0.2318420180072263,0.06851794247832362,0.06238556262227566,0.04769860296839432,0.140765932571133,0.1393459214790767,0.039139377810921444,0.10337542262121367,0.10154525365263944,0.06713489217375808,0.03465403986726913,0.027027692609996667,0.19102128358209963,0.02115495819061249,0.06790566637738567,0.055458872729749954,0.02089643639979864,0.01878257851959063,0.02704050693815151
-0.44235127300834987,-0.23093680662117005,-0.4389139459380398,-0.1871409516538803,-0.2751741252774568,0.05287011713933298,-0.019600181920805128,-0.09980279231576787,-0.043551555994405085,-0.10859122540854528,-0.08638352755727847,0.007280470672079062,0.026823592208226287,-0.14071838969072728,-0.09322318647650485,0.09183468905811017,0.06753489884456572,-0.11139593995368176,-0.012094352444843477,0.12637660857036626,0.42161100382536054,0.20321951129943588,0.28986412596975536,0.0740514828062114,0.12433425203980296,0.05248969910494245,0.021543045764461657,0.053122791086803685,0.040618544067682116,0.052187176132383106,0.025593398908504726,0.025682491369479223,0.023702012522393647,0.044389979167568316,0.028565385450102888,0.029349715729138894,0.01811995121483066,0.02691697445030779,0.014720607461445007,0.03609187713070553
0.10780313555229229,-0.03541069695039748,-0.5767419473289362,0.3619409143929893,-0.08584270385765715,-0.19865902937273772,0.12965641225285485,0.03941982742053145,0.04777330550954916,0.09956239081796468,-0.058916206179439795,-0.1326106868804496,0.06172514774691905,-0.062442614632769164,-0.04014570581196525,0.06710803188139264,0.005751644192949264,-0.001110161115460618,-0.04997348185805868,-0.08743580187459293,0.23851356514586813,0.09073940914785848,0.5161085574476818,0.23116087958651177,0.04694807661752246,0.0742294057016826,0.045770825223825556,0.0224871049744835,0.026521164972149815,0.030487883886211056,0.020238434946323738,0.04495962040063654,0.018923016501523917,0.01652452710213476,0.014076129573321584,0.016645762249953136,0.009371106181608429,0.012060664600282755,0.009285223631905822,0.017611564857923236
0.2622149585059358,-0.3306563556618086,0.2672754121173826,-0.43906175051880825,0.03944892827383605,-0.1493068946196287,-0.19401547034191138,-0.22505430258822218,0.05239539338130763,0.05556797972562749,0.15020625032639537,-0.17166993579570378,-0.12479897927553762,-0.040214712735271975,-0.037204880604113255,0.049162215178192956,0.11019964383732629,0.06919578149481599,-0.08890830553376361,-0.2342048133526244,0.3163172496092153,0.23915112966661328,0.17871739717563295,0.24322982114808553,0.03763137411522765,0.052422723856261275,0.09414671712454221,0.07311350953966662,0.0331946341731544,0.03358886321347168,0.06035783363027802,0.056938562673388315,0.03847424735947663,0.015478151082263358,0.02075646183419751,0.01652718896955847,0.034755451105172606,0.023339585195606097,0.022069204387377844,0.08067302618587854
-0.16673201197921045,-0.4273900312070952,0.04936083245952648,-0.12327838931652277,-0.09601782292352243,-0.053886426107728806,-0.11300950269536819,0.056667652446567116,-0.03774493596752616,-0.10784664042393455,0.012250500992846976,-0.03587566754072832,0.018705101939540288,0.09205501381598048,0.02269935154913226,-0.004704542429826951,-0.09052052140144193,0.04985227343973778,-0.07946103493897172,0.017910323916439166,0.5388777873113356,0.5074234667745545,0.18855263117761317,0.1465111215664243,0.12822354064295627,0.12052687955244287,0.1329355434621337,0.07788890594293538,0.08498052330562983,0.09071644604178732,0.06325858414098283,0.05992706416868762,0.04715907562103191,0.06382189338931243,0.0427890634966168,0.03835289229823553,0.048883327874531396,0.0631839307954343,0.04766952901045114,0.04172706019088087
0.11295968746940614,-0.23139690810665475,0.29550934000251294,-0.003579465841932268,-0.15803158158123035,0.161739999806848,0.05960880758084958,-0.20770218084048775,-0.20014916526137697,0.04192491272380075,-0.09127890387577821,-0.006996063764240393,0.009582322202876862,-0.0025722370783484595,0.07329977307762787,-0.060192084175717836,0.024980234185920824,-0.060638741889722486,-0.09745895522512252,-0.0668352974958815,0.3404780378689246,0.42784100251170265,0.3078296813328693,0.16175497344248163,0.11687909671162022,0.25761921278824884,0.1537323780802908,0.19285845927633405,0.1710987031176676,0.11032009737713433,0.12995507143260107,0.07843435160939628,0.08871548454958704,0.1013144152253689,0.07422843290685525,0.0826129319965307,0.06205942257177579,0.07008700319399376,0.05209133495969863,0.06152328720209678
0.05689880172795961,-0.3004282056657641,-0.024183914724877444,-0.17002570721856675,0.02346373332239793,0.032762940605389014,-0.08558915589780397,-0.0012551282117652246,0.009706540761443935,-0.06941585492315966,0.06263441024442436,0.032301211553544505,-0.0944790749731517,-0.03700082277552372,0.04432105954615996,-0.01484434909421834,-0.014331958417798052,0.011685232628590704,-0.05338289065606572,-0.013576774746704837,0.38505923485450344,0.3486054236721089,0.27271461599779107,0.2952864877537562,0.3368388579914181,0.27585322938190426,0.23368785816963972,0.193476329193437,0.16131556710133266,0.11748150376574988,0.15321720433706904,0.12293406202518135,0.0900733113784521,0.08163230128769573,0.07891426814526613,0.08284068275734474,0.07241123012166648,0.07227143214628635,0.0759833464741303,0.08272383354274712
-0.4852271764804028,-0.159937499735714,0.06822710771211546,0.030001690856641162,-0.06706595849381142,-0.05253634109994757,-0.1915888424518848,-0.029050099757790965,0.05528915502262973,0.05461669713395453,0.00464177301403238,-0.0044439124310421034,-0.002880998396818289,0.012022606334431446,-0.00011308567708015645,0.06760734385343023,0.07571795070270401,-0.006320588622579591,0.00683174354736725,0.03537724181415182,0.5644173384884749,0.1599648029066936,0.33260651032711747,0.18261011645710018,0.17708153194131884,0.13747611970010187,0.20762028069746122,0.10983559013337102,0.08733678011251984,0.09525451252182207,0.1061205967112332,0.10012597621589236,0.056398411692704806,0.054771487076293784,0.055999644115637716,0.07097503515524148,0.08752778290489122,0.08105746698223582,0.0640495243655386,0.08063913756875878
-0.3298903609532112,0.05531782681930514,0.05281554646448274,-0.2819324445284182,-0.311694102429631,-0.16789253431192577,-0.11072150809321797,-0.12183757354026215,-0.22418747201233435,-0.16451606799836024,-0.13248177373357276,-0.1935139378285365,-0.24994147817104326,-0.012523527808521355,0.11686056940107185,-0.026325241750014265,-0.28120623560464464,-0.07047628653610201,-0.0392123151352147,0.13124154449051284,0.3984859351888826,0.21759317515832088,0.07932336016669346,0.16018885372739852,0.18891239105648225,0.08341417462413458,0.03981829373489779,0.05334958983081323,0.10469379509210724,0.06318410852903605,0.0546486536365857,0.07316484950651027,0.13494755758393248,0.021896467891586894,0.031890510752406606,0.02047453053747647,0.10377202454974085,0.023323366952495966,0.013220495794279963,0.03478847694387877
-0.528920398483882,-0.042476288294944056,-0.07418855902449212,-0.00826613096667372,-0.036754383104773455,-0.016277267171391312,-0.049559192094109104,-0.011337749320438836,0.006647276267777346,-0.020343858637864455,-0.04842399367266249,-0.0012060406626700755,0.02794655770977529,0.0025877531236502263,-0.008951937154261635,-0.0036965076080047164,-0.022167375084798182,1.2974299561735574e-05,0.011345686567689169,0.01879286631213031,0.8130510715894848,0.12264967623927296,0.10863288157510118,0.06342869988050157,0.05691281035152341,0.038837191892209015,0.03497506666567872,0.029122989140879983,0.03422732723972434,0.026048585939515555,0.025431021251500215,0.022031066355284026,0.01982110198898007,0.02350115570469216,0.015142640978872107,0.01750042725493526,0.016617999507837277,0.012071965464821864,0.012206700948678094,0.015334521078334853
-0.6076705991483304,0.19832751099115975,-0.22317239213117118,-0.023144763882728292,0.041007083668279834,-0.08924007993425584,-0.10419700974173109,0.14808374552432554,0.0961650631428676,0.012928465824161656,0.046572089760217456,-0.009541179486478295,-0.0960656718303015,0.0408880353938773,-0.06462881002002344,0.06067711449847695,0.025038974098037375,-0.08317188404064967,-0.01576834468351083,0.011559892449547323,0.5498289059506574,0.15674826686531476,0.20602484467680005,0.16813835043156888,0.1328802302848502,0.0676371668266168,0.08490116131662723,0.11421491860076692,0.058267907931670804,0.05730547261707704,0.03430652510653672,0.03245268021291672,0.06301834146147384,0.036377477669367025,0.04373632666765013,0.0258700290316564,0.03031309558681135,0.032875673469169975,0.030581696198607386,0.021552779228615204
0.3260878145818848,-0.34949974418713664,-0.11262343938900116,-0.11958432625347228,-0.24880797117703837,0.08503246332565656,-0.02705126889358879,0.08564827958789549,0.2019761592493268,-0.06576738090969288,-0.0537698774746423,-0.0008989569665706981,0.012034731888412229,-0.03446441716685614,-0.18930050378995572,0.04676258936845133,-0.16161910482581582,-0.06731547144079521,-0.11376934584011986,-0.020305651913647194,0.550812358611778,0.24060229039751108,0.19666821128285758,0.09812228999753966,0.20814999968901848,0.1646155327133211,0.05312037345311271,0.05571859107134388,0.12230718525807065,0.06849717053931086,0.06495770573861771,0.036758725658421205,0.03413520576709174,0.02092222868974759,0.11251422494389149,0.039549228187268276,0.0736389763358992,0.03847852920466072,0.04038464956885718,0.02077806794981679
-0.26139196803558506,-0.28465169861674905,0.4138317320535799,0.21435610063044752,-0.03634445106274995,-0.1385019658020291,-0.2168420944356159,-0.0007979375323376096,0.09233391705127483,0.127232608493545,0.06211113885198959,-0.02906401668850313,0.10175167333414435,-0.039641994802004935,-0.001519198319116947,-0.0218686480917783,-0.10371235268969066,-0.0800001332068036,-0.01193992606555625,0.0952126940139847,0.19173223531914696,0.26142882256215133,0.4734900090606802,0.26318248450737164,0.09152300031910915,0.13516277482857222,0.15775107922167944,0.07055811860602994,0.07746996967723804,0.07724240049497637,0.07411464996212175,0.04892965642970863,0.07105571548119048,0.06729472311189083,0.04774502302065837,0.04516603452435081,0.05860217761820598,0.038218294458144675,0.0366174292633488,0.05167632901126308
0.4352073396507101,0.03359651736312335,0.16209362350526538,-0.1951907520365843,0.3403775549689893,-0.05153483222244935,-0.18925780115079643,-0.035009111127602736,-0.16221284772912445,-0.14473877971043253,-0.13144495639525913,-0.08853797654709607,-0.1153799242091998,-0.02292933881437307,0.0049671477770509235,-0.14989466998505527,-0.1044715487900367,-0.06825903703275203,-0.13291825984471817,0.10490812739326795,0.5753277252553853,0.2145961933927595,0.06417026476769842,0.07924080825855673,0.1749831860403464,0.023049918695577504,0.06428983250185348,0.02358178320233366,0.06047214606485322,0.043445999136763315,0.031638322043318214,0.0203280626969523,0.03222868846457713,0.014163005552374736,0.010023812884603136,0.04116568637595725,0.02793193777305012,0.01669990385322742,0.03267106046320267,0.034183958812119025
-0.5227900945932769,0.06922789516399132,0.005774293275169483,-0.19779416984837958,0.12606834908757963,-0.1933942213305651,-0.020407618056470064,0.2643302715584032,-0.22092287978744096,0.058733511335438894,-0.08101052375658019,0.061381161783530154,-0.08120994427027356,-0.026094616478049695,-0.08217865543069591,-0.19500343128492076,0.02944480567485038,0.01355081975022287,0.01795659380522395,-0.044943272060169466,0.5691816341693516,0.0925098344867601,0.10004381757058592,0.11187215676376604,0.09933918243410324,0.12289608920485294,0.08915933080610769,0.15126062993220038,0.1028078306178468,0.039776112968217515,0.030391355634460618,0.038754411056692,0.04026229626758858,0.03134182594510756,0.031370743715983015,0.09147730025889853,0.030557545458048986,0.029929510673704033,0.027870918064339147,0.03369337050523214
-0.3345005383482093,-0.07741178556431058,-0.2716162136791531,0.036434023047182774,0.09857864089461481,0.33220453688290835,0.031263219966571124,-0.04379752185900146,-0.15256901456719693,0.08022810739941239,0.05687470600196122,-0.011720734581050548,-0.20091791621567556,0.028423346527052928,-0.15724969270637373,-0.08356794199731488,-0.06265817848802889,0.05695389909113079,0.055439768820198534,-0.20545455021143996,0.4604726400477651,0.22024156724230134,0.2774705450974545,0.1718703890142659,0.11480620923293237,0.27224375933603917,0.08817893056663546,0.06472252253141757,0.11286714747076375,0.04782706094614983,0.06604303983093877,0.03859653159824651,0.1089783224529574,0.05150336195672049,0.08601664303623988,0.04323582024638133,0.03693262606156859,0.04502578794994334,0.03004972024411797,0.10154477779086075
0.07348979269708515,-0.008290657766560287,-0.1320567326660774,-0.014734861833929165,-0.008116439417587083,-0.15949199202677292,-0.02495493383945737,-0.07308393492842494,-0.016678284443441674,0.03550259285457819,-0.008323957960486045,-0.00316718864582549,0.059113788637030436,0.04073081210447292,-0.01657237335441496,-0.031109539051475205,0.016592039515406862,-0.020321246287111402,-0.024955591071931363,0.035296887068726794,0.6673055934660992,0.4096619798889955,0.28279500129166313,0.22864380098667522,0.17989709460010414,0.2250454710312434,0.13887879951578716,0.12703734891126833,0.12317481617788437,0.09130145393744256,0.0870048926952095,0.06745545192601356,0.09403729333435361,0.10076628062975224,0.06089935361791158,0.04894872562326031,0.048845548738437744,0.04901525823693785,0.05316748221784966,0.051830402081672194
0.0938295527940559,-0.10844702959621531,0.09852151620680163,0.023469134196891124,-0.049145557855429144,-0.06778725074288289,-0.06253982371476914,-0.007762136529454292,-0.07527780560818391,0.03238131483656897,-0.033761357824379556,0.029904730720437363,-0.02754600107033172,-0.06482424484005231,-0.023409915416752757,-0.01255345342990539,-0.030474530846915794,0.03023972844900115,0.03313725393547953,-0.027839959401429235,0.708413405172659,0.32897738129697235,0.2956365388610449,0.26516220517645567,0.20585909310707326,0.13900882802901546,0.17487934946213593,0.11403527568795799,0.10721961518085865,0.09024706379837936,0.09837347476354948,0.0820315201526812,0.08100625629619904,0.07193529479833305,0.06915091718683866,0.04822659523593195,0.06046765164508537,0.0612935264524734,0.05271379508234817,0.04364071845789645
0.463340118344904,-0.3857419160399109,-0.34581575834934075,0.05236404360315833,-0.17869629795388542,0.05475056762628064,-0.10303261130186787,-0.13113451903670456,-0.0017216684408916322,0.04041802376420145,-0.05393017777972999,-0.030243962990991042,-0.04239456304448038,-0.12607361241856677,0.0047878498460897185,0.034667857439634665,-0.051133846239854785,0.011998658436889102,-0.029789798106239784,-0.02230222812696631,0.4704518781021106,0.2920621525644433,0.24765941283218051,0.11214168357633346,0.1161934255686255,0.06531868354997536,0.06576844386364168,0.07522489155056253,0.033572487522842046,0.04709103985585635,0.058016235653349964,0.029675227906216,0.0327889670651468,0.04935135149214852,0.024029071921051158,0.02554246964839713,0.025671096163888525,0.02487840016570684,0.02568312918351211,0.019225155013892367
