-0.561607278351989,0.03547601107022683,0.034642656630018885,0.031167290008224727,0.010243879208572637,0.0032881520979528883,-0.011303739478074377,-0.0010872522825698646,0.006323080174951696,-0.00020415416120027888,-0.008183511999469466,0.006339052096295543,-0.01830990665075852,0.0005906000323309236,0.008234981568062811,0.003005568872262671,-0.0507610111263523,-0.009153219471291262,-0.009878122482302298,0.007367864222146792,0.8108269884356373,0.11019441053505193,0.047018544008474675,0.0470514075552637,0.02351073757765112,0.010392765127885284,0.012246432047070367,0.013566622344765435,0.01765016064999668,0.0248507387351671,0.010217416861697257,0.005334490665277034,0.025293793959458116,0.01299653976410668,0.010017529104252446,0.006767704317098437,0.015374418112604775,0.011247494060674155,0.010094191397923507,0.008149418070845819
-0.35311727777955393,-0.07235135019034146,0.04691123163128316,-0.013503196203135703,-0.004233141519745966,-0.018920902849839254,-0.058263493113028704,-0.009991219982788499,0.010167547447304777,-0.006949557546972549,0.0023814291526693117,0.019877550576273568,-0.003834588898836186,-0.016104328535819924,0.0005574480682631383,-0.016133984112243798,-0.0034541165358481733,0.0008228252274425755,-0.014085305786777138,0.0008428669033536899,0.8375482764689857,0.2328907625761056,0.22669080851419401,0.15627537911088324,0.08394089288236048,0.05629497689970931,0.07667616684147459,0.0429909590322789,0.051510786921534865,0.05524728988107063,0.04437461044233708,0.0287270993818417,0.01970054364509407,0.03346043032525674,0.021887212207915965,0.03181529358784197,0.017676040068900556,0.014451350958381447,0.023936437083683856,0.02120049265507894
0.1484748172980081,-0.12597644313370154,0.03472727288187687,-0.012554506390297777,0.10026141737497717,-0.04824455733911641,-0.042926717113458135,-0.012911022857053879,-0.016567977224148673,-0.009571659663465161,-0.012690322284812297,-0.007834315681358294,0.012513031383171511,-0.010325573417736456,0.021579095152064794,-0.01851004360572098,-0.023050916289312294,0.015257295342681651,-0.027416370138631733,-0.029162180504438476,0.5649814859751208,0.49705469392062995,0.27507738390531683,0.3151648491670407,0.21277839006123514,0.17641783785248766,0.15639838544270213,0.1432970008495912,0.09915283415276883,0.09883484712375387,0.09045591730155364,0.07381497698234876,0.10246963227337084,0.08511834333626539,0.07684510369860756,0.08184128155544834,0.06687575116356503,0.06465765341544917,0.06086454589745134,0.06093801265995788
-0.47148356994120405,0.05143385185914777,0.04247600351103328,0.01610535809470366,-0.030167605738197545,-0.00983872210369408,-0.0004193654075281921,0.009635742102491799,0.0024101871329041263,0.01099457529076746,0.01393605888806892,0.002408884033836661,-0.015402804152638809,0.0014276140945478257,0.011271711799330127,0.0037737367975834903,0.005669282610865909,0.002652422625578045,0.008436258355978082,0.007601463833316063,0.8050675630335623,0.2215539888671856,0.17878525863459055,0.1085194028923715,0.0974321208897227,0.060293447727705354,0.052719673565161954,0.030564225936390736,0.04559135640532377,0.03684627617372868,0.04720562378522348,0.025524658581992783,0.02913373075157546,0.03346995256906039,0.032819207414577396,0.03019297650258261,0.035262400107432514,0.024015542948046108,0.02705764321937648,0.019756710651614648
-0.11383374515372514,-0.10758563816849785,-0.04820623489497062,-0.10025646668764139,-0.08170124895938127,0.059321083369005795,-0.00856608606124473,-0.011313920688680645,0.039989339685088374,0.016128281700921274,0.002440242150556385,0.07175338578568859,-0.005903126400599554,0.02140288851493825,-0.0023547791628306656,0.04778028148763404,0.021244625973156465,0.011571243884431558,-0.023577089193714144,-0.011012332448763729,0.8106607282519384,0.23055058806715173,0.2634554594457707,0.26376990553643825,0.14140300294351338,0.12453294249503223,0.12885477282658084,0.06514483220350077,0.07062543929099822,0.07831585658612598,0.06414051078172955,0.08158767974952465,0.05185237413916027,0.04025992657372816,0.041922725223828505,0.04442556324527661,0.04182292754477368,0.039337303466806,0.037833531613202444,0.036332487616315016
-0.5299470091219028,-0.09429383025031199,-0.32680637337757373,-0.11659408253373219,0.07308128491809886,-0.048530602191361086,-0.05336008481601698,-0.24817016290871421,-0.016935285844601078,-0.11088017832051013,-0.03385922755774177,0.01360103313980456,-0.08298267679509101,-0.027073434969893763,0.014698029900548096,-0.024518900483591493,0.013542143835952385,-0.019702867957296075,-0.03238850898707214,0.06928642016603412,0.43645498966516716,0.20808303996788355,0.33164478218592675,0.14744559115888503,0.1264301698391373,0.12328123054215817,0.11815615255981902,0.19076994733271296,0.039304105824441715,0.06495709219760139,0.07760542896697628,0.04963766119615932,0.07536569257121725,0.058547257796502966,0.028990558020471652,0.02742199192615143,0.10271062866771594,0.039864347379706316,0.05159604127355678,0.0464507585849937
-0.5678943237507716,0.08094231547222121,0.06041385873815341,-0.061650375367721215,0.024607570707361946,-0.031704218758947064,0.019880218189543202,-0.05572039475662724,-0.028058265543531764,-0.030822581381799555,-0.014204383923142739,-0.00022269029888909443,0.019291169579047914,-0.0298007862520571,-0.013113891508938753,-0.03445899265980313,-0.008180904323688568,0.013664740781060059,-0.006852296516095246,0.00786472172286164,0.7792870153171143,0.14840746706215213,0.08232124074349964,0.073649849153538,0.04568054035618419,0.03839751637220993,0.03165721398308187,0.04723341561812109,0.028114854618321552,0.024128075525021185,0.02652344886694127,0.025520509684157044,0.017077612998778455,0.016859536235753557,0.025722780087400594,0.01834737803785356,0.01931679848691092,0.011325059035776562,0.012328306109301159,0.014091349812060597
-0.5366216569649418,0.23801949321527607,-0.04606575021301866,0.04025166646431622,0.025018245455898,-0.06661856756107379,-0.03419870930497056,-0.03720384000474339,-0.010281445628399319,-0.004217165000545206,-0.021137596313628094,-0.004678005128238494,-0.008572101382277089,-0.006810561246304194,-0.0040942035074087516,0.0042288633141873535,-0.00648076695694222,-0.008039874984853887,-0.007365703859539718,-0.005714097349002396,0.5936454793582955,0.35038250332052484,0.1386806851082637,0.15104301904236822,0.23151958682099227,0.12766402021044382,0.12953186243198123,0.09330595570859684,0.05668146468522407,0.059002478218917846,0.06969896516528103,0.040278852619877355,0.07528037457799587,0.05331270877804149,0.04756671176604494,0.029905732092674074,0.03933218556335335,0.0408060431708797,0.03903395645382093,0.029902654030988865
-0.3934068453822473,0.08432943690687966,0.16233939164717998,-0.15797479794827618,-0.06724141955619721,-0.018038606826009804,-0.03796023485749131,0.008864752145436765,-0.019114837803423372,-0.016885095433587932,-0.0070457083717644425,-0.00034954110753730396,-0.002567497207237279,-0.007520674684072991,-0.0010314274088276303,0.008465112062706804,0.012677448088482889,-0.015470698652820782,0.008653973706839463,0.008329008884322708,0.409477147048019,0.34193900658287046,0.5759268289226549,0.2219290235646227,0.13723965746922914,0.22162072912379294,0.09876683351503295,0.1261170322307559,0.07078140237532189,0.05139403405948526,0.025253685428415877,0.05089349048574646,0.03267542208112642,0.04921455073450953,0.039687396999224994,0.01995895104805309,0.029606663033713367,0.029357515613300588,0.030306233858939362,0.030239867703282068
-0.36018131517394397,-0.1273920317188533,-0.03879522300758946,-0.21244120042787276,0.07672910048726232,-0.11595850499007873,-0.0319329503062319,0.0019536017690464885,-0.004773138338112989,-0.0075546624473419866,-0.03385177373670722,0.04060071923397217,-0.00495814408626856,-0.018429273774794485,0.0370856811220764,-0.029079701214174258,0.004350619612245468,0.008744838943120161,-0.019912601260847384,0.003752844188331214,0.8089098834249447,0.20751073592237104,0.10081758916826837,0.19857846462453424,0.07419764446961542,0.10645940444109357,0.06760176745248446,0.034081201759344364,0.03298445476045025,0.03289229839521909,0.04259738326827375,0.05350965835651992,0.0257398180040354,0.028337690760788292,0.039620205153033064,0.02673003396266223,0.013124520721642418,0.015632886366337757,0.01954096148710778,0.011034542384029806
-0.11317287803163542,-0.04689892620860852,0.08792840496210094,-0.06721180746799499,-0.06883039861642769,-0.01592790623313496,-0.02084962462760086,-0.034415485622880236,-0.004135972132120122,0.012673804094196545,-0.00691135729560826,-0.033688737359741705,-0.0007426343899850844,0.029989721545943204,0.0155646684297896,0.009704854339828255,-0.00930723599562193,0.0015829286561118909,0.009282650024190759,0.005439136664520107,0.8189776892054361,0.24111311328080196,0.22387329464619268,0.2555511397778064,0.23000019638455432,0.14720104072465204,0.08521151552824736,0.07559649075041523,0.06431262713387537,0.08793012816611949,0.061087640862337964,0.058490267214885726,0.04907191497091699,0.03489665261374417,0.047501841752934114,0.046345218809251465,0.04244307658314458,0.02956852695965534,0.029105009259663417,0.030465393745445556
0.06450131761953386,-0.08039648391949704,-0.049172341941147925,0.10620355362613748,-0.014879854598352012,-0.10458718037792852,0.00860036038290941,-0.012987799974687003,-0.0007482287149538113,0.02312725895116212,-0.009481398484012834,0.003823227524705798,-0.006335614364007439,-0.01398454381059716,0.01442882697067174,0.002319618883483965,0.007365179783102736,0.007870494335863515,-0.015047295370786804,0.007191464425529324,0.8847192015104668,0.28088606210564193,0.1580488457761407,0.22613740344790828,0.06552028875631961,0.0844310317421017,0.05501518345719238,0.05327862314844646,0.03755346943622128,0.031152640306457154,0.031352474725971476,0.028740023440419867,0.017458638744491696,0.028452061210024325,0.023426620117000668,0.02074221774183278,0.017545274605209483,0.022855582652748514,0.020766986251933756,0.014792413794119842
-0.09264284946595097,-0.07903592415913914,0.008725017999040494,-0.021528394577143173,-0.06567902229548625,0.04446680398122652,-0.023519907182236007,0.022431533880423404,-0.02702515114954047,-0.01878232737878442,-0.03800452099901866,-0.010950232183977155,-0.0014989271859664076,-0.02155200657923596,-0.00649910563113707,-0.008637037835090924,0.03979011956643321,-0.006771875207745872,0.0007169304432970581,-0.005657494041969712,0.7095724712142328,0.4158507262558657,0.27703596739862213,0.26781659346341813,0.19886411336756113,0.19979477178891802,0.12387086217615875,0.09078595077499377,0.10070452985149363,0.08552675674375017,0.07338428554845558,0.07018665541045933,0.05823039672860772,0.047935585741348825,0.04657289093569157,0.042110710061837676,0.055971943593510175,0.04035432970958562,0.039131854804222814,0.02737297808145846
-0.10300456190066477,0.13689454696239273,0.019954489372796598,-0.06444626268498552,-0.02108126274536666,-0.03140542563923652,0.02840461035153927,-0.03177968077621572,-0.002176817712842741,-0.005589660326704884,0.00221000517718282,-0.004373579282085939,-0.028078627129001638,-0.010136430253453881,-0.009968166802389766,-0.0011665260254038843,-0.008859817087694889,0.008579209643528126,0.0035597002142102414,-0.008058350854182975,0.7337207915061753,0.4277397554840203,0.29821251629156903,0.23174894170432508,0.17332677401126453,0.12120310803543477,0.12245949321768063,0.09808517871258023,0.07558153449100664,0.08433039374367683,0.05431352095431179,0.053492862264667596,0.046106037511577776,0.043131127698615684,0.03697385379668922,0.02894412775556264,0.03376664220512068,0.025700221327886213,0.028301207048819364,0.02908665315966416
-0.07032882882224521,-0.44886209760806856,-0.14379333740039574,-0.04361630949408859,0.044446861674208665,0.010295383399542094,-0.04430156873851209,0.016648114913335343,0.029539274965007543,0.051098283828512184,-0.12972597836704053,0.007711769853500349,0.021156272560893696,-0.019091825230696833,0.007476127310819365,0.024189708769566068,-0.014305920375834027,0.005881368045058502,0.007161634341810371,0.005523131020714304,0.5751045926418035,0.5549956030174147,0.2013074210926358,0.08058127498268852,0.1244961662657799,0.12177090280440885,0.04572899490447821,0.04244576076365206,0.04432456479689026,0.047126424971263285,0.1121430668638468,0.03292154490364906,0.031410263371389795,0.03242077500660357,0.024424084262703847,0.031193572795351725,0.021403269123705437,0.016058736571847816,0.0396694065867646,0.028005976261857395
-0.23007141523437752,-0.27932744674351256,0.032902996296005516,-0.003073175202461433,-0.014215676902246809,-0.02109878783981328,-0.026854583496082,0.015467867073256846,-0.028147461373383146,-0.0008955632654055922,-0.009239005058058412,-0.018064237279220803,-0.005834702537552155,0.005524250679306113,-0.00030573718491490727,-0.002104696594118424,-0.004901279422161593,0.0033837844930877476,-0.005718629002870908,0.0022586738345919074,0.5947429209239998,0.6285922607355767,0.12899610569429118,0.17985259976184237,0.16705661282955087,0.08106682863507345,0.10092561683763641,0.07068334916670226,0.05324834406665666,0.046466828450755976,0.0486379037209663,0.043400813541737096,0.0374695637601811,0.044416024563607846,0.02885155452795622,0.03103518045460131,0.03041499276925685,0.0256472357070572,0.030019956772906534,0.024496419175653514
-0.3847316641748546,-0.028552924070400356,0.00028921309948016106,-0.0070851277944369235,0.03451616326003428,-0.03215272914000107,-0.013091411644496728,-0.002925307739958179,0.012920562100740062,0.0029119446738412637,0.015944246621161208,-0.012502094462885435,3.143647421582763e-05,-0.009149788798728917,-0.002551747215541273,-0.010030519350141773,-0.008851688221345985,-0.0009896355846469996,-0.0019059238645585239,-1.4336612155686338e-05,0.9127704203632713,0.0867208373836594,0.02525541917061809,0.03648103011283635,0.0437499801921388,0.03919180477713203,0.01751883860422954,0.012279247433048158,0.014766306128143437,0.011716512268919404,0.017916901255977655,0.012113919001888821,0.013434242685566049,0.007871321853912884,0.005768921030922795,0.007402570214365007,0.007945000495764831,0.0038763316158158985,0.006820991416612007,0.005106210463277019
0.10619318198499135,-0.027131668592822688,-0.02271163148701318,0.025851367004788718,0.03361448074636676,-0.01835742654186244,0.007494654820366047,0.008376624541749813,-0.013310516533221028,0.0010186084096600596,-0.00837545411501539,-0.004855897017813293,-0.004741502845549174,0.006215171261625829,-0.0009051577000325472,-0.0019910495467748584,0.009980003286425818,-0.01015766258278791,-0.0105006689665789,-0.0018635423403175282,0.691699939852943,0.39097608466763323,0.34326571527528915,0.2183885695911701,0.23333158647517727,0.17932511332339976,0.14313375143576468,0.1325703550533749,0.12098900204025784,0.10797179023565047,0.08559188853981675,0.08613665905836396,0.06940295876634535,0.05973727166746978,0.05835624089827157,0.05875765236978006,0.047870651210056216,0.04566428049091877,0.038928411327003434,0.029641620634259746
0.21987934638687925,-0.14504985300071002,-0.03998203713979429,-0.1208360248896344,-0.03496075998693038,-0.044825905569243665,-0.06395888447858204,-0.02490789448144914,-0.03441709521268964,0.006998940470986396,-0.025484369128619094,-0.005841623033556997,0.016053711957727448,0.036576136247254504,-0.03812411018492301,0.009762810301401569,0.038667516180976386,-0.022201162389547818,0.0012160985386132268,-0.0023051111751281315,0.8807698147841231,0.26163762940735413,0.1188077449858941,0.10293281374455417,0.07597553163216321,0.06867807321297996,0.05897592826223759,0.05490086249219192,0.04887352743264332,0.05414102364785842,0.03910959279147507,0.027703495389019565,0.03439405661599066,0.024974773110380745,0.02730258388008629,0.03430051201554625,0.030225181770189288,0.02443236032737105,0.01866389219209843,0.017575581132763928
-0.28805740406357294,-0.0841365077401136,-0.06924281478245903,-0.08028915673745851,-0.024945827344152238,-0.02923034393115792,-0.013539252563930872,-0.02994793358140675,-0.0035683466889770183,-0.001338533895225113,0.004545141163787885,-0.0011374367389604516,-0.004859764074741926,-0.010461457376568412,-0.0007782868146546569,-0.0055062262324318614,0.0013382984277803193,0.0020795598083516655,-0.0026058597997019725,0.007872643346071772,0.7959539044992825,0.3767995906863764,0.26122781322208993,0.16408556786176243,0.07028753671279853,0.06371433146728858,0.05620043136072127,0.07544196839129724,0.03473889583489139,0.030494455215907556,0.029640254573286954,0.027968443188917936,0.03148476408286888,0.029122408283936033,0.019801124222243657,0.017149091154028486,0.01873521778294668,0.015029608170237374,0.015568601004815918,0.013930325339908785
-0.2458631094358616,-0.11947700628837811,-0.08662987460385024,-0.01909220293343366,-0.045883985144339084,-0.0233504639987148,0.011510935064996576,-0.004418097752007378,-0.00022472704020917557,-0.003123501980364371,-0.006126786896166518,0.012106095438184063,0.0025380507639744167,-0.002595362964145517,0.0053837976275619565,-0.0055867533070844315,-0.004664014266004396,-0.013101810405552585,0.0026873763057300784,-0.008747109279732969,0.6195404261998393,0.3966528193033258,0.508859187394849,0.20315454013424883,0.13616590256448038,0.1362556790480937,0.08766875834831653,0.08892979034638017,0.06003776708646227,0.05158411154461861,0.03618157396119311,0.06168889544828436,0.04522713014466681,0.04459211335163557,0.02393137158531635,0.032564765355890354,0.019025868667094166,0.03480696582886187,0.025017169309254232,0.027192101093737153
-0.02562582492377184,-0.07040332565487567,0.0021489723527745625,0.12256791557316472,0.020987567373602273,-0.008087724200736194,0.02530517757514375,-0.011650950087256586,-0.0001741535960277798,-0.0011445581566740578,0.011171653052385743,-0.009955597576669356,-0.003623043676374526,0.0009463267088601277,0.0017215928128193657,-0.011316990363955122,-0.003753954111272365,-0.004076935802979952,0.005917265430191092,-0.0015429194159934437,0.758296765073739,0.43121744852055915,0.23959776165712351,0.2587521448145259,0.16101515317687498,0.1150074498702774,0.1107237399899349,0.12292317936462752,0.07413649755817571,0.0643104767989909,0.07326353285480867,0.039136807785838626,0.04151148188261794,0.037532553442871944,0.03896463714558465,0.040061869632191244,0.03783936465701768,0.025999970009944674,0.024792783920225145,0.016887874334657244
-0.2009165518455952,-0.46625392766965873,-0.3852676566714565,0.05057195380750226,-0.1428125494240654,0.0014539350602230249,0.0731627524442666,0.014718310009561331,-0.06977264108807427,-0.058059188508196934,0.014136309007735872,-0.03909719870074995,0.01202279454748678,-0.007146989065115928,-0.01583708757281378,-0.024379085139958182,-0.00613522446005567,0.007341013846793611,0.0157661458257923,-0.013733681565159332,0.29893735399229515,0.5777889925256985,0.3458849332271107,0.04908916227008393,0.05412582485553176,0.028748786785541627,0.03404040056368014,0.028546625004447383,0.02882177697454955,0.01934443622895496,0.016554888887084968,0.02059802737069965,0.01146481098109302,0.012000442482943881,0.010711725903257668,0.012433344271030848,0.008759310074543739,0.009785752872289194,0.009497678892628633,0.007542235060092699
-0.5586915069099031,-0.3270684610747065,-0.015978147616639744,-0.03795887587555971,-0.11552799787091608,-0.08944281151964681,0.0009910237128149826,0.05574014285284409,-0.014219720247103839,0.0001404273751705946,0.009965492451137772,0.01632390364089834,0.01099420726395346,0.005720237041812163,-0.0064731283189344265,0.006426491741579185,-0.007269692462044327,-0.0003107703754951994,-0.0032859029345173162,-0.001425538823330622,0.5453938651318708,0.47044901050762433,0.06227781615403208,0.08737219592428622,0.11690288577272773,0.059628450382013115,0.046205271856844636,0.04138531236165834,0.024314102895265644,0.01796059280869904,0.015540891852826052,0.014754323762837751,0.013466653703428191,0.018835646139073493,0.012899215344974338,0.010777483875926646,0.00828545097128324,0.010899340832447587,0.008229546386747062,0.007943875711115815
0.390228591353874,-0.23371729552741474,-0.06583872439827507,-0.13299767532923265,-0.09824521190050682,-0.04745591824085383,-0.09019229603350386,0.04140223396275175,-0.021180568760820175,-0.039279031675705,-0.0021770335859780526,-0.040283922683441074,-0.0064935166382531564,-0.004527602270179649,0.027440128147418016,-0.0005315810983176709,-0.005100599550786118,-0.006825479622877136,-0.006128333204077555,0.00679219008680837,0.8328610037266088,0.21677786556623038,0.031103898823276865,0.038321860829378086,0.023016109107356637,0.02019504673328567,0.018390759408075236,0.007801698920564605,0.005931280565372763,0.0076985877073984825,0.003815989568716595,0.006812018107292356,0.009388767667150907,0.002393340510965878,0.006372442097874896,0.002404034683658869,0.0019401960472747695,0.0017652276813511902,0.0014253716201859052,0.0017909256234091967
-0.563974857856764,-0.00742350776691631,0.2087748595561156,-0.05208113886706886,0.18635751278521567,-0.03090751760367497,0.05100760279932035,-0.012651181172589513,-0.03334844691588842,-0.016483201556572086,-0.006129327168241727,0.008172405111540418,-0.003661066308018889,0.0008139153755447436,0.005737416341180045,-0.001098274343739298,0.00588166159015276,-0.0009629340311878594,-0.002191515473634166,0.007645184692037154,0.7088917685512129,0.19064687438641087,0.2048507858486718,0.05384651275599276,0.07961117152209693,0.030159681146793096,0.03395935082398743,0.022847718109970088,0.021159465288632797,0.02007234901203273,0.019348185991542872,0.02275827827956625,0.012626755457276737,0.010980132902218505,0.016808502130278062,0.012612298995189933,0.0047530578251462185,0.008651927694791478,0.006030541001028693,0.015437603275756105
-0.5244841233179113,0.07889372776339879,0.052966879822987895,-0.007622209842465626,0.019201060594847868,-0.029676966927390847,0.02156449404992719,-0.01658886861920496,-0.0027043360683539413,-0.007665597627516899,0.014501118024279065,-0.009896426769983386,-0.006913154545975006,-0.011879764118721348,0.0024516343203254557,-0.026132068485084835,0.0139976911590391,-0.004750599652269424,0.006149633803766306,-0.015956049575577298,0.8272606912777544,0.1277579446381044,0.05684452710217951,0.02739352113662311,0.03703422695215102,0.03560981752809419,0.027186115143615228,0.0313220210155516,0.016094373934112984,0.02161550440327139,0.013571184346248037,0.019078221968686974,0.009909566679303553,0.01760522129430928,0.009700088321270109,0.026933614375456234,0.012687623651885109,0.01648185582702887,0.008073386419521765,0.007230007883324636
-0.6264534818754368,-0.11174208074690822,0.012997060568460962,0.002844286921258117,0.046042130988853354,0.04597866525181806,0.05208575741276344,0.08177139699379966,0.013771570828628312,-0.026135752595726137,-0.016708497941716242,-0.007550788995702435,-0.013382129376178662,-0.020016470268570476,-0.006033366285878703,-0.09332068502246034,-0.016252367436650008,-0.04905906300124075,0.0008669066786881793,-0.04566213681484673,0.7383105125207691,0.08476202044838337,0.03916887794506725,0.025430736479722,0.04190513305964597,0.029661264551614247,0.019564108778974826,0.047466805858992,0.010978607023294257,0.023914934423758968,0.017352274911819784,0.008943452298456065,0.03195578521754804,0.0182057239094587,0.01559225987545311,0.04706656343939871,0.011283228300637368,0.020584031113547938,0.00771809174445778,0.027093455542839404
-0.6156138071060827,0.19143816769717406,-0.11163886102874541,0.044172633802996755,0.06268669471894878,-0.14072736229312757,-0.0421068323061951,-0.1522744501694889,-0.21939167365211834,-0.03440025985136217,-0.060962340608348674,-0.11734305025804456,0.05130029786805503,0.09254685602822338,0.09682305868224109,0.023339709765780276,0.006932081576711141,0.0004504607036405403,0.035016357999206445,0.027875407110588325,0.5999538580296492,0.1702482926842136,0.05835448495632479,0.04416452424110497,0.033628580869121606,0.062202969766679016,0.030241638312568507,0.06843279898449141,0.135264845858335,0.019920970231313923,0.036015885209565536,0.04488399548695993,0.021730463441000613,0.036054263762086564,0.039138083335943444,0.016554184819693694,0.013140153719478345,0.015554915220824554,0.013266758134255615,0.01538230269724481
-0.5907196868695065,-0.06321529040413704,0.04760114109874379,0.0337184995227585,0.038340919856272776,0.06062275206020018,-0.03218166693952849,0.003909939575128555,0.002805438372095188,0.008143411706749187,0.001866102247091818,0.0035123145713989203,-0.028731135350914365,-0.024520930956503248,-0.004709340614396877,-0.001429371345102922,-0.00874108408483509,-0.01776571133896231,-0.0002738050586362053,-0.017989555394818196,0.7823897513435075,0.07727242442126753,0.05724399369129495,0.0503725005204129,0.03529733744184456,0.05752328123527291,0.03830863084895345,0.020619373415867264,0.026195840930500685,0.030689372739566515,0.02937517819514114,0.02114019637407009,0.01558496951783061,0.01183444859315055,0.014396803918280809,0.014602262754740788,0.020213504438642848,0.01970994148836318,0.012366977910706694,0.011857649948546125
-0.49199878475286235,-0.4205221059465696,0.03818163265014838,0.10089357664762726,-0.04602588376985625,-0.0778617262178894,-0.018182043787430123,0.04855037462428718,0.010506444135803237,0.00857027346784418,-0.023202140774948674,-0.025515210557771645,0.015157696788261711,-0.004894232347662509,0.01525714927263285,-0.015026624987925362,-0.027880578423315976,-0.0012009696880602206,-0.019074129149316606,-0.030302553412221944,0.528749525409386,0.4929463570627186,0.09371460753682863,0.07146673129335743,0.08318231446035332,0.05498845684375555,0.0420670943452471,0.037188056519268854,0.027324663225554924,0.01756325941010197,0.024055732230244375,0.021827717593198168,0.01885911055934706,0.01895933173259823,0.012445065814379758,0.018617552831825,0.03101896586937889,0.013264354406784525,0.012899389159614454,0.016032693780194295
-0.5606178885963168,-0.07053030278365381,-0.18098734632401606,0.1497435784917132,-0.026861290712066856,-0.09447435261540874,0.06494075361177448,-0.08195204183029178,-0.030637908399620842,0.019917341987747632,-0.03517207262641026,0.0037777113886587384,0.032104283070165815,-0.01908034265083375,-0.0048798759847702294,0.004375471467273935,0.04161587311751881,0.0035280688543582184,-0.025998071180364048,-0.011932549595091187,0.7397582590063279,0.09802035954276207,0.12630250114497973,0.11585314877822907,0.04980602941925408,0.05982058641618145,0.03692808743712842,0.03327018997802919,0.02756756518414791,0.020530892708857697,0.023733946813930464,0.01947310768687207,0.016607976565873088,0.015409609181136739,0.014005099349252958,0.010322323474852802,0.015011569039536316,0.0086544515348226,0.016831786726821906,0.010406095273725933
0.011479411627379853,0.09776455114243063,0.017022636661692375,-0.007788581292330346,0.07775942521198781,0.033877813564311854,0.012962485932478491,-0.002503898527167437,-0.006821733504900462,-0.017645001180695886,0.005817659106111431,0.028042966423606916,-0.012397573896555426,0.012543459922334143,-0.018473551516039282,-0.02249275215218377,0.012484299243743596,0.03125158011278369,-0.014261448104752994,-0.000493470300388356,0.8029212551019423,0.5572155943609938,0.05187202025608936,0.05882029589874102,0.08372356919574457,0.05763326723637408,0.030708654270245182,0.025879003099790784,0.026188212077269617,0.03080085036694121,0.026431450564354694,0.023715679136414185,0.021262279753973906,0.017870182466880696,0.013372909167920128,0.01535098713277849,0.022592114708469526,0.027139721424765603,0.010199156196734118,0.014835376986535215
0.014526206291442604,-0.1637276154789054,0.055883330814893564,-0.0019043852250099848,-0.030524983188160503,-0.024447983644694353,-0.004785115402657674,-0.05491357040507815,-0.02287878838745899,0.02629541484471508,-0.0031070675536096037,-0.00945277326765721,-0.016450746231673665,-0.002902367434408758,-0.007529083301070293,-0.004031397895176289,-0.017797162184409847,2.734483806202239e-05,0.009846725513650165,-0.027850265991642892,0.7206545879427217,0.6396811453574898,0.09823235258490333,0.07140493369635728,0.04263663882191482,0.06722743318065448,0.04660972480719587,0.05068074907598241,0.03729114953623895,0.04124799700759584,0.028128893291550945,0.023138754610491058,0.027589071824135163,0.02223629087375831,0.022139541324173742,0.026902642615023942,0.01662002409737361,0.01828689904028532,0.013942887541940287,0.01943408063533981
-0.04460294779752852,0.11127981712269704,0.03710335076000658,0.024077523612205356,-0.04216086580179586,-0.014066964391803747,-0.0021864717067442683,-0.027092595099681357,-0.02278237058361265,-0.00022766196623929738,0.01803286958397192,-0.022275798738434396,-0.015263640619368087,0.011702304628157731,-0.032874669635562515,-0.03822616788256699,-0.01193155150752774,0.004843867134540423,0.010193807739266529,0.030404087156912216,0.7472402855335483,0.6227772608317674,0.07888115023324369,0.06756590553368007,0.061799613210823126,0.03661091386110117,0.04402047614569789,0.03896325753263149,0.04209372528594276,0.03959182703844021,0.03429686970660417,0.025253987104353587,0.024625315509407025,0.019392303621555324,0.03187824983108569,0.025256039163452784,0.02683487371551652,0.01822042059909769,0.017951191140556422,0.026897588496792853
-0.12816565089220144,0.012480834319073422,-0.015972343368974563,-0.0264159726882196,-0.044372130876198373,0.011497166459204688,-0.0006509500096705779,-0.023224467705970343,-0.033017831470181204,0.026926292760111447,0.012520857099774785,-0.028116253787254773,-0.0011248066950742552,0.007015888347073816,0.015634529383861836,0.01128257087743401,-0.001375636391602882,-0.003174817042971719,-0.010774970556058082,0.006203161441062482,0.7326633560470046,0.6420337516609229,0.07207835569654387,0.0681930826258984,0.0839349277948042,0.04457523202811045,0.04130487196123776,0.021727703472232955,0.03601623047406482,0.0332666509520776,0.02699825194784465,0.02276558515633618,0.02547360866061156,0.02312632309975067,0.01623290599293533,0.01853327131025192,0.02175385642632274,0.01319794399503739,0.0151342136815893,0.009788199278890916
-0.258865395742815,-0.044306488685474925,-0.1276441090782071,0.055932980582951465,-0.0725456157197431,-0.08247216412087897,-0.05706858016146442,0.0027412625504006096,0.008886993540028688,-0.0899728793666835,0.010655856233290809,0.03353971289143573,-0.01259890543677549,-0.015560481280418804,0.039324926362828416,-0.016912698503941115,0.030029066764852713,-0.06678832241575804,0.008711462396435842,0.009160025154099648,0.744715970374432,0.5426976212703724,0.10244662243392094,0.06914632027944671,0.031085206817100856,0.0556796897888819,0.03363232594587756,0.023208062290327226,0.022325582196856285,0.05313964142215227,0.019744038094184593,0.03288759242777489,0.020456262733302324,0.031048683538088755,0.013821639263554984,0.020041647921285995,0.010542437644709836,0.02542814247005513,0.023146266440761336,0.03015658411800633
-0.5085463269799948,-0.07260467009151782,-0.12245441084724513,0.11771148644069943,-0.23805880670596533,-0.0877594394422446,-0.1225345431312765,-0.055931450594276545,-0.02447726303588319,0.06664930649241432,0.041053767439113,-0.005798854675434698,0.010016254221466653,0.02901758885666476,-0.014992754634652869,-0.011595107226555544,-0.005214152862967746,-0.004889572343128161,-0.018668059775368506,-0.004467253712233486,0.5320321415557278,0.27996735887107527,0.2657365166486085,0.17675602804003343,0.21999335590800903,0.11070046882721475,0.20278009465102365,0.1086414195407543,0.08666483267563249,0.10916493515152896,0.07750711560477085,0.0415040810418081,0.0404254321115147,0.06188033770114248,0.05030410225986939,0.03139020714007262,0.035164472202918205,0.026977407436924516,0.03055132729637784,0.018771407468546008
-0.6109401907385634,-0.0794392253358627,-0.114959133710414,-0.023869087358212724,-0.015515796224007443,0.044977183202665874,0.023236979295420877,-0.07376898836996228,0.03501098616290097,-0.04092979939792853,-0.0149469295460595,0.01936065825934623,-0.004115688902644146,-0.037034249997750325,-0.025245698877235597,0.006001343904973566,-0.037784429144959414,-0.031149574041410773,0.004557749280821864,-0.012664875727638398,0.7638682886483705,0.03552410799648233,0.055715164615147715,0.013478991903418176,0.018027177215796206,0.018735737743896967,0.01188465267544039,0.021587530158667323,0.013427162259353002,0.012871041908639904,0.006728845031577396,0.006741534132606034,0.011998910102982112,0.008149658525581168,0.008276901143872098,0.0067997184753806434,0.006798996414602546,0.008659655294659849,0.005226259418628475,0.005849437842511816
-0.2346055800993388,-0.04312322757927326,0.0021167500353283315,-0.002660984589678042,-0.031815892462119646,-0.027063583803378092,-0.01574474680059931,0.01690978091772165,-0.013118295347457197,-0.0012987323907807345,-0.008757818807055054,-0.011448014130822111,-0.0019425932948452592,-0.0011305923668494513,0.004964782604617931,0.0017281474489097709,0.006410731460348277,0.003522916179206319,0.00195919266432345,0.005480904215921585,0.8685294556869522,0.26348210160515445,0.20638232832389672,0.11771017579172446,0.13543156161706704,0.11195757600395254,0.1160274667889258,0.05815079847986246,0.038569237363428904,0.05048522051542771,0.03363949708112776,0.03646760568888565,0.04163940525072165,0.024152974098673806,0.02907810817341197,0.02632929796077783,0.024761935395664004,0.025704911747635645,0.01787203165266269,0.020642406005850794
0.29479898060096166,-0.0033001497143475716,-0.09181968562333921,-0.03626599313008784,-0.034498638041935495,-0.017470703208864142,0.01455951396439033,-0.012952977138885663,-0.03020433997728039,0.031046350989823297,-0.002242866643364064,-0.0384827799667845,-0.006802719805157483,0.006646642915526947,-0.022280041911749166,0.0002864733050935451,0.007480241040051754,0.0024514188467637554,-0.006771847795084895,-0.01608631944726645,0.863002253827323,0.3816134774679411,0.046755411472727666,0.020491087599096333,0.03163413009239913,0.01804989344433077,0.021730072063224925,0.015519440165641196,0.01980903537075318,0.016226195427339787,0.011111803903250039,0.02114500053348748,0.012418150217662169,0.009016242576198607,0.012425095760713507,0.010572696130713818,0.012994129331068967,0.007901382718743645,0.004938148288917213,0.01072068087736988
-0.7563283191726953,-0.0004216628372703235,-0.26107972443201133,-0.05694727030543308,0.0242048602292038,-0.006079724755582055,0.0016120203418614808,-0.019918088526733154,-0.0024571294467099925,-0.01003413433870081,-0.021869531030623925,0.0024140305491755624,0.0012902445794234073,-0.019252195065493822,0.002501919383987351,0.011137226167947184,-0.010176866063098781,-0.007217498266069656,0.0006654136030771834,0.0009129510452024783,0.5674483957154227,0.029549109626103708,0.09813724318057974,0.06826858492415624,0.05983881458816219,0.04692262622850374,0.04034500787734761,0.036228508073518864,0.031412714082211364,0.03662760906894154,0.03263510559913206,0.025114742986277683,0.03159364439025797,0.026160220404281946,0.02236263056996817,0.02962861735712093,0.019030376372622393,0.019619833167711306,0.017849341091770877,0.01593303243601786
-0.7709152234474189,-0.1368664764509582,-0.027804709529666082,0.05659942238681847,0.023580281250099852,-0.07151712000057991,0.031358985029948126,-0.013274693676452412,-0.012514304784067974,0.021422365787924932,0.005672884000831347,-0.01430577858971935,0.005144198464767304,0.0051043644206223765,-0.00025221682945377724,-0.018380567536397614,-0.009610113300667215,0.0001609073362773467,-0.003947168279357284,-0.001919664621172394,0.5624186472406465,0.05559891465355688,0.1598312927596353,0.09663208330567205,0.06859718583050368,0.07482136749271932,0.05023300190398228,0.03862745055281583,0.03298776020331663,0.03350988442817769,0.026289524667930914,0.024607522361966117,0.028044336234238,0.018705711914061725,0.020141305072236257,0.015430153852095016,0.017433792088442146,0.013464616894957853,0.014489850100986485,0.01427549155544069
-0.060601229742067705,-0.30526422782437557,0.003993310701187926,-0.3070226992166282,-0.4259797033800751,-0.12049398087933301,-0.09902108573920627,0.05450927946226194,-0.03346768665824575,-0.2096981881155414,0.03718625776048632,0.011108878998780063,-0.12991454691665325,-0.03546003560984514,-0.12068075205208827,0.08110942186062173,-0.05476010965796394,-0.14980438008249172,-0.04534545129055893,0.11211431126599769,0.18048512168548894,0.27751220579789126,0.18245316668198955,0.2707793335043946,0.3215523436851588,0.10844565207609724,0.05832353391208114,0.08247219234568956,0.09475198010103106,0.19165696702564755,0.0854058930632272,0.10004249507666149,0.11306074874709512,0.06207919676678015,0.14541210173505287,0.07418507133381505,0.10888545448063759,0.08191475780903061,0.05395320231796177,0.06951461113643487
-0.5324116661796412,0.08472639947835274,-0.35193167592035923,-0.33058027776093063,-0.2055358179774835,-0.06603234922174442,-0.18798965126816794,0.0048685209643753126,0.004715417054338726,0.05375136165895902,-0.05352876004398851,-0.021307366674388525,-0.04622017014643211,-0.08675403381096294,-0.023548214124750173,-0.1685358366587809,-0.059955952227684815,0.00033902140357518993,-0.06295196755638337,0.0015226443118990737,0.25029482022319205,0.13883885954986078,0.27406244340744407,0.2667999660150514,0.10811971944665849,0.07931944845055389,0.16818863535463882,0.07645416428944211,0.06574460835433787,0.11622138092907218,0.09309369553429346,0.07163400075410346,0.04142615560814709,0.06498637956607364,0.025264061877364644,0.11055126759740407,0.016884997581523304,0.0764472302887847,0.05395261081241677,0.04518189519571709
-0.2955085807164303,-0.09218996261488106,0.10810237681633462,0.159955142037217,-0.12283029043388094,-0.354128493767064,-0.04922602489458165,0.04158253508734738,-0.14347021897090265,0.07138147709317287,-0.08075426538225804,0.003918010433950117,-0.08103188935491218,0.07539695035102904,-0.09456293463223064,0.049537856317071256,0.03411597762292924,-0.052000600114659255,-0.0663987642475619,-0.04678640895521141,0.24250847183741858,0.2293923779232873,0.21172128244925884,0.2746608886430094,0.19654442612844322,0.46191122706341164,0.14449239639388003,0.15671892532691725,0.14249460308669715,0.07967781406520794,0.13316914369162414,0.10131620166425898,0.10770581795463392,0.1444488690630483,0.09197833631258712,0.06871765975522527,0.08419009472883725,0.0765753379478491,0.08907467054864919,0.07494145131059025
-0.2919978411931329,-0.03918865022546122,-0.019847522767388767,-0.0053579713423839844,0.0080177567528698,-0.0042045476895911284,0.041243212598073835,-0.007549800848993292,-0.0005167044150685853,-0.01886973801437684,-0.006891216516120443,-0.009667064864328676,-0.007193933505787108,-0.004833861024269463,-0.010360283888808428,0.007128753522308543,0.015431535671799695,0.004400721015952568,0.002595849280278699,-0.00901505984908576,0.7800566306755822,0.34691701857938695,0.3170395271789749,0.138647522727686,0.14088404076826444,0.07245725427073095,0.10013834773139985,0.09482017354981198,0.05500853098753925,0.0624720764601866,0.03862692272811592,0.04181807730961309,0.03634419587279137,0.032889580902795236,0.03140904973955423,0.030329549479825902,0.02428181210737917,0.03047932368283392,0.021513363749633287,0.026627597293289545
-0.3577088622551825,0.013049920893919997,-0.033592938035194086,-0.038339742483281085,0.02533877754871961,0.006035395615055303,-0.012702722029597793,0.02111130312265978,0.0012295397946209994,-0.011569925430413214,0.009090884312945255,-0.004539050408158448,0.012183657465192626,-0.004585175892281843,0.008653019270509531,0.00503741973299208,-3.4209575242885034e-05,-0.002996330035991266,0.007039571883206584,0.0004063458597208926,0.9077326025875757,0.11487326665128426,0.08076788333027612,0.08336767680751829,0.07232584096817715,0.03616600079673446,0.029636384572606294,0.042397647551504304,0.051788430060776165,0.03757614871839327,0.025125172855502757,0.02661907349483045,0.029296922835599332,0.018477270609639503,0.014484593130044077,0.013792979361431111,0.011544867980284418,0.014019596883302109,0.012403855006513042,0.006551387927421206
-0.19311670786872548,0.05409600379033928,-0.09724692909373064,-0.027823906393906736,-0.06876200914752781,-0.1013157171057458,-0.03578481912212211,-0.04543038499011346,0.03519112142107037,-0.014038602880736606,0.005790534907081413,0.0014973850375118146,-0.005454772480526298,0.00829742528678111,-0.008110845645372754,0.0027403119590761237,0.007567584908991693,-0.015337593489030842,0.00635447320507146,0.0040380598030360215,0.7626380139011792,0.4126267406585835,0.22404593889962185,0.18346253406116805,0.14526574577846055,0.17233362576248612,0.10498774582802736,0.08887102560928352,0.09703393053003513,0.05714988687173891,0.04942250914134166,0.045071554409310426,0.0348495016896153,0.03026224813964007,0.02554438189092784,0.031821205964069815,0.02933982328183284,0.023999016271512397,0.030435621860655817,0.021216127369975447
-0.16756406147505085,-0.1424125815652275,-0.09672087506969926,-0.05171728061784666,-0.07264289949649884,-0.0016321264489211988,-0.022690684166903615,0.045410964623759605,-0.021985605764685924,-0.039503468833044904,-0.036333969465751,0.01740122834152091,-0.0027026813406205953,-0.027027712566550448,0.01533882306530938,0.010812740690034923,-0.020192975565379304,0.015174154282166685,-0.0030349413986112536,-0.01667538765382719,0.6050699958959345,0.6225615751896014,0.23215599762445582,0.19804971934622226,0.16506874607815963,0.1057385289727093,0.0869663326044325,0.08191093262496897,0.06580271600801037,0.07706981307970584,0.05075887638999841,0.062235880350904875,0.037648006656380205,0.0420216788393398,0.04873488196995205,0.029943321605083083,0.03541057719768319,0.029579435219436075,0.02074362289595083,0.028729423677596223
0.11670208242649657,-0.17694113535548542,-0.38196172612554474,-0.20616531084282058,0.06793923145173345,-0.10333435529248654,0.12790581051953023,-0.022111048033640477,-0.008609019454037114,-0.0023180983946451436,0.007923688539518485,0.009857317191893778,0.016858045744384896,0.01947459412801611,0.006909565171211589,0.01844962219378223,-0.012882421850562655,-0.01065718053668338,-0.009338230376234968,-0.011231416528337429,0.5475698940044166,0.5201552930898256,0.2806079605834612,0.15391302685648753,0.1536175377933958,0.0999396334661629,0.11052498599466985,0.05361223561923576,0.06792685372216753,0.02713500943448115,0.025880077269492183,0.0256538623126694,0.028548507824343494,0.03366553105006042,0.034634148622894975,0.02695684852264935,0.013637908814635964,0.014825245913361425,0.015650323458605477,0.006548942853360624
0.2609921862193886,-0.07266347504389328,-0.1096776099544079,-0.03348421775956175,0.060518430638143016,-0.016271371259167472,-0.058616803937495215,-0.05060031680976115,0.008785316627295392,-0.05400291462944787,-0.026566411158722245,0.044925802789974496,0.004314663610702018,-0.014830470022081647,-0.012993730816529606,0.006517096247792638,-0.014627986096197532,-0.00125198137809475,0.012266147216603846,0.003982816286372311,0.8165621093264557,0.29070200208777297,0.22342435276381709,0.1301270644080537,0.12576904611001494,0.11700166058011925,0.08924732017856812,0.11555514251579423,0.054255353350878374,0.07756384107388521,0.05739726702392422,0.05809741741821823,0.07193258297011583,0.035817058149171875,0.03525673559046505,0.035954684591027034,0.02610980573209061,0.029571708103290278,0.036021817945683605,0.023354379317248923
-0.29635966189300916,0.07204823443601692,-0.18349818514102623,0.01491017247226635,0.08103103587269768,-0.08129313080260969,-0.013667884071042982,0.04830721269954216,-0.0038920270038035644,-0.020435929679881133,0.030715196362841177,0.00904719392544207,-0.007357217978026783,-0.0400518289944706,-0.020212993571102074,0.020391350703338248,0.023791977520029456,0.015768518642197166,0.01472831689705097,0.012368450749652288,0.6842571147548185,0.43892869463115247,0.3543030565521343,0.09583708279006145,0.1661007853063856,0.10346843717505184,0.057823119328051835,0.07375454711895486,0.03894432097723475,0.03348131905216775,0.03263766612729258,0.03023424130087253,0.03098692684177566,0.027234638253478143,0.021410193547719187,0.017162665990653348,0.02803957490284527,0.027075672232430063,0.023408385897313456,0.021602035286897192
-0.3824464869869739,-0.08469381085899026,0.04253109466353376,-0.03810990564895986,-0.02539917574791867,-0.036746889319434255,0.0050334426398011296,-0.03046685480538887,-0.0009009947811161648,-0.01416804801431272,0.013377394122045735,-0.0015875276644202413,-0.018297133481825868,-0.010652626445057625,-4.0965714183713435e-05,-0.0005344187942119985,-0.017401017018705372,0.009556725835656364,0.005481168829891904,-0.0004640211522308737,0.7409860590086838,0.47269999298805326,0.11976282158513593,0.14743418220297447,0.09053072330510188,0.07209036759580742,0.07006280802638754,0.04832144502590749,0.052989359919989605,0.033468533082791636,0.030515947662144705,0.03240465106749384,0.03139216749256702,0.026535788969857785,0.017573157981514386,0.01584080289650115,0.030681225278308265,0.02010542852906967,0.015410034495955665,0.011468521221902303
0.009673486713888254,-0.281725736216205,-0.32238665828490226,-0.25707850916477654,-0.04551434716661296,-0.19122691767283834,-0.16002904710815039,0.027569297194839495,0.04434237152989674,-0.05498310696612696,0.023474162941634184,-0.0550293206984296,-0.0052753641553480255,-0.017912867013125014,0.0024809863361764913,-0.04977323156521259,0.03683707758688962,0.02176478013819852,0.025706505169427414,-0.03387831728343603,0.3283978060824896,0.4523438202907069,0.3473306555827089,0.25996251528637243,0.11881700713468596,0.19483054668303648,0.18022694294139208,0.1359165051422603,0.11331780570425151,0.09024207434781978,0.09397502877880826,0.058888419283172115,0.09354237728350152,0.06661758742081059,0.07169256058679477,0.07322369349795835,0.05387969874534517,0.042760052898088104,0.04260816357871764,0.05687624513447601
-0.3219481288261188,0.0052349470191224,-0.0020638347288816383,-0.011746519427404109,-0.0038605375413147368,0.010426267980728994,-0.004007523627683895,0.0029380398426622645,0.012279633013513197,-0.012997215534717567,0.012264872531062395,0.004740923956037699,0.03132407243223729,-0.008243128106068077,0.008934242144849502,-0.0068188376304714245,-0.008768798657282402,-0.006908480613140138,0.00127035423536631,-0.008859709058866454,0.8965225225570961,0.21124850332340697,0.14836831995238592,0.06694521720147066,0.06302846156570667,0.056964883914281804,0.03828822699481482,0.04716047861581159,0.04869690363957542,0.0342788753215104,0.0321285252372406,0.024877461607270005,0.031923012331208395,0.024559097294764822,0.023106185038037408,0.018104040412876946,0.012375336066865032,0.013822790752449363,0.014005063501138691,0.01248096423230871
-0.3756147905946502,-0.09123151535697967,-0.09416188686030853,-0.034103323112367356,-0.06334624618767438,-0.006972056046555912,-0.10247715184718591,0.028722520614787868,0.06396541358479013,-0.01096146170086042,0.002772685546247184,-0.025396224339978294,-0.013692424863439799,0.016458690821557754,-0.03527868466492494,0.008662519397579923,0.013701406331141456,0.013253521071365033,-0.017137407286898693,-0.013524233293485958,0.7955590014733134,0.21600326227922753,0.2144880603511918,0.1267625110565066,0.17549512864717062,0.08474525604797689,0.09859897469551941,0.10056513848824677,0.048761450162140625,0.06616059145995745,0.04636385896254551,0.03349150995452107,0.04351572125730453,0.03331817258556498,0.036772690859917065,0.03219837615148639,0.027256351226207235,0.027980692918450373,0.024018291230685232,0.026611910595926873
-0.47714218258610464,-0.22434222249277208,-0.17155225838865854,-0.13632907876443598,-0.040255750256626026,-0.059191507050121356,-0.061769045963652104,-0.06337986522340598,0.03332798206913065,0.050482769401312536,-0.015645671547084957,0.004059599144138414,-0.04490356237991244,0.08198159567921948,-0.022780978966072223,0.031603319965894966,-0.03129664985528112,-0.02519455759235398,0.018540487456852116,-0.037529587902844684,0.6383753321533154,0.2861810565575334,0.16857215612333978,0.16405890064461495,0.18267545133877558,0.10198427147935185,0.10943736425808233,0.10757680952832475,0.06488125315718563,0.08521614491312693,0.042669393801040074,0.05643628075696533,0.05311226796196868,0.053317942927320935,0.03080476325947128,0.049507764025555685,0.032901385826230346,0.04551323724127362,0.04293579841503559,0.0296360193084083
-0.07841577851721106,-0.2530343497107908,-0.1547320270048554,-0.41038449983089426,0.16551272425923025,0.014464552901643897,-0.03352602636867802,0.015650357932052973,-0.005315323008030578,0.014046962588123584,0.018890674170853366,-0.011398088982657536,-0.03440212538716163,0.03703416632588229,0.0034514719839196474,0.011177188824284059,-0.012229426389741501,-0.01712552222816114,-0.004451841545937736,0.018136154854198214,0.2522565801724836,0.3772833056210786,0.26864531574315453,0.45586299884965387,0.2939970435335058,0.11785658859316744,0.18212487529946383,0.16084854812046506,0.12588141531467503,0.09900593634785076,0.0830132025802318,0.07214706425838763,0.06569446276974046,0.059411961878131095,0.04479725331627631,0.05363890621281428,0.04272018422946292,0.044206851475560714,0.05570153148081592,0.04023711024485541
-0.2899825093984384,0.01084083266565676,0.021644266236054643,-0.02228219523639714,-0.018503183381240917,-0.12381436124047737,-0.060426383072935026,-0.0003316968225343508,-0.045808467676821306,-0.045693623369772104,0.012117602022789152,0.01767684832092059,-0.01981019580984635,-0.04308501686252169,-0.00858139863034161,-0.006207957537937821,0.014420149156167367,-0.010133936440349437,-0.04505793311548198,-0.029099540053933455,0.7348242932343613,0.4065132150575014,0.280008764319113,0.1329022864858721,0.15345298736166726,0.15653002777353878,0.0802048763919332,0.06432083590598774,0.05783890460253901,0.06767844304348367,0.06243883524989224,0.03711353787008798,0.04152457551726584,0.05014342172532058,0.038200527717495214,0.043405300918537865,0.03857324268339206,0.030619798935697874,0.0348260688906232,0.03131272365751675
-0.4143278823362064,-0.026156742306270336,-0.438366069735233,-0.24536947200537068,-0.21713113993592043,-0.10643518422613243,-0.09728008315329512,0.004562039551409632,0.007665376394539529,0.023310278716956432,-0.0620681839005827,-0.10483111376288001,-0.06278210129331552,-0.04960025619803295,0.02537396425614483,-0.007986166317677195,0.04143020248784213,0.023290914367774092,0.02806006454959807,-0.010279571295415471,0.2848301112918268,0.17695512258774315,0.3202589309837758,0.1788385063715934,0.28412988313892645,0.11419003825580919,0.16070950769489523,0.1342492584393657,0.15796464403403687,0.05409313813266777,0.09763339855277071,0.1395739310910812,0.10145448407612002,0.11972481985943924,0.07615833671911182,0.05235368418377726,0.03835488680898371,0.052943682443350286,0.034803305393589605,0.03818054629294795
-0.4319349883854651,-0.41990502001992774,0.05524710273360681,-0.048369622194170236,-0.10754342833099835,-0.16814702200910453,-0.036621943120407396,-0.07351607034768898,-0.2076583998150478,-0.012663827298694455,0.007805547903229226,0.010453410132649395,0.008298862025999412,-0.042827693893652624,-0.03425014160664722,-0.002369840131071458,0.00018066129466354726,0.03020750007311378,0.015607550625544628,-0.01564161999171799,0.2578259615935524,0.4118667066034475,0.17537121880760584,0.27766147913102907,0.1523909628459642,0.2327449418154429,0.10514849168613362,0.136857479811088,0.19700573522961373,0.08014562337885371,0.12417490470183809,0.07239226285537112,0.04204137898395171,0.06503006699051443,0.04646010482002197,0.03427436009635218,0.07230073407518367,0.04839834091469933,0.04146204329778649,0.039347261685334464
-0.020392544218411444,-0.455229370194159,-0.05058300968627775,-0.24921590603007754,-0.24287468301077667,-0.12071007868564865,-0.12509255868966207,0.08133201245556133,-0.18139471652389608,0.012334599115401697,-0.08839234224001555,0.009121170549283358,0.03672473397030212,0.00025902896522270907,-0.040738758405696046,0.0042189354044737,-0.05873731444162067,-0.00386931675050325,0.024682400104172116,0.08680034620249323,0.10892797405286508,0.4452287091117549,0.1171001094871184,0.1916154891850702,0.3023880986866181,0.10395374428828207,0.2940612741085336,0.13029401657520312,0.20780370211581561,0.1047113021739822,0.06273541515951551,0.12378061151375835,0.05333022094540197,0.08309538335197843,0.08027123731492676,0.043758068355690495,0.04887566488763159,0.05132665380870641,0.06877893766594069,0.09376651499678804
-0.49643173288768616,0.1595960560288679,-0.10320037743986335,-0.07280911943713621,0.008070873479119762,-0.0060650467854841544,-0.1644698852115887,-0.1422282945097278,-0.003674711131504378,-0.06275509344083242,0.021144278962740407,-0.0351973270424488,-0.11061108098677952,0.06131621901113477,-0.044631715428546395,-0.04221589214941631,-0.10055550102919095,0.05798444714662063,0.009273686913928198,0.032772394261612145,0.6974590917502201,0.2176259817353654,0.16812761001136664,0.10164858200845148,0.07318177814254495,0.06296958153481136,0.13573272140911374,0.08930378402083419,0.05202882310858235,0.0307166324201862,0.03060111820005755,0.029141192137575912,0.05410855095224644,0.030303541478370218,0.02790562547780466,0.036414455861195495,0.04985899862732828,0.034268247038124214,0.031161267168777255,0.023770117699621538
-0.298466462538521,-0.2495155786367875,-0.13418721104206657,0.08156361874976138,0.05009038313861491,0.050522921238430954,0.018052587674267758,-0.032770939219259755,0.01731232491319875,0.016984716487321617,0.004896108836284177,-0.04560255969441487,-0.04755998934587483,-0.07525013606709226,-0.005278611744533307,-0.009676245232764986,0.02832361156644013,0.003453493792455874,0.002564016545002303,-0.0009006864175446421,0.724178705943746,0.3410818807621809,0.22189785254604483,0.16494449441225248,0.16493848456308463,0.11621016950196686,0.08212053079042143,0.08484626735234232,0.0666713401065524,0.06389226247400995,0.06005106855808646,0.05553587292721898,0.04208675969882647,0.08700894749605476,0.06519830076218817,0.03484032955265167,0.038638547769429016,0.02807961810372688,0.032830259716227064,0.026973567025113346
-0.2304043788661677,-0.09655578911448558,-0.03481548766704677,-0.05898546144593504,0.020108882251915566,-0.03724683275377022,0.00827897270785184,0.016929203827196114,-0.005510606575115275,-0.011029869650501943,0.005984046267024969,0.008651897447038143,0.005360923949538143,0.00026983835881000043,0.0011940081781434077,0.0035101010816677514,-0.0007028933525909921,0.0006277672677695378,-0.0015039680020500555,-0.0071366271128178085,0.9211542702611523,0.24704545898762315,0.13143566453566438,0.029977553064302394,0.018421862959662697,0.016747018911343933,0.02814390930659577,0.013856277024169904,0.009396984563326835,0.016806721476589095,0.011165511221502467,0.007868993676040771,0.009809962731013743,0.007403154886356782,0.004991206582175082,0.013308268503496938,0.008246827263449032,0.004921529063244346,0.005466844262714478,0.00511427349249335
-0.11807738566023393,-0.1078857911490546,-0.1166453341448132,0.0077744413870315405,-0.02311993428205657,-0.06191164636585782,-0.011821768061820144,-0.0019913751138076045,-0.02746842141372919,-0.011021159472150766,0.005811277359821264,0.009256320589127351,-0.011559544413724475,-0.01319221016029547,-0.004877358239499584,0.011885524305205963,-0.0065631520037032435,-0.008299951110984506,0.004426889241134741,-0.009514833031867606,0.8290622474610279,0.34086745769967436,0.3587183792751939,0.08594357161756275,0.08643286521583127,0.04480052846159195,0.04680113643955252,0.028502116736375694,0.01955012628864602,0.017617708666424734,0.021558041722211225,0.012823492098213565,0.018980376375349172,0.009398503628733646,0.012686699457112902,0.009793429779939388,0.008717130817652796,0.012080957971669283,0.011391688556968607,0.009533085871933833
-0.022806023866900015,0.02381396211324619,-0.023955471442944666,-0.06071734043333052,-0.01656295524884337,-0.00962138278209297,0.011203906108049224,-0.010669849127318314,-0.0003538575378014851,-0.014654449225351049,0.0026983422214103066,-0.006111647349778393,-0.0065781131661632,-0.006671761138917157,0.007992483053762912,-0.004642349976888303,0.0029088553220185487,-0.008003999700832728,-0.004011582233608195,0.001696797944043377,0.8675041431315438,0.434652097625622,0.20204324826593506,0.08942794022670643,0.021172094420532382,0.031020313400580927,0.016942008251194126,0.01576959803473376,0.016203176608359994,0.01320080333722013,0.012965348457811601,0.012463400686478025,0.012189984906331133,0.00869781620076623,0.008918988159225408,0.007063788025583004,0.007229555709711388,0.006526509782463608,0.0055708046422666985,0.00557197884861936
-0.2460591526225942,0.04086262887146581,-0.2140958778808687,0.01517919890035147,-0.03000020121044946,-0.01527215870905937,0.0307473242801927,-0.01706023287344608,-0.014476481935807738,-0.019698109451331786,-0.01087586298917516,0.026293378042462987,0.007982146739111275,-0.03719504467436315,0.021401038152360382,-0.0033395475772251904,-0.008663328951355595,0.006047477858577431,0.006646732492276176,-0.015428190645090196,0.7672594142669532,0.4386833464903201,0.2969862381524826,0.02298244491884699,0.025448847826093916,0.06193898799757202,0.03101026459607272,0.06808092068890649,0.02060089752707161,0.03354910748490676,0.026244162469977787,0.028368562146999003,0.015067851448059257,0.021183468090015183,0.0228748508085626,0.011383164003424748,0.017045514079810052,0.022903636787847726,0.019399165392610267,0.011279340684624876
-0.02618836959892522,0.003653174841283303,0.01696281815370666,-0.003174702248989351,0.011758670955760926,0.006774121179799115,-0.014966359236927271,0.004233200446822033,-0.003191770074737548,-0.011186764556953804,0.004701870068723901,-0.003964609877580062,0.0069834438710156075,0.008196623593917584,-0.0019510860262742687,-0.008698218901570957,0.0019161039867174375,-0.001235275773352569,-0.0006335806535901955,-0.004676025232866789,0.9836565900944038,0.14659032686508286,0.05857627402692612,0.05025295817695115,0.03146457912065635,0.030071941426180988,0.015297663060684611,0.014505303282955996,0.01092128119040955,0.010256197808481811,0.009226295793316503,0.010570127790416092,0.010012927879701603,0.009154641389820783,0.005753390313911232,0.008385156485473883,0.006525817620405142,0.005366795032544604,0.00420253331546504,0.004329174609223692
0.004795977687942844,-0.0673403008357269,-0.053395919105352935,-0.027335563980967623,-0.03440331492145248,-0.0146993386772985,-0.015569892249015936,-0.0010837917635408863,0.01187612431228687,0.008935787174039226,-0.00047689870903766903,-0.0033438011717459772,0.006133646997982788,0.002823469616258825,0.0013387180169834741,0.0026617287615278117,-0.004930574090507414,-0.007689965637314118,0.005279987182392897,0.0038950528515402177,0.9402157552480845,0.22969385168597747,0.14266541082984788,0.12502748651352968,0.0739384412222829,0.04626394726032162,0.047946643346356004,0.04307419841989002,0.03584968031071062,0.04055611419993884,0.019461267547705385,0.017436136019245395,0.017434236858100256,0.020583849304168098,0.015170880720076026,0.011119155347530734,0.0156023500807392,0.011554471210800504,0.011849805819533432,0.008007163986927848
0.18538301161460044,-0.21786638680178255,-0.18269920849011315,-0.013077504842513766,-0.01487735926708064,0.01487439457554294,-0.04533121823282804,-0.021625009670283774,-0.02512425745570663,-0.0058439849363800195,0.004482719712457175,-0.01249493264994571,-0.0030145254214888023,0.0029871623467028455,-0.0026744657777852407,0.009582549948030122,-0.019130789440240523,-0.0032901909934956726,-0.00921095276726003,-0.007952287778327318,0.7343018126366989,0.4363053766171298,0.3647761501467201,0.0801658036109817,0.04296051199351845,0.047191770209302944,0.03799639967475587,0.032210180413839974,0.0412561926458422,0.022025958321670508,0.01838851126200024,0.02025196238006854,0.016413231120984487,0.01663083028089727,0.012627246242855977,0.014286547843066258,0.0164158561813162,0.012632745453109882,0.014281141283439441,0.009330896451928796
0.10624600833052919,-0.0653983079550305,0.01521179497258099,-0.011820311601058574,-0.05712193063685404,-0.010128185580266718,-0.0021373054208167616,-0.04046997037835782,-0.01691481994118962,-0.02555560431085829,0.0436379456765004,0.03866538382742987,-0.007648374097943341,0.016136210862120907,0.00819798594313136,-0.044647724042593075,-0.0037356966762633055,0.02836094728335572,-0.009063534535234022,-0.00885460236174517,0.7134426210437089,0.4254196788545839,0.313401071894343,0.18602157825418075,0.19965630966120537,0.14122031946836958,0.1488271216711075,0.09457522311384252,0.10557278532047189,0.08358786799120929,0.08975855814124603,0.08050342564794659,0.07853327746653654,0.05982465332706217,0.051672429328957735,0.06455913673021067,0.04425281773843252,0.05047476757304703,0.05032631551479004,0.03687258326819671
-0.5100826516876878,0.1045292961280744,-0.043413744369622094,0.009270542848262843,-0.04908268071945697,0.004101027927593432,0.026752393132388877,-0.04818968953541727,-0.02044280222092533,-0.030295399379996167,-0.021964416625759993,-0.010336502215219777,0.02243898890385786,-0.021407066927221618,-0.011964040666045032,-0.003072855424362779,0.002622436816326157,0.011603382986686572,-0.0034604960361975454,0.004489091637728481,0.8116105052095046,0.20348680222189092,0.07213334830420817,0.036387800443925145,0.04266561990163965,0.02592451378422826,0.05597194248111713,0.041840069206393354,0.018287080045949526,0.03459205891938397,0.013998078975366033,0.013139773072632368,0.02963074719365347,0.018324807221550055,0.020197774715181156,0.009052616856993538,0.012140284626696427,0.01616561925519038,0.013110773670274599,0.0060149697948057535
-0.3099019234441553,-0.11190044179584153,-0.04647498259176568,-0.015173044262598672,-0.04388834346637227,0.013836025814843826,-0.017192690954498473,-0.032843399565632155,-0.015456649400939949,-0.00820567257836386,-0.022704171946197702,0.010171068856348657,0.0004890639594977147,-0.0015941656444527783,-0.0001869587992491278,0.00903145956454561,0.008719252754605639,-0.0004991341844490802,0.0037445063629642636,0.0010971367378412508,0.9193957438057924,0.1260885682684962,0.09561985802833348,0.05846804810298455,0.048860404338618345,0.04973744483240556,0.03368281853501292,0.034981462128045766,0.018436222910384322,0.026643240892257603,0.020620333923868542,0.01591662774584112,0.01033148183831766,0.025621305627589692,0.014014779777970256,0.017688261850475687,0.012718922632926212,0.011022157199120102,0.008671480235136052,0.011351011739093144
-0.3021160921671499,-0.03003625822939708,-0.03544404719566423,-0.02460263029339661,0.029039826100680816,0.005374700405053227,-0.008399404475713575,-0.008610105101556489,-0.009860822830639724,0.0037309081452679923,-0.0053374734323086565,0.0071970625923776154,0.007244282036076404,-0.005339635023633334,-0.004913438168719329,-0.002988743502129344,0.011859608576007041,-0.005582406696177236,0.011239964518691133,0.009780374890190652,0.9405278266608165,0.06072222766567067,0.04170975698523916,0.06011842894900833,0.062284533622888535,0.04392708136483483,0.031547395799329636,0.01730462350108683,0.027937463640538736,0.027928559823605644,0.02219088607839543,0.015947846070568174,0.01800757546187731,0.01792384076675408,0.01547875924284192,0.0057133396979622076,0.011825935651074154,0.004995756219299089,0.007589515927402779,0.00781761600329569
-0.19307027712934588,-0.030224878964804323,-0.061737375930052726,-0.004332071586479336,0.035854435005502165,-0.0054667243737747655,-0.03415055824415947,0.007636690276986177,-0.002770654084974666,0.009756711060424235,-0.00455236214650067,-0.01231908569672631,0.002989120301153578,0.007215980432326482,0.010601190485357983,-0.0013092570573593407,0.014840236439447969,-0.008786775505637964,0.006259595497168465,0.00410907303343838,0.9673194649736558,0.07507958221081797,0.06657382530084686,0.060235787822514694,0.03873857905274926,0.02794815196383765,0.03244171659910591,0.02664144762458757,0.014054185638914305,0.013238239580229547,0.008847120946118413,0.01452805395481592,0.008277061278656343,0.009573230532862744,0.006458760738904699,0.0080664744960446,0.008390331945013194,0.009053322836889565,0.008084084846734504,0.006403125646035049
0.1993558478688249,-0.18974271604382437,-0.06291973529856626,-0.0165300654989641,-0.07091871954658514,-0.04743419560847906,0.024180480262700206,0.0011857311029860906,0.010133256116576065,0.0011485964034705508,-0.02605526550750175,0.0047245341443661135,0.018862739049574976,0.005205425306083241,-0.018279070760811696,0.00830420661504356,-0.007849129241527631,0.010477125311073981,2.2699281489305888e-05,-0.0029637940580818528,0.8128838880721184,0.2975270630800956,0.28629363249125717,0.12328816971801111,0.11157780449465379,0.08921856664584465,0.1015673044626691,0.07638453126495523,0.06069833049422249,0.050518196035197506,0.09515425894941282,0.05108454189215052,0.04946724032699253,0.0427652766319314,0.04246238363752266,0.02655360996452518,0.02309192294513143,0.02837945238974154,0.0315901683368593,0.01839302393553531
0.3551992170874822,-0.27264251343226154,-0.43565010809687943,0.150386602540144,-0.15159756197180205,-0.009634694578489676,0.10038526601907621,-0.04531526849638335,0.021516258622125924,-0.2598363379133952,-0.14983902113090483,-0.019274459845215686,-0.09428694252417393,-0.046616215031469836,-0.14894374791595813,0.11637444067495367,-0.02484286533433253,0.16103298926703563,0.026161675585495685,0.0983981848489425,0.35027618896230844,0.2430555768717785,0.34259678227595114,0.10389615165520429,0.1019959825695675,0.06910354476250496,0.06229569827438845,0.04697867875800734,0.04748084579402469,0.1512635182924758,0.06493634033614998,0.030911773166831264,0.0500869344434481,0.031317441113767865,0.05673063458666102,0.03688737159211273,0.025870447550746602,0.06641926627495794,0.024859121566270573,0.0458579512825016
-0.34187178237609217,0.01926717399242337,-0.00656360108273132,-0.008359274630718878,-0.007935977240406336,0.007155142239373455,0.0002550569845366515,0.011176235251387286,0.007229502483923658,0.013914073266372722,-0.022474073261621805,-0.0008472904044874078,0.0044668311525360325,-0.002254039674179874,0.00176673362207134,-0.0026290345001258445,-0.001997525760325952,0.00018441603827200855,-0.0008956017687656505,0.003622717122346897,0.8302229977604301,0.3711791478682501,0.16818129342929197,0.09372654944276987,0.06789007228478719,0.041699241271887365,0.038837554095082945,0.05903223105075127,0.05122012877848384,0.0357880613128268,0.028297923075005525,0.0166740376830314,0.01064556752426112,0.01710009893298074,0.010912383984071362,0.011550594164013496,0.009049432710473149,0.01430391524230676,0.011675815411432854,0.00875669517571469
0.04323744028806054,-0.0012654953898115049,-0.0021090898159003913,-0.041266761139792836,0.01986066418718604,-0.007597311198028392,-0.0061984374606324395,0.002738918010829769,-0.008558501281282221,-0.022615902712168377,-0.007833401658912333,0.0075002874371983405,0.011107870534480932,-0.0006165930214337963,-0.00823812999379654,-0.0026045867309764242,-0.00018996616641550154,0.004334341351330981,0.0029138520362089154,0.00337743907341453,0.9189305718043126,0.30563761881115536,0.12286521440144178,0.10797127192527868,0.08659550300288735,0.06428928707681623,0.06764617057058776,0.059214461270063835,0.0519343533693463,0.05150366768728206,0.036898533636077646,0.03059495462284494,0.0259108320861461,0.021993709330718703,0.01937493776371847,0.01746361094858387,0.019430536934711296,0.017793629210582793,0.014217515435183566,0.01700558615799318
-0.140607379908263,-0.08508600735998378,-0.028576410961355138,0.03623232387603623,-0.04668032952832409,0.015619684964247656,-0.03606130334249007,-0.010932556485589337,-0.024637110504199845,0.01064586863185815,-0.020758973612561574,-0.016642486964131422,0.002095293890309852,-0.03379734223737441,-0.008653142820489259,0.016453072286402644,-0.006663331916165009,0.00012052083959610231,-0.0056538539082454965,-0.004399742235926157,0.935456452207373,0.0954976956857132,0.16257726674012488,0.11399398623343465,0.08579483589753865,0.07440333934200091,0.06478781427530163,0.08100510984090717,0.05474610057049673,0.0705310442803621,0.03644216317916337,0.03434538580979886,0.04111934222158064,0.029008033805393556,0.030154373213030806,0.03038905611890327,0.026640922802655887,0.01845299349711893,0.019892219768613707,0.02074847200712821
-0.11212291211923398,-0.07263964860872621,0.06687517919238839,0.05355591344112328,-0.015604644906036061,0.023069384346001722,-0.028778741136297782,-0.003569669429968384,-0.02924758119586279,-0.012958471413555966,0.008474117017633735,0.002878418207064319,-0.0073561908988953924,0.01650123733957735,-0.004147874259698192,-0.005725326755499276,-0.0008069350185520096,0.001197767962178462,0.0005672687289340803,0.0030467000990439565,0.9494860205512602,0.061450219158922424,0.18599601509722402,0.10970124876196577,0.07028148592504321,0.07012065451517915,0.05083202827709759,0.041218962666391086,0.036755065598667834,0.035226378421728086,0.03161233941678326,0.018838795283670495,0.016248663725361642,0.01984572373832861,0.018874943054642553,0.014949561853679403,0.013484684633418762,0.010573707360787063,0.009587238834064413,0.008122363513535638
-0.4696761816953791,-0.08094822148640825,-0.03955166093076375,-0.00679023590825806,-0.027301521284431602,0.011009040634593178,-0.0008496235478872647,0.005573192594871893,-0.029144972045463426,0.011030678359541135,-0.003488537044720999,-0.00031950917351865197,-0.0009003300252233255,-0.002137566660597307,-0.016476872017021815,-0.01036508639137469,-0.0014667461821133005,0.0057368523054136785,-0.0008658356536096023,0.003549664612385952,0.8679189797977019,0.0967502106422824,0.04002306826903655,0.02980447722231566,0.03472980760096537,0.017956260378256837,0.02331521940314204,0.0145171047578897,0.01579226650254112,0.01200126860129521,0.016958846771193435,0.010548406964313086,0.010305685570362606,0.00915528165009062,0.01006980031215594,0.009171824953756768,0.011058019165674117,0.007495490628792005,0.012263005330386888,0.0036121307869601766
-0.08531696864170288,-0.16793063577883588,-0.0829188840414658,0.030388890843032115,0.03018846994840063,-0.0357105392208752,-0.014556516081465883,-0.003076340477997458,0.046646057498709516,0.02558276013618298,-0.009667660939845687,-0.038579438521311904,0.01109065985632841,-0.0081790236188169,-0.027885808139091535,-0.02063252588107283,-0.021313605698756517,-0.02629715423593562,-0.0004153768855251717,-0.008873523740330983,0.8661655995928995,0.23458259580085358,0.19525911908769264,0.1301362624653369,0.15331500719039745,0.09362893559085965,0.10727012175546308,0.07982189345203022,0.11074718018522069,0.07191962066757311,0.05775122910784978,0.05351344307187937,0.04564153299420137,0.04121486795704775,0.05185011691759183,0.04360996608083035,0.04293099630843729,0.03267403626855589,0.032501505546975555,0.028708756197064426
-0.1576052636369589,-0.07518518419593209,-0.03792826521821073,0.02775165346918086,-0.01440926051656641,-0.0374113996483328,0.008506435890315472,0.003522158662022393,-0.016317064458112762,0.024105110922389417,-0.00163877433846741,-0.02410116121856491,-0.010571891854426474,-0.029010064808917643,-0.013866842982472153,0.009739263935160464,0.008993276401346754,-0.014280472460743762,-0.004862643930054184,-0.0007227232123951979,0.9363860982519624,0.191075365916423,0.12719836327930456,0.0870833232565392,0.09201122512698238,0.06149727796588029,0.0389622840422728,0.040179190510928844,0.04188360665612134,0.041223884536186875,0.03494023932356017,0.03439616101434517,0.02634295520200528,0.024902644594197675,0.02142320006928355,0.021051572313450412,0.025931578611289113,0.0267878407021689,0.019628188407919477,0.01748135619540893
-0.509780938755139,-0.15136948054348145,-0.27315846697581175,0.08546311376231192,-0.20105533538123044,0.058063509913850134,-0.0632240926256985,0.09918189763571277,0.05648689817233789,-0.013845070556892691,-0.00494009337846911,-0.0002494150985692859,-0.02280855553223272,0.020989845974958093,0.03587370034268108,-0.002409751328747669,-0.03838995399084362,-0.01798958534189149,-0.05330477888924897,-0.005863582105459367,0.5092588379778642,0.3479856872973071,0.3107035432785779,0.13830776349959018,0.1656106286618552,0.06080694673413732,0.06810752958040499,0.0741744989956653,0.08634887613011243,0.12228251608982874,0.03239721980127273,0.03441146713196902,0.017779926966012716,0.029179222735584927,0.032016798794954185,0.021135712557957043,0.027421470245090562,0.029083781424752216,0.026577767941488403,0.01931298120549553
0.11792967813641245,-0.5740773105959547,0.04833666102922036,-0.22839833398534912,0.056865936416429834,-0.09865269497131637,0.11481073677588656,-0.0016065242932339862,0.10897744287961746,0.01477436121375029,-0.03140017462592375,-0.041792132742793975,-0.00975773508979396,-0.04272986256430798,0.0060737171441056885,-0.011532075942913415,-0.030856784122949288,-0.015939356131795264,0.01764746092402775,0.012082810695703034,0.19846464265380478,0.5456426180134594,0.2593881732810487,0.21447601895194893,0.13016825304056104,0.11307858621690121,0.12320924306143206,0.129761945512321,0.14321022140632023,0.05183338898863203,0.06670071172073963,0.06001182839284241,0.04519022998267482,0.06177163997493403,0.03238885167248572,0.02855868257741182,0.0410767938722709,0.030611206647828813,0.04690694941405431,0.03681089737795987
-0.32357740489858405,-0.07541646474449736,-0.16948470461460355,-0.04238934579231246,-0.0751072878767524,0.00610761406761206,0.010509282426404788,0.03908154793544443,0.010014843104125681,-0.008104172162602946,0.037531751513759586,-0.03241951181935128,-0.009488323595902143,0.0005476832492156991,0.011220546685396661,0.023198215654698214,0.0001937923043666756,-0.02795162149942762,-0.010271526157694305,0.016572815058437235,0.7125482781911405,0.42461246331353963,0.3002626075153958,0.1512588231410908,0.08183734060800141,0.06970812394070676,0.05829081967790715,0.0635994371575285,0.06428688686409655,0.0518572867434548,0.05686638448579507,0.062099808937821424,0.035812845498788645,0.04618980767599286,0.037148856176548416,0.05412847325820719,0.03624371027452517,0.042313659598831724,0.028999421507355357,0.03987816684700368
0.3229998530506896,-0.39008877092789834,-0.24784009429109866,0.23046767020710063,-0.07697121392271547,-0.14565196542519387,-0.17532158237538945,-0.01665467962470484,-0.09868049186508657,-0.0891449569761097,0.08022793683393724,0.013896846256181426,-0.20422718016410632,-0.1635227707320058,-0.10066303794474821,0.045605730518289186,-0.19660154888453124,-0.03977154033510571,-0.03190837960285938,0.020764097280216394,0.4984231644176586,0.31209468413284097,0.18187258459302202,0.14278031801180946,0.04555799325538486,0.055819900745146186,0.07355091486895098,0.019959704276638533,0.03220933568542863,0.0255268388483415,0.01932777900055739,0.011915592229116085,0.0678120673803902,0.04702251044417515,0.023115639254521977,0.011983757132995832,0.062493347711800935,0.011208597852965642,0.008911258693572219,0.007352252113767493
-0.45610950667093403,0.10673009149254015,-0.08158812977973244,-0.011778538113723072,0.0053654641450991015,0.0495841946893649,-0.01159050281099459,-0.023610463334422935,0.004862804422388619,-0.0036092159637655346,0.0031466223441371705,0.013532208927978013,0.001749628880236141,-0.012544627316021219,0.0028967544297961627,-0.00761950886688619,-0.006053291266325294,-0.002524705572548585,0.0008495214644599969,-0.0021364739779277963,0.85089944428554,0.13334485908652577,0.0974545122084037,0.06994443534916979,0.06203021160226357,0.03982108499945319,0.05514119182771134,0.03484836761358903,0.02324568347929504,0.02080253315833571,0.02355624852547315,0.016287034263704987,0.016996136370805347,0.02657505872086684,0.013171941118009248,0.020662771372243812,0.013337309003915991,0.017751657169097653,0.013356117910124718,0.012018190317450866
-0.5422145704439421,0.019064451860119416,0.08728595878359904,-0.19648061820936655,-0.049984621421182346,-0.06028802939491363,-0.08508958363369239,-0.14822751735584794,-0.13578497360464675,-0.02402611794064565,0.04689399013814959,-0.07142515922189296,0.03308633852744359,0.009647019953407669,0.029027089404300363,-0.015403931494977045,0.038453373088005435,0.003976129572966905,0.005670045673898576,0.02038793881679503,0.7178061787071315,0.14270816388707416,0.1069678461792865,0.14084348869017757,0.06754787456776647,0.053416159200259605,0.05107372332208817,0.08129395098083417,0.06855026810248804,0.025981531182157656,0.027990663688275873,0.03103762574383215,0.023115198664906363,0.01951202323932023,0.016932429944681266,0.019664229025640995,0.018035856276676813,0.017610257875039333,0.02022990061894701,0.016392690340354586
-0.599716569721495,-0.030486709211637705,-0.05107205423017148,-0.09424402712826353,-0.03803422525127357,-0.011260447397198003,0.0034527746068623924,-0.04257041768777549,-0.028403290369481048,-0.027322274031191415,0.0037163160821502427,-0.007301432079069226,-0.005705414515263262,-0.008657986395234369,-0.003194691289013957,-0.01839016280322402,-0.012572037901995459,0.0036042079383567464,0.002660275871605601,-0.0067743497323671485,0.7771545301272662,0.05874601259483555,0.04215085742203234,0.06812769221966884,0.04399765866494838,0.022806658688737134,0.014216814304531365,0.04285420709912157,0.02210853081789038,0.01750878954245875,0.008093430209295123,0.015170763771098583,0.028612680361574806,0.02278602080508895,0.01900800224634183,0.023609233146287822,0.008870929859185474,0.01299786641415039,0.011145508790592349,0.013042742894991705
0.06782961645684206,0.02848224552547241,0.061115556857397946,-0.3920314195219838,-0.17057293702625553,0.19212720897615143,0.016567542831338416,-0.020730080612699753,-0.017243290099862828,0.025794787838943983,0.0006766753265163497,-0.0029599531280468604,-0.03593725387128991,0.020617008088971166,-0.0866788992612849,0.009799774805042563,-0.06275812199099438,0.07535244673737387,-0.03489115782765822,-0.011774573501305506,0.7715202624066814,0.08534122940227636,0.0874842021378586,0.2776206557775337,0.13251500255459409,0.11696546894683693,0.05069326027226797,0.04219495814307989,0.041908669581514825,0.10778211782413029,0.016776317397076558,0.048170357338307906,0.04473223377944134,0.025366255797460525,0.05024303255166782,0.021112081335516463,0.03450236045623461,0.04764057394399629,0.023373840207568223,0.027218712008955297
0.6018962872742117,0.06671390270076973,0.021613657298121983,-0.08077752970185395,-0.07001754558531922,0.009561132838273433,-0.1154759747530609,-0.012468269745878205,-0.035636821619716014,0.09740998740011694,0.11469758522077918,-0.1736903025284067,-0.1565612428166362,-0.1444201173620835,-0.06211482001999227,-0.04767847779705472,-0.025189385894673202,-0.051319694767631964,0.022332772068334953,0.062159064203891584,0.668753441142258,0.18217594151281033,0.020769893085945505,0.027182108913296192,0.026220682786964936,0.023924637350364326,0.03499316066353871,0.012367054569109567,0.01990360789015539,0.02592703741389213,0.033239181404026395,0.055680768246932556,0.052887225150280666,0.03984689976242535,0.013716363536301951,0.010281991136598886,0.010651746002448972,0.01074679097565198,0.005264123067441539,0.01203308355207203
-0.5121336776990691,-0.0906021765923698,-0.06170363344469297,-0.024419972272197644,0.024026346701477675,0.0035341423034447213,0.009357315455887784,0.014379071378140275,0.0007162565385501943,0.007378618053997704,-0.005654084205215688,-0.0011938331803693948,-0.0008272834657815149,-0.0024381835206475112,-3.446831402820165e-05,8.137953466156186e-05,-5.48457652947082e-05,-1.935623725117294e-05,-3.610894572351264e-06,-1.4571826044698948e-05,0.8466139095964929,0.07326079267146464,0.03650694327375599,0.01511498804929717,0.013423064288179454,0.008303716703094249,0.00943178375332195,0.007294279216697713,0.0029693567257704505,0.004034100451326696,0.002700822699510933,0.0031682623054540525,0.0018799933342534278,0.0024996460785301276,0.00044294429549114275,0.0003996430392288977,0.00032834168980747303,0.0002725288128829675,0.00025252528247727906,0.00016032425403636648
-0.5426581742721217,0.06115984696181629,0.029142030880639446,-0.005497725437175227,0.0028595300540865225,0.0005053446908101474,-0.006164002241199831,-0.00023289327301528867,0.004589969288974395,0.001279523191567476,0.0035392027697784597,-0.00030162273270843785,0.0005418367160060206,-7.747340273081612e-06,2.03705177236819e-05,8.77843373441454e-06,5.641469910619046e-06,-1.2892041574179977e-06,-4.279658341955457e-06,-1.7976485806571326e-06,0.8281986373740995,0.10063388583388404,0.029187116417869165,0.024672789987044728,0.009786442997333826,0.015241107108402187,0.04391495165783789,0.013277595865786314,0.027843585081288424,0.006004123442514656,0.006969148615847894,0.0034075922971279517,0.0038400289655814357,0.0001582309751630428,0.00014673118438450274,0.000100043768328853,8.533572812033561e-05,7.675988036199115e-05,6.574550792746398e-05,5.960057927978523e-05
-0.1275132978366082,-0.15236326102684855,-0.12161448701929545,-0.11105228532797987,-0.014575059348988579,-0.0014125684387248682,0.00450502335804552,-0.0021312576283540417,-0.0024486288306700896,-0.0081893469014656,-0.008182189812091354,0.005874251127334071,0.031072397591926353,-0.019070076826248904,0.019998189913063708,0.0017737623812495358,-0.004597796960356948,-0.009058632417257951,-0.020511111347385542,-0.0006211305934968205,0.7245776996782718,0.4322986684334739,0.32902719848170475,0.19284310281806194,0.12157443257037176,0.13535281042414157,0.09199349919058453,0.07455170780222564,0.05622356827098252,0.06393210322295251,0.060820317372088484,0.042862132563730004,0.0630070712527775,0.04584502512751317,0.04107765522501017,0.03914936850498308,0.033330029175128374,0.03452396982806866,0.02607756918025235,0.0347814718170605
-0.039932309960106716,-0.3171239403260524,-0.046478337403207746,-0.07565560594663127,-0.013514274687918755,-0.15163411857822687,-0.0011896104144970524,-0.02850625564837121,0.12278113272428996,-0.03667003292811068,-0.09374733855208736,-0.07166011680209952,0.016218385545717688,-0.051844783503137155,0.03848346384600729,-0.007964231955764192,0.025871021570214474,0.00042604337343879993,-0.022710324230739556,-0.00796161795997827,0.6578550101221535,0.5392660806484102,0.14281156573133397,0.0832240104246219,0.17306622285336354,0.08947783284341462,0.08384679791073216,0.06477073766681225,0.11254524533724039,0.04276131199636461,0.06666842265407061,0.06572577181157335,0.03970093663782542,0.045069162620706156,0.03204229337228605,0.02041281116860561,0.023238650769950683,0.021261371740511396,0.017958467078872883,0.01286580171924138
-0.44134472419339144,-0.06818241079754525,0.008783660928073594,0.04279063773250265,0.021604074515382078,-0.0025592433620098714,-0.028182529597094736,0.01997898078804633,-0.038449063512313794,-0.011320001739606502,-0.010135010418129087,0.0029463728380058627,0.008578919831347719,-0.003394305632784262,0.02391967241068328,-0.01177543126837777,0.006771548416185892,0.019048938229999375,0.01408626524877595,0.0032636004003349407,0.6628488524118649,0.237981284004205,0.21477765608542543,0.30049682737518824,0.3225623873559674,0.0690057956962447,0.10216617046370705,0.09096152176895174,0.10402836813811786,0.042124627227814,0.060572753961015205,0.05034607628560278,0.057638718950658474,0.0487341743944183,0.044089480417523544,0.029040517669176227,0.03597583876361038,0.044778796273424674,0.04407823333696976,0.037160102218665086
-0.26943168272678253,0.04229031650238815,-0.06299793864475053,-0.018784173623308992,-0.005034184157576379,-0.021539619309774813,-0.010348282355051818,-0.009428650166064378,0.025395651821447787,0.0044519611214264,0.004018901880799432,-0.0022387895886203917,-0.026512821483327495,-0.006456353382549024,-0.011563465853792544,0.004975435089374939,-0.005155944044438655,-0.0017773513719051546,0.007077188503579721,0.007865339675045501,0.8205729910044438,0.2917662173513767,0.20909761437316965,0.19810754067251365,0.12890865958330713,0.09952056630858172,0.09012317289092324,0.09177788097515416,0.09602837955914736,0.060721410121581665,0.045500290015798944,0.0643216590693828,0.05256351218864826,0.051618304223004244,0.043538605692286965,0.03164717096099432,0.046290710369493095,0.039168469275542246,0.04117215907663086,0.0395555990268862
-0.03897734497034339,-0.2951519397573088,0.10081096325057942,0.12346083449614265,0.018661384685078497,-0.027717435109058997,0.002105819789738819,-0.015545943113653425,0.007336495029869952,-0.08147861954650565,-0.036772884493279444,-0.008130268063113453,0.01425228888796797,0.010270881324727211,-0.017430624512919643,0.030182562851432712,0.003941567213014816,-0.03390182882514176,-0.006548198156464199,-0.006281641315180489,0.6913664695259777,0.2303252912303376,0.3986617380120584,0.16297042241400103,0.14125313115909033,0.1902978980403006,0.13343803510087546,0.12979415675545874,0.11869979980937721,0.13624653733632372,0.07604552894608686,0.09588351671762928,0.035390857713806186,0.07162065879814286,0.05793642681918175,0.052541063876300316,0.029212194999069865,0.050831660813517164,0.03839121219182405,0.036482649944355
-0.22633489893268036,0.014711780430210842,0.09688580009042438,-0.033010473326809564,-0.05231570723287485,-0.05094419022776106,0.022282906472644883,0.024393344085017334,-0.020403635021218194,0.0018203392513215706,0.00807908892678988,0.011366431580338735,-0.00462859734122004,-0.005160275171654461,-0.0013008180765238177,-0.04352468675560966,0.01250310493137158,-0.0014443195101927326,0.003715380177263567,0.0013424541382061276,0.7183280898804774,0.4556772922349839,0.28366115098912337,0.18393681170041318,0.14443379573088547,0.16053599174054256,0.10800227392876359,0.06126608233860337,0.06303868485212968,0.06149743100529117,0.056139138103174314,0.05887955483590562,0.03967082597445963,0.045563753582063674,0.0449556470953606,0.05398369852866918,0.05014883961469777,0.026664660471786023,0.041405647271632165,0.03224045985429127
-0.6235733837992284,0.027253010222247284,-0.03058026013079831,0.20338037786522123,0.045433017592469795,-0.09154274548654733,-0.03234472504336898,0.02846324682048579,0.02326603768177471,0.07443617328738164,0.040508212184844176,-0.09017413417570365,-0.035787414396684536,0.020030407359936775,-0.1559221115556435,0.014465615384977384,0.009532001722811401,-0.09470780974594441,-0.07717239266033207,-0.03404695532145131,0.6823511874279524,0.05345160931720217,0.0378759877040719,0.10475378261237611,0.03528447410427658,0.03685040925612846,0.02445819809012786,0.024322647431491998,0.021932319692322094,0.02812097180303064,0.01914293641865873,0.034274884623227794,0.01762139551266569,0.033767782672211095,0.0688446170469536,0.013368144838683396,0.015533161946419273,0.0409918201380992,0.03751305999656285,0.02024610870467465
-0.5435527656553275,-0.23284011618091666,-0.07149964301262177,-0.009902728301533943,0.008494549368808684,-0.03241834004950069,-0.02541219729781716,-0.03272866424388219,-0.021006997800205162,0.022773573133298006,-0.030814881415472707,-0.009338271995621195,-0.008628805733943814,0.012431099668289843,0.013110489707184104,-0.02321312636432538,-0.0004148477655806512,-0.010772581171966073,-0.004710769425604973,-0.0013171906556599913,0.7674726749726586,0.19603461720927662,0.0662938311964185,0.022711909430391173,0.03332651733026616,0.02270803822257117,0.03295235972716702,0.023731100934984026,0.03023664437463264,0.026374464653694404,0.016671320222548986,0.020833467078562675,0.01280511395326558,0.012416146177472179,0.01715447584344759,0.013024718115694774,0.01015306433614891,0.013347015130840446,0.01094707626866873,0.00860995689379603
-0.6024582770066051,-0.0865066460774018,-0.14490506735842326,0.10924695761673842,0.015519676952494548,0.022081682227817312,0.010305902544388025,-0.11465843925159121,0.029029139457495603,0.023285636442957117,0.05248277006613413,-0.017509179524671046,0.018914072308257753,0.050575976424114925,-0.00943592911151338,0.022127383413281354,-0.010147879170140147,0.024257881427018995,-0.010929585230523743,0.007633100953497407,0.7337639425117702,0.07034704707217594,0.09945368037400368,0.07133902106400998,0.05237042686317652,0.047963978050992825,0.03627820118301654,0.055970724922676435,0.04854370519824707,0.0185330798929114,0.023935745036786686,0.026631736192318265,0.01688563958791335,0.023438348180668887,0.022637291105244428,0.013921004731437826,0.010271324471439287,0.011117959355729843,0.012938286547415195,0.009364724469536106
-0.5560893991168009,-0.22316400471196232,-0.04004710895872563,0.05827821617673761,0.016929648737006517,-0.03156331201416023,-0.05751567968980178,0.0010930099460426288,-0.004652187074262326,0.006725700943653509,0.003822594055812253,-0.0012690669707285495,0.002926626813902149,-0.007094823050965105,0.0024926805840235736,-0.0032124051111598,-0.004248071646725458,0.0022263269578197673,0.0016255662498648592,-3.52911729302505e-05,0.7486981393767362,0.15301861854728713,0.17958118637887935,0.06114172214333075,0.03627332089575516,0.053080574493460944,0.05891724936439021,0.03171184388968901,0.017339802346432873,0.009731271645894112,0.01331299868426537,0.031890798696243804,0.00849033242498383,0.008992132062029715,0.020313554155568528,0.007778913896046324,0.005874386740931769,0.010817239692650853,0.009943455997754053,0.012585176738748552
