-0.3068018228654365,-0.4055164399971853,-0.035444754712693004,-0.034784386073859655,-0.08650323787819697,-0.1931440372219078,0.03344430132591093,-0.021619690997247875,-0.030207086170642557,-0.04099696841499605,-0.0861543701046668,0.0018957839749268388,0.027841177990888658,-0.005277645532239226,-0.02954308461772685,-0.0177945707573968,-0.016092681894850143,0.013699310775523825,0.014621667556774095,-0.01910093428112722,0.5832351323055365,0.3401467598529918,0.0984165907269332,0.19169053022688592,0.1901535525831846,0.20419666409057421,0.19697642415365635,0.09875320412299708,0.06715112292129094,0.08815495746043019,0.08576741589103769,0.044233811459196644,0.0395140274848256,0.07339779693332102,0.07621804718217395,0.05148224011239369,0.06064487783608566,0.07170949890163066,0.03875920117773728,0.05939568909267472
0.14221086885829742,-0.10242057686354251,-0.656114996441071,-0.004530713700544453,-0.07850201697697166,0.11741802827841308,-0.24001468551876468,0.0013545133801855416,-0.16354026964938065,-0.0401367270128318,-0.06763874643162178,0.13010454587271492,0.13184092975620854,-0.011457006667345322,-0.19998800549083726,0.009175088676256033,0.022940377319089163,-0.03588118170927291,0.0008564069281713862,0.014342469064914336,0.11029737124676825,0.04970763561642387,0.5292343063722871,0.038118459741757184,0.07864926865907879,0.03551111452688568,0.09758718914525433,0.05668846600657397,0.09510621139518577,0.043881685582170545,0.02864161073166387,0.062360308623833904,0.09580436646017873,0.03910119308883051,0.08315340766802859,0.019398904580970492,0.012087127023845205,0.0382518164836552,0.00787790689729114,0.006117108173278462
-0.6303990159015321,-0.1077839644455448,-0.11535763841132313,-0.23636142181137773,-0.1525854168204978,-0.150782529163969,-0.044064469430485254,-0.14688741463013014,0.008943040851075914,-0.003732806210334088,-0.11263839563491376,-0.03650472616290887,-0.04568626168978251,0.0005307016723138842,0.00359878906162482,-0.0007283241083151627,-0.0018672441292175608,-0.00011156832731667394,8.942970143651814e-06,-4.292165844588762e-05,0.6083766849906775,0.14152352282766398,0.06721457072936937,0.12604784221537277,0.06075625268136346,0.07475335854826405,0.029736144417560232,0.07976337101704968,0.03176349584924459,0.0270918996988474,0.02663226681966615,0.01031374261754222,0.07577019771397649,0.020255334294311016,0.012472194124230297,0.008554676837539028,0.005171289172182273,0.0014880198892297351,0.0009694113763796947,0.0007440315335047272
-0.5483097320683133,-0.08187716542012892,-0.4260383798278115,0.0035036085938616487,-0.07219947736770371,-0.05136341272963301,-0.2393484689317215,-0.030309667531999276,-0.12537153900806583,-0.0338958647095853,-0.0007083282854888002,-0.006215788772070137,-0.01665078833986477,-0.008130932213975072,-0.004560578303365995,0.0025078910012925532,0.003369525685443873,-2.759023618575679e-05,-2.9744702829395718e-05,1.9073598906214388e-05,0.4570190136853652,0.09544491484353948,0.4137389671596116,0.05495921167799701,0.06769210400522566,0.031809179117556305,0.13925942954675957,0.03528244266978737,0.05916109313623296,0.025664852664803933,0.050725355449194785,0.00673283670539463,0.04251229569389097,0.020905171483539403,0.011166723541545695,0.009191858516758541,0.012080076276350934,0.0008115647043376556,0.0005731954228716001,0.0004332456867979996
-0.11751768769457839,-0.12673363438003896,-0.08470411956742799,-0.10605659051631823,-0.030815610700879997,0.025369111323008498,0.08213948937416896,0.006567670817158404,0.03896665841740667,-0.015580654346812394,-0.0316115127899288,-0.01572740205714799,-0.08203075539002591,0.04425542722120563,0.045102542296032076,0.020490734851644203,-0.03766361350702516,-0.02936074747976199,-0.017235089148412815,0.0009146470268841325,0.7512415793191837,0.5897683805624192,0.0594471163177709,0.08429697122677288,0.009452312800291556,0.0110903921824901,0.030367106635248057,0.008290292436877587,0.019606027396835684,0.006515383161558639,0.01635691249043796,0.007515977066672698,0.035981059342153135,0.011946535572062461,0.011137924742325252,0.009059909992757582,0.008586876184506934,0.008105634640779888,0.004334612326400804,0.0027858307467283246
0.13467805450922493,-0.20719726782673534,-0.10761930786024936,-0.014365333534920085,-0.16118714711996074,-0.030698416966693308,-0.039917957003761474,0.06340546403398953,-0.012209103525363856,0.057923432823223216,-0.0026474709138490696,-0.09630752987325937,-0.0008235215657514198,-0.03929217232432898,0.005382431016247927,0.0013376076716940834,-0.009060803223544625,0.009635868108444077,0.008416974112528244,-0.0016471886613095034,0.7721710659327005,0.5057602654635555,0.06091377184428479,0.04882099151051379,0.09810392512128559,0.04578943427360687,0.03234107695203078,0.04994170685289999,0.030271080276538416,0.037233348181544806,0.01219638872167115,0.05449291895234701,0.014505050077931559,0.02513699081951697,0.0123570617626652,0.005045783608052392,0.010458847707069757,0.005006588993139217,0.004384232884601434,0.0018862669507008828
-0.5202779823528133,-0.007732382316632308,0.017310514918160855,0.039378811558215876,0.0033548776603880247,0.00039928357071716483,-0.0017594288123804892,-0.001639805729616123,-4.071635290343383e-06,-1.5549365527787407e-05,-9.29445232250744e-06,6.744908166113702e-06,4.932841855272415e-06,-9.291129970764179e-06,8.399870716111823e-06,-7.267693542297304e-06,-4.502683024900153e-06,-4.372268743379425e-07,7.513241398188899e-07,5.816526998589039e-07,0.8490866145295207,0.05106035260345742,0.03708601278504789,0.03886143527596901,0.020271897680588763,0.016602088222287578,0.012407603961380857,0.008168507822508976,0.005931808810397168,0.00026339763199760617,0.0002420136070584854,0.00020225922056528364,0.00016421216232950485,0.00012642137388990551,7.889254180485936e-05,5.8844974983518346e-05,4.3334720100526546e-05,3.505908516542158e-05,2.907039595763935e-05,2.4163217143441536e-05
-0.5388728492581043,-0.050829035782998515,-0.00464886785391974,0.023868805688299105,-0.01108690891713883,0.01260741911660406,-0.024401463986217363,-0.020895177225509726,0.005037409663794522,-0.016046236444175258,1.4470562430112461e-05,-2.475396907197912e-05,-1.9307974085454675e-05,4.8000430088735255e-06,1.8836365458120244e-06,1.0798853567860963e-05,-3.6533181556469605e-06,-5.458919647859274e-06,-8.119430024752621e-07,3.004885964421168e-06,0.8350314616031436,0.05828118335341066,0.04087428538633448,0.024544206271467722,0.01342549168665301,0.017321748275225774,0.024538212803852655,0.012391086954193843,0.011522583465645832,0.022976868444241547,0.0003272533935281913,0.00028548344228527904,0.0002500218122956937,0.00021410429132702732,0.00016947499648290265,8.4176119487295e-05,7.717847589649562e-05,6.362733346285822e-05,3.419746576847657e-05,3.224561835366116e-05
-0.02440914375074207,-0.03449744410290922,-0.0777646842481573,0.035612800399750934,-0.18415864483583871,-0.04774227982920675,-0.010093807790561354,-0.06265749725266181,-0.019111067813200426,-0.0755255462088695,0.027644340536295935,0.06397053165534851,-0.025444740478221102,-0.045781487699625485,0.0335662838946389,-0.005827556966022144,-0.06113743797998804,-0.02278184014849413,-0.0240044108287803,-0.06728264935065577,0.8158442915170989,0.18361313476168406,0.26811842769430894,0.19351620643007553,0.2524105374641225,0.12769878846887797,0.07274834905042876,0.0689752027766431,0.06372162446591072,0.07251164340140248,0.05161960372480885,0.06982126514605692,0.05496604096257529,0.03595215600030457,0.037487606758554434,0.03610108888127676,0.033371547646654856,0.03414293499723128,0.011307844195012545,0.03846819123002029
-0.11525373785509149,-0.632719550077877,-0.36875755430848833,-0.0247299625889936,-0.001525151638529456,-0.09081961955640361,-0.0754149338175946,-0.002276876039348445,0.00034140037877183964,8.775700216093288e-05,-0.00010292014528293158,0.00011182336355198572,-0.00018988480766990868,6.49585649151351e-07,-0.00010016297106933022,-6.173071028944336e-05,5.821828612102749e-05,-5.879379254507159e-05,4.950696421988686e-05,-1.2746320669207768e-05,0.08773781024770709,0.6032790160650993,0.2442844094942239,0.0233758737922222,0.01850734253939429,0.03877329108630342,0.04016351185858949,0.020229721837961193,0.008855201281844052,0.004195802414396858,0.0023518063145709575,0.002037773302274912,0.00173962559433592,0.00124965670986096,0.0009388968764645563,0.0007211784267302588,0.0005604437519013974,0.00047844150766765376,0.0003609497670247366,0.000325276425960979
-0.5256218243924462,0.05643309762061727,-0.05916894099150228,-0.05836321595334149,-0.24053806971793168,-0.017280544604233346,0.09712787027327671,-3.070194025347831e-05,-0.049718114369959876,0.02023466626239258,-0.10531944323036926,-0.06610660220972274,-0.04705418366104412,0.02425983733908075,-0.06110072137222391,-0.048810668000666545,-0.02992741130487649,0.03134489006344832,0.0008201387250240968,0.04759823881427018,0.5327608952408006,0.22360995556384597,0.16705605855039452,0.16332698119896344,0.24808900245409973,0.15989112325168914,0.15744692297294605,0.08795731907530067,0.124854054595854,0.09516351395340843,0.11996157712590051,0.09591573324842426,0.09016046306216623,0.0934249301473847,0.09147471202753446,0.10503403955655717,0.09193760122523015,0.08239632794065882,0.06324903072949643,0.05328904755812872
-0.31411445211124084,-0.07847292719020636,-0.037627970494518284,0.015958890143819394,-0.07754845944710854,-0.01872548682954966,0.06026239013010185,-0.06646086832237183,-0.040343884449381376,-0.01697917103886911,-0.026939054102072157,-0.07518854573156403,-0.0450884965486077,-0.005539737393998076,-0.02540613607632895,-0.04111475544282503,-0.027771283692175384,-0.04575963975040531,0.04835615791417887,-0.006213952084036484,0.7624249129701309,0.32799982119724,0.24644217479507943,0.16410701950779785,0.12230826423145394,0.11617686557121627,0.10272845178012943,0.10498415262602465,0.06623048857674589,0.06440668936797643,0.06769989430282286,0.07403310266355342,0.06223775517556791,0.04200927378868479,0.04136711863714922,0.053448634440011654,0.03714762808536531,0.043685315712312246,0.03843467977186567,0.031803850651844684
-0.5557510716082542,0.04879132490736313,-0.08302967876486401,0.005718655976837325,-0.0467497015972106,-0.03129166987954276,-0.013338379864333987,-0.07335571098250293,0.04313633969558645,-0.03175243970095846,-0.013986498032370547,0.01013633004059134,0.005610518857189766,-0.007380479222320912,-0.023891798299516823,-0.03167542632375449,0.018301725782387993,0.008858384933188256,-0.012993608814068351,-0.011045185816634846,0.6247355957560353,0.19425530707723684,0.24121057432622722,0.288985180628716,0.14633811586719578,0.10609724386856585,0.1534269800966463,0.11440069005551104,0.0770324802326666,0.07559961119957909,0.05393948775261935,0.02791276212759815,0.05003995712749331,0.043821050599343984,0.04056028535624812,0.047791587454262145,0.0387677333662465,0.03369662128346359,0.04108498257916024,0.02317216407881426
-0.16191893866375912,-0.19468932779782458,-0.07100232423664943,-0.03164561509828205,0.009874321061638033,0.020614899311750368,-0.08751883175327571,-0.05019528049002221,-0.05809197801133362,-0.06276250526732703,-0.01617142935084101,-0.020072474990863783,-0.043503715587233184,-0.013975998395351654,-0.008146573970318764,0.001964129260582097,-0.02356300125890335,-0.004925377638034752,0.0070967473665501,0.0133641060509567,0.5832675570753727,0.4670947617553401,0.3792231457212104,0.22261328242165138,0.22098469564359438,0.18019634385814712,0.15823826605082453,0.131673572815129,0.07559271672726978,0.08598515490184325,0.06443206034924713,0.05311081298355277,0.05507027149127057,0.041026337477135584,0.0398000670890568,0.028136163466672758,0.047901483948362585,0.030602307937672903,0.04227422500436466,0.023912342283177474
-0.025249843816437585,-0.20561887734075102,-0.1308779831386998,0.02930022726615132,-0.05837001965217844,-0.027663584722153377,-0.026277659001267575,-0.0107609939854372,0.012130789174505198,-0.013422455533784025,-0.02535889104853495,0.03393977336321448,0.00011207199034005538,0.015271837349955736,0.01177369161231345,-0.015608094893351371,0.006756800405541284,-0.009347352581115123,-0.005326421467919843,0.014798168908030696,0.7773906489920605,0.45765308944029087,0.21391530249476082,0.13637505312339634,0.11239620071370165,0.0834582340071723,0.08757710556412009,0.07713821305665268,0.06991104915891895,0.06592882252439002,0.05044700130526095,0.05482965943066175,0.023363845627823284,0.03392114210384881,0.028798532562438712,0.024881774004474118,0.015591770122131879,0.024232666416332198,0.021244083680578164,0.02069503630460568
-0.32227778354851977,0.06646033716346755,0.018333036461239585,-0.13235238561347049,-0.1438967391769743,-0.015722037922973317,0.05009428227791417,0.021320713002212287,0.0030710532327406764,-0.025658303095335733,-0.05052422836363032,0.01426779810395223,-0.0347992204790499,-0.01134212267074042,-0.005306678159483141,-0.006165936599733228,-0.0031162878497954937,0.0026129465240968355,0.003518168489230339,-0.004012542513130342,0.7126596826789784,0.2894307073140123,0.2767127733922861,0.27704979580968936,0.20556434707315008,0.1273855311181252,0.11231123576687971,0.08234604138464756,0.07706643322447636,0.04668761990995693,0.05887597881883591,0.04813380810343854,0.057881615499213994,0.03519499637356602,0.029553364219859265,0.03403504603800062,0.020015734336765567,0.024207466287644412,0.022373731466508333,0.014328802704558786
-0.03429569918556417,-0.26624319287319514,-0.05040107045181222,-0.0712016987742759,-0.0705536295894013,0.025153430498775935,0.040762388908386814,0.030508318469619797,0.037606513336701015,0.03967302965289098,0.051286519132623165,0.007113393893286115,-0.011326501736123219,-0.005219720852274609,-0.0054766423215624515,0.050414188699356696,-0.015128769503837597,0.006839385809577203,-0.010957563857475561,0.006630081851139547,0.8001444662731791,0.29837030065464293,0.2362408400938748,0.21371820617924991,0.16589027857152766,0.08276348052611399,0.07436591303819325,0.10869204958836869,0.07423407216610656,0.051550798487384426,0.07317018789447555,0.032207620028566745,0.03965847502414002,0.02664984020606135,0.025685969386017568,0.036627600019768,0.025701043761564898,0.025630863585911035,0.018894347537261814,0.017793297515610203
-0.27688407503260004,-0.028914461552973343,-0.06084226034255142,0.10157031155052103,-0.034922334239009985,-0.07965192672696157,0.07654172498184753,-0.03873698980927715,-0.020214900612022857,0.054057266881802186,0.00144471104090979,-0.02169496077407223,0.024986293173013884,-0.047371618551547874,-0.0007129091063452608,0.009463881070900059,0.0003894920487772838,0.018590719339741147,0.01668223012346645,-0.020363499773522194,0.6242014615335278,0.455362927258376,0.3038726876014774,0.2840806745199482,0.19949190597826327,0.14721684421322306,0.13191110353301336,0.09662473989166417,0.07471649008396822,0.08443697286239177,0.04282948551370488,0.05963499131394647,0.04325105960441965,0.05474230268700169,0.03275149188503473,0.027915746331475918,0.023270545162959747,0.028357534761107896,0.02071578365955979,0.030494181652082408
0.4616365131013902,-0.030152777565758387,-0.24861674926215727,-0.19290345409078552,-0.010080729508229674,-0.1159338510897238,-0.013517844633882628,-0.08666996711203426,-0.08532224751083589,-0.13858221377566984,-0.025362630673359973,-0.04158122409185686,-0.011146321623581807,-0.040338564221957765,-0.02013262669583607,-0.006021909183060613,0.013038935866635605,0.005064989782469218,-0.008040104866116712,0.016704308644361645,0.7338889403541156,0.07422297048590872,0.1695514591852184,0.19700683331078161,0.09897532759801263,0.07081543084179417,0.029418371201892644,0.04835013690414402,0.03737831917807936,0.046768008895049756,0.015435210948502724,0.012090984670504923,0.006922389328065853,0.010204170017639567,0.015125435133199713,0.003546979223293206,0.005420200508525109,0.006159865433610024,0.002031691272872182,0.005005569706749037
-0.18676846025108976,-0.3970091867933887,0.18097195734378524,0.11679531572482028,-0.14616680157482842,-0.24046946669019806,-0.14829938562601325,-0.05834567263128387,-0.055947735929265226,0.0607851897296807,-0.05106792459370177,-0.07477255698392157,0.020208503798208287,-0.07364197703722633,-0.018824364561178954,-0.063274243956894,-0.008994555020004279,-0.03205717278177559,-0.09457936703234095,0.019739793623879082,0.45501981008954046,0.5602974230201859,0.2203658635483907,0.1018447583487337,0.06735684466014089,0.15039219520290764,0.06955093268198821,0.044875657299434664,0.030696405625412274,0.022742968479776252,0.024995992597610768,0.03010388973806074,0.015564900080546703,0.03019790233635864,0.02467159476733603,0.021111278798694823,0.01586689623086529,0.020150929773163656,0.030159485191113295,0.01352948694184314
0.1698118246285578,-0.2848223925599682,-0.4848753071680741,-0.22699108892016268,-0.04283269665194694,-0.12506722771648943,-0.03859859015287197,-0.05882784990309569,0.00846872863232791,-0.04397743400676104,0.01279797496765082,-0.011873147548930029,-0.04670333613953457,-0.03172871145178992,0.012444865043097256,-0.02063407986690608,0.010609703940129448,-0.011025733708004293,0.009192187063102007,-0.02007711045559381,0.4989937492740976,0.3308180343344958,0.4274142097531896,0.147073382680352,0.02869100424014868,0.06113838074325617,0.04209586552301283,0.047761638388259024,0.030510714372323892,0.017677556058461424,0.013306437599421926,0.02076689853123608,0.018149238621778276,0.008446889150474405,0.007904674416534673,0.011905044742611039,0.009884119256165743,0.009687419777097831,0.009615608538022924,0.008917931704932413
-0.08701438118413057,-0.13944384630094178,-0.0916407169162807,-0.1176588621382595,-0.04826164491153634,-0.015768961647085668,-0.048049694366932835,-0.013540978081380417,0.01657126051420239,-0.031440930693312,-0.01996853767214318,0.03307232537812266,0.0049705635042100165,0.0025233853895655707,-0.027064013914250656,-0.01263586655152239,1.1397567208863023e-05,0.006220647608212864,0.0016737530731145657,0.0077869481711135965,0.5410213833816949,0.3169052381000515,0.44332709014402627,0.34862531846338307,0.23087484160850832,0.21084160657319706,0.19566103957257563,0.15261526242755,0.11782068403749392,0.13538257713214058,0.08160646914845174,0.11801595111556357,0.07077053342166763,0.047361162842175765,0.06762832774113035,0.05069577311242829,0.03534922691023157,0.036761057113279254,0.028895303228662385,0.026815420319947308
0.1136745502434745,-0.008209362880230915,0.05942275865000613,-0.05289342001061471,0.04985074014883017,0.07546697085599961,-0.0018819392852253824,-0.006400948398862619,0.01071488759580605,-0.0012393277928288145,0.012938914038040612,0.012128120825689787,0.00874992501220785,0.007579248102508212,-0.0005099077151420245,-0.001556882847933737,0.00034837977866636604,-0.004408551308512356,-0.004782352042088499,-0.0012557550612756867,0.6719111749712677,0.39438078862947273,0.38362661701575923,0.2145683244481649,0.22629320387757249,0.1908707973679192,0.15229376355807459,0.1516800774282221,0.1094513435836391,0.10337325836721721,0.0733663083266262,0.04378162179630281,0.04597662616851704,0.04484496638840191,0.03298073588174883,0.02481720784397359,0.01988136075332324,0.02674508879687534,0.02208330715020434,0.02008370345143314
-0.42332225550391417,-0.08736256637631883,-0.011017437932866105,-0.04634020827031309,-0.028518647435003583,-0.03512290404754415,0.02634592091282567,0.05685698640672278,0.0060405780434754095,-0.02564133411009883,-0.00942502354816219,0.015811781887363537,0.007607549393791271,0.008637334190873395,0.0006465796133777604,0.006799416170163884,0.0013689260830497417,-0.004503990942392286,-0.001377428888431277,0.012370738836464688,0.617214318936755,0.426573479903494,0.11535765597015304,0.23228756062385322,0.10542033668609409,0.1973347636652198,0.1975885184592384,0.21001413688885875,0.12444840126944794,0.07070966554321634,0.0702862791849357,0.07941047073309832,0.030529490094525588,0.0337065921040575,0.04058104860226778,0.04126085120342908,0.03232112252978972,0.023462585055841135,0.0233406035289999,0.029302869817731843
-0.3326013589870454,0.0012972611339620382,-0.030994955677063615,-0.12464530604470218,0.03574093470936435,-0.03398720545104133,-0.023378705377622423,0.009745629729603203,-0.029343725914933824,-0.007574391727465647,0.01064759757710315,-0.04359991494362013,0.021911134132295233,0.019998653109922597,-0.012291573402461346,-0.007949052405341524,-0.00882197733820446,0.005761827417625727,0.007319561228209513,-0.01008626157645266,0.64641082646824,0.5382636059832641,0.2302348841429918,0.1360792920583213,0.11148966532821432,0.12125081825579045,0.1168964808860895,0.12278105225013279,0.06481634294156204,0.09881336806007535,0.06550311062115102,0.0746595098061754,0.044418453143327104,0.041605813749489975,0.03189335892655539,0.014828394370015702,0.029722832698511326,0.016944618020048,0.019108058503651323,0.01520764053362865
-0.2317842204703628,-0.29038758856338615,-0.017913580879458456,0.018152567084907693,-0.08404437999547804,0.013709649488156827,-0.03863623360907661,-0.012939555793196311,0.00836257186268519,-0.018369696789267517,0.010692280890936238,-0.03130486697852876,0.004522600537714331,0.005141052418335806,0.005864546009833629,-0.017490387840723386,0.01192786635475529,-0.0074557745233077306,0.010382058339910395,-0.013262240519150714,0.13624119879516133,0.6828112154889253,0.29556046554904053,0.27310616131581156,0.1626294084636964,0.2278943282835452,0.1725937615855367,0.17835239188767965,0.06724379192055396,0.1272157621428143,0.13007904529241515,0.08299573612403885,0.06517412254475705,0.07380210826039264,0.045363636279261335,0.04139344268328474,0.052044217953418646,0.037053149730733335,0.017703044147517683,0.03042220775935605
-0.3425502231707383,-0.24359823905936487,0.028050443880349676,-0.034266856121434694,0.024593504878877098,-0.02102419610354096,0.02139455367886498,-0.06341888242482187,-0.059650969350929894,0.05017272495540176,-0.026816827721525768,-0.0202900633464226,-0.03856366351717425,0.0012857581003403382,0.0012784500406842116,-0.02015463868573708,0.0011590691118807213,-0.014457747817684986,-0.007258159592810867,-0.006110849200883211,0.40360195331227644,0.6729816051260651,0.08904365563695332,0.26723152939663825,0.17952970022109574,0.17538668402085908,0.10850520769083427,0.05918103034471965,0.08743597896967964,0.07048902561484736,0.0831674489200982,0.06191789416927331,0.046704782220921975,0.05366404582922007,0.04346870703686413,0.024130527977285383,0.03769256106345732,0.019555293522187375,0.011073186067103924,0.01406026397586382
-0.32670594960573696,0.07327837402575678,-0.012490172384116748,-0.023740008820403738,-0.10379907204028717,-0.044554173063463424,-0.10007108820894564,0.05054557451534481,-0.020358020915470308,-0.02819624725941714,-0.0060995753459672,-0.0019393989882490728,-0.008721538840435408,0.015763545812045514,-0.021740204190467117,-0.005674311662087254,-0.0019091911530336255,0.03532926912340224,-0.011357261246307425,0.004096387232164246,0.712353080576127,0.4867279720329685,0.1264333665815506,0.08447259532258096,0.13689002846988513,0.10122268208160262,0.14565108745682967,0.10524960665445054,0.09497062039217805,0.04676351937964452,0.059219845453122304,0.048881460382819285,0.05072040226905327,0.04382055201119289,0.04349755787929534,0.04828305031806609,0.027331159004653008,0.038329277913262405,0.03321429371295644,0.021940687950458317
-0.3122141895910902,-0.04844482699753424,-0.07168176276922159,0.00013753518998423713,-0.08051461806261438,0.005407380972906958,0.02211422474834917,0.015148574911503261,-0.011498194654314814,-0.003030464958149935,0.028645023296907712,0.0051213295545466135,0.005542024635887823,0.016851538883072635,-0.0006089670626529646,-0.03304693167409854,-0.03067328526057404,0.009032749254718305,0.003436989443021295,0.02182792387596047,0.6624206646126967,0.4382109324391522,0.42607845219545115,0.0792429636488023,0.12690694429733404,0.07810463528556641,0.07641270648163898,0.08210768491442183,0.06761262931832698,0.05666581116575503,0.06199788748847698,0.053627805998285344,0.04532988229942142,0.057313205758082506,0.04495779677429832,0.052433849359753565,0.052452365555819995,0.029284429917296687,0.028248663697893243,0.037988027697221864
-0.18866563408796663,-0.0627277978050739,0.005962026370879395,-0.03344930666552392,0.03218633941152362,-0.005748699559694993,-0.048451793471754136,-0.05007876801886132,-0.08209074254508875,-0.014889660941043138,0.01148715688011397,-0.035280596142876534,-0.006684555041907794,5.659974805275539e-05,0.004683263944519655,-0.009765311437403711,-0.007324850396271176,-0.0032518191473238,-0.0013977153924277094,0.0018083534469668277,0.6440392683322118,0.45034698651603167,0.3700506830502506,0.2310307180375491,0.17346341516549976,0.14411682932052747,0.166281524974414,0.14102924902169545,0.11923075343318483,0.0783408646605776,0.05391660467469104,0.09132830229326697,0.03963173895528441,0.04475999484790264,0.027172323892861762,0.029541129274117704,0.024952198220118484,0.01834293634366607,0.023648167493417988,0.014444866504087222
0.029926806280848366,-0.17264666413840205,-0.009643635342807887,-0.013078569051641509,-0.004090335986785727,-0.059599652440996465,-0.022863089088442437,0.03285289180925403,-0.006041307929974322,0.02428479775596915,-0.020173118635831006,-0.015844136437743805,-0.01801509420643108,0.008050378948092246,-0.009697037971429994,-0.013009883318477466,-0.007531182723207146,-0.0004230167915194347,-0.006031966440720115,0.010188773750371471,0.8537450016840157,0.37782954742768193,0.1980846926633146,0.1256304675230675,0.10394106914498055,0.08332965000189937,0.05260273286980228,0.055849615544558764,0.05675622127971358,0.0459632412674547,0.045229816130684955,0.032280509729022785,0.02944266426902296,0.02165666058692299,0.018496593645523127,0.01911562516837525,0.01967735113641354,0.014631063445622462,0.011306542621835305,0.015632603372598298
-0.1991395059939913,0.04967674843140152,-0.18016934341678442,0.10817617982669778,0.004336489818378724,-0.12460655071140651,0.0593153924878655,-0.07944436050789452,0.07813837931338138,-0.009715013806951627,-0.13108664391839234,-0.09580529025668234,-0.07174122286647389,-0.12547831494303097,-0.06229020264500569,0.02991838806308449,0.06734773050230666,0.05811789240914673,-0.00394111587455775,-0.06744449599891883,0.18171029145436798,0.5838109932607379,0.3087164400352302,0.27117525290858363,0.2973794092176037,0.1336941628153095,0.10397113534862125,0.14697944495353657,0.14053615233617509,0.08684551076095788,0.07146124069125177,0.1297482712343966,0.1122597560404305,0.12148705749211552,0.09658508791819777,0.09340621239626444,0.10556064190847343,0.0909667028056855,0.09031474504255481,0.11827808128704553
-0.18344963078213705,-0.3384869916667925,0.14317378589502724,-0.05603402127209615,0.03990126630453553,0.05113054437937403,-0.11136772556438619,-0.0025635331648340585,-0.03633957498428606,2.581421064493826e-05,-0.04234237639194113,-0.027377956716083656,0.03775492193692252,0.021915982656814912,0.010221104519648189,0.04267569039346362,-0.0038471829155652284,-0.07261088942410591,-0.038499299552221554,-0.016283897787344494,0.14196478240176263,0.6135336870736036,0.4722771505549803,0.2618230935047724,0.17934971769859762,0.14275532184221446,0.16032411331004695,0.08645049074154312,0.07108721840863214,0.05153788338410562,0.044113983045008964,0.03991413879947336,0.05654812730476633,0.03963777907779295,0.031199763341397204,0.039769190943944016,0.027208902563836835,0.043045348938590494,0.036893045824003635,0.019107228736114035
-0.33522563881315315,0.04063107749956532,-0.031017935256389434,0.03209817729820221,-0.04044543537748032,0.03828099685587094,-0.004573922433759532,-0.006401380137244057,-0.04192530745807236,0.013070931316002706,0.005658012157226218,-0.01584560579077126,0.0028624666070899522,0.0005451009757291218,-0.0009531922605438765,0.002283238774310854,-0.00037872104043755445,0.0029641325651782006,-0.0036573996030395046,0.0036805912097276385,0.9341045652403382,0.03710422286595416,0.03196412817329889,0.026912271019971262,0.03442833384103176,0.023492428441058113,0.004908147883087349,0.0046659974491077335,0.028014289206954607,0.006425522942371519,0.004511006915813257,0.010630659049090566,0.0033021218501553826,0.002492123309909755,0.0048697062266899694,0.004548342048741203,0.004020908066391908,0.003470115074928439,0.0027746876079338015,0.006418446291391
-0.5061648585640738,-0.0341758233514075,-0.08668513907520387,-0.18031772868780915,0.10423269636867767,0.09573911889032513,-0.0354731997591929,0.04901387154213415,-0.002812865076458062,-0.027062418562826204,0.025149651851215975,-0.010397210345099422,0.012813841321203527,0.011788484139018944,-0.02680674949138836,0.020732226592121865,0.028631716362458304,0.022238908584192602,-0.025156828760404395,-0.00781629398465271,0.4609292730462236,0.2148097697742272,0.5246419939802404,0.17255949239729204,0.2014518192648455,0.1648003323253073,0.06716022174554591,0.10613120617092411,0.043464323107238495,0.05295497775623343,0.06101877515572339,0.07359525834972803,0.03917996064088273,0.035977055059113285,0.04172905072011108,0.057513383834849274,0.04297428971926509,0.02569423203655138,0.04683709936318341,0.020369814795753068
-0.5069002454140652,0.01602199041126005,-0.03292408952749128,-0.14764817487346424,0.10704185780041951,-0.02591534527410766,-0.0072020528449987554,-0.001894189900720997,-0.02896392787644508,-0.040914867337510215,-0.027807466095589903,0.01640125713430695,0.0003304104005383688,0.023747895007221815,0.0029369001011024607,-0.011199788720426656,-0.010305700763444347,-0.0038825224748455294,0.002250905046956539,0.00275864476813343,0.7359380071256317,0.22461220746634852,0.12378333475278688,0.19142392620741552,0.115219444724312,0.10642290996588837,0.048471471721406055,0.09422518361723474,0.08188625663476114,0.05949069734564847,0.07695892037885624,0.06241606982453065,0.01868982619025192,0.033365828105873054,0.030651043396415212,0.012939460106129062,0.02428743460166937,0.009806476954331587,0.009558208674072505,0.00890211248271427
-0.12794649451171022,-0.17887526603987458,-0.04412700526454872,0.00987607075684104,0.012191846673328729,0.005686155421410509,-0.014508243887111388,0.0008827954621222947,-0.01067093173866223,0.0031993479126528664,0.002527666643925019,0.002893034441474943,-0.0010819466245564513,0.0017145304836014928,0.003579747960877709,0.0003348518657270695,0.0029684305338356595,0.0014480009759128016,0.0008801566607249593,0.000936229753081179,0.6698233706993592,0.4423938772834111,0.3556882433190672,0.21862348316957986,0.22704779241300366,0.18175377875246232,0.17912214594664724,0.07152761963557619,0.05587228066445027,0.03493857789514564,0.02416409476566634,0.026888112860351095,0.02776290616153778,0.02683083209630628,0.01918409927681788,0.01735562265358535,0.017022099987253018,0.012504940909206345,0.012738965613730125,0.011754232474630777
0.007356360813729663,-0.015669184351527584,-0.03377015669927146,0.0005757058023240825,-0.020447472268798974,0.0369374146482351,-0.01598232594227977,0.02690979077784994,-0.005939346788668196,-0.01123059281846254,0.003432643349384529,-0.010834065877986418,-0.00037349678166471176,0.006106347563493549,0.00042563637179336467,0.0030512419330966413,-0.0029231777491715637,0.0004140847812604628,-0.0010082562676532701,-0.002726995459803312,0.8117219947170217,0.4949272266939723,0.21143595730922488,0.13890397427180928,0.11326504710524184,0.07329260988956936,0.06325636199192684,0.045228450589849346,0.02963118615715201,0.026071826258140442,0.0207139292425121,0.018058150576212458,0.01253976204702923,0.014767563003797925,0.013726715513189644,0.012057204600793498,0.009785345932007163,0.009081849555571847,0.008837670885061447,0.008470333113114235
-0.19616180319381127,-0.03730804031279423,-0.06546427721259952,-0.07024332148169903,-0.06874685841116096,-0.026386001442652927,-0.016984910866784268,-0.02947914977652676,0.0005279747724753462,-0.008333388173541605,-0.005171659155863681,-0.0028154216712835017,-0.009364634605319593,0.008254551226781214,0.010750316251344573,0.005159463139373423,-0.0017207768361599113,-0.001721191336673825,0.0002838858254709159,-5.323826491264475e-05,0.8572574720040973,0.2758021542257882,0.2601458867592264,0.16850892383630317,0.12105754567214094,0.09582487494883431,0.06237420480210373,0.047526346986891614,0.037186700032660544,0.036505216073818854,0.025746235944625388,0.02133675113916008,0.023419656588246074,0.02585340536899239,0.02540112773261178,0.01948445418566193,0.015910629306811433,0.01242712864857816,0.016432151571292575,0.01235953572683531
-0.5599741918030524,-0.04723940014545975,-0.05061978717093451,0.0560233823971839,-0.03983596474227545,-0.015509464842098825,-0.02101706604962832,-0.0070274212640477,-0.01773334757120003,-0.002062999603053523,0.010515480655286073,0.012385661707024103,-0.011707959271062763,0.0024609238447297604,-0.0013793314274292482,-0.011729600819371149,0.009852757478677768,0.001963203377781237,-0.012019166831066842,0.004972730420048249,0.75589114694339,0.2444153269594481,0.10410481506798443,0.14690149437852995,0.053708317201867806,0.021776420939642563,0.035624084132914596,0.031541194202372724,0.034778828124298486,0.04397436900547459,0.020423482131005564,0.01211324186059676,0.024493444750152624,0.01687462717035719,0.013946440563281422,0.015893799389887556,0.024111216718043428,0.009355420843505638,0.010520352620338432,0.008543832050000434
-0.1069063060321562,0.04907543898302314,0.05510708974076035,-0.11111370635890663,-0.014534604909313716,-0.018429674812639,-0.06308307004829361,-0.006982471358991344,-0.008825489695882241,-0.01223810070757545,-0.005855203330397826,-0.0029467406520463065,-0.04599337070669875,-0.002874678203367588,0.0025663704173310856,-0.002987856252724374,-0.01122056565948766,0.010991909585857234,-0.013775224224852818,-0.010640177301103492,0.845259575325034,0.16782004221353425,0.3716916446201776,0.13604531965565964,0.1337721148681307,0.10103703981434822,0.0934200596939261,0.05803145372793155,0.09364015572800534,0.05990100121228598,0.050447926548779685,0.039560139257428115,0.04424516266508823,0.03097990518433079,0.025592962129818347,0.031721118650039654,0.02914168024506538,0.03099512533037433,0.023425053878814325,0.018663746321384057
-0.7262045389132147,-0.1332924624896406,0.005544739992166962,-0.007778228967306221,-0.023699330073041903,-0.009755618173314001,-0.02347754143953476,-0.024584998834439275,0.003977623251392687,0.011382829363065746,0.01134113293219992,0.0020965981764431408,-0.0008073498069575453,0.0021067155939923326,-0.00804414605900398,0.0036292021377197134,0.003135939563688672,-0.005014549894797199,0.014028092977075813,0.01754379502402621,0.4721929937158877,0.2776276348464751,0.2459895184343844,0.24767216998566796,0.0799071811750268,0.09013112560890214,0.05913856822758895,0.058439510460623616,0.04695634265631683,0.034148724098556585,0.03268961846692436,0.025612796135035677,0.025079475964113897,0.022789062630191644,0.015762139713193152,0.022356598565866595,0.02041527111413303,0.01978295152956346,0.02420724998609287,0.018763916726862166
-0.39339363806243977,-0.019647431748682297,0.01741168760619304,0.07648355095972058,-0.027348056753718483,-0.00042006658249607815,-0.011346274567395304,0.001187103488261469,-0.0006290718437676461,0.002639696022700193,0.015234396309533185,0.008053039484123323,0.0024382242755263935,0.003484687021037925,-0.0046744938803651975,-0.0015659410072283552,-0.0032247161951987798,0.00026515499022934506,-0.013196640551887007,0.002827777924833728,0.8872758354281854,0.11101495641160398,0.07526251806443011,0.1594092222977825,0.05380253782699563,0.02111295305422226,0.025887614126084042,0.034209594794776206,0.012598247455079875,0.011340793111480342,0.02343961456493952,0.011224970745882981,0.007345936945301675,0.013396435749697197,0.008434724764673177,0.007325426533368924,0.005357034282616751,0.002722991714829304,0.009146445014023239,0.0021943143836375633
-0.3188832198347349,-0.021996210378579458,-0.009794106429562332,0.0046952882670761266,-0.010014396905984813,0.00904358319144781,-0.003492308260015492,-0.007230114550020143,0.010147074083296799,-0.0030856215521069493,0.0070646279188687836,0.004582903434511164,-0.002290678315014767,0.00268849562221098,-0.005077898612853561,0.0012125168483188107,-0.0029002027339687262,-0.0014725476177215688,-0.0034626905979377224,-0.0001849991552667538,0.9449457615458633,0.02508674564518138,0.03854825631832492,0.025257353840097686,0.01607327405734423,0.02781877067556169,0.008640991074177613,0.011685209984997356,0.010442085791237008,0.004614271712666789,0.008723128187343469,0.004402717299307918,0.003576972470347213,0.0049774281030129375,0.0027016874184408123,0.002707566456523001,0.0037841271712758468,0.001923290970779303,0.0015898652198929161,0.0012950440659295999
-0.6335758941400603,-0.05989858454987583,-0.038864302551310854,-0.05760679613124935,-0.319526096094702,-0.14355058652351613,-0.07298471818824095,-0.011809775375498432,-0.05879141689295945,-0.02285705608617304,-0.02273219483025943,0.028240999051594964,0.004554349500234554,-0.037278925961213856,-0.017892705886049503,0.015596430031706606,-0.0175869973862979,0.002121480414061158,-0.008608464913898259,0.003485524927161965,0.4251183059352935,0.2814628439480375,0.15433120216617321,0.11593594693558536,0.3293956639888119,0.14831089664928512,0.08132932662295198,0.07954652175444801,0.062105705358783035,0.046629249641386775,0.04466876161745122,0.03681688088161978,0.02867909564381828,0.03589150527150331,0.01911505216067973,0.02495183918713563,0.023017592483954477,0.01576461480409158,0.018211408180293414,0.00953860133701029
-0.2983292296759012,-0.4341882670277063,-0.11273328231204803,-0.11471406188283835,-0.09316152761641808,-0.019094667652226806,0.005069096985163008,-9.76697039113721e-05,-0.045940418875529826,0.005808157034269569,-0.002790450224046309,-0.01650307060058607,-0.006842084495091837,-0.018643111888918398,-0.010253414209498934,-0.002382633675196568,0.014435631666204181,-0.003921960018860446,-0.007876298701116433,-0.009710450581892413,0.1459955660004639,0.764969371892217,0.22559588435716202,0.10090077808595183,0.10639923749924597,0.036700845213471514,0.027380713465133513,0.02920676023504142,0.030814377518815664,0.018084174345150212,0.01181837951960786,0.012000817742216625,0.010761415614668684,0.013417412566643019,0.009622594795524953,0.008151575555704614,0.012247083920463872,0.011664278224536685,0.006351574710647361,0.007329381115663464
-0.3541707899465544,0.05989446893571773,-0.0860251548982195,-0.03599280237292727,-0.053233080340463416,-0.01047987314382678,0.02842552934577378,0.010670198332071295,-0.01942291656657525,0.0017231445999089836,0.015653556749904596,-0.012442733587438278,-0.0015736210154738643,0.004068860351330272,0.00035472198716347814,0.0035896068793367336,0.0031418282153072956,0.003251383023678071,0.000421635382318617,0.00505274552148563,0.9052579585031505,0.15796875673955585,0.055581835571492495,0.04631491392769294,0.07153207212072576,0.01537136858758984,0.02436221511561912,0.02617807838724061,0.016393226740133143,0.016152945337135443,0.012847350368442546,0.01595431685955858,0.009830446982526289,0.0088947014495354,0.003575487893008806,0.0030571928324026245,0.002455831948149298,0.005718891154759754,0.003617849291217959,0.006691636507701776
-0.6665770186238498,0.052634914914138804,-0.3964410090612803,-0.12769062033043407,-0.006878586327828326,0.00031637656077207043,-0.012577423095650329,-0.01682944030964382,0.0010051713510420383,0.0032094720419295697,-0.018655043676400432,-0.005077742245831467,0.0027327027277737853,-0.004523098590775742,0.0024519313518908117,-0.0016254928171024442,0.0018839261306781096,0.0012012944518284495,0.0008777826164899196,0.0006422249271396626,0.5583010673820273,0.0631274430650451,0.21622344699586268,0.05154526768945675,0.09087997401920615,0.046134957376373374,0.03445670107255064,0.020171413013638558,0.020450482795603377,0.017327978796279488,0.018634179396529123,0.012888763940133314,0.007359459791043255,0.007319521046618715,0.0052998105634300754,0.005278723614362854,0.004299409710677114,0.0036786239750747126,0.0025869706122046165,0.0026346097168921598
0.38505318038530706,-0.06783329744161734,0.04591300511366914,0.027906807618378528,-0.06426186031647402,-0.13461144894620033,-0.17036031641839444,-0.14142316983477354,-0.06390673927010847,-0.17193005996305638,-0.06971151480494632,-0.002838996784736945,-0.25998248276891217,-0.16481475362824174,0.004188061909490436,-0.08348152214241839,-0.014203346223406806,-0.018777225296615605,0.010970590132953754,0.02641262061936717,0.6860007304605735,0.2813155356249397,0.09088812025747275,0.07644713281573487,0.051445145702514,0.07466584143785636,0.10399401394262979,0.07038834844693824,0.04462989279776786,0.07379090016028934,0.03756570718379339,0.026140914744799088,0.1636162065963101,0.07157049373813756,0.023170952218698297,0.030337651296093383,0.011474805867067488,0.014374164317723702,0.011722154235455114,0.012618249353414044
-0.3332456071540272,0.05692532907339303,-0.203686156108497,-0.3172596790457361,-0.1338852336843059,-0.17322723595957273,-0.09894046194354937,0.06634754391766798,0.1012276807334121,-0.15597242886200033,-0.12088233550033974,-0.014072906978377287,0.005334153483155192,-0.04568210659057039,-0.08472229247891623,-0.018458909942291123,0.03774048010891207,0.02282202853154115,-0.004209993133890646,-0.00955051653151185,0.5187549504710564,0.2735783557036757,0.34566321995223526,0.29244364223291763,0.08543489796902855,0.15435344275401502,0.09427771177810255,0.07962473871413403,0.08418967124012522,0.08253436563617421,0.06035358731885899,0.033033841141231174,0.03278385393860836,0.031513895778630646,0.044464989056820114,0.026291913158618705,0.025692218724236694,0.021277767338915163,0.018257503515034332,0.015529757911652795
-0.2923179237060861,-0.18764550734287144,0.15432111326687573,-0.23184022769464457,-0.2486666037288941,-0.22959034426391978,0.10104159639789372,-0.19857384995355146,-0.04048159121875389,0.12186561835630258,0.1955571467765882,-0.08147951800419208,-0.11158083394718821,0.025539773649331035,0.04724592934165439,-0.08253443517699888,-0.04782430290289951,-0.019658013474200358,-0.004766900207197915,0.06374167662417218,0.55011115057039,0.25501347121178447,0.21444864420653748,0.17202564624711988,0.16613676873193403,0.15850869098406367,0.08096541233391662,0.13069161706479737,0.06508227061581161,0.06260208748360963,0.09336699818060239,0.041046374311424605,0.05414533449981998,0.01729165886597739,0.03348383024495065,0.049614081413174936,0.030188339629214512,0.02086675851817684,0.02195123132304087,0.022647630867592153
0.47526567956619914,0.3032559828256416,-0.31080131491333657,-0.0581417616322765,-0.008065623239305236,-0.25574490124047616,-0.1366411176661567,-0.16910788059255377,-0.07240638998467813,0.08548587127178993,-0.0040851345179982795,-0.0017727368980324063,-0.00236236947900916,0.00026126895009155864,0.00042952587240683,-0.0019812947019955092,0.0008357430680930627,-0.0006983249513409827,5.827989890045194e-06,0.00017521850552611312,0.6022907058604677,0.21796523134551082,0.18683446335631848,0.023738433348378152,0.013022645317923862,0.08469054981367856,0.03282256441934263,0.042704568393422036,0.011324906241377235,0.011993067931607157,0.013955619787730309,0.01154516855878944,0.010330916314047145,0.009982190905827864,0.006597050342058936,0.0035538674363029214,0.003180863040204293,0.0024383034616162454,0.0016820105948195704,0.0014549485085254025
-0.5353659464214942,-0.33049794621359674,0.07562661562583285,-0.02067691202094751,-0.05826262371805911,0.022731504878870358,0.0326307451244642,-0.012597691554577403,-0.030357586962375085,0.002369822211673493,-0.011612889129196915,0.00038970479827984966,-0.0001353203634484376,-0.0001228051143662678,4.922905234024518e-05,-3.3379219467883394e-05,-1.022715188868723e-05,-7.246681043956991e-05,2.383191595718992e-06,-1.4347752608304845e-05,0.705104749355794,0.29938199028775375,0.06656148889034434,0.008203307650289642,0.015570116594495345,0.010563622773420779,0.007604547726342846,0.004220199734306546,0.007392528875771111,0.0023516782168708675,0.0021399906163492048,0.002723171381035041,0.0015763135699803884,0.0014483837167866762,0.0011593316448182693,0.0010766383159344277,0.0007338852581852287,0.0006901769964422937,0.000595460211699571,0.0004675209662884689
-0.6137393903340502,0.03409902170492206,-0.1314514948048649,-0.05557847979485096,0.037792948855368144,0.04664018079396349,-0.04679039915811387,0.016460903284303646,0.0356568155770933,-0.0065840740435149986,0.011628803545405006,0.00045470966560686766,-0.0012226452562609184,-0.0004818833534695101,-0.0002159968274771527,-0.0004126240876497751,8.605907816404541e-05,0.0002599486332563237,0.000552363375055087,-0.0001016704365037032,0.7574686947650031,0.08601002089178898,0.09070645860327112,0.04591422441174275,0.02860144298843267,0.020115597593721023,0.017904939599150238,0.014637831201792644,0.020937535442062435,0.015938396603707793,0.011685282387711634,0.007614211110713929,0.006195046427083669,0.00611841641274489,0.0044168272744070335,0.004038147299427321,0.00320148111255983,0.0029896598838453263,0.0023882357808286936,0.0017312322643440014
-0.28401469410953023,-0.017416914790270497,-0.07678279719546531,0.007646023407091641,0.04029999742291199,-0.05442937239450174,0.013689803453534122,-0.02032668512201552,0.010329466426757526,0.003384139440715191,0.006192416038390775,-0.012001003026692473,0.001364607622811667,0.0017503845259156296,0.014012983306796711,0.008285874970810028,-0.005178950355623842,0.0035351777696316657,-0.007972021721840507,-0.003313584046735742,0.8999484776072474,0.290802892414408,0.08433655623419406,0.039334765916200096,0.031893929326916516,0.03552112659402416,0.024591393092254426,0.021959221084174283,0.014396881265186815,0.011592478468191636,0.009179063094668101,0.006465649332718922,0.004892859997746411,0.00901152574472203,0.005902837770460724,0.005064841180126387,0.0038542841363437925,0.005897631442639432,0.00306282998486559,0.00386495538209769
-0.4282785167604704,-0.07983973051987203,-0.07318131783655774,0.05818953176849359,0.0019639709549073917,0.0021446483042061397,0.01456063806129337,0.003093681235313445,-0.0005983927873778285,-0.006584173226268672,-0.0031894368579226218,0.0005610595587332833,-0.0009094872685030262,-0.002542033785338148,0.005079255549319646,-0.0021714587434360807,-0.00030799502769970704,-0.0005573457159359497,-0.0018558159842874983,0.0009179311288461394,0.8775802460630673,0.13846769465745548,0.08411479388887382,0.059685723441964544,0.01665608830079828,0.015507725929205261,0.010783539075107072,0.013974739958659388,0.01244887982925555,0.0067046926065360895,0.007123279640909439,0.0032009603680949084,0.004960385697518241,0.0035039181655787525,0.0038325652739515607,0.0030249677451681624,0.003462372576962858,0.0026148141741472158,0.0012616120565746318,0.0022911780730673877
-0.018512503496644087,-0.3903506331604504,-0.18941372590188332,-0.08552110249220149,-0.10695675140902759,-0.10539521424918936,-0.1146547435653737,-0.07768149662278495,-0.04131456498488602,0.0167743773671644,0.006564579700980162,-0.0009334256203212207,-0.004786384233039155,-0.04735064236225547,0.023024216324614512,-0.003959899673917121,-0.019775393785813545,-0.0032366472307201535,-0.00648573494229419,0.002172123975197591,0.47538719995665984,0.6784047237863328,0.1942699663662431,0.13161202824340218,0.05553903734327039,0.06881772002636831,0.06355936186426261,0.04327961707635256,0.02264751354919871,0.01764685273182942,0.014224361132389368,0.011224305514759489,0.01638075077502629,0.01864427745496432,0.00891238383921175,0.005668510600427257,0.005805657973201551,0.007766435337726272,0.0066672390547465755,0.005690089083623115
0.09358120535398269,0.21112381181760237,-0.1673507507775093,-0.023170423388996605,-0.17203553699440693,-0.31942121659523576,-0.25558238428671415,0.016195344257577595,-0.20827861532512315,0.00875603971467106,-0.005670334565453915,-0.05960160126599244,-0.13837214219752675,-0.0347390764915568,0.066601800665676,-0.06017421174136112,-0.0686081425432421,0.007906892108927484,-0.03606316273600471,0.051540320606638906,0.5862708345658929,0.25720637114940315,0.1510566655618975,0.14568336947028665,0.21041447414029762,0.25274384255384963,0.16371485998569135,0.037491841020616465,0.10647127687734538,0.05577437041982822,0.07539470738060171,0.07529453383921582,0.08849534607243166,0.030948858865616404,0.027447094126507376,0.05942344449242479,0.04657504946870251,0.021436633644239776,0.05511180850064465,0.043870774381168764
-0.2917573841502063,-0.2885410510945765,-0.05626145133586955,-0.38500393290674095,0.023423203452897563,-0.10747839885865401,0.24389023813942814,-0.12057825648521824,-0.11398454173556849,-0.13657143483551926,-0.015833264265021567,-0.12351167741210928,-0.053275576541424834,-0.12855675987291773,-0.03249544472882165,-0.01414958529817821,-0.016244343852857307,-0.009246073690233465,-0.01542731698146674,-0.0291101861721858,0.40934355796983796,0.3064719203635927,0.17296958699363305,0.33164653888442447,0.10379314786847021,0.09402733729267782,0.16309087657785298,0.07925168506639105,0.10217290145230665,0.13741896148591495,0.05141137932270806,0.14419595475168664,0.04832982397189447,0.10009358594229029,0.02810257500656806,0.023660537877860415,0.04039757424275355,0.022382161293905006,0.02810880354493652,0.040319686912387985
0.20674767413992323,0.015322679536738196,-0.44732710176242124,0.04858333539150461,-0.307981139714784,0.10426802188482995,-0.19360243685078626,0.10788603153032685,-0.19634186917274002,-0.08099870738966954,0.01044506961707565,-0.0026915638982692547,0.026379801764315244,0.08052855912511689,0.016626707456317266,0.0014720806184293682,-0.057969705936059206,-0.10185117968791743,0.09174241891336922,0.053777037019806594,0.442656764241877,0.26736511889177467,0.35831525608600856,0.09383959394748796,0.17249275776885392,0.11119439746978499,0.12846144379231306,0.09155424333011232,0.09160281876704794,0.12472828507544881,0.057536739284925524,0.034563828213843975,0.050229695322735156,0.07335292398264356,0.05056247832868011,0.03332610389670961,0.024217441412858486,0.061224941960691316,0.07240772754639639,0.027467550777329867
-0.5163092367237191,-0.22477763650946236,0.03829437501183177,0.032365818788680584,-0.03220248401401681,0.052461635918353844,-0.22699450118626693,-0.10707713010342146,-0.24866204190389407,-0.13824840656422427,-0.23795431669561834,-0.13421119757058875,-0.0809165318148689,-0.09352574827232225,-0.06019121192539761,-0.009861646718295725,-0.0330394956887624,0.009857334488286683,-0.062128010035506824,-0.018256865427426966,0.5371410992920923,0.26297300207522706,0.10279440870928575,0.085704244028875,0.04586980184926618,0.05505922710784679,0.11401799354031636,0.02639436053381169,0.11131686811276616,0.06482770295709368,0.1289324617135015,0.05643743160749979,0.030119125550192877,0.029131007526560324,0.0248196092731391,0.011915704379375391,0.008349524873122946,0.006143819961786352,0.012817475079831064,0.004414828839153043
0.020730012428515715,-0.5899914657884391,-0.13608982215469867,0.14361835063938558,-0.1125829170423428,-0.3210109496367543,-0.04674293960392141,0.007055983566739535,0.09885282336526166,-0.004417575380002539,0.0374378752432897,0.09994964803040862,0.09033116539173358,0.006832983276489321,0.01702473054618589,0.010335073552415724,-0.0919528964752048,-0.05484507084671507,-0.027388346735577027,-0.0067305613627882555,0.18438377402795547,0.5906314803190764,0.09250248675287825,0.08046942275431349,0.07749337965103378,0.1891518172967929,0.04566616307377225,0.05450281875306485,0.03804378952775507,0.0367493913557256,0.029901068301271937,0.034129019345120644,0.0315406522676124,0.009642240303262302,0.017089454604856117,0.009128387076114053,0.025166708679809198,0.019037189375412617,0.01382631087375779,0.010485261972865855
0.2231587111341825,-0.061590175013419665,-0.581872740580322,-0.00805109801546994,-0.08296995748811714,-0.0508360518381255,0.0081930894419557,-0.10000245724226675,-0.04633275130214684,-0.09810720012245815,-0.066015293127216,-0.014950609940044797,-0.05437682402738474,-0.003148445169830031,-0.03740605130789003,-0.008590227653655774,0.0015513801727335466,-0.0037135707177724697,0.015362255453287095,-0.026630814583714815,0.3016370729072627,0.12320367752299576,0.6681683950461608,0.06029715023958888,0.05123785878707936,0.030548340106810047,0.03768082234983681,0.03435623892068179,0.028159692017218463,0.03218107573466315,0.03166866470996251,0.018249871901666857,0.01856100356627065,0.01012435558728152,0.0160105706380322,0.005784508036645275,0.0061817960432036705,0.00528481522031916,0.0066700706447097805,0.0074983316441425895
-0.4960647065826717,-0.1574410831879195,-0.0950270837097638,-0.02224630050106306,-0.042719200397445214,-0.12113772682106333,0.015165174482849183,0.0442583198051725,-0.03754956916496616,-0.15421213780755347,0.015340496928738396,0.04737217894097488,0.04017696081951024,0.024246875414062802,-0.007717364193819793,-0.08569212379013481,-0.0073941353871732115,-0.05787594019175112,0.006622896558118211,-0.016839528856913217,0.6779255002774855,0.33054392700599544,0.13702431101096713,0.08790434583878147,0.07559521710667313,0.10391013435303391,0.07458818999275207,0.04662044005336246,0.06723313111384847,0.13742035079243872,0.03825227159177597,0.03867198534498506,0.08682976927769934,0.03421505255208921,0.022284806625301107,0.052338537074616,0.01779639333019782,0.03106953192208978,0.01728864504644598,0.02067377016129342
-0.1802694537980458,-0.3445549579186372,-0.1674304438096013,-0.07036834113284439,-0.03228996038408285,0.052497277203443125,0.1788706916075542,0.24431794771370896,-0.13717073928274287,-0.07629716312540884,-0.01386604252400093,-0.06301177939655894,-0.061623092654101014,-0.034822351467236105,-0.026119805306611912,0.0017899343720512726,0.007729518641796341,0.02264723068999559,0.0029512482366176765,0.0006417359254490579,0.12681879742506727,0.4354713231856833,0.47084494587147735,0.14025999046023696,0.1313867203635115,0.17823292925422332,0.2723134683358956,0.24722928993456894,0.1149440528851696,0.07006436278811227,0.08580791506270281,0.08151611080335952,0.08423842959471228,0.0749726442821557,0.05345522582749833,0.04409644592248318,0.029910363098372694,0.042262242666354345,0.026669914149712405,0.028390439860722372
-0.5560067001712549,-0.24780530077374455,-0.11385433174583595,-0.16684556966060168,-0.1061620900816045,-0.2082377325185202,-0.09198376030019688,-0.2633859210233828,-0.14278444000271517,-0.061977598855549876,-0.10472309297040965,-0.05194702259294839,-0.027821994139109407,-0.05305106699638403,0.00024075615839043655,0.019243408567815052,0.0019463259964125111,-0.016745010484353146,-0.0037340682304369535,-0.004445904480001991,0.4020669686093905,0.12620343081842839,0.17230423660376726,0.15821190662195952,0.1453295360494984,0.1296678962235117,0.05822587171947001,0.2761143846745548,0.18207451695059626,0.06997230277349487,0.09453505967676785,0.056491723978829934,0.0746238690238787,0.06282419968960169,0.030714397695486062,0.03121961182391308,0.026426789032270574,0.03399435704569027,0.021879584559217763,0.01417770388222051
-0.38514936674953165,-0.5068441681226088,-0.12924881847276354,0.08165257312474714,-0.043903773697228005,-0.06293120373455224,0.03563094295753839,0.0009616524437928141,0.018818050258409016,-0.05629105884853823,-0.06785090395880963,-0.00900577289189217,-0.047871821100232234,0.013768542866487777,0.01471161847523134,-0.013950646277738545,0.004226160485683124,-0.00026060597037814466,-0.001007187293807717,-0.027244534579050333,0.5035569778002278,0.5216784898922625,0.09391291258089597,0.08060552171395592,0.03139366315231552,0.03088261228734065,0.03963378990183791,0.01917966002160749,0.03030124116954564,0.029152041211884052,0.024121300432419335,0.043414841935785764,0.01802151063564219,0.012684962336896378,0.012467643117840765,0.031336285215056034,0.02277186043295602,0.01890146786370123,0.016259757446418697,0.02158826797331084
-0.3801957771529068,-0.23173159990726147,-0.4630345051707368,-0.1518997158786201,-0.09537468317327082,-0.12964272859422737,0.06892391487512341,-0.06793623661356026,0.009090111630946722,-0.017705490828408863,-0.03579131754681563,0.02839557681961651,0.02944386088461468,-0.061317466097885874,-0.08168428561774102,-0.04946034971314659,-0.003241440646796476,0.04010301584208005,-0.04708002672273293,-0.0033046005654937915,0.5095879806043428,0.25427673076654617,0.3873541789845532,0.11259709179752701,0.06329730437597111,0.0818042992758382,0.04769668969226257,0.040465527142202605,0.02252688999882998,0.0201105959286721,0.028763595198750137,0.025414384646361372,0.024189939290898486,0.02167816292838983,0.044284647858525115,0.019998664799051,0.019330204808410238,0.018574145401642445,0.024648308759367094,0.011675943377380097
-0.6107294717477731,0.04665074837998127,-0.10734117493422153,-0.028607784674211312,-0.09777012047813355,-0.12250374579130892,-0.05648363518397109,-0.049713734886395425,-0.004266631377133395,-0.011764997725158047,0.03568670450080363,-0.00849546114786568,-0.03376104298266814,-0.046545184140980696,-0.009878151916307604,-0.021141728962462917,-0.0185104074793203,-0.02349258513263035,-0.017515217646240474,0.00022175530516224752,0.7186180389713814,0.10764192254331735,0.16470987707430504,0.03255011432826498,0.07310846610397984,0.09380305674640568,0.03450737212372548,0.03043198808380827,0.018503149050755875,0.02062142389328345,0.013247649606062837,0.013600497680512162,0.01650823986674509,0.013162798571172534,0.013780497244355016,0.00796370105050138,0.013167432424594425,0.024244275930204864,0.02230316668443309,0.013270944275112223
-0.016985761204494576,-0.35295554917851507,-0.002476108802740504,-0.007825675057654477,-0.04625068497361043,-0.005892687816638083,0.003670074370477002,0.009803701268425391,-0.03582566395188066,0.03297736655774593,-0.027769817360722506,-0.032351947929808646,-0.045502550742835025,0.017885172687533313,-0.01407939815364936,-0.004207399631847087,0.0064897651210701615,0.0050818258037844954,-0.0062802097034710454,-0.006576672221207954,0.5331302381943819,0.7071736834476171,0.20372078174260289,0.07694660697524221,0.11923770571981408,0.05988120221733701,0.07234671043252452,0.05849401425446924,0.04926212869868815,0.0396280682241125,0.03591827276224998,0.03172963119915859,0.021542527065250498,0.010923703792152299,0.012028932379701433,0.01286060872835723,0.00985071252116939,0.013556946105630775,0.008907156320942983,0.009232961033051561
-0.3320746131543908,-0.20868423277252693,-0.02634357887439972,0.013542356980463395,-0.008593534625241723,0.02596183591648162,-0.02699889677099698,0.003470667381014649,0.01261953131894749,0.032224490478752754,0.010125889857541256,-0.026068413219095244,0.012254184284013703,-0.00986099882096327,0.01048051319674849,-0.00930322315164372,0.0016638703014650908,-0.002019476834006692,0.011707658801725347,-0.013008881912549956,0.6078176982687836,0.6040236885127674,0.1630174981927615,0.2121723229053932,0.09132667736305172,0.09175705883240004,0.07279824831404338,0.054073438052359694,0.06607443669212804,0.040522359278055635,0.04391991338733909,0.027936415061323275,0.015736874096843836,0.02003799503648352,0.01364429036668864,0.01283839469355279,0.010842070391106394,0.011588971187866807,0.010681339163762646,0.0113485149611279
-0.22877417574023284,0.12117457749487255,-0.07309144390471264,-0.039370096664224405,-0.001883567003708651,0.028649681829559185,0.010109004681899025,-0.023866502201065006,-0.016601998210428088,0.026845496694021878,-0.007527737162490892,-0.020004406977486983,0.024634486201219954,-0.018534410935302482,-0.003927276711018413,0.001564808646040175,-0.017360272565498044,-0.014110007080837587,-0.002601018416837382,0.0030012915819277847,0.6727878413862604,0.6122009489484974,0.20381131744906944,0.13890363642255302,0.1056718723043824,0.09127950763921856,0.07953640565411736,0.048914129636782794,0.04041902030667636,0.03403325545757947,0.02302339463464112,0.02140841850877929,0.021292534229394127,0.01777171395400221,0.011117469706497804,0.00882432167301655,0.012431535971626731,0.009991887312137144,0.00981548188481449,0.008203528683565438
-0.5607252888408305,-0.0040187588710166,-0.0035756243277811736,-0.009373458172155512,-0.03591278257570884,-0.014980281358884722,-0.017172590211551528,-0.016572033491641547,-0.0069651830372732424,-0.004345130292864369,-0.00016899449382645776,-0.0007211418056515267,-0.000698665812146103,0.001227075152492228,2.9978917514712898e-05,-0.00020150955521263487,-0.00019693405654170053,-0.000125098345670326,-6.561347394199184e-05,-0.00016530319532200304,0.8191606729869206,0.0896787803997944,0.042237507439668254,0.023990436340603903,0.028558216889794978,0.018996035529060214,0.007898531451788248,0.008243845927239786,0.01823826001527288,0.01233634409042108,0.007022118125265795,0.003910139264906324,0.003235957569645188,0.0029509078454182072,0.0021856658106518398,0.002070890609104171,0.0017451329534662816,0.0011704121121871673,0.0010234121519727328,0.0008288323190435281
-0.4506156291022312,-0.06978865870020777,-0.010252747587822391,0.004741175492144678,-0.008653392072514214,-0.000900870880637717,-0.003757763093528651,0.0014836363197677405,-0.0002390560667367627,-0.010096204697786952,-0.005159105895853348,-0.003086312724202555,0.002008157514465752,-0.00044674894871959736,0.00010619988483099422,-0.0013908221708424854,0.0014100613307328124,0.0009812928828147826,-4.351750653830663e-05,0.00025751959391759696,0.8620538874217881,0.17487008316322222,0.07448486068034912,0.04141419511771358,0.07237729022187794,0.044015952290104604,0.04198306392005102,0.025592573046552797,0.01648224673078717,0.013935443347361905,0.015845221885005575,0.01150981916759533,0.007737526781306335,0.00887776457070373,0.005671719566603576,0.0065941109720417624,0.005870432962373339,0.0018418435727485837,0.004247061696358552,0.003937882700163684
-0.26097939711899515,0.26442767723982247,-0.364347608225634,-0.3351970802600122,0.03125896101107425,-0.10086391095040668,-0.20038752007958294,-0.1356842086823941,-0.04019248797763464,0.003502756420619064,0.07733157879923273,0.0010563147431861485,-0.07221536697441609,0.05376128173716932,-0.05392753238354726,0.002421131789204623,-0.007308064362116912,0.0029301242594794766,0.0072743323720900945,0.00023178197725912553,0.24449835454852734,0.3672334104652303,0.4226708406452851,0.30915210619850114,0.0865234491502791,0.07689183007166826,0.12559339618689608,0.13296536312701387,0.05610007999606722,0.04503243596095929,0.0323140611215412,0.03336819637796045,0.04690693349398735,0.04174888367583546,0.023320319005766293,0.0151539168522024,0.01087688376411496,0.0049149284226220735,0.013909098132578577,0.01729460191324752
-0.46494946141852556,-0.01074911338326234,-0.08331875316939395,0.06853164880991695,-0.11819977874278831,-0.002573748113966819,-0.0037821957928540835,-0.010861642628815857,0.014070210178133957,-0.017227085575524995,-0.021368109454232006,0.0003695870668682265,0.003955026538548769,-0.011021827998372792,-0.0028259560535593893,3.233654055532688e-05,-0.0014475282705771416,-0.001786320045627054,0.003314665338971948,0.00662305630555745,0.7830294776682846,0.21729662741170447,0.2319226821850196,0.13529731705955772,0.12860715449304277,0.033612609947134456,0.03527317032133362,0.04883165958010872,0.022682174168876496,0.024690769907229057,0.02506762463412052,0.020075410159345823,0.014210456942258165,0.017276444324781925,0.008347830480308596,0.01003548733764399,0.009532750981874347,0.005410812121283947,0.008167039420842147,0.006560214238506828
-0.48511107956450616,-0.0415763447304389,0.04031289220892666,-0.17470121445366057,-0.08243069298690428,-0.031177091575142014,0.013381971482248928,0.05944169181558525,0.04460884693971775,-0.020810782906134605,-0.11819830400681366,0.0075013285473778364,-0.00047492427928183355,-0.10652408588885048,-0.11190048255910062,0.04849614062083063,-0.03636229486664993,0.005445895078157584,-0.020885418353080904,-0.010526382939267168,0.7791999380136398,0.10909080485788147,0.11208302623939538,0.14442824523106243,0.07279735620899845,0.0588178603983687,0.03217181696460522,0.03912686446087472,0.03981848169329203,0.035358591862535,0.046921225664890216,0.0241448813047765,0.00621015210863903,0.03855546575960089,0.056205502202056425,0.013933467183986721,0.012497897826267965,0.007347103475284474,0.013218854823014381,0.0077219843374646095
-0.20482743230775544,-0.14367725324211675,0.018807656865994594,-0.01509097104900376,-0.02301107517661383,0.00014463351489149527,-0.021460282241559065,0.0072989004041271385,0.010904068110072248,-0.014031067652344442,-0.005658285901592745,0.00552359576276097,-0.012831874398466354,0.023630888705456488,0.0017137111258712337,8.915388340177997e-05,0.0031281170541018837,0.001927704220187049,-0.002762465567230551,-0.002934132664415574,0.8015189701426967,0.5070243329573455,0.12977841846769103,0.0697973231054914,0.053187055125136766,0.06080023892990137,0.04759020692928535,0.03986982967170147,0.025711447630498957,0.023718067490838067,0.022034560807213176,0.016070896645017547,0.012410527513199996,0.0163338722225479,0.012801176307422958,0.011193796939951876,0.011209624424308885,0.010577763388664643,0.00832661822616641,0.007681889662125429
-0.2655691076068824,0.06504685060260333,-0.11619667943930051,0.07883592308920492,0.017474393595702346,0.042662154603806,0.12236245206621602,-0.08302966746103066,-0.15521109253345802,0.0477707628247501,0.022819381584172675,-0.04258278999544698,-0.009420021157861785,-0.029894185433307817,-0.017448474972736015,-0.013018830309259698,0.004745783931411749,-0.0031964749119352156,-0.0017000177486530216,-0.00629700679629267,0.6700572598019785,0.3211987411082835,0.28887038166914186,0.22508385098950673,0.24344669114639847,0.14569903429263664,0.14961719680112168,0.09667695636336997,0.16693994974850196,0.08417331487752928,0.05837723097103645,0.08290303209157365,0.05522432159135399,0.037277228800726925,0.026561703494726974,0.02991971380033111,0.017490693485172393,0.029651532764896127,0.012065933052143178,0.014457028741532096
-0.2889350654747501,-0.16198883788759344,-0.16062291255647396,0.05595888568618633,-0.10036407049528451,-0.00895314520463941,0.005836087063674037,0.07984324166993112,-0.02109716673888883,-0.030710001333465426,-0.07608822378161363,-0.00962010054098776,0.0115304156672643,0.0061506919630270026,0.00814824130150105,-0.002394628217667497,0.0028541334910768125,-0.0076906455730693,0.006034840747084561,-0.0002120358928482057,0.7363804889321781,0.34536960289698043,0.2174604083217176,0.19477154869067784,0.19034596249166755,0.13421965183532494,0.09475915653574352,0.09496667711702549,0.04870550359338298,0.04748445705643124,0.10001576812525315,0.023206642431279047,0.031914051667873464,0.025947027090133287,0.020966991457569775,0.016176974550039545,0.010178265891008845,0.012121021450288679,0.012135532084313297,0.014166875145266941
-0.31027328372061885,-0.2500200282327808,0.021314163993427913,0.08780096619054818,-0.016607808363548467,-0.13136117674120273,-0.016239949364021285,-0.025428672382138758,-0.026732920045743506,-0.07166541613861996,-0.00683725498958703,0.0302907240676729,-0.03617951298286423,-0.02460527755006152,-0.0064812695537754,-0.0024620308435580555,-0.002006831976580021,-0.006389346968637662,-0.005980751122905488,0.004386283150167997,0.6554855254974943,0.42196326426466346,0.20788526808082908,0.2636786852364408,0.15931208884003797,0.15854349381126384,0.07749023019749599,0.06370865538369576,0.051968676523939925,0.12499722285991335,0.02228866322740982,0.038234682728603385,0.040026676199879666,0.02545282720376416,0.02662849238168923,0.01428420911919347,0.02216579251103633,0.016335080739518996,0.01796867231337107,0.013164831140085863
-0.12860423634078366,0.3058646086034813,0.05336007723685964,-0.04621937585023239,-0.052033842542382254,-0.16384258002474894,-0.12084665682017914,-0.046578707761504044,0.028342705741589678,-0.004511756196958589,0.004539765745485023,-0.018864835249102704,0.010684730906021291,0.02187015642203754,-0.0042944443540704575,0.004007031811813959,0.0011563310872447657,-0.0013175285337798037,0.009323264331095867,-0.00031921350304509754,0.5386697215499108,0.5370852047439802,0.2930669741753377,0.13106385389332545,0.10576587803051378,0.28155463865499897,0.20251175233771393,0.11603898528343838,0.05245436780478899,0.04802123550969884,0.036686550468535355,0.027693336339068838,0.023139864703611627,0.033915915994679545,0.01282770824115786,0.023701331006747203,0.013538718210893514,0.0074456690074129785,0.012021812216926655,0.009431301363536657
-0.1339520357400242,-0.2724177410923458,-0.12938184506260245,-0.15001236940925022,-0.06156201333510956,-0.06873047967648532,-0.004244502668030643,0.0007772193313890116,-0.0060946322374461175,-0.014149443564946147,-0.01794357293750465,-0.01212731992174443,0.01206871446114888,0.01104064063066386,0.003274825501301506,0.03839028929838681,-0.044086620231511095,-0.05249580976461971,-0.03285464671533859,0.04616808020565094,0.703243519661613,0.4159663983838601,0.31012675816267166,0.1401539026055694,0.1385127261831271,0.10856956394583182,0.10861740029400327,0.07410248822329248,0.04914389755483391,0.04986536372371484,0.060533279452636396,0.03420571699188527,0.0433474595060894,0.027943649759512613,0.02457672878312338,0.0268780697027772,0.024303063213623025,0.05291640378949807,0.01817009739010154,0.02437933891165272
-0.3590832641784717,-0.25514720958378717,-0.35527380095697286,-0.10301822352402426,-0.054964119489590464,0.01674378593793263,0.001639790492039326,0.013470835597611953,-0.10569079751949413,0.015698223925559293,0.050185082182410364,0.06004256050257519,0.03101716374353317,0.03739338713375328,-0.00778353559667742,0.006572155199516619,-0.02643611978064053,-0.05958455366651751,-0.005841082576402985,-0.01895146659951167,0.4247126563028,0.4366172143478909,0.4014433021501387,0.19602814818905176,0.09578739780746802,0.08200132465425879,0.09609269849580418,0.08370491264248402,0.1403646659153753,0.06419914439271493,0.03883837414520811,0.06168633058830379,0.028634507270099554,0.03581583501261048,0.02725128530285309,0.02799334943801811,0.03338099754533555,0.05280827913550197,0.027952228469428624,0.028363234871826144
-0.4695653602329803,0.2118332802323021,0.006804190411601456,-0.19510383718861485,-0.037441964808008994,-0.1389202127671621,-0.04234899293708723,-0.1072404288293865,-0.04350617586589806,0.02236521668011999,0.010784037761801785,-0.056448726271156095,0.019815082006966998,0.00810807652231806,-0.016571683049309924,0.0018408077269066187,-0.007522819028683561,0.0029528618583221766,-0.004284686083363931,0.003022856473830387,0.7048883303881996,0.29829771775634867,0.09184968937666056,0.1545650413531956,0.06188972344029263,0.10379870603921237,0.054419069783985786,0.052866912207422165,0.046510077864093696,0.022680569685816002,0.02595222258918178,0.06008455806108931,0.07263568948611897,0.018858769271651123,0.051731045863004546,0.016195793258943315,0.02978154637834491,0.014580801519837453,0.022199775479307023,0.018528838106854136
-0.25350634245446685,-0.47922085819471,-0.39207593275457625,0.0755992884184946,-0.03351540247147224,-0.007930358122887733,-0.0045861976134014175,0.009790687303903107,0.015842572120883972,0.03209019851911712,-0.02335276425377467,-0.05089698760751058,-0.021853539053200206,0.05363032165179298,-0.00022630321402047538,0.020489587412873524,-0.0269957359038492,-0.006956739769328399,-0.06235702141629006,-0.0005921266508744271,0.4007021993852367,0.42284950935194676,0.32221877419527994,0.13263980399544617,0.08857504218348024,0.09524381946209323,0.09091795239647615,0.13353599208085934,0.08509130421905828,0.028997935198561926,0.06534081676000184,0.04271574196348199,0.022012707674451196,0.08812408976445237,0.013580212371456258,0.015492267353927766,0.03365877167354574,0.03877874893832164,0.05294096057991621,0.01992514225343297
-0.27288887157815633,-0.46730750276175037,0.11967957119104619,-0.1553003684397795,-0.06800111987702517,-0.10257565605817932,-0.06153135455967975,0.05847382579215261,0.0797155785071077,0.08142756136639728,-0.05900993733837784,0.01092776822943907,0.06133646444010997,0.01394310700396767,0.048613230024648645,0.001947557441547351,-0.016935992864565465,0.04818301378311444,-0.07502751652427311,-0.09986772533100004,0.3691073782303626,0.4085061680880233,0.28499041520360446,0.22127847240000062,0.19099809923322808,0.20109031207343656,0.18119672914846383,0.10577772302576417,0.09710251146755024,0.060521322127297474,0.06015788594097152,0.1289629386608744,0.061501674681601726,0.040664688451707794,0.05316864441290915,0.017187042495761053,0.02841785304942312,0.03170463049562297,0.05204986929666083,0.06766778725734038
-0.2674175349180282,0.21993111743161942,-0.30700335832340514,-0.43125971942977803,0.08250636298589245,-0.09570286733108974,-0.03175466424855486,-0.0020541512270407136,-0.03086557003818695,-0.07376087861658918,-0.09562228149229353,-0.1271100530569693,-0.03656096403002085,-0.005483367835338506,-0.026637587427675573,-0.12217732860780618,-0.14029019171985324,0.06851163356457347,-0.028256438898558316,0.005203244044292038,0.43508789882441046,0.2883200035360003,0.2615924809415786,0.31842319001203323,0.07852829674651067,0.09983025207212286,0.052539039372157405,0.06120837351451564,0.1265660052566531,0.06029924994878636,0.04493614164076906,0.05914762576927191,0.020783699643290462,0.025805496547095536,0.08821257002371498,0.057673563680922794,0.06537435936141772,0.034428592516216966,0.013845608739493299,0.03290095610435219
-0.1158146521576342,0.19964401477906205,-0.06526065508836965,-0.05901371067900951,-0.35564164011066174,0.045039537107873236,-0.05641886445452596,0.06447396472182763,-0.18617156271327673,-0.09277148061981451,-0.10456596103267164,-0.07227469459258619,0.018824427294356433,0.07893255632241185,-0.05613762074646663,-0.03570013326381901,-0.023629531741355743,-0.2150840845147216,0.052255981043418435,-0.05456487102628899,0.6070143813727983,0.28450943512828464,0.23157659024334032,0.11166865036702577,0.312561627347812,0.05419512956925424,0.08540492440178628,0.06817402365298249,0.09650732189993794,0.07377047157725324,0.05649369500877498,0.0484222027071172,0.039226739767766486,0.062239519977187865,0.036055353958183656,0.03571504543293633,0.05809529888485992,0.12324817531375114,0.041499081775988024,0.05937381905114976
-0.524193583325926,-0.12972425746113064,-0.13893885651157964,0.3059672924835682,-0.1916153557731684,0.030738061680273678,-0.09306399827276597,-0.11833614081376016,-0.052253597500686345,0.08211079109886976,0.02849499476629589,0.017116443888803023,-0.002343362286067401,0.042213343790281944,-0.015495678798098106,-0.01879687834169009,-0.06442052248403955,0.009094639751713693,0.033956112618815947,0.01455117312035379,0.49266452586263404,0.2871788850634394,0.09682702238593625,0.30401187927098156,0.21964506248673682,0.033987141273264854,0.05386980284948676,0.0851029929419756,0.06729024164036368,0.06721425581785377,0.0648119168294056,0.062132496775435565,0.0773536421366964,0.05252102300690555,0.02461891479396617,0.028427469187684764,0.040740069503989416,0.011409125869556386,0.028270193981822487,0.0143779219223725
0.10278144436956256,-0.23071061238651366,0.02246257265183223,-0.03693539534325046,-0.008455085786926431,0.03597912892783799,0.0032160502925525367,0.02073935595187429,0.012059059754430808,0.00795489806609085,-0.034237142434619665,0.0078045705057547795,-0.01947536339361377,0.023582655093240742,-0.01533224169927829,0.021548441912998033,-0.005436540649816291,-0.004855206862411727,0.007802600077534795,-0.0011430530277642174,0.9387567731889707,0.19522860205538692,0.06022443653498276,0.060444424450710486,0.013957497195085105,0.030665461338540007,0.007339247739304249,0.013484381355827506,0.008087335006719633,0.008645471053357608,0.024730510894540318,0.005705362822641502,0.010717955929781774,0.009569751610433169,0.008201913663474607,0.010146777331069216,0.006517906632195536,0.003974062979380211,0.005772615403878014,0.0076771338920240285
-0.3447979935043362,-0.07746902263336447,-0.11149375097411963,0.07326130409321127,-0.05962723631319092,-0.022675283767457196,-0.13608400353473307,-0.026977067123033122,-0.05617857681061178,0.041096616721636225,0.03776183702691972,-0.015269480557273023,0.009502558455779315,-0.023482273269046006,-0.021473487230880908,-0.004526847431312956,0.0002508161103803421,0.0055337570356137015,0.0023491443880381923,0.002011890699791877,0.7418171688175713,0.28201927757315676,0.20462520973414045,0.150533159816974,0.2498013256690644,0.0704010527162025,0.18433138295088353,0.06859955527969504,0.1342344846566423,0.05393452908373371,0.03798368522675725,0.020732122549443826,0.03182898976141447,0.021600649446553967,0.02484064717672138,0.015916188554863292,0.021318308900879872,0.011874889590358005,0.008856365439618166,0.010311626543089928
-0.15868059801097603,-0.31982851652956024,-0.027056516953011398,0.0328428800705189,0.054374966803806456,-0.05535048964587677,-0.12674083463504457,0.018619121519695758,-0.13392823975628831,0.015584139356014739,-0.059647100978103315,-0.0012756494960601886,0.0233720811296921,-0.007104865804418186,-0.011073166464939863,-0.00155309663632883,0.0012632857317456132,-0.001401993157262704,-0.008905642906617519,0.0018148793001228302,0.5702496372889381,0.45167515652856977,0.31818931654545257,0.2068756578490301,0.20196019955440442,0.1828887328114614,0.1633957154387421,0.06912171793659372,0.18506749640017342,0.06033544745194765,0.06259055532483658,0.03088205977461387,0.03354642292264277,0.026375858149038207,0.024392380861606545,0.021901666360685017,0.016740783438402882,0.01461674374342143,0.019875502753471625,0.01570812581872335
-0.09527791239726499,-0.25032697555686406,0.04922854832529185,-0.10034368516836752,0.030322493891564793,-0.0994855375036454,0.05271482899721371,-0.037552372722422483,-0.18251930012290596,0.0036112182871272224,-0.14708326125282833,0.07315324266939556,-0.03174266143290387,-0.08740289282003061,-0.00460932036291151,-0.04812850925758783,0.013291337860748636,0.034601724556588595,-0.013852621095410378,0.0021142455803904317,0.3807946230200084,0.4894626286119124,0.43047355690175554,0.214220785876102,0.21417189097804915,0.15955714716996605,0.1661112628932039,0.10719800527628448,0.21560307910677642,0.07725391413676133,0.1506827234775793,0.08317702186595687,0.04837522018504435,0.10109030641821636,0.04222899987291096,0.055734436693759236,0.028952449072606082,0.02622866278747599,0.021941994215455823,0.013132805870870963
-0.1913026373132154,0.03847733265756531,0.11444555367211766,-0.31217669786750546,0.10631493411126669,-0.10961524113555378,-0.14518839273522155,-0.051944728982749704,-0.023005861153280006,0.010912036572659878,-0.10974829291040623,-0.04097124313500302,0.012010451237700791,-0.005718500103436614,-0.011028911760115556,0.005710674522380388,0.0015605517511681464,-0.0034331677241875897,0.0030590922802918746,0.003224660783045305,0.4697420446474615,0.43660794942004655,0.2968900216392422,0.31644649015441506,0.24439946929387554,0.20151122610497757,0.16648425654535842,0.15972135271473298,0.05807422698495299,0.06932756091050893,0.13920784644154624,0.05719250379154291,0.035400701581418476,0.04775970337872251,0.02514322316696602,0.013560386147918909,0.025369862744224304,0.012428160506469553,0.015726522982138186,0.013461715093220233
-0.4381049625856714,-0.02483379202413717,0.03233787905590287,-0.01070840059756283,-0.01335956358182684,-0.1599147127515435,0.04044560074081471,-0.042653552574793314,-0.03029871015246619,0.01477032665832916,0.042433296645004705,0.005220422753643903,-0.014906453540180269,0.043142523990047164,-0.006324811887274149,0.015552352692552212,0.006855015403522653,0.01562608009101671,-0.0007792381107002525,-0.00600018215093755,0.7814906860776882,0.2034750065439,0.20482264024264896,0.09246374066875253,0.05855999244667141,0.17408950672482995,0.08495480841068251,0.06658033411705648,0.06745101166152509,0.05683963731755627,0.08326028991262904,0.030782417444172483,0.03811729070032706,0.061982878109563794,0.023275759549901194,0.024162314760014254,0.018334548762101967,0.018356539250871315,0.022015943195345417,0.012909994562713708
-0.4930151654824349,0.09958728666522731,-0.03881576744982397,-0.06372581982611324,0.05559957209428686,-0.181138263534019,-0.11543988998283305,0.10989982499505206,0.0016505140939677115,0.019067006486162944,0.012703649610721965,0.018386921022866876,-0.01191783988737624,-0.022492072906392813,-0.01187051427476605,-0.014997681841739156,-0.01389815942809273,0.01830785030096008,-0.00801208512220395,-0.005891440990114316,0.48674296825388735,0.3983251181219596,0.3053916820287864,0.12236560260328305,0.19451463588508097,0.22041661649672487,0.13287929638736837,0.1838316475724225,0.09734167782455579,0.07200112307924768,0.06774404408631783,0.06687074044628497,0.04605314683927074,0.0670975538641096,0.04065535676507308,0.037317399559176956,0.026370692520874404,0.02459420642607217,0.028722963711187016,0.020823757235458783
-0.4403214211228852,0.20432581186600915,-0.2513589326837192,-0.01632213673223589,-0.06727246022474037,-0.13667331497554683,-0.004160008588610622,0.02097191480085251,0.02387013286039753,0.01230187879801346,-0.01028494134208698,-0.07964924400297549,0.017963038668326978,-0.0565036032705308,-0.014132719238797454,-0.054726057920309185,-0.017533537154625137,0.010676931905876217,-0.01838436099009595,-0.004310696345517352,0.47925230667650887,0.37981357708319147,0.4292071607461533,0.07972994831966183,0.15427953358704058,0.15718048785037977,0.1554818998342623,0.06677453338290677,0.03397224535169916,0.06568197290220298,0.06813027092355946,0.05224095682595955,0.029583485916224388,0.042178442926266914,0.021897779595639204,0.054772962748994805,0.03575804826435562,0.020593031504205866,0.007488809746782182,0.014466957879208096
-0.13467495236495544,-0.1492795107881673,-0.1355856673250874,-0.11449106791272495,-0.18194030006935763,-0.04606065024870574,0.02074926285541747,0.00033169519610678144,0.03987235897670319,-0.02426611965375943,-0.007375422525803661,0.0005086701993248549,-0.001812380451146419,-0.021969051426014633,-0.002131123775760773,-0.019302448888138937,0.0012545020275142968,-0.012235711011575131,0.016688695453368648,-0.0227466648485395,0.736851789472164,0.41642524151542143,0.2518004152018593,0.1609087531612653,0.22269524938968174,0.09848552368054805,0.07186868915362643,0.07174101965033865,0.04720189817122308,0.038475280239741935,0.034908297185132726,0.025106992700134098,0.03385609456365006,0.03120289702639795,0.041210209692509076,0.029888826711215545,0.02670771007543457,0.025383503283988817,0.026052088916026426,0.028693906277861607
-0.003780484437362928,0.02465658256630578,0.2109083660535396,-0.02185041020183723,-0.19549204526325245,-0.07702006741751832,-0.11272049825822222,-0.06693204274083127,-0.11051168637308036,-0.06813805595960207,-0.06412970799958946,-0.0017631275114779565,-0.0402133079128045,0.027135320082735285,-0.03352792231665153,-0.05396483987974046,-0.02704850632563364,-0.01762037398238914,-0.01703352237729632,-0.017727446592930268,0.6288393403111955,0.45456459906198,0.296494614875635,0.15652136196059185,0.20730043101678647,0.1541935554439175,0.10548905438937328,0.13664636603962554,0.09261576219561683,0.12831896326393663,0.09539639737321699,0.06230578335508529,0.04635939464566365,0.031669317760364905,0.0651982782967728,0.05544896474622823,0.03884619854990875,0.03692399971171653,0.03131034369164735,0.026342731853980856
-0.3636857677792531,-0.000589535414519448,-0.05466430037519494,-0.020481679269482744,0.03516222347060272,-0.07015566448369907,-0.007864594710208424,-0.001978307825255084,-0.012623367911344477,-0.01352005954978524,0.0031742659495685235,0.0025929282339835977,-0.006576851432262089,-0.004615179792074558,-0.006273275435003126,0.0150398187027601,-0.002102908829863293,-0.005718494013389568,0.002222958479931134,-0.013341392722873002,0.8919477507371214,0.13628306627207917,0.12545132743538967,0.07655233028754828,0.06160796684781842,0.08408335273465825,0.03908253569823018,0.028041799221585284,0.03356859451095163,0.03370574991743734,0.031170001689614753,0.031724414908550255,0.022024302315373116,0.022829330024581124,0.023141438342706936,0.029284325607124868,0.01898357279094241,0.0167573971240858,0.017895647123345265,0.02585230160310687
-0.6040006348329672,0.0027832460520629174,0.019012906070228937,-0.18300433978028768,-0.030922998721530894,-0.053492275111378766,-0.017440519596435004,-0.039311814290598504,-0.05950013257157011,-0.029874982175818153,0.008494181166576832,-0.006723462757471981,-0.010853878561341988,-0.016304168540966835,-0.004734059159467533,-0.0020037893452882357,-0.020170275357347354,0.002611759121102854,-0.007875160616562878,0.0019198569238412604,0.6801462007954785,0.20909983082671685,0.1475187300220685,0.17414751504502224,0.07077485658184872,0.0739673193640049,0.06126579821000944,0.036013521971529794,0.038436509497365136,0.0413854726538729,0.0283743442907059,0.029584041657772616,0.041308032885443616,0.03781551445053548,0.03883255854832337,0.024906118171798986,0.04314137150201437,0.032127326518721605,0.030263765198482298,0.048278661095118164
