-0.2405351318424903,0.10682332160135331,-0.2404949796791027,-0.03977892348257205,-0.20050566466078817,-0.1005345978055813,-0.08726432183418097,-0.11529339594006693,-0.016492730744677823,-0.07942196882704398,0.025058774560232335,0.03100600726387315,-0.02380162697669011,-0.07661322311247801,-0.10403396251851807,0.002881332437112737,-0.052045259372054245,0.03026799812355618,-0.01707064721487088,0.04094372069628898,0.25482195239086225,0.727204292937984,0.26526024413864374,0.11562765498845591,0.15105461553611474,0.11584221732652429,0.11084593367456513,0.08017910096535878,0.0483790617347189,0.07937101394705337,0.05761313700270188,0.07181230298004349,0.0558894845872551,0.0814804133577724,0.0631329449401333,0.044208809448057634,0.03859828736287563,0.021902980852879308,0.027166687616778155,0.03304899942181997
-0.16954344612176692,-0.40749950337831536,0.08452048360981589,-0.2104078954445985,-0.06628377557730475,-0.18132475276608295,0.033815595540835894,-0.0464855464172251,-0.09157752152183515,-0.06653648847601704,0.020110177171636864,0.00931698277766943,-0.05510376059072284,-0.034339249165970434,0.014014182312233031,-0.04678453027196247,-0.041232730620522476,0.04430982292856686,0.00922786913837793,0.019023983608829616,0.5503093815006104,0.46260200809571755,0.19392585161271528,0.20669608295509173,0.15451072967235915,0.18083653466114855,0.09325480643803902,0.09704999001992747,0.07336694366326157,0.04320510850028942,0.041212234326536916,0.03938330615183371,0.038496585971400904,0.032569614312368135,0.02442234679397506,0.0319462443082486,0.027222849554024306,0.024707060233212404,0.02970884549684693,0.020888321736158903
-0.044033909958560255,-0.08154266546897745,-0.2830666215540353,-0.017443994212475486,-0.1142598262156573,-0.05980404227395364,0.04004428911113569,-0.17140881780050174,-0.03840438631561645,-0.021097925300548586,-0.06078849950455748,0.009276509032566717,-0.09230077145091053,-0.02442551878243621,-0.05341858580114464,-0.07076350253751865,-0.01146497236495863,-0.03559950904389338,0.0024999989168561754,-0.003007324927709695,0.4846062546569957,0.6531575578827361,0.29253860753677974,0.16977025228864884,0.11782086617917974,0.06938001936852708,0.07827734074734764,0.10670241760663571,0.05827035145635195,0.06684534288488037,0.06099539031044142,0.03731384653695147,0.06189057217978845,0.04203859046619095,0.043234479261887504,0.0532789829814826,0.03872698609096005,0.028536263206541818,0.02407126145685286,0.032086587982818486
-0.4959229473171261,-0.5394605093578814,-0.32245177796662605,-0.07086207508006985,0.03802308657098331,-0.04852958780163032,-0.017115962525260417,0.0038990788235001507,0.007932964718168166,-0.015061757102042848,-0.005921684739441092,-0.00956380911373234,-0.008928040719346667,0.0034352226434691555,-0.002040188726501099,0.00015150692608124658,-0.0012083808852720375,0.003865372740497199,-0.004338216225332921,0.00039407153232739583,0.2296264266602263,0.26185427801702715,0.12079436089954618,0.017726310887103865,0.4487930772338241,0.06759176245662274,0.056095818340599124,0.02270000233579112,0.016960071181755132,0.029497935380350702,0.017767464190009498,0.017911329054005158,0.018270188956208078,0.013391521188807414,0.015265188692729683,0.01464536734180379,0.015074569646210024,0.012932871546431142,0.014439535032529862,0.013582982151997373
-0.7216505231269876,0.056405163266596475,-0.2110535837331737,-0.045157893671231186,0.03549547509890253,0.08149423434265193,-0.10346957095365392,-0.015294365790571897,-0.019599113605935723,-0.025492209553585898,-0.004681544263881304,-0.004348317263708199,0.008276185441295592,-0.0322414865559023,0.04133882682409002,-0.004092120236495805,0.00038259889812700245,-0.03968049143650144,-0.018289608784949053,0.010621935126312715,0.45160492482277687,0.04351414522176263,0.0707151728808795,0.035894135030204284,0.03063215050321141,0.10761066691839997,0.3048817251818399,0.24136331635778122,0.030534942394545104,0.009856936062885827,0.06588549044935167,0.06099699203212312,0.04873600078953475,0.06156848787335937,0.07002459358982999,0.0686464809626011,0.030191244618388253,0.03608563091114089,0.03326299767257866,0.025192938976826913
-0.033295935361025326,-0.08966137538069036,-0.10636021307595259,0.008660920756247118,-0.08034525639984798,-0.036911990677038764,-0.012276146157638473,-0.013081198267855159,-0.013678874939194341,0.03839673420399093,-0.01338765796366586,-0.00311191793463235,0.0016096838777404337,-0.05450006357484255,-0.009040100208393536,0.007883921124686211,0.013859270006203371,-0.018233194866508148,0.011010605336572077,0.05336121452460171,0.6389189324142631,0.5728081236737869,0.33914436154824207,0.16083391047939555,0.136215581008578,0.10023307536132382,0.1099499615259217,0.11333916380809993,0.0710970538712618,0.07052942427620158,0.0489834657370833,0.04893179925806917,0.0524488682810057,0.06643335357924003,0.04587016885594249,0.038846967007302884,0.03871319013828091,0.03767569167634473,0.03497288914523561,0.048724608624317496
-0.3274064730508505,-0.22550220889709016,-0.14954035267146124,0.007891851075789191,-0.02745121953212333,-0.06179105461375265,0.008036490990566712,-0.040646144578262176,0.041355300990859815,-0.05566580155300432,-0.06907980148411604,0.022673604478868157,-0.007208484956536208,0.014227480049635666,-0.004792808271721405,0.017713333894087618,-0.00658503157201071,0.016559593744770944,-0.029113920137725777,-0.03412776444156492,0.5139361060556596,0.6046500872418896,0.11312826587292235,0.3459676936842218,0.11728505119121789,0.05416561563434451,0.06383141565943463,0.04802316130211862,0.02682580270804159,0.050311111270265184,0.03617307313579603,0.06395716211609336,0.02442091678711666,0.01800286324122576,0.03462950391566017,0.03518106840932455,0.028154715704507487,0.026989708628427277,0.020857418805647614,0.03110002013634287
-0.11494291247937263,-0.2311606560276023,0.14354335205543675,-0.05780490439266687,-0.04689079795726858,-0.06028102191586443,0.06281282873812206,-0.06449338326447168,0.017191489208538496,-0.0005831913025804887,-0.004582096719394031,-0.0008474461135440586,-0.004824339634455052,-0.07816867327446479,-0.05048177048791234,0.0010144993681802535,-0.00230109243080768,0.007905515438791097,0.022889633692928645,0.0027973100618922993,0.7041355328811612,0.5042510216861502,0.2415051915668976,0.1491669935090092,0.11371030403255154,0.0845532771528798,0.07847453096605102,0.053963783770746315,0.05925784295447187,0.0681546603429094,0.053466706799252424,0.04153540855333198,0.04731998813386864,0.06372416357702854,0.04134973603335175,0.02006770925407478,0.03468156799678103,0.04962462148637158,0.025251682888229068,0.024740568089091756
0.25551699552450685,0.017073208746614194,0.03313753213387631,0.1363312761443109,-0.05394944424412965,0.046164653184126415,-0.11509491006025181,0.01021238917985971,-0.06587195585933357,0.0287112639568533,0.014490588521764703,-0.07301228996654838,-0.05265178818423897,-0.01354591444389064,-0.044223539893617894,-0.04943196512850433,0.0011204861172969898,0.002699474880164082,-0.03683675299732899,-0.06393975779520925,0.8654816520204097,0.1584493364458063,0.24939206526944685,0.11827810848435111,0.041899931414975125,0.07657142352702594,0.07747268644375736,0.031178760335935172,0.03423163397243996,0.024764488141152854,0.02379304919346746,0.037237111527862465,0.02572841666005293,0.02062438460445764,0.0315885903987035,0.020170385724525074,0.015254878446016773,0.018495169345336918,0.01732689106759912,0.027945409438918156
-0.6563544580756456,-0.1938842805549674,0.25363599850693336,0.024477540653865697,-0.017955775854777006,0.08694454164272877,-0.16279447546943088,-0.11336592016340342,-0.06589539981205633,-0.06228816529524101,-0.053950036032991804,-0.014697914941144025,-0.1038298946356389,-0.01844733736389784,0.0367483515074223,-0.015805324287523615,-0.02897109902376877,-0.04296176876658059,-0.01896272165349809,0.017995013771335916,0.6068271924565085,0.08359532234356618,0.10551257254433985,0.020266916520963282,0.01448478655400555,0.02122887460208644,0.05358306665953844,0.024708989621443474,0.01567476153431299,0.008439392302816333,0.009900998723805702,0.006800765977002517,0.018844448329283947,0.004534939306522832,0.0071710436073206055,0.005542735147872713,0.009749210692807176,0.006817074973487359,0.00350096191144827,0.004168930003539036
0.40613858120913376,0.2976002393019523,-0.2948289750563178,0.12980068064676845,0.23903099619132723,0.001800030052742044,0.052456524980664845,-0.18515699030123814,-0.08767911332771995,-0.24012109583339386,-0.28184146607148114,0.025172980868199746,-0.2356482218437877,0.10541417405228076,-0.18380942817978116,-0.17295896114608247,0.039443624903490404,-0.16558936856982598,-0.23985077215478062,-0.11971183989001724,0.2822203258842653,0.16979499633750791,0.14385634113197657,0.0349081657932945,0.08518386361133294,0.018060258923973102,0.014619261359730325,0.05099501028837721,0.02081129278498209,0.07939421113769911,0.09371165314168622,0.014096611919317974,0.06783152436716343,0.022572023282855416,0.045701164933367,0.042217945445635084,0.008285132640309665,0.03657485590657256,0.0669785507976822,0.023825384428315152
-0.214696554696191,-0.6272318449653232,0.2819573849488131,-0.09460000698844208,-0.04276996859831175,-0.23447504082521586,-0.050119509414722166,-0.08362612081571605,-0.0043645596076174005,-0.042710998488424017,-0.17240709159129813,-0.03323554911904618,-0.03972191062051852,0.03254191521662227,0.009786122156662212,-0.03572420471683047,-0.1047690870733255,-0.023942512000392886,0.03506790266841483,-0.09579494707143835,0.13910585101600756,0.5333743530006895,0.16669673898306042,0.03670996589804006,0.029605473197154383,0.09280623490322304,0.017684794653618503,0.023364123468733337,0.010676109203828459,0.011478369530383227,0.04393612494261736,0.008758959370625792,0.010107885539245633,0.008791365367539978,0.006125697891549752,0.014704550953769897,0.02305153968261198,0.006456047028341492,0.006664101580143138,0.021460863145976034
-0.6347395024633546,-0.3675691005986573,0.12312109246529293,0.05171959833894711,-0.03999666735508932,-0.12002629948464265,-0.007708008771891317,-0.018223833698491253,-0.06151261689669743,-0.036072343549000345,-0.04947458114517375,-0.007011824283467481,0.002081445780864392,-0.06765210479727428,0.0049930027450277225,-0.0490229174790288,-0.00019589909811812506,0.00011226195424208284,6.706095275021983e-06,-0.00023060299446129074,0.5773103544361958,0.27506957609536375,0.04769934069598272,0.02019420548169485,0.015555102074075325,0.028182146916707528,0.0057379264532565295,0.0073203150668901115,0.011071688156127092,0.005725852748586453,0.007253262554810588,0.003294465622218173,0.004177648265630687,0.010598431805456885,0.002394718765654287,0.007213151649185532,0.00267457348586648,0.0017260965994325532,0.0014405551975774362,0.0011216527944380992
-0.49985021813903713,0.43979378784163675,-0.31286149843152905,0.1353035087615409,-0.2794171807872146,-0.23182803600193244,-0.09862224127437273,-0.05900482997464656,-0.05655182933253116,-0.07462903397045419,0.0031045946883209263,-0.006580029601001549,-0.049968348773670214,-0.031826831255689955,-0.07840261374248118,-0.047533320992297415,-0.015136227919048296,-0.0009942774748454674,-0.0008532780694773441,1.2860415548203824e-05,0.37990447479426415,0.29813591235475406,0.1509078809559256,0.0328861554693117,0.10108093228327304,0.08005173702778438,0.013896532447688962,0.01054791445386944,0.00808375594974739,0.010975094616304235,0.0038155846449877675,0.0070361296368125536,0.010244738352281485,0.00420977019027021,0.0108055626044924,0.005379186143683195,0.0015818307563099112,0.0035174245631066164,0.0031784250386700987,0.0027999040519019283
-0.6359370504253171,0.025447412583981654,0.0038960500788842094,-0.07056914926758921,0.016150246358453774,-0.003179932954969795,-0.0444700438983065,0.02493005507318253,-0.04262831414265613,0.0038662900379191124,-0.011035177305080923,0.02759518234665832,-0.0017800121084888924,-0.014641970840810046,0.0012031283117343405,0.00788433429341308,-0.0028055291438555514,-9.085999439582868e-05,-0.00010884615408490761,-6.751785031168521e-05,0.7613053912262032,0.053191793871898256,0.024503902493672496,0.026354150466410632,0.008114125970204507,0.005995630934659572,0.010587555483596288,0.005285052651676259,0.007168168769284089,0.0026493178601714675,0.002466624453799038,0.004317473199139099,0.0014710144743529784,0.002807035741415741,0.0023900762923648763,0.0029925529184766783,0.0019733341300507143,0.0012270445356367123,0.0009191341920548744,0.0008252578253051923
-0.660290930735426,-0.06591728156299564,-0.1300342261920042,-0.18758910205846163,-0.29215194487993784,-0.13613131633675182,0.005741983912509955,0.11158295737919677,-0.09050157670330779,0.040520142904890616,0.026259817430077964,-0.06171037040404374,0.05703234138339529,0.02624426560215776,-0.01502556823826318,-0.07166705196862949,-7.34973573268995e-05,-0.03532786761443121,0.020446275582821628,-0.017807633321337266,0.3448490773812933,0.1227056917782383,0.24059311973943515,0.11923707721724736,0.2734924747605609,0.1096010779078716,0.1194783272505452,0.08957404469421486,0.14368434126051632,0.07424949602158105,0.07107895900045638,0.07687533008266374,0.06140805081196701,0.037967566487705176,0.027395013676044598,0.04899946954509662,0.04718044970274357,0.04555911289211351,0.018507643201425637,0.016423364842420563
-0.10295891505018955,-0.2779760671215014,-0.2814041623129749,-0.06144070285902797,-0.2530683462498464,-0.03965576917890639,-0.18830327602891414,0.06101286578395617,-0.13207914705223534,-0.15853783388283246,-0.0028929019032659185,-0.08870365195506241,0.08666056865487905,0.0024767169061099188,-0.10631150829091576,-0.007736589528057413,-0.11765933588926934,-0.0798688954763699,-0.04146181001008068,-0.06614551022987307,0.27818455556704386,0.4626134551136926,0.28527986851211773,0.23555325578118314,0.25295380203321954,0.17592519845808444,0.13307287963193046,0.12006484912589002,0.1295296019131329,0.12726801074514626,0.08623006338027887,0.0790586846413269,0.08156983534768893,0.052287940957341066,0.06790089617027685,0.040067064428004874,0.06813082739588996,0.04627431726535307,0.05812878501948173,0.03104634521939176
-0.6497606668499655,-0.08003324087995826,-0.040214396203124184,0.07249896823414285,-0.07642925839790957,-0.01741636025183085,-0.03029060336879774,-0.01384182787596111,-0.03381406519187586,0.021553122006621264,0.011514275355330424,0.004848933485015239,-0.024166800340124174,-0.0005425133200486954,-0.0012164251648887892,-0.02983296110397381,0.002129307886628538,-0.012200537051583181,0.0043766293845093705,-0.02283557129092674,0.360737907180444,0.03335228356413482,0.4861665951907603,0.3617672871933777,0.11188937092165376,0.1101910088894785,0.07462178091548785,0.06944754330538191,0.0652618836917971,0.05780252934311874,0.048733233487852426,0.03652935516382179,0.0416247277088258,0.033058003320068634,0.02770757788133635,0.030950455934580033,0.024213517634170522,0.03663258262221796,0.03743660554017677,0.024978838690850318
0.5046513392766829,-0.23154787317878822,-0.3251139519444182,-0.308069889801607,-0.2474603423751085,-0.057132517794641305,0.15843711501081215,-0.15531700879113683,-0.024873489657437776,-0.046864935074990496,0.04293003883366129,-0.02966184837650856,-0.09349977352154457,0.03559011306255814,-0.09415563075488702,-0.051486072064091885,-0.0013873424794178554,0.0001455669171924889,0.008258412030084091,-0.06716183326949045,0.5247324611942685,0.10084037338266469,0.17456587561881998,0.13206470517113053,0.08687882798079749,0.0198827691402301,0.03918083988732124,0.03996453068661311,0.006344414562506488,0.00908181801201916,0.007807478972628673,0.010245593066005884,0.016063854590829565,0.009427768994913136,0.015068697380991652,0.009627821669909317,0.009296674373151747,0.005723880502349223,0.005743770650837141,0.011226125167123827
0.1564780076638136,-0.12469981867415361,-0.5736628551818089,-0.4705082811609537,0.23840366876339947,0.10591216794823788,0.006191777718744892,-0.08023243276645901,0.07759170775021167,0.02169783863561423,-0.08775152845816903,-0.10621557483152817,0.01770223711982537,-0.033401185144431494,-0.018747895970301,-0.05831200888769223,-0.037083285644277104,-0.011774964672991821,-0.0002873104199737638,-0.024096122297692472,0.06859370580004502,0.05220357519245415,0.43492117498292293,0.3030743147109976,0.10663958615606482,0.0280661453878753,0.005595997473091206,0.017873889734311473,0.014063960307470078,0.009040360574260815,0.017580641443309494,0.021554142490228682,0.00529136145199525,0.00442820304368711,0.004856150352165152,0.007977810685595998,0.006811476556001448,0.003310087848019075,0.003735255375834584,0.0029895397869320298
-0.1661433555074519,-0.2537868838773533,-0.6654698219976574,-0.17031946444141488,-0.08813669780225769,0.0509806885943711,0.008780211216261734,0.009210711986444258,-0.06618233952049153,-0.03728560607574393,0.0025690156542010245,0.008084429341511743,-0.00239981527979241,-0.0541484447457694,-0.010697563040392934,-0.022088982595332336,-0.014792438050041818,-0.0888768463395479,-0.03537688008919478,-0.03786578215347367,0.10526365729194563,0.1410501582420931,0.60884430106136,0.04532201867553003,0.01844494268577,0.011744810845948545,0.007553463649073895,0.0075779114023937725,0.012982734054584909,0.008031029047717,0.005297097639737113,0.005467919500290374,0.0055480468807047045,0.010373676000201911,0.00793096008983198,0.009775523429832067,0.010500661053649019,0.016550254021574794,0.0060133693926208345,0.009652685518273908
-0.41561381691852817,0.3215722371150093,-0.29899606165244036,-0.24454660952693213,-0.1686037589049778,-0.023065699951443107,0.060807382702536106,-0.022698969076345995,-0.025045537215115456,-0.0003942059227955694,-0.10182095594672091,-0.08437148145796285,0.07967914921036202,0.015856860412258172,-0.009891045112469526,-0.03394014235775565,0.015202674775810991,-0.017448044915853313,-0.04877034421055775,-0.024124647528557343,0.5331078460180417,0.33079063480246745,0.29139317852050356,0.15732686072692728,0.059934143268135884,0.019740006449782844,0.02009792813947818,0.020017099105586845,0.01876606863870835,0.013633381811620864,0.022687851100758764,0.025626733661981402,0.023580888549161336,0.013429131654439633,0.009653933797640296,0.017971072581731595,0.012771907354753333,0.015439393355428916,0.015279819854583172,0.0212511262072518
-0.5874095777950538,0.21139807849718262,-0.14631796733779523,-0.023000941584655012,-0.07709254172357928,-0.018039010805200522,0.03844008661307602,-0.020700847037585686,-0.015575284887633496,0.0017834861507876212,-0.0012779731018851942,-0.009274664936616907,-0.000988632000353882,-0.005261770995275376,-0.009219414954530287,-0.011406611444834382,0.0016108928804000723,-0.0008787646747585234,0.0032058217826277393,0.0035024462869081043,0.6748201882181093,0.2992666713368437,0.12991530713524893,0.07215319282210324,0.09003961243427328,0.042345921082944556,0.021788545554485072,0.02518449581705615,0.020316979579344988,0.010192422004748273,0.006965916984719315,0.01324087780705457,0.009078245119536412,0.010003533202123584,0.012552865228309397,0.01227351378442507,0.010000700584429067,0.007577640196345089,0.00811768397645608,0.007359740871646724
-0.725752395863766,-0.030304436927445007,-0.14265540396055496,-0.07938739387679856,-0.08396819670238065,-0.046531784644884985,0.02443032227465127,-0.01918387842921872,-0.016920775900477653,-0.01635740054703404,-0.010782577135688693,-0.01844522951544252,0.014787012240988903,0.0033273242135775827,-0.018617147162232343,0.012274488662531528,-0.027655187524587788,-0.005964769862595165,0.0028034349409436997,0.011042083382455667,0.608853112906088,0.12882939107392802,0.15080783578243362,0.11704870371371259,0.06435504895682267,0.041752572401323636,0.03924567887246587,0.02152433758002294,0.012010413794242952,0.012587736013289835,0.012591248189682413,0.009933327792902803,0.009460246497773673,0.00922510940266679,0.008138366638553792,0.010578468700359247,0.01066757523812432,0.008825662515284173,0.008508018115137619,0.007503340358067902
-0.15085758911237165,-0.16718946007318394,-0.02862398934120078,0.062309713310782645,-0.5575476331057622,0.0868466834245971,0.06832250083838298,0.13012446133877695,0.1343123840607077,0.09299617176737035,0.2101427034186697,-0.08826124131343963,-0.12393602471794306,-0.10264791887673252,-0.14202997922111513,0.006617285116786619,-0.007744911033317254,-0.006890631768400522,-0.040410495349904506,-0.008258279175516444,0.38391085225972793,0.1968914352366535,0.07092545843559976,0.07009243712038456,0.5157394306235612,0.041949859133684805,0.035821578404268056,0.03636177662819786,0.04175581155091855,0.025130985048158368,0.06892215417257568,0.026065113537211013,0.03223163689218239,0.029536685924410413,0.037668953796066114,0.013039373486957093,0.005435810453575803,0.006775258474189442,0.012401926739142788,0.006497048470214231
0.42439818087130143,0.3682236813121871,-0.11335825096582954,-0.024130964462239207,0.027188987177890717,0.02660604416597428,-0.12623903338149295,0.1296005794364422,0.050878570776654905,-0.023135526870723774,-0.07862468869079642,-0.007370098830970258,0.04774578999778186,0.03929276270882124,-0.060451289576137594,0.028525178923209993,0.014030472457959622,0.056149542275688025,-0.05661000331453637,-0.006526584969375929,0.664320436999039,0.400782634585364,0.06835011622359206,0.01837156059517614,0.01557638402243578,0.01977539258266684,0.04438025552213454,0.04519596601932405,0.012455116260409222,0.007323695749225296,0.015286745428750146,0.0041342771226181565,0.00874820470735332,0.006492134679744256,0.008846769461608584,0.004436449874971302,0.0046496428328316325,0.008381159292373888,0.007679962114916418,0.0024895043671530207
-0.3537941657845587,-0.14783168312944922,-0.3155729342721872,-0.14716268497144885,-0.1855910590994749,-0.446344526528434,-0.08349058444529099,-0.10671891036938456,0.016219204731218642,-0.0203434597357959,0.024714609860126444,-0.020343709514760826,-0.1434431624439981,-0.09075862653787242,0.007959539696201072,-0.0967973191809437,0.042899172545309575,-0.033520864876723844,0.028223509855792406,-0.11981787530852288,0.4207338554406982,0.29806510584985585,0.23342488052498922,0.06770144131351546,0.0825458490816592,0.2895707044439844,0.02475137751747762,0.024870034969030112,0.015376565049203154,0.01127809448678865,0.012082702558425373,0.010621570230950332,0.04475801757144704,0.020611215805583144,0.0053229270323720485,0.02668170422416014,0.014239766152081999,0.008865957553201277,0.010014556528774081,0.025329523432069536
0.15795477658313237,0.04062873319784569,-0.3448059273133479,-0.18297717865021484,-0.3152505358329528,0.007030220482546633,0.10562174142967581,0.032266463198892786,0.048930174170834756,0.0675694631633843,0.05930922205901494,-0.12829609704171116,-0.02557393430624405,-0.11615215256640592,-0.07865158682243217,-0.12063095685794473,-0.0393072631136621,0.05926685778253577,-0.04077645103823133,0.028546386624433606,0.5956949059357542,0.14236936516392298,0.24315945457320634,0.15654561694799024,0.22607669819556914,0.09572654618599083,0.08232002500390817,0.16005818742525463,0.09849947164650892,0.15642772430087704,0.07748082684420901,0.08921208258256615,0.06280014833567825,0.08315119365028982,0.08561546231569146,0.08075092350959191,0.05727401544567359,0.053762128389063565,0.07710985932020173,0.06049415021845341
0.018360034470767488,0.060972154215694296,-0.026442209440995023,0.017601985314559945,-0.053629782332830535,0.006362334163026225,-0.02463038076459911,-0.028506854473472117,-0.023409135921465554,-0.02117617208298348,-0.012333437781278536,-0.00010371964284966998,0.01478706964953568,0.02891816340016874,0.015415243184561103,-0.020932073718994155,0.0014860149583310067,0.006454220992805121,-0.0017122202903882217,0.0020511372829817988,0.8071477460905099,0.5210731682413974,0.15516791944617728,0.09337171736580929,0.08934694648375963,0.06998434568201677,0.03123518948114817,0.06346861665564146,0.051431449040941365,0.04787055625496348,0.04112345112213921,0.02539399512467769,0.03603252384757457,0.038584787939002954,0.0337429202705464,0.021327616925738053,0.02698864520669265,0.0229145291370764,0.026509442376360975,0.019387112093518774
-0.027041529786102997,-0.10658210399619285,0.021333057002155483,-0.1726486754503933,-0.02548144550457499,-0.030790281452170318,0.025975981575474975,-0.02612127704272012,0.027685233508707698,0.0021003751419229385,-0.0003590758683125957,-0.010107463925309382,-0.015566839837833895,0.014454502867083075,-0.004079988960029018,0.0070330040984536895,0.004055229845514429,0.00015202183035840713,0.0013914030136648512,0.0015852286399613898,0.8256824657863857,0.41611006306902265,0.16009530280826192,0.12482463208838143,0.16228046081991115,0.05597463918308328,0.0690520948394163,0.08168965008878988,0.051696864531739016,0.07004901076493918,0.03953840385955635,0.04768788564115573,0.030426742299203748,0.02767771117977993,0.027922360717964317,0.023618905442280014,0.025501277665423493,0.0227972405700389,0.018231299209589612,0.017650610372797842
0.034256215521495256,-0.008540838843770117,-0.05533731127768753,-0.030106450377060157,0.013447248963841899,0.0038227091910543838,-0.025330172674905265,0.042171175899955934,-0.040108894738632474,0.012456996436860867,-0.0008837579580471903,-0.002008978005464328,-0.0032690593191872985,0.0031768863260448915,-0.013587669456448789,0.010385268104648534,-0.023362236237731412,-0.0013022254647109038,0.0009945927276513568,0.017297982437880846,0.8468107950078311,0.4292320147217411,0.24373952844420843,0.08085508867698335,0.05373750478869316,0.0587472117793288,0.058004809994606776,0.047664709081742425,0.04593492207498598,0.04881236210437902,0.027383262746139163,0.02796964131205069,0.036481051867907864,0.024490400598066713,0.01877991250528791,0.02320977876310479,0.016503427510794068,0.016602895116353822,0.01853344369664028,0.015839239266729737
-0.18470450641235994,-0.14853685425357577,-0.1041925746813246,-0.043358299142163895,-0.06675026642241472,0.0405268109668026,-0.09387123028495081,-0.020756852944607693,-0.03893236341522631,-0.02617748631952556,-0.024256425076754646,-0.04069882215364325,-0.008176513606543409,-0.023205802092645743,-0.008953406634883176,-0.007264245362487815,0.017078905595051912,-0.00707595017330192,-0.047510702295111305,-0.0279441857484983,0.9015331997610295,0.22564782438290482,0.10585210044441817,0.07043463701147096,0.06604985291591722,0.057158211376948806,0.05466478533443444,0.05049952041713233,0.042872479774279985,0.05245420945747672,0.02812123129981021,0.03309623093481556,0.025180262179730583,0.03337976673859106,0.03233863188346907,0.03049107718456244,0.027715781784983833,0.02791132945091954,0.04057082994164155,0.027837663540421824
-0.09145374875758766,0.023377462386307116,-0.010473816709430898,-0.005300496759757299,-0.0016702542132923871,0.04993081828345415,-0.09943577643908597,-0.014672398906733464,-0.03970788829339449,-0.07562047696935068,-0.027337094449211407,0.017890207547593642,-0.06149339106793645,-0.029576699748959358,0.03515562140054116,0.016829022048307957,0.058779916188347214,-0.04208724021032193,0.03478163093046031,0.027258033285317698,0.9031656684126252,0.23140501967235477,0.11713766519430273,0.13120198473825434,0.0820964398339597,0.0962193701459215,0.0777484961900899,0.06391820681376455,0.0547531489206118,0.06854648576169413,0.0619775927044552,0.04453150423286066,0.055514790658275845,0.05009468432093241,0.04420298252280024,0.0379516381959161,0.050879687847535174,0.03778080889443844,0.052933403565322334,0.03149065264237232
-0.12443311753286207,-0.18209824897542784,-0.05781284794540101,-0.09037585717205632,-0.009535775053266879,-0.024982020377137377,-0.005321285125321825,-0.017042973509671183,0.031854364227594,-0.0036337884639151014,0.005647664562756611,0.005544898856286402,-0.007432549685249032,0.018758143492979613,0.0016804667021651054,0.007814981663939959,0.0033289760224434854,-0.008103668785047638,-0.004297439509367019,-0.006528847682170454,0.745143872723552,0.26485342928579503,0.5053614290365257,0.18642868876121743,0.06537161037108613,0.05822094055310546,0.04650766186689538,0.05884624731424471,0.03946019585700795,0.028548377692917473,0.035365409796139384,0.03222937260962882,0.02065508156526666,0.02779904196651951,0.017540170151276777,0.01988162483598454,0.021940061097174293,0.01984410046124577,0.024742622884021303,0.015507920278731541
-0.2672955428270633,-0.5094093198829285,-0.1708921688041377,-0.19045742934058807,-0.08778870683543205,0.03132384482082622,0.09437377214083652,-0.15185557587166446,-0.02912771540781781,-0.03834807085073884,-0.04507237444480881,-0.012655271106507212,-0.033619438008407776,-0.04344211674289435,-0.030513887213196846,0.012066360389518077,-0.05428207040553798,-0.004332417367403033,-0.02013943648775365,-0.03045273776268605,0.3762422268715984,0.6284307315100393,0.06656657582058631,0.07027303641260822,0.026542644682061096,0.0157867784856901,0.026156531479564177,0.04285479641709969,0.014020082974264152,0.010281547527682252,0.011945160976973606,0.008784078146330027,0.0057751794857491354,0.004743168575915789,0.004906111007872928,0.004715235798000201,0.006948727892270499,0.0019503300585263928,0.0023997338134517914,0.003164922737965649
0.39310335857037887,0.39441632819523065,0.02224977248816518,-0.0690757732345305,-0.005753839493354157,-0.01704870847688207,-0.025628784829780597,-0.08962898369348819,0.04180519961599457,-0.0220128290156855,-0.003892671244564005,0.012858938508426588,-0.015123881595984554,0.001762983343828172,-0.03895140699059256,-0.0012238621775909485,-0.00778300312255163,0.011051341344706686,-0.008122262102843935,0.010577734291270503,0.5912574677989607,0.5660523040489637,0.009340000251724129,0.014400647704187931,0.00534025068127874,0.007256064724658936,0.0075305349745594975,0.02127105734264549,0.009636154238056235,0.006169033878866451,0.0026556953874216347,0.002633921157717061,0.0042342911128732535,0.0028069397824811177,0.005793168439411156,0.0016147934302697061,0.0018865537200262958,0.0017217733472265704,0.000886556748108189,0.00119841711197817
-0.5266286514137544,-0.4406035307731582,-0.1632462593727064,-0.06465363366942248,-0.0917079664825788,-0.05525349403121511,-0.00014310793630020117,0.05277347923449529,-0.014386005334637499,-0.03145957341469707,0.00893115901505065,-0.014731694706028628,0.017512498244227254,-0.0005678002982407901,-0.027079819912305816,-0.00464105249472705,-0.017117475811031475,-0.01807412345763829,-0.014218870034114754,-0.0066558858125041935,0.5781115027323834,0.3718096983481284,0.060283636129287235,0.03826387730537957,0.02879764181666061,0.02598566041508034,0.00886390516037245,0.010998313769912468,0.005414825220187805,0.008597153238955588,0.005393731194585587,0.007381696738191254,0.009562220549262404,0.006770530852223462,0.004240932173135146,0.0066381334719866035,0.006444051521938439,0.010047892395694796,0.0125785527077443,0.009326548693427817
-0.6852302196143907,-0.14795272615722344,-0.13761153941245657,-0.11529282683756845,-0.01306427565123515,0.021376137090478337,0.01570819646639205,0.01445875469652215,-0.021104462724852238,-0.0266850349299072,0.015462452835141928,-0.0047103940957146295,-0.0041222725550578085,-0.0011352286052626094,0.0018583516096732692,0.00028705074535497507,-0.0031449778913055304,-0.004792630973325619,-0.0022765351767256034,0.00023272616043863655,0.6767173963984084,0.05484507047650623,0.051403180438523106,0.035110180278469044,0.09194596361567112,0.00445186520967861,0.006384757609765186,0.01153979928828314,0.0069532499009421185,0.011383062818392154,0.004498922466921317,0.0058433137243355015,0.004395420240590392,0.003454737632284662,0.002498150855198923,0.002582281345260338,0.0023314167063117146,0.0014622838276262525,0.003523805587461436,0.002089861165351289
0.07461667782519293,-0.04725570831454423,-0.11728845138103074,-0.012161968811351696,-0.0013571043861988405,0.03364052667909452,0.02489606033519514,-0.04882723281156522,0.004870448053785191,-0.03447044910688058,0.06400981679049741,-0.02525657605906714,0.018592519167596105,-0.0061826760329074795,0.027157439297296748,0.0037467229265966745,0.018450172310187175,0.016610178473191503,-0.01113573787255599,0.005965743114479838,0.7751194362426356,0.5165495759995475,0.2202391754721628,0.16933994097370503,0.06537371832429416,0.061322008390397496,0.06957882422868177,0.043917109003099114,0.031625050920041226,0.026310951349267444,0.03184615505415418,0.031505741649816114,0.023497394837034412,0.019231614300282498,0.02063778400126849,0.015848910570216566,0.023909250509984877,0.01408860196248027,0.02150452637231901,0.012207889526688855
-0.04991607817842678,-0.006099579401863726,0.010292395778366704,-0.011195826295724678,-0.04073540258527347,-0.0357357345842252,-0.016815044031996556,0.02725188098963294,0.006289198612440913,-0.04025404224013253,-0.031178058249410057,0.028085942710264048,0.02434775024753948,-0.011000539145864689,-0.005644481440002856,-0.006601669007376806,-0.0051650279541796094,-0.005972512098363333,-0.016270899025166676,-0.027967269596371577,0.6149963560399166,0.7591095321132546,0.09270276255923111,0.08917918216816301,0.07950665507911861,0.05915426271151392,0.040630402959259466,0.03486102939104115,0.027370169710174114,0.024487512907359132,0.0335944096013963,0.017663242730765614,0.01909343896461269,0.01670723523675289,0.011951428766801726,0.01338391025116938,0.010757930433552951,0.010109980457259455,0.009632368987298549,0.013849446092224153
-0.13414570725996808,-0.14884438877477857,-0.003757125770058128,0.023630602866794366,-0.010410934780122774,-0.07605914754085608,-0.015522286636744242,0.0038318439614165134,-0.012484661681745095,-0.026532954903303683,-0.03526709161621232,-0.011508279727592276,0.0029580591353478582,-0.011090673304371699,0.007964221627084043,-0.02497024130617997,-0.012341800526830862,-0.01399551211192514,0.011799425233246582,-0.0180526989556795,0.5486173100298274,0.6636876926671721,0.2413854290122185,0.20525414319888832,0.18157186738331613,0.09915084187968257,0.09481370135265157,0.10636034516221024,0.08048162655763776,0.08191097611189371,0.07228139153822216,0.0740348368804761,0.05710473484292823,0.06440621951469329,0.04157265971567607,0.06180178141778807,0.04086706594830192,0.04505093172615651,0.04463091824169995,0.0419503964256189
0.052901046207021046,-0.011048065675284425,-0.052097623043178484,-0.08679014862982128,-0.020646933865744472,0.007840147310459877,-0.005549689994806437,0.00931752706344788,0.011958607547742592,-0.004646677728707886,0.006229870793034519,-0.018103307001264734,-0.017286595418105708,0.005899414953831245,0.014531524426359193,-0.006674839799960986,-0.01068713515696593,0.0005941600413463446,0.001673199368614141,0.0010017999549706091,0.8287526578695409,0.44644072520712125,0.2527002101980062,0.12733911014719124,0.06489341103822176,0.062245783030656754,0.05349220297317729,0.04125528520500465,0.04105179681544271,0.03308431855167455,0.01830997643319016,0.028408190797223322,0.019229459318761473,0.022817225072126315,0.021255004581032553,0.01592038571769101,0.01474301638583388,0.01355725196136813,0.01067307181148971,0.009676908915020413
-0.2836781997418768,-0.054250119481476705,0.11965644391434628,-0.06842090201377644,0.017031287941815743,-0.05056285924098243,-0.00527121481654582,0.019999750490043204,-0.017496027993456523,0.021914842491878778,0.0077151820048341575,0.0040798539938771096,-0.015362085784384276,-0.001833631075606345,-0.0018751261655782585,-0.016430790359511727,-0.0042408151746729204,-0.004755633490971451,-0.016009027307162166,-0.021962528443058463,0.7574405497595629,0.399923075018163,0.3176897196622742,0.14143805299474818,0.10575467633446846,0.09804568902310593,0.05647867751249676,0.05321276803195899,0.0471811691748563,0.04401348506129656,0.027807218363729444,0.029083331931676816,0.03526867532586508,0.02966186076121299,0.025806799093263114,0.02236044073752826,0.016544842119903997,0.021600262626111325,0.02057690106098647,0.022696694230784825
-0.1802211649174457,0.03293587180206257,-0.0796704391393235,-0.06383009802931329,-0.05963265722411919,-0.04860450250757761,-0.025528723508890138,-0.03626991766778313,0.017436512279920838,0.004443376278004611,-0.004030110206187382,0.05092041051845466,0.003674681784466721,-0.020286480828879398,-0.030020395706508135,0.015917774320283663,0.004008387364402406,0.011517181298333614,0.003256079194508871,-0.012517113746233077,0.7322211209430846,0.49176929091183924,0.3012948275930507,0.1482783472788092,0.11310819076110087,0.07790153638730235,0.09584815386920943,0.07310163313665562,0.053721509840503924,0.03918157642351269,0.04383684056372951,0.0509387252785916,0.0378231414177845,0.03505088171299319,0.03349127669022305,0.04362715275190269,0.039002288202861994,0.03330031908004468,0.03367332915071875,0.02777150481578174
-0.030356557342636353,-0.15363513353747346,0.0008615434418937277,-0.14282460652871773,0.0573112367097856,-0.09449935530665553,0.06926064319047434,0.1096026211639447,-0.10974265501928482,0.003952363459679552,0.0019969879642365595,-0.02433611637036066,-0.08287841613595813,-0.03216175708754428,-0.013945707561529226,-0.013958463774826218,-0.001831163540306921,-0.01829750444744557,0.004158632760566973,-0.015515968962313524,0.8768303437258995,0.23111181808215292,0.07605344758863546,0.14159142428471602,0.10646824215167933,0.0851156712937945,0.08332250345390642,0.12226003719340614,0.07470202124873922,0.028684601422064495,0.04024254756125782,0.03193087669013363,0.052122857810799984,0.03278275998425213,0.020329741886754772,0.03028156828867151,0.01923069926346073,0.019247238728555046,0.02726277416979846,0.017673571212768063
-0.06373167529845507,-0.1002786653104003,-0.007413149416657652,0.027879722594846792,-0.12858055193012755,-0.08270989746251464,-0.026570961428437945,-0.10877510317679881,0.09069992127100641,-0.008100171439726345,-0.03094642757784151,0.02882975159847437,-0.016024138158914503,-0.024150765064817867,-0.0075699679592751284,-0.030210222076546955,-0.008377397838711479,-0.05226227027037624,-0.048786815073582804,0.03107526762128948,0.9085960076118116,0.1982929859593335,0.0790293250776515,0.10159285725531278,0.09803812546025224,0.0645165836207432,0.05865301962240928,0.06362358048681124,0.06490678933555354,0.050053384127949976,0.03272865045024025,0.07065857084885852,0.0499780280628893,0.04466241463843989,0.03763301277062192,0.057996977080341384,0.03395897853721454,0.036011732133808615,0.0354706093171773,0.05139842842661781
-0.2483036757227717,-0.10652182173059635,-0.18451581066676415,0.11554248166544043,-0.11812280385307593,-0.0952745508857465,0.051764656087411015,-0.09174022780782037,0.01779432096694559,-0.09300989217553532,-0.0419145494303151,0.06149162197090887,-0.0533567385326127,-0.04957330439132393,-0.016033408770872986,0.029943008890288645,-0.004542947254705537,-0.03642575016895514,-0.015583586176582778,-0.0015976977015505218,0.22601507791768818,0.8169177183556451,0.13383845639136155,0.20129141078423973,0.05247519068305637,0.09908399049482897,0.07319290145668289,0.07749146267159834,0.0596120519027941,0.06602349099353381,0.045882974792955285,0.059178990739086834,0.04181660894734388,0.040442681229275176,0.03333701892949318,0.028176817935084964,0.028761366049738443,0.030696998989449647,0.03051370632424471,0.024650694686897578
-0.5440870533282366,-0.012095968994109137,-0.16932305073026932,0.0824078688985462,-0.07950376259458021,0.016892496830792945,-0.017730624446019538,-0.03960202643276037,-0.034115671064732664,-0.012870374432833485,-0.033460361575858404,-0.03925472441072029,0.00255152486522698,0.01286268693541829,0.0041673690682928095,-0.029908273448227163,-0.009496629360710305,-0.02743815308348861,0.020874447267616583,0.02114208554690266,0.5591324338536637,0.5155794619870898,0.14107745580502207,0.10401120764733152,0.11076789107012494,0.09228011937840906,0.04406820888324822,0.034075752756067244,0.05752034227406951,0.06468328411113353,0.04611369666627606,0.0414967308606905,0.017883853781630085,0.03850366726667956,0.03801545893726992,0.02627305240538397,0.02823794179483702,0.03551060834663759,0.020839914838966602,0.047337518552625024
-0.06293106879521182,-0.027509879873071123,-0.0580328516097057,-0.13202216344021803,-0.17171993790039278,0.024568419993877884,-0.014473693980636351,0.01905566950582119,-0.0204668923842352,-0.03355723769502754,-0.003539076856206817,0.018060903446870814,-0.002627265019117507,-0.01706549831701855,-0.02744361130519915,-0.003224544130614424,-0.00014077671874956487,-0.003868111557643151,-0.010518233570948629,0.02802079801001138,0.6999552618707359,0.5276576241171587,0.23377279308556023,0.15884861110974158,0.17041821565277154,0.13003543916975752,0.0844364227069028,0.13832949757400323,0.060084348962169916,0.06969603060750978,0.03719209309208938,0.04318505707954387,0.0330942592304922,0.029322953441728947,0.045188519733125834,0.028886365175939212,0.023464720162888697,0.03500743998833317,0.023784945565604756,0.024844150456927578
0.015325666686525307,-0.03107502544641861,-0.03953355014050723,-0.0188827552610179,-0.0019866434285313924,-0.026346403507090277,-0.018842320317336472,-0.02205581880947245,-0.0019271177668352519,-0.012268000380643289,0.001903051817985292,0.008169090442650009,-0.002280281256299371,0.0043459491819855265,0.0023356177129238384,-0.0032038106241692953,-0.009698680564020812,-0.0029014111771349113,0.011596446628513413,0.010165854670052836,0.8733304156357574,0.47084079739278184,0.0675862663935282,0.05909791508883842,0.021671580185615637,0.026591184033253085,0.015443237046766796,0.010954131373812506,0.011465182293591624,0.00768124895652344,0.007963555394360711,0.006657732762164522,0.011060192718522006,0.012367133201971492,0.00533157516427187,0.00500663339384001,0.004672283765987781,0.006958765323592914,0.004981054960521283,0.004577100602699222
-0.23146270102432814,-0.5916794855810925,0.008028732624121508,0.12170550477815568,-0.16079810313949605,-0.028304880606824456,-0.06702049085032379,-0.05453688631372345,-0.006118213815061868,0.007029913024815889,0.020799490107066953,-0.05154017074959458,-0.003781932761137175,-0.11061767387448258,-0.018897856383047987,-0.10522835638612452,-0.01835468842797235,0.008678551628294838,-0.05211317540077144,-0.022119432708694566,0.2703856976782577,0.6403206161482875,0.08851442805910811,0.08621021072605149,0.09534759340677382,0.03942658791895948,0.033566255199934183,0.032633718994364014,0.021500221830048006,0.022075427020832584,0.016324659148634287,0.018018934991428166,0.016838890532884492,0.03745130232041548,0.016664117444258157,0.031713345301494056,0.01979267115214765,0.016743180177102815,0.016440713658538386,0.013811358214432315
-0.33523289295584446,-0.5579714159065386,0.07100867774844186,-0.09265672778799314,-0.1604127308025576,-0.032496131336157356,0.13223406902124765,-0.15470647714135025,0.042703170663518114,0.03371630621670899,-0.09302110812493943,-0.13151583658174987,-0.06143360219957891,-0.00972144874949138,-0.04863325528677244,-0.01524401738826329,-0.08727697449716929,-0.04827632572202718,-0.09971936813976315,-0.013291644778370689,0.3155510254332638,0.5488069544118945,0.06898138720999494,0.07638872895039972,0.07515662949159886,0.06560790894796947,0.07723602887479061,0.060510021955889504,0.021935368894763784,0.027646135595020254,0.029551114565709073,0.04561309434973108,0.035585805710442814,0.01942463212901287,0.01871993684625957,0.013617188748879697,0.023678924724512156,0.015902864474125464,0.027165147622259134,0.011892426342613659
0.07639428219518608,-0.025195321110365383,-0.6220583010508709,0.1154445391547337,-0.07358512994327521,0.0010932386376678281,0.09891973029807957,0.07137353830693872,0.01963093078108886,0.01901962102805944,0.10446995177024533,-0.02475512059554315,0.05937786149058177,-0.11782433814572735,-0.004656590684192716,-0.07233484291058698,-0.0231340955425314,-0.07244562993631042,0.009223865891201229,0.008930833007544147,0.22545957934723418,0.15173269527298644,0.652854824140033,0.12647347716859658,0.059371462839393985,0.03932353597960893,0.05132992945045792,0.0300917978982999,0.03302412217139835,0.024956734943074745,0.037021659317389696,0.01864343520748537,0.020225594431333045,0.03509071561673714,0.016417499522134237,0.027038301770583067,0.016057006471932433,0.02791881772383611,0.012918379804223125,0.01034656113156797
-0.2650502432848221,0.011725720724331838,0.11071462447324337,0.12259067911760058,-0.08923593575028743,-0.3116384697845435,-0.5190755237550805,-0.13881904872069498,0.16706654706682866,-0.12174318308354186,0.0958862080885873,-0.22157750616140592,0.038387343280480435,-0.16896886865780703,0.10017402932676735,-0.1366313797364685,0.033499010057657354,0.0005231952476444243,-0.015058158932790439,-0.09107900935820126,0.3049937051116244,0.17198828576936961,0.09854972775581314,0.09966059359733205,0.06833731425502827,0.16101226189461168,0.36977345320887456,0.06401541591309694,0.08860016742714448,0.04179192506475138,0.04760435351695348,0.0739625234687251,0.017827532247512618,0.04879943575200734,0.035863474346260846,0.04569360388036581,0.020949450706707142,0.022642841367334833,0.016260056525624542,0.029064714024729866
-0.38528449075740223,0.03378607191308319,-0.35544978197450544,-0.01370319382207727,-0.30848797008888085,-0.07099795470781432,-0.14449222267708928,0.17914311643860428,-0.20237716698806238,-0.24103133039624206,-0.14673501914224138,-0.2833743105350471,-0.10939034045985467,-0.10390217065467793,-0.0823806872940102,0.07626658229245707,0.011445521493415276,-0.17898480690326476,0.013256757991393487,-0.18670006692711302,0.16008340403889962,0.024272797949196602,0.33063542001338697,0.09565383196206205,0.21475586866273075,0.06291460816992218,0.09453589979438806,0.08722524402189175,0.09707249806968651,0.11673185982596394,0.055488214548635666,0.12918240609299386,0.04246726609844221,0.048378038805912654,0.026020351453677815,0.02415857909302165,0.023490775843068492,0.059879300719473914,0.01680393634484968,0.057510850459434416
0.42837431833790157,-0.24128445444816457,-0.0947036476358817,0.06588177000615522,-0.019776435516931576,-0.08908597672854697,-0.02889832396249306,-0.08687470678642363,-0.007444213323970875,-0.03501584959825513,0.05270060306833172,0.004003643579706322,0.07687924987351363,-0.07430710254999727,-0.0084552331947954,-0.027303786965478586,0.003645741335384743,0.020091125239544216,0.03724910018732766,-0.05503417440504862,0.7877218370779149,0.1958596874471308,0.155113343776282,0.0734443329362207,0.07686272058169988,0.044790236137334336,0.03635288247726381,0.043523702620322735,0.023682896860081442,0.04836194916855257,0.02302845945386301,0.020182831903584823,0.02889498018169969,0.034596705787313026,0.019285206927584286,0.016392982798297807,0.01294797631652428,0.013289418387927994,0.02020436807176761,0.01969901455837188
-0.4511465592200207,0.06050316381281964,0.17545718566180526,-0.03423323064148713,-0.05130263635038374,-0.08198667636903308,-0.05270102993737994,0.021027078240476806,-0.06513536946171362,-0.05512506982134105,-0.02093953739972788,-0.09134537918106071,-0.01985427146653934,-0.09237943683251025,-0.033800750271079115,0.035322142530894135,-0.0022142981169897577,0.013014595335842833,-0.03799218762074456,-0.005644067865554265,0.8017375915242648,0.17247574062019608,0.14021872121203136,0.0577207118334884,0.10880941779685421,0.06030987054783793,0.04397897422550432,0.021677227330540453,0.025994842285533497,0.02981923729399259,0.020303813789554415,0.029256240730027794,0.026452253225582926,0.028616176240840136,0.01717835316794768,0.01754294621066376,0.012525893862879799,0.01540697559402436,0.021509826080821626,0.005262236764639378
0.12213837977567003,-0.29191496786526294,-0.12244082953905774,0.1598491701295721,-0.1270564073647651,0.1882183786863714,-0.09939403928567252,-0.17466843556875744,-0.04437623652726316,0.049245294489074984,-0.1904025254416327,-0.11800329000813414,0.05455416050072835,-0.012137350645011195,0.07721900232214662,-0.018089351407046924,-0.08397331630975227,0.04227200523846046,-0.0020896141629752774,0.012282078063771826,0.7416809753085264,0.24660111119092767,0.13492055816700374,0.12540617487558006,0.10878035810760196,0.0937901605878937,0.04533589846812967,0.08094860369013267,0.032719881914644956,0.030741232611359394,0.1061726268245482,0.04551201301366047,0.034715535520202984,0.017146984068588236,0.03475895034798572,0.0201312820928678,0.025699802975603866,0.0193278984724952,0.018264259255266892,0.02183058138012002
-0.27790025029969806,-0.05920150393697612,-0.021784068069747024,-0.0244867826709594,0.05423756489722804,0.08096924523386195,0.017077274213196766,0.0039716071019326145,0.011226412024687393,-0.006780792753831216,-0.022269824736694154,-0.007551670260259876,-0.023402103948147644,0.005033382284028014,-0.01478113216122919,-0.008933712382089103,0.004931860730290238,-0.0016625715742595146,-0.0029131825388915744,-0.00100419944069208,0.8156440429916391,0.312516720378709,0.19698723261807205,0.14595129043064142,0.155277593136671,0.15159578982109165,0.14816293328990904,0.039961616367701035,0.04786490985891729,0.025337811726203387,0.05009919153858463,0.04434213960393186,0.03822673125880405,0.027262616479465703,0.03258148743018821,0.02624640964648059,0.016148086225819567,0.023063329953341778,0.023665965145204818,0.018663144854919562
-0.014700199221033688,-0.044468838201185815,-0.010628048009190087,0.02708570102860263,0.008069993082765195,-0.0004901164683447029,-0.018473106323202815,-0.03078079370366711,-0.02669653541237533,-0.014553545378044014,0.0010847848223480875,0.0029014666263313185,0.005223737704534233,-0.0023236041052480372,0.009085410327059975,0.009855531308120353,-0.014947697498569938,0.0037202565287046303,0.002716646474412954,0.004542490710543857,0.8836631222402737,0.43845839443926576,0.1075055037322321,0.06001974044240713,0.044093010921339874,0.03606471264293452,0.02381237174230771,0.017302089839001528,0.0188214643145913,0.02108449313521149,0.014732574150520785,0.01161824708468296,0.011150789861370945,0.010093493246523809,0.011670328669096666,0.008911546084261968,0.009255210910428203,0.007043458277618465,0.006488790546009907,0.006828786053186024
0.33625319956601263,-0.10034309170392296,-0.14793069775542814,0.025843235546328572,-0.06272848534156819,-0.07007020006806737,-0.01571072036833019,-0.0114337943261535,0.0025461478114558954,-0.06333656506453228,-0.037968479106677736,0.0023504702713039757,-0.0074624012241854085,-0.0042026571438948356,-0.0075741958126924,-0.027047539619776934,-0.0007889083105216131,0.0032224441236326324,0.009182615829032478,-0.00884977250796708,0.8908384658703159,0.14320785136707048,0.10207364887892408,0.05180130342831217,0.03654107842304954,0.05394167752581126,0.026604070299639817,0.04785795542060266,0.01980612870327983,0.03364672900690048,0.03497854333504993,0.01159887194289967,0.004512178206104712,0.007511332030229867,0.023064613595424895,0.01371906060814662,0.008232285135264165,0.009328948241511856,0.0071158894438886995,0.016073632040827398
-0.6587362163692161,-0.017610475820367306,-0.17246066971672272,0.110759977759989,0.017700685477292175,-0.1743278922519376,-0.012795791352404773,0.02753385771418508,0.060837243086757316,0.012361577549307763,-0.04662025739094134,-0.06619239846206948,-0.016156399747145608,0.022148900864124695,-0.029014128797073584,-0.05497361589873521,-0.01569684993635419,-0.018392590342618,-0.005249082874118503,-0.008967151997381623,0.6729919796097876,0.0859767194209356,0.08911509223831734,0.045989003040420015,0.01104225923989056,0.05358361618293587,0.012697021199716382,0.009487130680912621,0.0293548117548288,0.019003757571904048,0.016956874358883843,0.0273106165584695,0.007706989488685544,0.008279957643448781,0.008781532438334249,0.011592208529076917,0.009455510673562597,0.005794352102429848,0.005161588443567429,0.0068735309467175725
-0.3489902475150976,0.2821977852060048,0.00983939613976555,-0.4647402634646031,-0.19604758677721235,-0.1850577989914278,0.09467532813853054,-0.21882393812268128,-0.24900852997891257,-0.2731580384612922,0.006054640855579414,-0.1404465748715622,-0.2201116831342533,-0.14259643628317986,0.010141458541784032,-0.13610022962232257,-0.1032411793190924,-0.04328951575526589,-0.0640314548368678,0.011603423522797045,0.26743065036030506,0.14969213806535944,0.04927445106430667,0.24282162883895975,0.07109109311734761,0.05041466431673099,0.02651529048773568,0.05838388060988746,0.08014728097514329,0.09178505017569755,0.009515048018718976,0.032943809547001546,0.060596068140599195,0.03452450281925576,0.02072864193205208,0.036668081767853654,0.021078949491849307,0.028716690315962433,0.036407305996725946,0.011031500990627175
-0.47402375433682387,0.22354147887496018,-0.18647103099263443,-0.3051371982458654,-0.20364186997674322,-0.09721887948199417,-0.03187618178722036,-0.19256593051288207,-0.05383902362723739,-0.17129651854622369,-0.258532454248956,0.09469503507853058,-0.03553319537471872,0.10019162914901385,-0.177133474600091,-0.12631979678304509,0.07964096767729793,-0.07741288378455399,0.007574861213588845,-0.039879503515630486,0.4432970016259684,0.17461948937398794,0.07040250885470502,0.11431858577713072,0.07129157808320456,0.1552055490249391,0.06296745945605212,0.05440193703412259,0.0804127455781895,0.0978910236553673,0.11638535005426402,0.044361680099379,0.058201479964530727,0.05360649628488696,0.057960299407850004,0.04040242958575084,0.028760659513781074,0.027677344162297387,0.03933188912809197,0.026196759102786567
-0.20284474353993803,-0.6035544770408229,0.14818807287993516,-0.06994137097166439,-0.007192275682450586,0.012968512890300751,0.0012637504430138195,-8.070360805419441e-05,0.00433406154706843,-0.011146865338155005,-0.004494498262962982,0.0026915408664087465,0.003164889151103067,0.0007902283813918455,-0.0011405589385138288,-0.00162204506224355,-0.0006177373453705354,0.0006696907481761431,-0.0013316410310284267,-0.004909113241441259,0.05872752725479818,0.727299546838926,0.15410519373778137,0.06335310999134021,0.020418833918642486,0.021425990965385815,0.012760295704229848,0.016162793675078793,0.05937198435345815,0.03654464950724812,0.019728112422059726,0.0055366413916771605,0.004431096888968695,0.0032841857200944877,0.00352081889639567,0.0028349233260223385,0.01851022295797334,0.0037580709356956833,0.0034874943850380226,0.010743519727066496
-0.09813344940322698,0.054790264105272615,-0.12895371520027546,-0.009365193989726992,-0.07249643694271,0.06714524035680053,-0.06052491452663712,0.00596562933089489,-0.017606894177896383,-0.02610053854245809,0.009215081971068236,0.011359990623483661,-0.007521121311788074,-0.034413156910393095,-0.0056699829647917435,0.004108806917685881,-0.014540892229379508,-0.020725995893901675,-0.0031106148014726346,-0.01002130379351481,0.5637683709396284,0.6024328595770165,0.382163176212156,0.21145471820541217,0.17124392502461513,0.14628072283956498,0.1235905432552281,0.06307281017336107,0.049093807714579905,0.045907055979792034,0.042591788003924595,0.032971789283043944,0.02532990497857233,0.03472268691191673,0.027076144428660888,0.0252557618103974,0.02457877679025625,0.021676863286189896,0.01823495957796999,0.020024229222261058
-0.5276609379653544,-0.16119644820093948,0.07566998411779056,0.037383105397593167,-0.0283098890300442,-0.023841374201770106,-0.003979978205534793,0.024841286627097683,-0.0021700496126366778,-0.010241369701827064,-0.006130686029957761,-0.0077563216945031755,0.00421811479522128,0.0005210809381975417,-0.0011203398683243455,-0.006671836434261707,-0.00015714926523643368,0.005549589413553375,0.003657175045624372,-0.001741720021575183,0.7663273862083972,0.2644912167396208,0.1228443250813776,0.06141276094087224,0.0583137450567463,0.04356637987064235,0.036892526062285776,0.041877582808397686,0.016516408234369912,0.02208734809319257,0.009751366606178114,0.01526302851545226,0.007914713785017865,0.011253329409927083,0.006678102071698701,0.010612429586595725,0.008306316174421496,0.008030395975990904,0.008768836893359938,0.003255679504698898
-0.021871432198846342,-0.04437238145695483,-0.015462028312337268,-0.02588250174735813,0.05602420522005129,0.026826070197635953,-0.006524357405079212,-0.042603655839278734,0.02145804377565862,-0.015669314488238557,-0.0006828950620144385,-0.03950655948854406,-0.024669806797961453,-0.020921412427545444,0.00963998421669119,-0.021526750644081296,-0.006010133806382198,-0.017544079720363665,-0.017524498973457318,-0.013215255308478478,0.7251058845564899,0.3357338180654418,0.37360567760885777,0.28807264323573156,0.21718126980516814,0.1520546787167919,0.13082397769654328,0.1103640351199215,0.07319745393224637,0.058741950396661656,0.059648635816986983,0.047815739369657655,0.03144915044844357,0.03952656140662921,0.0378789491890607,0.041434100552857026,0.0369422661968447,0.041489084917900765,0.03157278055581595,0.033871790987612206
0.34823743454097184,-0.1350459092454452,-0.20848797429539223,-0.19449987734800642,0.09420126416644334,-0.0847974210998412,0.03049120479279085,0.027546787077957827,0.04650327623541912,-0.03350997415529243,0.003719438461561283,0.05275077884746259,-0.020215918089978246,0.001648943184774237,0.02464655089934149,-0.0050101505773604525,-0.003256515373920516,-0.0016297079088685709,-0.02421428441606489,0.0011240246190698292,0.7802415327044194,0.21651515814152913,0.14917823070470282,0.12387917964045879,0.09224871914431693,0.1612413059861529,0.08372576071904736,0.03997353842796798,0.07936085873542838,0.028987919197161486,0.03307675091639139,0.042510146687027316,0.03703548571349929,0.01981709485731526,0.03418949216288286,0.032481090678587246,0.03689713128747601,0.025018848693510447,0.02577211542660495,0.025773627135723228
0.06672944109790778,0.002982482604981243,-0.09732497009816292,-0.14959814904834223,0.001203225099955701,0.0018567620737162125,-0.02022826166338788,0.03307627493584934,-0.02782696984801576,-0.002169169078224974,-0.0545285007845875,-0.06237647574556865,0.015754851709765122,-0.045021244919884906,-0.030531692404493,0.034809297324889785,0.006453506736059231,-0.0029138582757879407,-0.00522511693085185,0.00392692823217206,0.8673624769374968,0.33097072103734176,0.15823160680224332,0.17975206500003765,0.07800973300964768,0.05960374436883847,0.05444002020904359,0.05403709009337831,0.04416002868945956,0.047438139765380125,0.04232312498048052,0.038600236609183346,0.043226884714015985,0.04015551833770707,0.023475852401451832,0.04190571390786804,0.02508213026643355,0.020872563891162738,0.025669974053790102,0.017334282368602745
-0.25539722449730917,-0.040101967010862584,-0.008510600014869384,-0.0021636583107150866,-0.011675981870982073,-0.05241385469015656,-0.09204361376830335,0.04311505078611451,0.018817359260197748,-0.021050770897028382,0.032237582524402585,-0.027846783118257643,-0.023087869682292757,-0.01236892126307393,0.0053176951725200415,-0.014142203637965513,-0.006416391490816136,0.0028391733956889546,-0.003554993238994101,-0.018023875562718016,0.9063139381275059,0.21734296865691477,0.14850144995205175,0.07058938888117341,0.05256980729905262,0.0638386223805038,0.06778074983864969,0.06295746961768436,0.01777759006129085,0.034840959671289716,0.0231181482135013,0.016447847603196047,0.02309692540156802,0.024410141822930748,0.02107949878298985,0.012836938442442661,0.013620880530377893,0.014710722099846531,0.0137775421663085,0.014802218052951436
-0.22154650550304336,-0.30028724680370855,-0.056716891722264524,-0.04266971516274864,0.010791719754212259,-0.007539487204601804,-0.014635781863326326,-0.010798977047973522,-0.018964565289209243,0.024838750553027,-0.03717608265799955,0.020722459437829778,-0.005515965983643732,-0.007013711424711133,0.014694654084769642,-0.013341478466724715,0.00029985777412084615,0.014310985835275467,-0.017602718368503245,0.025698446231156535,0.6712064950075295,0.5622893923711492,0.19521350699176965,0.12397258596950159,0.09748785926707101,0.07304659830331567,0.05416448551999948,0.05754688129221886,0.03681704249906284,0.032600407620544676,0.05454758195330674,0.024723226262189004,0.021848608114545677,0.024666290723962196,0.024622404932366,0.01740664786434036,0.019656393714327848,0.019492366910551662,0.01883517580043657,0.019875163082362434
-0.23630744633486658,-0.09955458547460977,0.01599715921168303,0.1255025864439745,0.04354144817661014,-0.017307294380453364,-0.04548180547921067,0.0065026849636355055,-0.022837494115528933,0.0436178271022041,0.0007743133686420966,-0.004196943473187267,0.013114201256194561,0.01003824720492774,-0.0028375440092114445,0.005419712973351762,-0.00125966746759401,0.01679379069051617,0.0028310740533635916,0.012990267619496643,0.6191242207714607,0.6504151663757924,0.22342186250142446,0.1205616599128874,0.10902059863910951,0.07272638533408017,0.07733350293569037,0.047131515024118845,0.06630182947862655,0.05821038555413766,0.03638203716061913,0.02906514560895613,0.026788930025228662,0.0341439963981794,0.024851078584908596,0.027625974196931493,0.01644354316428325,0.018735524417273774,0.020539225348529668,0.016668437887888205
-0.2806313372928632,-0.06890375197719244,0.08777103443884356,-0.14502314327185115,-0.037950988322585484,-0.027216373114465422,-0.06740550743354994,-0.04288071238814422,-0.008971136209259052,0.051450124262709805,0.019700909519701264,0.006352354975393016,-0.004787012675873327,0.020070166620413138,-0.010199233193538364,0.012193015418383676,0.011916726411991138,0.005007275486017873,-0.012627468592229395,-0.012036284973111554,0.6657438646313356,0.46109358222223185,0.3303333911268009,0.2508224396469737,0.12060025704477295,0.09554820748726695,0.0884457341882314,0.0709960489112404,0.02522550590160298,0.05060584256451404,0.03634914743119217,0.040532743401785934,0.03639128788666242,0.032542825631834894,0.02006069042457062,0.018111093161836456,0.016279612587765793,0.021396864347805872,0.016148978507386443,0.015607833247547805
0.391122130371491,-0.46089207480191646,-0.4069531402782777,-0.11102745357246387,0.23456006182548983,-0.19474368300033845,-0.09147786059064768,0.1581218916216915,0.04669175984530258,0.013118640210424486,0.07451818279288759,-0.04657790965363325,-0.1061355884856216,-0.07317438904603085,-0.037356231122549294,0.007336608651638514,-0.02713668536818772,-0.06407281969517606,-0.05162621957460586,-0.037042111739086406,0.3030875935251731,0.3067559024064928,0.2762175439615184,0.06240707949262113,0.10450162852277269,0.06768303117656371,0.06237085641623198,0.056357383882043845,0.026751140848323456,0.020983417323828166,0.023197022263888773,0.015641225819115735,0.03247053388497792,0.018518770570855,0.020687071405176297,0.007348713191582731,0.015024329142538432,0.016078732355151105,0.011264911625103935,0.01335759133590981
-0.7014342689957428,-0.20430631779883676,0.13510532726752675,-0.04702339704975377,-0.06518957728995341,-0.06143172960971685,-0.02503473743131096,-0.027852309829103885,-0.01363476072011189,-0.05282635474734352,-0.06576760684184206,-0.01934992621359679,-0.06693674263211621,-0.04977201047535738,-0.00797632418111416,0.009953233644423033,-0.007471859778897347,-0.03692453764370596,-0.00019903582654358257,-0.014518884087367515,0.611865594933054,0.16238948564737155,0.09583641890940497,0.03898428153114242,0.062438394158192224,0.02836163730165007,0.024845067233382718,0.02439743266063659,0.015865389981670024,0.02462257729912035,0.019071809536059865,0.01318513492641304,0.019157801056063104,0.0144487199603293,0.010826217876901134,0.010196339474484475,0.010431591208438616,0.010087068568953096,0.007969082623069772,0.00974906356609949
-0.21607030791993398,-0.6625129619374654,0.029934211102865052,-0.16856105808156224,-0.09811721180055717,0.0659794430331876,0.009709828297233563,0.0633459153423364,-0.032063675294386154,-0.029374293641728846,0.005900774571277994,-0.019406294361200296,-0.04289715855893686,-0.050299463293154316,-0.021308654279952183,0.025608439924556827,0.033018267668748776,-0.04527072771818773,-0.019047747868461414,-0.025560989284803024,0.07795390879807719,0.6502901537086114,0.06954769935504851,0.11913765316194651,0.04796338664292289,0.03560522280144625,0.024033684388566786,0.02974554401064478,0.017480997700018076,0.011918287491643153,0.01479316908792559,0.01728448327969246,0.012460902589118547,0.017502031519613055,0.008776669380222825,0.00882805205996591,0.011008222748942373,0.012752891165438705,0.010081080315449941,0.008555692304559428
-0.5559164303275448,-0.26392844094058654,-0.0931246828507369,-0.027187613742798468,0.040203655648333295,-0.03378202404557188,-0.03816568735202875,-0.031561209827344665,0.025006645838683863,-0.006257678004040542,-0.023114074838319714,0.01097093825596781,0.014430589319293332,-0.017759899666167395,0.014665211318145915,-0.006216870996161016,-0.008279589379062223,-0.014328314571375475,0.0057248472399165,0.0024752180740105563,0.2096254475050703,0.546467741524275,0.32301048028766277,0.2731833132999219,0.19552785065459244,0.13304637644714234,0.0679453657849836,0.0691421471102843,0.09617228594981264,0.039908585646021746,0.05120920624832473,0.03045084894792658,0.019329555367776887,0.02350888144156655,0.023748254958130557,0.014885591802557033,0.022453071992565236,0.017353525394067038,0.01787686738123782,0.013237432502149689
0.0903053117151221,-0.14741809171050974,0.00281598830190517,0.002246523932518544,-0.03506128944689239,-0.053688403406748755,-0.037776456216388796,-0.02586693440147366,-0.025911620007935298,0.011235973647221497,-0.016039019496005565,-0.004358949239162127,-0.0037005945009926603,-0.01893505716150312,0.0023222114825456565,0.02038078908509313,0.003933728447475441,-0.010255196590651541,0.014467372161274448,-0.004943196237303312,0.7583742850313019,0.5395750488482245,0.19581754371389498,0.14159923803594401,0.08653005969105848,0.07188653984888976,0.07907383333236923,0.055536572987395345,0.07082964169444975,0.03695818074864492,0.04516699722367181,0.03799588719619445,0.0341850050986784,0.031180864074559098,0.023535968326076028,0.024098743135648165,0.023327185879647844,0.025677787726298446,0.018520447716682452,0.017954990374729012
-0.07217057988367251,0.01752169072623255,-0.04087301928203829,-0.020537499136062478,-0.008374392171421179,0.0042638866733129156,0.05161477853358523,0.020568598266554623,-0.05215953312756772,-0.04102557891384498,-0.04353321243185726,-0.02196489362532923,-0.008698107852426248,0.016320019804324286,0.004762186330526103,0.0032872208407125716,0.003210021930989146,-0.02907855717812706,-0.002502386877341134,0.00536740422200587,0.9071096731563421,0.17782662665272536,0.2589871503072294,0.1555136045199932,0.09484223132223589,0.08078145122572206,0.05885307292960557,0.07340539678684217,0.04730901622287613,0.05014762475243376,0.029682267608204704,0.02260531242874644,0.030228958667475665,0.03610705696635478,0.025703784924322893,0.021480151002531787,0.017914056972428188,0.020494676249604316,0.020575763486733636,0.020448053300568692
-0.5670376720735655,-0.37890137187961836,-0.3327187123508068,-0.009767009554054924,0.00747770250161125,0.0016522653922255008,0.05135590597807166,0.03946249329796626,0.024689009617438393,-0.040999838025365686,0.0079635609194759,-0.05650002798797845,-0.028891746733429303,-0.021815764997227056,0.006919383627960422,-0.014512946742141498,-0.008024973846855648,0.021031028596017583,-0.0013750220779444784,-0.004360299845512768,0.28323386095768677,0.28465246290614654,0.2500146992671919,0.39672297158726344,0.061526146441278795,0.017118284589561373,0.07279821979605401,0.03536943553385547,0.06769821979545602,0.048155438341981105,0.03619907529142079,0.03681539511496201,0.03337366699884653,0.07054002459586234,0.008165414323776618,0.03936285809374847,0.023284920072602883,0.024575921809437903,0.03552357271911312,0.027439519433505515
-0.024431166066199984,-0.033095684336193,0.02077221750002462,-0.012083697917999889,-0.0007385019100036028,0.013114621791342485,-0.004683600459447933,-0.009082026208559954,0.007948921762269745,-0.009787114843239844,-0.00682205207749077,-0.0037824910703496777,0.003838521767461411,0.002996519039284182,0.004755452172040055,-0.004731519034000723,-0.00041131337698738197,0.0021115653494883507,-0.010041338827431277,-0.0034201099495047567,0.861885904952737,0.4332591284521086,0.1759588924733095,0.12450028449741278,0.08241201468342961,0.0698624842823737,0.054434301704787365,0.03919809655347543,0.03597283286427738,0.02405801932383048,0.02124006985104349,0.01921298845426021,0.0172821972014496,0.013719238528879024,0.015040304131036878,0.01244723428498557,0.009327112221329687,0.008860486053269962,0.008648376406403521,0.007174292274661562
-0.2935856615865583,0.10562495991993241,0.04502399541054777,-0.039145901703463555,-0.28183390863432756,-0.05702868242142971,-0.06275912393580697,0.02805383469413074,0.02835075437189365,0.10356928540755383,-0.021034605040460872,0.03707429224811204,0.05642093520184315,-0.06857910282867852,-0.02631552614238587,-0.010269258116573365,0.028953499960553675,0.011640075340576365,0.023858424891241646,-0.03388267792396987,0.706939540816225,0.3127896825935784,0.1676295852752484,0.2829583709027938,0.1918459984479862,0.12958629069404784,0.07914497391763717,0.05807442512580575,0.04358710570032698,0.08062918376881327,0.043591079665785536,0.031467771608105,0.03208662544703541,0.04092674302607046,0.0378569505936422,0.021245078211241893,0.023437830869754567,0.015210253734610516,0.02766844645240954,0.023097647542739342
-0.26367381682444574,-0.19752678808321628,-0.03169633981748225,-0.16790519103412346,0.04857032147416778,0.03051800370166444,0.03004391461719489,-0.06279905749653997,0.024600661475294185,-0.06702801443507662,0.00783377700690675,0.012729066149169636,-0.027455839420869748,-0.0017216119632056037,-0.02457000572445047,0.0056480342424954245,-0.016342071260310218,-0.004782339337137081,-0.014372407037713789,-0.007826980837061336,0.6220301922130214,0.5415388164646474,0.2839506852164094,0.2217741744372052,0.1136692625278134,0.06592428008443914,0.06521132053509962,0.0655133699065594,0.04648960918243583,0.048959916276900065,0.035709833160611854,0.031036039047847696,0.028049394470141164,0.019719692900175192,0.024946967989496742,0.024171425234267817,0.017846134223691794,0.02630726651719906,0.02110326232919969,0.020258928771855495
-0.5513654982672271,-0.0566596913989885,0.03170858395740732,-0.04650641425830936,0.0040290388084050525,0.016051127096021748,-0.021159302696877956,-0.035825732550147996,-0.0044882492093487455,-0.02672125468454009,0.007016473792316377,-0.0013799222057335817,-0.018796306719157548,-0.023685495946010313,0.01566931871275278,-0.027165588068600248,-0.011523073526512849,-0.001782929320517815,-0.00499125336596567,-0.004686041074637256,0.8188406460406396,0.0798335756443495,0.06056164625161498,0.05031174515918285,0.022898309885132008,0.019241637764449343,0.015570050257285924,0.010619500925470675,0.009212804217274667,0.008757009217695566,0.0059994764140495795,0.005883122957381437,0.004941105576958281,0.005574863170534146,0.006417374333891813,0.005847091501687093,0.003374443898561348,0.0038228690032346196,0.004800777808066298,0.003498106398404682
-0.4667729355301923,0.04954250246171838,-0.13348164804137913,0.020869150336876,-0.06322299852391326,-0.060219427723267875,-0.0026082988143958812,0.02270109414749473,-0.015139267985090937,-0.016403658272862245,0.005863322417188163,0.016360038362467143,-0.0068298799501999114,-0.024287353641207696,-0.0023644725268717236,-0.0016419666696852672,-0.002344604436791676,-0.012007556239317669,-0.00811077970547373,0.003122910348050376,0.8517193952639774,0.08772445599082186,0.11561089419845365,0.046741663010182254,0.03147280458054589,0.01993728012113534,0.021019201767985284,0.008510317124478169,0.009620685841372609,0.00857124334145757,0.011088624488649473,0.009460433305263964,0.008999774570449924,0.01076198077621697,0.007045904281097118,0.007570232330154025,0.008359083275198862,0.01277461252012663,0.0070784189286549875,0.007735516636574503
-0.5576497391121031,0.19921683696345777,0.11863156901114681,0.22919489350638314,-0.13798788857110886,0.10108440808609591,0.06964919558357476,-0.12500407300969688,0.01583310233036851,0.07366577078259992,0.0480959235623699,-0.06700422213871168,-0.08591058585991691,-0.11583037727740711,0.037606767833840336,0.00930921315614354,-0.013587345098636643,-0.005696174104811404,-0.017823132643330217,-0.00894849424847214,0.6530420122396002,0.19148533150883834,0.08851162801066735,0.12307937474199325,0.07082085666529589,0.03863605260696416,0.027021001854150847,0.04136779920519229,0.02227031503987186,0.015204363960686832,0.015860593649933898,0.017732395458412605,0.019277217218056475,0.026362382487277656,0.009751378818836476,0.004350432001761749,0.005269864410203957,0.003332685854792685,0.0028801876187108267,0.004769938717701869
-0.31887836945904374,-0.24345870009918608,0.19355713281716977,-0.16444187792730716,-0.29196360828646073,0.2221599456587214,0.1090023339206621,0.21162223748305597,-0.078464877604957,0.15152118382026356,-0.010316398330945067,0.1682203668866609,-0.04913515465851356,-0.09135952361098651,-0.015129574915561621,-0.07265706922555555,-0.0020555564064066952,0.08350019349363978,-0.009669461528679807,0.02436643359021192,0.38177465857904924,0.3925356015060007,0.1787335061052853,0.12243743750539712,0.19147941475791824,0.20853120432455688,0.15315737281061384,0.1662506350354481,0.048095492077669826,0.07395839262936736,0.04699152431396045,0.07789505037997069,0.03075369997733036,0.04620683513068567,0.02025745327141501,0.02357276662847165,0.026158647740668284,0.041568682393299236,0.03236218250813744,0.01546535474703736
-0.4575140373615487,-0.04017353559311331,-0.19445988841258532,-0.12253894624776066,-0.12137789915471288,-0.09380323594337596,0.024487184740416796,-0.1104503241744541,-0.03134935751576135,0.015104197369668688,-0.07444353692318037,-0.08499305475873509,-0.10503561338644166,-0.03582057324519894,-0.04547570259561996,-0.03477610454681816,-0.01635430054012609,-0.025961057673773602,-0.07044236385006514,0.033530519678412765,0.5711769796390711,0.27436447505329137,0.2732838763704925,0.28632734125157,0.08765161672244885,0.08682489832691725,0.07296998215821092,0.1255078042945896,0.09953502685693558,0.07116382574693061,0.08812733379087458,0.1029649857117167,0.0644288252013747,0.0793165956280513,0.08022391581947598,0.05669139719213625,0.059243941005560824,0.05051443495062574,0.08132497971790727,0.052124048648941726
-0.13835617739896838,-0.11812065331250994,-0.3160933525811679,0.1514875461296947,-0.25238449088923537,-0.12678940899770846,0.1499834615866202,-0.025406258599960745,0.0025840217467232875,-0.13285570958230314,-0.003451680679144833,-0.03595775331401466,-0.034798754647867323,-0.0581523311790478,0.01806026511666146,-0.030143669011159238,-0.024343970458805046,-0.07137732323841782,0.03809139153733309,0.05483766128656256,0.7309406645277154,0.2111751237044804,0.19529989170488157,0.10357284841756273,0.18868921577633327,0.09414227548763657,0.10944573160989673,0.06124531794216815,0.042472329500768846,0.06328367287006012,0.039804438464098736,0.04517363203692818,0.027734801867261436,0.03613877551251385,0.031127916873269917,0.029384863039535393,0.03479884367792035,0.03606097086135268,0.042392089462405406,0.024663506495999347
-0.46887915067415137,0.004375877233836127,0.006029565699178339,-0.02178293767208366,-0.08543498367030185,-0.016199319348260813,-0.00930603398925446,-0.04238096613638502,0.09187019477666948,-0.04251294121962018,0.018070714196035426,-0.03211492613272742,0.013725127443900061,0.007936598528175819,-0.027706521961405405,-0.025941361632689248,0.010812106942502083,0.005795294490967034,0.007199673717379523,-0.00188191329813005,0.5265509366236915,0.4121124786418395,0.22009817494668643,0.3215696500679348,0.24182650049418777,0.14895589492174685,0.11064690139519139,0.09355082368623255,0.12980974622850713,0.1157806866856158,0.08491474289922192,0.07356834786780195,0.04840112267205851,0.039805093722683454,0.04175304054595346,0.0397197103431194,0.05547380457916501,0.03218898644587975,0.03322017909648978,0.02694191135221033
-0.4950532370150573,-0.24720344923638332,0.14556608427780407,-0.032795352118827545,-0.009153423788125541,0.07036573123882112,-0.010014005410363727,0.00295791782559901,-0.011049712724395496,0.01866143052384357,-0.02720559199434633,-0.0016952542386248865,0.0036091141672741096,0.03147319133380931,0.015176434939912229,0.0064555766930463,0.019392769238802697,-0.01949871437821563,0.007513216064581743,-0.004628219287359004,0.31704360228871065,0.6044931165533041,0.09883489428718975,0.30915034908836675,0.1365816040114324,0.0698099430516978,0.1201998803463785,0.1054602778999508,0.052263423071470395,0.09672044492500059,0.07655170580943964,0.04921753620500093,0.06948264923510794,0.045341273967012714,0.059189851847271366,0.049401169476084784,0.047020885749407056,0.054358914904510384,0.046784986699855646,0.04648303693465693
0.2563383676150731,-0.144226404085466,0.0173021415226215,-0.1508550547853667,-0.08650583439236276,0.010527089613811741,-0.0036142542188993053,-0.035347718772326814,0.08228849683348353,-0.060156960978023075,-0.08104631886486739,-0.001638420969126116,-0.028375840272836825,0.011216986088779293,-0.03719267869008912,0.013316890337481834,0.013379842958181893,-0.006104477508911873,-0.0019505430155266265,-0.007827405211982625,0.6676936521259316,0.6059013081466003,0.075308728907889,0.16487905937977673,0.03247348281468507,0.05379128176470819,0.027605043263781666,0.014295062611005322,0.07870659466596465,0.030524412836630682,0.02597605766132663,0.016571378108299416,0.025427741457137203,0.015413723998467509,0.026243450851857714,0.02536510976919115,0.01436270092461427,0.009486892377967536,0.016663477825324857,0.01653888254662599
-0.17799644004836196,-0.014321470127880799,-0.14519890164407936,0.049874966220892776,0.019417651874741086,0.027397669619923157,-0.0955967742155853,0.032458597605286035,-0.0500583215927322,-0.012853543046025066,-0.019570421170114375,0.018502023662392102,-0.02882712141243248,0.009082867269591965,0.014287980868492476,0.0024097571228513573,0.008308676393261159,-0.004329061541133227,0.005025292615732216,0.0005369580940877504,0.7687965504380605,0.3663404308917907,0.2858031480550583,0.16234452383513243,0.12965262217164197,0.1556235594857425,0.13000808235446282,0.1545705151094968,0.061135997513737245,0.038081715662204814,0.051640621925583545,0.03173507294795873,0.037796209144865735,0.032499123610413065,0.01908161902991309,0.017856689314179306,0.023608508051507365,0.01668500823554234,0.01651356153124902,0.01832127361422129
-0.489990749579373,-0.07995100467548759,-0.02235922102392613,-0.003638750815321017,-0.017862550040681623,0.001833976077166804,-0.13772125562975904,-0.017747798612087525,0.003963722803140627,-0.011812735911381335,0.04216180431675984,-0.018027600443748133,0.020823321131884426,-0.007404270478079056,-0.007677238249277797,0.01078392938060289,-0.042505421250779545,-0.005712241839600242,-0.009312373487168553,0.010963196937528653,0.40316452718563794,0.538095283656676,0.2970910257643251,0.06153627455017361,0.23905394442615296,0.18570088349045594,0.2070978950649517,0.08023723704594202,0.11444710084408076,0.019531932416081255,0.09102556329290284,0.07716803770187028,0.07178877789891391,0.046418284251258,0.03385352941912832,0.04623058759396181,0.03711490919565625,0.030344291607717632,0.04170898091862324,0.0313770666655358
-0.4178582702212108,0.0005337634647025074,-0.029331839777997026,-0.0653720858025441,-0.07100478801725195,-0.0175881332275727,-0.022170466266171675,-0.004279616282100935,-0.00601158959871355,-0.0012713087167086942,-0.007099931993348798,0.01676684848454056,-0.011963796287971283,-0.010578822785210563,0.02439292883690847,0.0273289484406648,-0.007028410350579283,-0.01905361049034296,-0.029037651695353023,0.00578942197516872,0.8293199303865253,0.2513155933036325,0.1783739431728213,0.11005440108223145,0.08541944734183339,0.040874240250055274,0.03515636203370377,0.023088014850985425,0.022211201953788718,0.030019014958919562,0.027029195526701452,0.0227066694967462,0.023058203048964335,0.019689653520020015,0.019889431069753372,0.02136725856681441,0.015542725345402403,0.01743527991411426,0.01707803496784099,0.017267817858646225
-0.33984867266881363,0.06115279604953404,-0.10436989222631964,-0.040912012611562555,0.06388994352081823,0.019523221138596725,-0.0053956097927182235,-0.028660478556904012,-0.04780212753402273,-0.009484847791025567,-0.03572273481895997,-0.017738837314254928,-0.01106888006726805,0.005938740527926208,-0.0022798994451977196,-0.00855683830425245,-0.005616291971767981,0.0025701767489516012,-0.005407099329638175,0.010497282923194188,0.3369780746269046,0.610703396060929,0.4018016759519049,0.2879292135928501,0.24784034617379008,0.07345252639509829,0.11894458165976783,0.1034835380489139,0.11131161187218994,0.030013324120494022,0.09474936716622967,0.04995353067466648,0.06312825889170198,0.03940562903261432,0.049062901754839905,0.03430045971726918,0.023531013004696344,0.027223650291774936,0.020518651514963467,0.01908719151527162
-0.6291255478727273,-0.13581966257727732,-0.0780515179368877,-0.05497526002025962,-0.0360627126742741,0.06323430586899517,0.07446188169424943,-0.05606132426428983,0.02685133170821653,0.0018192179759240572,-0.017564994970703462,0.0008260751195864345,0.00449251043929192,0.0035869755695841763,0.007611115359030944,0.000897891988245659,-0.0002702679304134699,0.003802975389608498,0.0027201083224453805,6.390567622562478e-05,0.7339813344949824,0.08578688438117556,0.0752705448223396,0.0587498467742528,0.04385817342728496,0.03322409832078026,0.03464603971457503,0.02616804737538337,0.012209322170387803,0.014237353857089017,0.021217170870818074,0.008693837806814413,0.011148075972835516,0.0038900087619886136,0.005267637054901169,0.006343576663293505,0.004749976282016873,0.005294170035614374,0.0037611210722086072,0.015447508453791108
-0.5150434425570221,-0.4235235306712492,-0.03608807470806015,-0.17990689968084478,-0.17966003962241323,-0.06391908618952381,0.0043795736319341624,0.007372068523388413,0.004541596840904325,-0.007035607418091198,0.05985989899647645,-0.012052883803214015,0.03158035855388352,0.030610945949433598,0.0010639002630507739,0.025853365649186628,0.017140720729838004,0.003924355015713339,0.0038935512503447344,-0.015014289765374587,0.24501772531481167,0.31994627882977894,0.3688591716019346,0.23839536669098732,0.2656593542605948,0.13933348590136713,0.06689658960777388,0.04042141946798357,0.09211656004816356,0.06696775972339514,0.0799955188471985,0.03942008083163289,0.028350544249937333,0.04725325021208936,0.016245465703017253,0.020425693041440193,0.02079588134989927,0.02558660254156988,0.02851914410402793,0.019285818634918798
-0.5436088699620916,-0.24894334298623572,-0.21467255889388473,0.030269929506204742,-0.1906995168440058,-0.08527262902774249,-0.027685912688104025,0.004838096262949471,-0.0016132965251763093,-0.08187363694190704,-0.04188676221225295,0.014327238222454,0.01963309523790562,-0.01922031369170329,-0.01883860604282698,0.004452254130127073,-0.0059976325323617685,0.005813577143437573,0.007519268830135469,-0.0005673842677073323,0.2072788552991871,0.3310382533131796,0.4507467503960774,0.27319878096978223,0.2538797660910603,0.15515988083722762,0.06572848860654931,0.05020429984841261,0.045034111953506636,0.0787411062136501,0.03068556190821635,0.024420092771722687,0.030478941862973723,0.03215815446000422,0.031040230209324778,0.025405658267777496,0.01612319064693713,0.0311779094354209,0.025146578560126275,0.015251485298056713
-0.69634541199398,-0.22557013547410346,-0.14287138312377093,-0.03301745793020417,-0.03818767246441713,-0.043203451658742835,-0.05602552635268326,-0.04909026061511036,-0.09480445643529357,-0.0013911850624094284,-0.06309721885792521,0.015777222579504976,-0.005424089787636541,0.006478573460197392,-0.019098763472643707,-0.011466799151463956,0.0036650008014328106,0.00816212315170499,-0.0025877271220035233,0.0014491483242186484,0.462086878734009,0.2636906060285869,0.24626627226652553,0.2141629534990212,0.08185322245868083,0.06173760102790837,0.08419598407548196,0.06878773328050296,0.057392109655195846,0.03976101595715319,0.02339273961049513,0.027638542657636215,0.011169795319465308,0.014721748061700304,0.01930437264036856,0.015678009912663316,0.011450574173949065,0.02170902916745826,0.01503335696105443,0.009614380953682455
-0.6263954765673774,0.03573672083519455,0.07642499369477254,0.03725105998109527,-0.09932616965526947,-0.135349034156519,0.07299811851045589,0.05567309270169016,0.09853702098682302,-0.04593441441412303,0.012161604128025734,0.023588510160606427,-0.06892427159882177,-0.02610501936357638,0.013429337296596296,0.023563251977507794,-0.12270797106843795,-0.047581880616549596,-0.03152010201249836,-0.034949501705666554,0.6467155361691973,0.17428575440007832,0.19500087124394325,0.09461620550756752,0.09401071729838001,0.07252157217020258,0.051826401805868234,0.03690348934856004,0.04741184750246908,0.035648049410664864,0.03077327192181609,0.020251227593562682,0.027472535682495653,0.024770785199965614,0.018399792313813345,0.019453483192039177,0.0467582813849659,0.024592494007167943,0.01792391930184375,0.02166560497581826
-0.3846079796626601,0.07428360368247308,-0.5023156115108492,-0.0871547884957674,0.0995657266631812,0.04753788197623638,0.0824348539713665,-0.0259625562860428,0.1373390359386843,-0.06607112421586506,-0.022847840402037023,-0.05129943822748544,0.026732733606878823,0.012690307719576143,0.009590621675745419,0.014805991949251598,0.003649468543161737,-0.005731959108235773,-0.03834156289879024,0.0061477126742042814,0.4201237029650744,0.22916735335438473,0.5323494253059623,0.08707277978833738,0.07191942363544052,0.03971037681097247,0.04230636969942596,0.035109356851415786,0.06171948252204935,0.028708421466770783,0.029403056205936674,0.025558578164609422,0.021956205559727954,0.0160215256358251,0.016657478483408594,0.015715677118920836,0.014996001600945209,0.01287109524591383,0.013067662405817625,0.01141134185998922
-0.48254521704928094,-0.09256516498382243,-0.08087992548875032,0.11434603862944054,-0.20694286855602922,0.09898193367621867,0.07036511679378755,0.04832297314700957,-0.10382004068410962,-0.008082861294327672,-0.1149511833682649,0.013874910270517418,-0.10799143363847705,0.017299324243083374,0.09141210104432872,-0.07883584578517128,0.039154032452211655,0.07335742996371188,0.014140759482741117,-0.09412938580452748,0.6898370165112494,0.2942584347468511,0.08816824252543162,0.09523307723121692,0.13119992151199267,0.04666528007300904,0.044590635647763985,0.03418967859086417,0.03954435470594846,0.025849600915362793,0.04524064700848065,0.017965282255564,0.042509603846092515,0.021361210670207447,0.02734444058911635,0.02957065190032563,0.015621824913595024,0.024706837864721807,0.015860375953415506,0.02917433317014387
0.1500174183084001,-0.18248885434802017,-0.3043454520651636,-0.03509916791873408,-0.11385489174154688,-0.06013435377081531,0.05111835721783522,0.0957104473226918,-0.014658874528912279,0.003533716173242574,-0.03278499092025718,-0.03426178088280812,-0.009047096465327618,-0.03924889887955231,0.04355728275730919,0.003660770204290646,0.027263824793165903,0.0360940102242111,-0.05045117953496884,-0.017086022066235895,0.594425291633982,0.4099017285391368,0.3727599527401145,0.2137960127909957,0.17412537986682897,0.15262595956145963,0.06719171052547422,0.1607340874059989,0.05016827293060738,0.03411958122111673,0.060079325888323765,0.0479102653281347,0.06271656456920469,0.030906803906201364,0.04374239053035453,0.02611211481534026,0.03501306916398275,0.02724037501433816,0.03687216062068009,0.02660984549719629
-0.4838830023515992,-0.08703074656790588,0.0566145709117494,-0.08623238351567274,-0.1986318188562183,-0.01344338636043582,0.05194807057531536,-0.07974257510232496,-0.06883514159100168,0.009431935489613616,-0.013102396157523228,-0.08740783816619387,-0.0199916594137048,-0.02974073071440641,-0.0029914657244813595,-0.008379352661520517,-0.00709874582522061,0.00039850803570573394,0.00436071009362288,0.0029620949927731607,0.3147082010627003,0.3384052704315155,0.07174968088230185,0.4402136323955296,0.1678542643691455,0.29630591443486143,0.09932502856919813,0.2419681816833936,0.22793216874185215,0.12464835139037242,0.03520304138002555,0.09726910318469777,0.03494423927380437,0.04214367283912811,0.03251153895533824,0.0397883364103527,0.04069169378956485,0.030076387582180508,0.030079868188097776,0.02632603979005453
-0.018380729594960937,-0.0501917388856766,-0.18465367844051514,0.04992048413477159,-0.0006205966101450115,0.17671374554028754,-0.08637567934703708,0.025123007598052294,-0.08820629570346987,0.04507253369803131,-0.014416703449883887,0.045898915774396656,0.05314659141911943,-0.008072547408607895,0.002820063706178002,-0.024605347088825367,-0.015217209864687262,-0.035041573461278834,0.023547835792089272,0.0019400627594867302,0.6835792662144278,0.4306614698180409,0.31082046243899614,0.1260088603698393,0.15931825032630362,0.1826812359863805,0.1603395890067872,0.10752610494794154,0.09325314880049583,0.09018829190429797,0.06210312785290655,0.05025150136545855,0.06125867491536232,0.07290933704555169,0.0452746841812381,0.04465516187984869,0.04193844519857597,0.04641828852406667,0.038316691520174556,0.024852536451524194
-0.32316389826366915,-0.12260870378629853,-0.028816769694119358,0.057458012307769986,0.00885957834065203,-0.027812845948142817,-0.04988963314353055,-0.002488867521037574,-0.03009563184719392,-0.006940905424368599,0.021995566540365538,-0.011089880412124449,-0.0018304050750639009,-0.022648708369261486,0.018057011705115384,0.00141185587775869,-0.0031768842827155815,-0.010085525446207872,-0.014604595282110801,0.011999722996243458,0.15349297755871488,0.6319633014485921,0.33041742106719035,0.3126602200082027,0.2774476070261432,0.2531864015380299,0.15628374944688464,0.15617871128622518,0.09519479696939616,0.08726531635300552,0.08194134239674011,0.06529106927918611,0.05337118068548282,0.0572411326918463,0.06381523994355413,0.05812707047548603,0.04601892624774906,0.0534152983924195,0.047930235121249144,0.04374071925439576
-0.2660361540961683,-0.01727039488981358,-0.3768126859143826,-0.15486051989133082,-0.13420402417702867,-0.02682356957992268,0.00459713676467034,-0.07939315385281577,-0.008830191235451408,-0.03376958508979609,-0.022685861763077114,0.036242772237609536,-0.01776335257239677,0.0007933785079556747,-0.018847786844834236,-0.0058307437074214055,-0.010370206202552062,0.006673967856749407,-0.011877757835957552,-0.011519836104494523,0.7257911114064904,0.17818848752664107,0.3642252975963243,0.15481387507218256,0.0806054891448069,0.01866045362780677,0.03202131515475983,0.07876726719348537,0.02106034850261135,0.03176210521242633,0.030375695278329232,0.02830103782623409,0.015944501770269747,0.008751958543092846,0.02214985667990681,0.0121910110195839,0.011546062387152611,0.007878310433979272,0.00946848833518246,0.008184944455040553
