-0.07963334817869624,0.13313028557738082,0.036419131907437646,-0.029955886656185007,-0.042434490262067956,-0.0024726626212495714,-0.005051781000292782,-0.006470438141605048,-0.01099272129907567,-0.006272368070566216,0.006311669208060895,0.0006296909329758441,0.0011378959019382642,-0.0007394414147980195,0.00019786600351774463,-0.0009589655061471455,-0.001434336384183354,-0.0015690858994889692,-0.0029321521901255927,0.002105248280961498,0.6728532533368917,0.6308059985663961,0.25611130681066535,0.1275474150319523,0.10813096815622454,0.08703818190806778,0.0693910185897826,0.0594563970242294,0.065195045536323,0.03967700033050543,0.03287802258554234,0.03527188374134033,0.030983169412669393,0.02694359089666494,0.022784671351758146,0.015193810699239753,0.01195847250408286,0.01744756563892868,0.016046723273196638,0.014087572988484752
0.03672177766251213,-0.360406317527698,-0.5940483574255152,0.16833301114271523,-0.0746257830020107,-0.2562043465501124,-0.08212675068781618,-0.07095906930134778,0.034770880487418804,-0.042736739070871346,0.03241941989475286,-0.0356680691071977,0.012522483137273136,0.018633304880894777,-0.021408833206166322,-0.01391365830106594,-0.008370124365405318,-0.01668036631264619,-0.011323531259737642,-0.0020047873382640392,0.07995328730469962,0.14782914290973093,0.4911204327629173,0.1456665044890959,0.1659425055340002,0.230241127130535,0.04548836266900027,0.06068472200529504,0.0702531340651477,0.031202437223096638,0.04714644985614539,0.049104922311076944,0.03150064281179334,0.054749819558061366,0.03713474791964424,0.04663813318922305,0.024098241066869235,0.020491725785606627,0.018529990581365573,0.033907295846923036
-0.09363773499300891,0.01046539701871566,-0.35921540258459267,-0.025601615082665976,-0.08956244190080564,-0.2840115587086856,-0.016887498337254468,-0.05586876770351346,0.07213494630811114,-0.027684384698568657,-0.00998136617107306,0.004919462909657359,0.00012632475474167766,0.012780762938835965,-0.01715698351377681,-0.0021881285735782068,0.00468797856030901,-0.0024086797304047145,-0.0023403258381375002,0.007161301359996286,0.3234346875798283,0.10548140265895037,0.49069751753559343,0.3043987934651148,0.23389805471845937,0.385348532644821,0.16673718578467692,0.18462989206522593,0.1580710280400285,0.07164618795776766,0.06993689306862752,0.05352435638382874,0.06431409820392929,0.0442527701000313,0.03432968056570362,0.02545191887919672,0.01920622454458489,0.039509631787723494,0.01953156833259916,0.017938716716857064
0.0022578781210800454,-0.023920417937516574,-0.12213326550382278,0.05918255309189138,-0.03552891297551518,-0.07113664711241834,-0.053990823453048994,-0.177913178016664,0.09956897796547426,-0.06511002551021447,-0.0031306580068043775,-0.04112134890704546,0.020167866864458605,-0.019137724638077357,-0.002149310586482779,-0.03998266627148148,-0.02899414449967751,0.02295866133967518,0.012291460104620226,-0.012296396200035281,0.7309290814323399,0.3439453153052284,0.21731417694936894,0.20411315358301746,0.2015289118510762,0.12680084416349546,0.1555894699250059,0.21086251301529077,0.10225474457900197,0.10221443750560068,0.06681731125343084,0.06795370623893696,0.047567254932372065,0.06030229211253712,0.06789984037997232,0.056349680363935485,0.03486096133973662,0.06510837956926895,0.05199442309395123,0.039712602928590954
0.005179222045175103,-0.034946036260359456,0.1239320252721925,-0.16723957058568711,-0.023853899251339638,-0.0032859275388183,0.02232333677735932,-0.029169813683848772,-0.025638898924970763,-0.09452568717962309,0.02534121546360267,-0.005642839798510413,-0.016207310242124708,-0.010540834814706895,0.03710794476274768,0.032172027895663466,-0.0070322246122858775,0.04879359597857235,-0.0416788831668303,-0.016630628140405678,0.6239815899449679,0.3722717603899568,0.31191509104232346,0.22075884382794672,0.18783541179530533,0.22632722423775753,0.16825648202811755,0.15639380640527792,0.14743131434092127,0.13462486524245915,0.13957146971907858,0.07912769622860283,0.12102665495003664,0.09967533991056331,0.10057572565867329,0.0840959482712657,0.05882189648323191,0.05243575259998605,0.06190085404646204,0.0731131576517619
0.02498051064078725,0.0988424942024186,-0.03166194939815808,-0.10855507589249418,-0.10463457854342645,0.1619788253542255,-0.11225941188991448,-0.04504042342104646,-0.05252765558683768,-0.014778705884883251,-0.012773653774503296,-0.0224312326567356,0.023969163802734873,0.08527212332935276,0.04596720928575184,-0.10052157297949163,0.02746212453919111,-0.07952500030322439,-0.07865192691071007,-0.031258863673793234,0.5435573545371354,0.3370942711785254,0.27029919503081223,0.298291190974221,0.2530935500690333,0.22210799532053094,0.2348435007526267,0.14963382802371228,0.1897328657520586,0.08696622338408976,0.11240803630146456,0.08871023319335418,0.08074908863491577,0.07339304762247184,0.13143221502118752,0.09476103828991225,0.09569960262518443,0.07565282566370862,0.07580661613704169,0.04627584746639305
-0.7405637316994281,-0.24128085733077395,-0.12655430954745303,-0.04579192962757483,-0.03333428508389309,-0.019817655355797888,-0.01906051404908852,-0.019406954756023734,-0.004494334828306916,-0.013112050435659646,-0.014095444455829326,-0.0023505292519397708,0.00216152438903655,0.005594387490900556,0.009740306044426059,-0.002163820776165782,-0.0020562583837675616,0.00011996197295924267,0.0011009798387265957,-0.0025349403233178094,0.37661039833168863,0.08124890575715377,0.3752062844247261,0.18855591666219984,0.12987064893243255,0.09131631696497484,0.08668421266379503,0.060941114849960835,0.05295836704852822,0.01728334480830918,0.05244060533821049,0.03264006394286059,0.04113345174121235,0.03139947828701881,0.023417892855205465,0.017857514821524673,0.01648740345975867,0.01475233990227464,0.011681713883845838,0.012479440210815883
-0.16821582414533917,-0.30253262173133433,-0.003968535452360247,0.020721984143578488,0.03541459473467728,-0.03187978650587564,0.016110940330833358,0.012511475880635205,-0.017046451770434998,0.01403453080974679,0.004195240834140982,0.017890289478564397,-0.035277974696834725,0.024561219431479202,-0.0009933990204430863,-0.0027526139505310377,-0.003840177750689912,0.008920305484074154,0.022386893040330307,-0.009250775741379228,0.5486489746161111,0.7261706996246815,0.12731124782544778,0.060622118949687526,0.08412897721591966,0.0813268897211616,0.038923911058739734,0.03950175324198736,0.04284416160149377,0.02698027575239858,0.03840398976512996,0.021608243308365572,0.03216542258131154,0.023752293500338983,0.023455789599588817,0.025506936973695143,0.017130289245554438,0.020298804736201225,0.020678794401156705,0.01597068984653552
0.20888447314358427,-0.24326311334666628,0.03292454318839043,-0.02989372931765182,0.0033296902272102746,-0.02325564860367413,0.05278565387525388,-0.08898102668854858,-0.007679659996985147,0.006049325726848991,0.02075111776651923,-0.04197114534523234,-0.012787230090342229,0.02052012923057831,-0.015300153501508307,-0.01813686517167596,-0.02795568483492072,0.014445006310286794,0.04427941737522944,0.0142505487755929,0.8608742995361058,0.25434407187518476,0.16164936756989154,0.1022191255909454,0.0672255598823323,0.05681494629767505,0.07646151140866808,0.05671422422455713,0.052201813030892295,0.056006002704205186,0.06246975518063343,0.03601300532676939,0.03854438530640758,0.029603574093619054,0.032656339606153655,0.028053982224449964,0.03095757858631548,0.022772377126632746,0.03315029342100782,0.01817091155353288
-0.1938867010326484,-0.018751850937244477,0.0367050613342178,0.019552632123223463,-0.0019925109043010796,0.001262927671726047,-0.028360580882586563,0.00996901038504023,0.008315405331230402,-0.00018913207413431452,-0.0024950842265862652,0.004840285750331488,0.017959666310177043,0.006943544432077942,0.01736056263885424,-0.0004410651911627914,0.016231499792078146,-0.010949193318409775,0.004417554009460257,0.015979296255684776,0.8981703182038702,0.3458399598283413,0.07688900832522184,0.09076697761168215,0.06239866858281948,0.04656889254736027,0.05927948896081143,0.02848580623154278,0.033102119593460225,0.03204216135194703,0.030950681562055975,0.02616130843396432,0.024162268358540108,0.024803496370164067,0.01928430824824539,0.01699451627407433,0.02050871252063934,0.020109892467887837,0.017764631478037952,0.01922105336971459
-0.41514129307657616,-0.032605938520298694,-0.056289428256033135,0.008293749378991144,-0.01895715652379587,-0.038110860761096724,-0.024298375776112248,-0.04917151466459335,-0.007580429240964615,-0.04777974376673196,-0.024142060937276374,0.035736881816397656,-0.03330137789257006,0.01661272321551489,0.010252931666882717,0.0031593527673462606,0.008924541307732901,0.0010802629768262146,0.005900794910658336,-0.0047631021391165325,0.7925282053237169,0.16334473198438051,0.13826202273121665,0.18626226506574578,0.14147957914337173,0.1239269483535881,0.08821653413166289,0.15580989279329555,0.09741639066999652,0.06640773750449132,0.06034171951898361,0.06611266839414791,0.050320044761692224,0.04376863255276003,0.04732847902986905,0.04738535365992679,0.033082804620250934,0.05179370550605457,0.029757591587434174,0.03413353074504028
-0.4229665155313729,0.004003427370919429,-0.062159056814467185,-0.008514803499023884,-0.025725989114234935,-0.00767453387792462,0.009309668838893255,-0.037931002267014576,0.021857138848853066,0.006123637041608496,-0.0016360328905052996,-0.021387701885067015,0.0011820751358454732,-0.018379705069517093,0.013887389246669267,-0.008944658986973136,-0.02417132742064343,-0.01658174321006755,0.014701473526329466,0.015569102259069937,0.8386765179160205,0.06902374290553186,0.12653445028027946,0.10894740447872708,0.13452426052488872,0.053240021244628455,0.11762610088352103,0.09780664912382586,0.0843444103594602,0.0458613746967566,0.08096981267303961,0.05351074364516956,0.04159741917113569,0.0483984968933431,0.04324158342670941,0.05177718525547099,0.04121060527039653,0.0312794767197162,0.029325704804234288,0.029023982163481742
-0.11931689172419592,0.04828303486635118,0.019279960050361155,-0.021478949761796665,0.0009282647073575326,-0.0010058806561761482,0.0003498297648396472,-0.0008603884430545283,-0.0029536512184209665,-0.006178951177289628,-0.008782881792256923,0.0008549431282897832,0.002938986570874426,-0.005219896490260295,-0.0064238382308163255,0.0026858196086151785,0.000533549539069822,-0.004278661202347444,0.0018008011930949251,0.004543656834827861,0.9333671848086946,0.2970846298787597,0.13335198261155892,0.051005738688023924,0.021688023097936153,0.023592092548808462,0.0136095149607153,0.01694105510809661,0.018211070332034295,0.013450451436781244,0.011721099842950111,0.0078327593348049,0.009421010960814446,0.007221162600273286,0.006040936031202742,0.005779296649874134,0.004789126112197992,0.005254246009141724,0.005222044441560146,0.005274572619632599
-0.08252508678206776,0.02587036553457842,0.00479344449257781,0.003664198589515219,0.019496093092567782,-0.024689772342715053,-0.007856127460263618,-0.005502983608367275,0.006541587102567309,-0.026458591389800695,-0.00510370558635062,-0.0082811335594983,-0.008769031130400746,-0.006367194185535275,0.005579810597564841,-0.025487837721456356,0.028170561023503942,0.00027518504736451346,0.016592784157320593,0.0019150104380153282,0.9267800433973591,0.324661201855703,0.14258210214525877,0.021365336002586895,0.016532732732868746,0.018615754157840808,0.0148782178177911,0.02795259560617185,0.014993890555083081,0.018645972697952352,0.01363102419371729,0.01035330646272686,0.008975129540774862,0.016166778515344028,0.010870863249262713,0.012422343938058855,0.01574622264727665,0.004752171154583239,0.008548124255972367,0.011643556798283545
-0.08220951030285606,0.026746884010315747,-0.1744390919794779,-0.04369358310836728,-0.04010031509260028,-0.025299159816694013,-0.020924074357437084,0.010915646504621042,-0.04478833702309863,-0.026658680892048092,0.0034622351169740027,-0.026673258053275462,0.01877723343175947,0.01035002969011098,0.001569152247152031,-0.0007187855677610094,-0.005593196314509404,0.00416357667015373,0.00237246610698521,-0.01739608414425036,0.6735456795844403,0.47493273332938124,0.5073234690662418,0.07033323396112906,0.050449270591578124,0.05194432133232356,0.03190666713208214,0.021395944698406246,0.034644824135128184,0.01848252278893998,0.015010561121675696,0.01397106968523835,0.019863545819646472,0.03538518360941589,0.023492821685715908,0.009925970442032788,0.014918521265311378,0.00940314098565356,0.00997054934787881,0.013621480301250146
-0.1674288721189008,-0.24513306045431296,-0.1383106181177387,0.08499339709895516,-0.21075313563453107,-0.2733135595494909,-0.22183569546353787,-0.4510700514102705,0.06177081317033794,-0.15295279503253764,-0.0950917654350553,-0.2044612786836857,-0.07752626152246762,0.1351433672969247,-0.21835860261628096,0.09380842219813734,-0.13864123550117777,-0.059269264474457115,0.08525688279949387,-0.021485707804187383,0.30190850126960417,0.2578856977247968,0.0755156902381966,0.060859984772120325,0.08583958812804894,0.15663381668515414,0.11493059179523116,0.29403643397255164,0.036563981632237924,0.05956934635029159,0.035719687856928646,0.07679515166243506,0.037556033289357214,0.04489196679616071,0.0781605569972033,0.026957926886934002,0.04084682834434935,0.025453228937494004,0.028872001345617924,0.018849656817818496
-0.38463457827556086,-0.11555679657782306,-0.04072453116216599,-0.08338791982396025,-0.019363385150249265,0.03616822704927498,-0.10499958323584076,-0.03395794901673833,0.0006219045681450196,-0.06522046310840576,-0.04806291106444367,0.03184116405169488,0.04069803525750295,-0.02881772084049919,0.020767020990309054,-0.019057790119708106,0.015811840008140052,0.0034149093566996783,-0.010795051473606945,-0.008004584598659761,0.7036417124306855,0.37097964502568215,0.18227426485584455,0.22597395408017534,0.11978513679267619,0.10020743941439766,0.1277384724728105,0.06139048411189863,0.05694502166934277,0.11384580657149149,0.05642085307675408,0.0605594460675578,0.06317569669379412,0.05069213794004669,0.057403010817836754,0.044520815404318466,0.04803502555884404,0.05057198859575509,0.04745270346553727,0.03764925445941745
-0.18368193419165688,-0.2977409066708983,-0.262621056350453,-0.12444793659474955,-0.4065819016752819,-0.07029245545668436,0.0003527625508062654,-0.11313242902260999,-0.0853057829467793,0.09118431723665911,-0.028278983878287332,0.0480263638500325,0.025515687578328967,-0.013989985519807444,0.016691861043622483,0.0023284561927464013,-0.0030682918671580185,0.029872270006260672,-0.000428690887937695,-0.02914095736258076,0.4391280526151849,0.17942544409788463,0.3786398506772031,0.3387350602884736,0.22678503401363367,0.08026738121235584,0.03658966000412194,0.1090534589785866,0.08051776772673268,0.08160909258553298,0.06166217248373105,0.04649759630647028,0.04034889591554307,0.026951655575119967,0.049528545985213515,0.029452752917521932,0.07890772069849189,0.0371189676836071,0.029620389663237812,0.03192396971689452
-0.6281547367418544,-0.15057006571963072,-0.132916334818093,0.05507101034604756,-0.1382940819890028,-0.0347033928029679,-0.06583966817728697,-0.06014612375963359,0.01685877764423406,-0.015512761660275555,-0.012595050933619666,-0.015155150723016054,-0.02729851856136702,-0.037666213008550234,0.015241279166938496,0.0037256032411251594,-0.0049901618628442525,0.02148366507088581,-0.017223453680515515,-0.005036200389801904,0.6759490847837079,0.12607231116521758,0.10061355415467085,0.062434410612128045,0.17181547275820563,0.02461185459952136,0.055087519361202444,0.059827179993583446,0.022714861985002888,0.023954144487237924,0.010073341083803401,0.038504153301190315,0.02055832865042606,0.02883598500369661,0.02717538122257666,0.006095755918601101,0.013972558747426197,0.019750692399465912,0.012406786480886871,0.02512588593162815
-0.3785292268122491,-0.07810155637267877,0.04503595924930414,-0.013778082668212309,-0.023437309075675483,0.001061057506357359,0.01810701996517453,-0.026645275015854553,-0.008827571578553689,-0.016026763643748256,-0.0016879970428524997,0.002781112067275882,-0.011498464581424877,-0.014501568858822192,0.019564049050446414,-0.0005904066851695241,-0.0019846138590498687,-0.020802565630452997,-0.0016341175225534643,-0.013381582922667556,0.6887572806069293,0.46966833571137234,0.16239625340069744,0.17639498632735057,0.10849548470027137,0.11305931588312249,0.13633772210163425,0.09008955258106514,0.07912433507697934,0.09643266063787538,0.055555351079998254,0.07127883457605197,0.04482054299325958,0.05228140999611656,0.07801000760957028,0.036774522758927404,0.03807082717291131,0.037329674874724245,0.0359622326004835,0.03682744802562602
-0.15310919829744332,0.237220412926148,-0.0001237457697450953,0.042556537599084836,-0.05502902122993043,0.04206231262087962,0.021217544479566162,-0.05105348750954616,-0.014444399839402282,-0.014814867556478704,-0.006089651698008262,-0.013343071133256293,0.010232531248223122,-0.0043516525005454715,0.010700625713923662,-0.011649987120553183,-0.008735290796390799,0.002382170930101712,-0.0075104412007077756,-0.0038012302380236447,0.586139064310573,0.6621316437230829,0.1814552374384915,0.17417673673226614,0.12357907311539311,0.13474025927075645,0.10565710582330926,0.07382447882643123,0.06688336803129692,0.03772007360959506,0.03213745855182559,0.03823005677358937,0.037338948280342094,0.029969352278584077,0.03171881925910116,0.022297054626677217,0.027102976118614425,0.02473348567495279,0.018074373108919628,0.017571404924396232
-0.3814145590791087,-0.22639857397470337,-0.17275972938729262,-0.08046726182365659,-0.1591225557428094,-0.1701461639938737,-0.1532631609228982,0.12787510536939067,0.02185346881230864,-0.061295644730582695,0.04489871881217778,-0.0662838715254107,-0.011961387986601117,0.00312664542753085,-0.033419130554958765,0.013448757978425542,0.0033364689259087954,0.03271287320467199,0.012965033520771366,-0.009508011663006999,0.1847843374895451,0.5566065665394178,0.2483568339351482,0.19483075482385961,0.18918164924462508,0.20479571747984768,0.25175814048436573,0.17260175538639613,0.08469119476049781,0.10470533302872359,0.08304193494942753,0.0652243457408403,0.05105683650042403,0.06996164293193322,0.0426370328261175,0.03389760128603468,0.03200264292234861,0.03753377545277658,0.03554514735096417,0.038056760218094114
-0.35857652670552237,-0.14042884837462827,0.052127036384654934,-0.02492962385637557,-0.018288328354619337,0.014637564680784159,-0.019705807900325462,0.004266941544309785,0.0013699388732359172,-0.011639945289212304,-0.0072941965848990434,0.001259335414805852,0.0002302466430931562,-0.009818888440942393,-0.0010397665681384774,-0.0018594747769187798,0.0011706196642337341,-0.006507234602518123,-0.011858367382835727,0.002967616846507238,0.802835961438595,0.2641121172151831,0.25179508343916185,0.14822334712585203,0.10042062567531998,0.08646454661780846,0.09425189885441801,0.07809251889400695,0.05785409529824967,0.07287417622681847,0.03612478235070607,0.03004504014209392,0.028075667767409277,0.03376203892623075,0.017570806454453223,0.021199148614864317,0.02064714565580786,0.014374933351042691,0.01928288674666589,0.012323902707673187
-0.3687524871871375,-0.12636507720776044,-0.10121626221847065,-0.039253724074604306,-0.03099719153286325,-0.06247331693402691,-0.01762219234158861,-0.04633537399713171,-0.052336007091599,0.05983707481556726,-0.002141696639215411,0.010595210933435396,0.015725437791416202,-0.03494808891544201,0.014197426840107415,-0.022330407090832387,-0.019482594847103844,0.0013781259623372659,-0.018569580279490315,-0.002068657570844015,0.7850286216638261,0.363185585002102,0.1473754928147549,0.08669457143403428,0.12493522580884062,0.08049251243745008,0.06360554458250894,0.06314744693991026,0.05483573459142215,0.05261247165605736,0.01825951137642612,0.027145407022276937,0.033006964942360315,0.03376877799073324,0.02796225575580854,0.023477445311707448,0.02530208941332269,0.01890005101212615,0.02215798055522011,0.013561999940730747
-0.17816212333612047,-0.0757443565137409,-0.24522204453538088,0.02218648383429116,0.06584731097266135,0.11759004032807209,-0.23243226162357514,-0.050767187994686554,-0.049993505028954874,-0.1609618471681322,0.10133835303287703,0.029929086914930972,-0.07978916798806887,-0.041976932543266156,-0.1580480759208464,0.02408226200092049,0.07951941717890151,0.0906904228395834,0.025290285249344076,-0.0003442875626356707,0.7269611027032417,0.214435460407888,0.2595059735028018,0.12261716742079751,0.09948201831072637,0.09502078322311723,0.15405079330884977,0.07095784931397799,0.06527823152098075,0.09837433315224368,0.05220032624945227,0.032712245304016924,0.044300112126136736,0.03682982384809414,0.09350729014686131,0.03713802723429987,0.031303343982753515,0.0331283261035685,0.0224674726966598,0.019942575628785562
-0.2687511529935515,-0.129928044337706,-0.2857767942310191,-0.026446044584077552,-0.09195269456520795,-0.010285098048401067,-0.06059718336303882,0.08271918611632194,-0.09064679389308825,-0.15852053585723944,-0.03740686174143306,-0.07897295888606207,-0.02665299499024764,-0.04847410612553932,0.0033212336816725975,-0.00610526691128101,0.02632705169448888,0.014624949068540848,-0.003262288414356112,-0.014096074652850262,0.7225856896280322,0.22899934725622437,0.36559094229328476,0.10461950174794014,0.09354675076713477,0.07544713253333368,0.07451692467037441,0.060548803905579235,0.061452721897545484,0.09688218977868315,0.04964335229787006,0.037816244050554344,0.02955791168097658,0.02658164219465438,0.024612125920329797,0.018596342279215014,0.02483414612786593,0.020528557329846875,0.020685308013390833,0.018758028424396903
-0.32412482076455745,-0.18282185208297996,-0.07056646198559825,0.012293880678266698,-0.049043291516229916,-0.033344787351927,0.010302228833149227,-0.12380375555635366,-0.008050617524484872,0.0030435527993564965,-0.09179808490015395,0.028834097710859232,-0.011376760224091013,-0.007908434245729522,0.068604099231134,0.001359759533025552,-0.026616393976886747,-0.013751838673950299,0.02112691124448205,0.021941031201319006,0.2675793356776898,0.49700914791085465,0.20422313539300788,0.39246427317932964,0.2401428816553192,0.23183850834151973,0.1939754673830656,0.16212525099771702,0.15744670459828466,0.12261589688852362,0.09335104693868967,0.11907729860899102,0.15419501214518902,0.0878604183873086,0.13024090265208682,0.07527444763739209,0.06496143024792972,0.06580140718842219,0.05289278616825578,0.05923771369372928
-0.41221749006917857,-0.10994130824714671,0.025145107117311008,-0.00756422939017779,0.016661761703334027,0.0007472894074784783,0.0046575451730121115,0.0041468795416930515,0.009307953390260153,-0.0005405516396412358,0.0025208931332838746,-0.0047584252806384284,0.0022834360319309807,0.0033495363486026426,0.0015452314849749306,0.0022708332443308757,0.002330897333704846,0.0014979508867883854,0.002835548255150592,0.0002133803905027438,0.8835555695728832,0.17038866879197176,0.03455137805790901,0.06696759174947635,0.01877645879208778,0.010662259323290589,0.008380157214182754,0.013494960797973856,0.010424396751657083,0.010842085711217362,0.006773791879728212,0.010182988944364557,0.010369626538679323,0.007664053325052005,0.006976043692116589,0.004994790820025378,0.0042506122063657534,0.006320745310482407,0.005451064368080749,0.00492299908465867
-0.2867667251032611,-0.050427895130443344,0.08934853005750884,-0.01653704119868245,0.06305634441260077,-0.03859750625721757,-0.004823796808881888,-0.002914985174452016,-0.009726246773240656,-0.01618433151451941,0.010903735885458912,-0.007183487703978199,0.017028720697749168,0.007906942670129537,-0.0026782474667951337,-0.015430997408063266,0.003174563530703039,-0.011552189812350865,-0.015471834150210499,0.0020391429413975076,0.1536571903556056,0.8253969110849384,0.37564461144387007,0.14822282917630433,0.1242887386958054,0.05815305616024174,0.061268608162898884,0.051121826783102675,0.04264581631974296,0.03218953999782887,0.023225256762917312,0.022068912708309164,0.02235877531569075,0.020205942124762698,0.018648145870355654,0.02012886314450043,0.019134992327175308,0.016365980305977152,0.018369636040963654,0.01660301628890415
-0.3140346738128019,-0.09857475925507984,0.013447826265234785,-0.024725824395932225,-0.11861338612974584,0.021255114504657592,-0.06695217745062101,-0.005220287366541931,-0.007500029149901048,-0.031006230132872407,0.04101304567436836,0.002897415901813665,-0.014520966708713818,-0.03905388837872277,0.0066900459534467585,0.0006115171803695776,-0.015466068656043804,-0.011921655024780606,0.0032445022927382705,-0.0015177771370281175,0.6331588043277488,0.5626537890301917,0.2836131667431518,0.13312540647685028,0.1723641148182987,0.09399829099000648,0.05458016312810093,0.04364961208783288,0.03226344132258477,0.04057483661732794,0.037865650907332675,0.017804967131111592,0.028659319514680426,0.02191939519628828,0.02537763211932269,0.02506045416964036,0.018498449942194784,0.01403058187081816,0.015797051603393265,0.010038522607632714
-0.19948164543246757,-0.300751836106406,-0.15536724500981625,-0.0378724167774171,-0.03589092686234572,0.024677382094343534,0.030187451641588172,0.014422190875365051,0.016123181784074576,-0.011561662862965809,0.017650309597338997,0.021362776851903933,-0.012673315145448382,0.008566368629633645,-0.003307733412446402,-0.009706693771828688,-0.011046630629434203,-0.0035403592833627225,-0.0031688786523316166,-0.004621684085291442,0.08813857373728597,0.8397128396058986,0.3220918814428244,0.11350363122283519,0.049308891212301434,0.024866699849364435,0.04711336615039724,0.02595256467534866,0.02550326176079274,0.024334002025605546,0.02294865759821726,0.028922873995228107,0.015926079033852094,0.014007756785099808,0.009887021172959214,0.014133061676610343,0.013798507556172823,0.011253118566799199,0.011086594073061805,0.015835691419228623
-0.2169078409265134,0.04573458020765004,-0.06579315357184277,-0.015911197125901763,-0.01724645438791308,0.022896173587544217,-0.02680617499535981,-0.015069067489054438,0.006867994178553025,0.01074588060360719,-0.0031184410530535334,-0.004215256482694872,-0.0028045828090335124,-0.0001465052099713309,0.003313848184545498,0.009346440944883138,-0.007307766370383518,0.0019559918398155446,0.0001662042896299691,0.004128399728360407,0.7374249427774598,0.6177895827779317,0.060726214442828864,0.06421198351359153,0.05278447050694135,0.061054564662837874,0.03977122829828064,0.02955722892057708,0.012358056998263008,0.03435204311433109,0.011460019181908854,0.005578989684185594,0.01005404489231927,0.009172579118731485,0.005266751545029319,0.008622186799736482,0.004214019470401686,0.005460474965754537,0.0040616510025808916,0.007295579563512724
-0.3449316518477546,-0.0036348049412050923,-0.11160879049501334,-0.13034834360371744,-0.04785258514142426,0.0022443838374036455,-0.013143529756796238,-0.007562325637470833,0.005770763440203374,-0.0016542767140522942,0.019414928468665625,0.001572940069447556,-0.010958912955176071,-0.009540148789630942,-0.01562886053961181,0.001307870640593581,0.002990096507774212,0.0029503649121994254,0.0041641548339989036,0.0011325446483346818,0.8324114443077327,0.2942755016013565,0.1814897315422644,0.09140940724712959,0.0979315179393749,0.07234883859383805,0.0669115135421479,0.04885588948989796,0.01808593937586913,0.018931288151493704,0.040582500958850465,0.015145603603814638,0.027799586441704577,0.020290608139933452,0.020168286551778186,0.02515796924957755,0.011438106064154113,0.008645003821267221,0.02314888201856274,0.010513695352301499
-0.2574562130715536,-0.04079986269798495,-0.055382191994002704,-0.056222504622445955,0.005780639217565366,0.0019771312724970206,-0.023558545352432358,0.007835635153890783,-0.0044956774965094985,-0.0039287458805025615,0.005708450870368283,-0.027893790807400745,0.011972322362832879,-0.009620631321884955,0.013366207647716209,0.008121397251543348,-0.0014708453434522678,-0.009432978814836476,-0.0024692893655165076,-0.0049808099114163765,0.7354670576789848,0.578340794443363,0.12220179865515601,0.1055596640877711,0.07314629553143531,0.061163614700446046,0.0583039964781098,0.04058482870902362,0.03914352289367153,0.022913790810923627,0.03715981795651553,0.033460021851330096,0.029999545498830667,0.026023790758021078,0.016447030755560487,0.015018043274703819,0.020835880211218277,0.02909286905428856,0.012128053318859888,0.007650684954975889
0.025964294206212626,-0.07617020081519853,-0.1170153226780643,-0.028491491141697488,0.018931597380356723,0.02794919604444822,0.006717463456987361,0.006537585008813413,0.00824759874069666,-0.000818003996763692,-0.016285280726181045,-0.005967744251908165,-0.020435587182027207,0.012134884324391155,-0.0029639723815140925,0.012611716463254012,0.02510460705594698,-0.0060104170328349185,0.009137830935151364,-0.016656946213844333,0.8270041686997153,0.503632218306868,0.11167394601922137,0.05911205854387339,0.04697073575089593,0.06890188233299196,0.03515482097003507,0.06541526347419555,0.029304729118918415,0.03460829353158694,0.030929369767182868,0.04441352776613907,0.02339591225187851,0.04182248745591646,0.0234507069209018,0.020038625552628395,0.02084495498158617,0.019882324039597166,0.020581027104360005,0.012658003898867128
0.0035865093322332456,-0.01843409348947444,0.010096280384372465,-0.011478270652924177,0.009457890953397692,0.016564628546049967,-0.0025178715109125172,0.004478680611804183,-0.010488715971991556,-0.012192819052020718,0.006427929796225455,-0.007340417104872797,-0.004521438557419121,-0.007358724768386619,-0.0010423806918954653,0.0008884436430599131,0.00041360127378491486,6.938410014541721e-05,-0.0027547120985982484,0.0032797538115676927,0.8095123579769528,0.5843943993904643,0.027951699111607463,0.017260374396925394,0.012365346449666484,0.01332198206194097,0.009668196648901891,0.007452677693485687,0.00757196832047083,0.005465883459044675,0.0037781856404049867,0.004618758823584021,0.004123779251251433,0.002980642396796573,0.0031399941365105057,0.002804712230126298,0.001853565268085658,0.0028660704569814857,0.0019751970525075605,0.0026193197536840333
-0.3143062843058079,-0.05399713074338012,-0.04703034531072311,-0.040509832715444796,0.01918012712452392,0.054026114285704294,0.01865127944547438,-0.07291198633408662,0.030443008597882088,0.01900222578198878,-0.0005632885316482741,-0.012543876657981965,-0.007398947623421072,0.016891449346218387,0.013888365301955547,-0.010060130620427397,0.00984139987512421,0.006958677536027087,0.005816294531515596,-0.01037397191041746,0.8028458799308394,0.47745051203827066,0.08054090206411381,0.017176417407844955,0.02690190027559703,0.020122584754308327,0.008497505212341445,0.03233539278320535,0.011190688587347977,0.02709078137258184,0.005532757622056288,0.013744503352510885,0.002473720241294167,0.007320866601159308,0.012677798048856853,0.003919248461234843,0.009555043187207528,0.007149327777307158,0.007102635898096457,0.008350250188537444
0.15669504757439542,0.16823936377527735,0.002096296952027364,0.012792314784146651,0.003558312854385798,-0.1260640663176847,-0.007055226888848353,-0.042241762981143086,0.06434431580949836,0.014505469964906469,0.004833733610563408,-0.004936871460503319,-0.02830741224162385,-0.007961931969125683,0.008367722092808736,0.031157890110997764,-0.008326615786941619,0.016997555374446527,-0.0074922005769317325,-0.02361879761769497,0.8451584558705401,0.3055690945395195,0.18371092918470588,0.13754084534995817,0.10688726925787423,0.11796284178939823,0.07961076359915024,0.07944594530304437,0.08745409212878434,0.05772017775427287,0.05094334982959834,0.046567507375729435,0.04159914889230787,0.02620059203407518,0.0335783864030862,0.03766026570617898,0.02441036104851316,0.025439295110113672,0.028769366746621797,0.029324013907284556
-0.07620589550258342,-0.06293105309510799,-0.1187111232768029,-0.056710424252121305,0.05855455365998681,0.054481164577218605,-0.09981734218151465,0.06703336588916718,-0.05694541979514498,-0.02393326363254305,0.002529662947243638,-0.013234267757367557,0.018374008382284583,-0.010128037096029063,0.010444363282549248,0.02949664182117892,0.005986064542111305,-0.03223887011724159,0.025661499931758494,-0.001694605655990032,0.4962879386989122,0.4822068643316972,0.4114823283396385,0.2186759395976296,0.18429754163943196,0.21314387265966261,0.22406039221376275,0.20440183294377381,0.13993294551032232,0.09670469157691869,0.1093805151572825,0.10539885394802107,0.08421220743412315,0.051177087831831156,0.06652459755191009,0.06835297867683136,0.04573556717938573,0.041376422826514235,0.03950159719696862,0.0373818436741643
-0.005769286489085686,-0.17930979494269175,-0.06026439188086302,0.08761548026929131,0.057370507223431184,-0.03774372224937322,-0.059457429054821986,-0.004924975023068171,0.027527145522332836,-0.10630244852115385,-0.01105642069360623,0.006755215885676058,0.08775650285765611,-0.03225954409951677,-0.04080844781722849,0.01820252189504139,-0.002358390076538292,-0.02288186738925521,-0.020269661749345115,0.0036058510703986884,0.770931286977762,0.27123798571499674,0.24318194777179827,0.16195454545747284,0.25136738535156744,0.128670668514258,0.12986614442284905,0.12206548901942173,0.09408051492504403,0.1355405094935565,0.07951304942987114,0.06695720453338068,0.06214256915518669,0.052632189928137535,0.06199842280098586,0.04323303983708765,0.05270801923068512,0.04433600053664035,0.04541105934851497,0.04854108645325749
-0.4633519147206211,-0.1300913526808385,0.004415380267507594,-0.06394942117566602,-0.055848191121981486,-0.0054989376624045355,0.005367831169753369,-0.002870952927538551,0.011779078948394415,0.0005564815636932862,-0.011653459552506783,0.00839680322225781,-0.00018536198302323442,-0.010219673088577012,0.009819900935487838,-0.01865110323837613,-0.010715139638886737,0.00018415136546196418,-0.010657867846606802,-0.0029929968155042743,0.8527225397604878,0.15934032159710035,0.033583265217087,0.05730919479979445,0.03967629571960113,0.017718991029186136,0.010465897619347,0.01387062574596936,0.00992576622302617,0.009056908091837693,0.009123765039135666,0.011065622159886667,0.00740739047128088,0.007780607968122264,0.009253270246625816,0.008139051037125726,0.00609520856000683,0.006979754868608304,0.006346821568919019,0.006881829571729616
-0.5763255604136729,-0.18706586005244197,-0.0912845521112503,-0.055261857649636405,0.0244974256839993,-0.03221738352113586,-0.04427611544573091,-0.03661827798856884,0.005227274272963971,-0.04210507334873804,-0.030321378216097396,-0.017376075736883483,-0.006963621398825607,-0.017478350732270123,0.007019166633691768,-0.0007869843981736824,-0.003569808817130652,-0.005389080925419053,-0.030321088908472776,-0.013943663644368356,0.7602483546705869,0.08628617123919212,0.15646178605008615,0.029749894487576943,0.009162510458595821,0.010238040872123029,0.015557135362361819,0.008002286098550469,0.008013079237429053,0.015256836941689025,0.011384754437926038,0.007674019877612843,0.004867543926213292,0.005119031747194581,0.0058035960233982576,0.005915042301818333,0.0028863852961212586,0.0029072187958781703,0.005661891388814205,0.003500517528869082
-0.04372002412869369,-0.5519551546045035,-0.26019272933798154,-0.22172130650869373,0.19125087691047593,-0.2088375612951748,0.015863419960499774,-0.03820625913178012,-0.16724405274371107,-0.07645586117076925,0.030609874229248824,-0.14785091654185084,0.020641596856211968,-0.07069147728273599,-0.013036881562909795,0.01713895000655087,0.0342163165707304,0.012263428341226557,-0.061610460245770535,-0.016309504402000005,0.2851950231465246,0.5091483173704173,0.1284696321079537,0.09998219055890156,0.10736580921757823,0.1748640978210165,0.02575200584617398,0.025124098233823146,0.06663555519085418,0.04420244744775883,0.028544391484687716,0.05484713025022664,0.025234766490889394,0.03526471317129799,0.025689839785791,0.02084323682147194,0.02234338546494768,0.026549814042825366,0.038102572277064206,0.021745543016759152
-0.3874734659177065,-0.07896604837552701,-0.14549683117722528,0.04187473712439087,0.025429976255474926,-0.11544483503489483,-0.1195598948934655,0.04488645319935571,2.4745429263195656e-05,0.03097747331733008,-0.01649653364457524,-0.008191081674534906,0.027828052634395667,-0.01170750117601805,0.003144654583154885,-0.005532323756047865,0.014177156399811217,-0.020629349002062865,0.019343796788494832,-0.009185252593489322,0.6426376608398647,0.3921537418416138,0.22182744478249555,0.21078925225259432,0.15801183675119446,0.15985927306143266,0.15816743520648455,0.07627953045818689,0.06279897121756642,0.0970498364525577,0.09359118176306899,0.06627342566315898,0.05334722283661473,0.0510031176472899,0.032363872313890055,0.0387013611960693,0.04142597766683754,0.0562588453104872,0.054263435279347516,0.054670894395312274
-0.04795392604395026,-0.1318139380492296,-0.0031283638412344258,0.058386154372243294,-0.0666978179014252,0.014105321436547835,0.020810108698975125,-0.011179014636324631,-0.06676890818618615,-0.00791087416628377,-0.003986650567819066,-0.009778944521344294,-0.02883201709509682,-0.02707460691378311,-0.03716347628911209,0.021664459410717,-0.012369359058381225,-0.0025042085395234263,-0.006061965841640922,-0.0036852980760690387,0.8061528746922954,0.30670124866134024,0.21913676937161894,0.2106043837721084,0.18537771878228715,0.16273384023292703,0.11928075145055415,0.09227912987085209,0.08578851869709479,0.061641004053498205,0.06270644083949824,0.06265344804056783,0.06047075320412133,0.06695779811671788,0.05772849727348032,0.07123860325946588,0.05848506277569879,0.04741750773226962,0.03486838020723876,0.032888971075557945
-0.16698656485345814,-0.08254432465823221,-0.02423846515803956,0.000709321545625025,-0.006933151291468037,-0.041926651755776055,0.02985754974636737,-0.03328865200382706,0.0024943142611600333,0.0068503341823505405,0.013882399441667087,-0.005657740421989565,-0.00841157947316699,-0.0005324268043625368,-0.00781777275634164,0.02538105174885164,-0.005677474169669438,-0.009260596736590236,0.0025328976597951743,-0.014059134350388473,0.6831508173821904,0.6015432255970364,0.219604968551765,0.14014238443554333,0.11503415737243494,0.10822323684630085,0.08450209094989264,0.068655498909784,0.058740076775215595,0.058029742979501725,0.06226922430967449,0.05677188904892793,0.049145279373274356,0.04358096630254924,0.03996501739971046,0.03777915443244627,0.03582688763615481,0.03703185692745986,0.031947787206429976,0.03720621680078066
-0.35221612182788015,0.027391747003269525,-0.132813743643407,-0.11611352538405144,-0.19605386137652983,-0.11866448317087033,-0.04636251416786081,-0.029316598132445946,0.019822280685489597,-0.005642788672986146,-0.034827512260783414,0.04834388225697131,0.002724487780710413,0.0217856266773902,0.010437191917842594,-0.020631026653667305,0.011066982574534224,-0.011320526095305644,1.1117371128050508e-05,-0.034843666707273575,0.5784529974916504,0.4057901281485501,0.24544473497824526,0.20034554787522293,0.258746144582226,0.15232533991674765,0.13227359863052474,0.09546532668684245,0.10980041426232393,0.08781197778734158,0.11266490953617962,0.08620828059390462,0.08008011594318246,0.06299682054117305,0.04798987577134814,0.04624759866411059,0.07178170562919962,0.04200654894697006,0.032320649305239764,0.054710953824768
0.0006123784403293099,-0.027240384383773564,0.08359452927077721,-0.1532516801960154,-0.12003359383918999,-0.005050023773691084,0.059500097212667254,-0.04115865019652794,0.007565329503834025,0.032078264048281624,-0.01697895223099099,-0.0023596703134387827,0.03611494693428476,-0.011140402900764887,0.005021463951713749,0.013201671541317626,-0.0077257723583755355,-0.009700522899667092,0.0030847002001891887,0.012306316554534591,0.553126637966906,0.5538111668523898,0.30478094910481246,0.30940111441407775,0.1998335532771706,0.16649643867828182,0.10389238372013797,0.1339110306750379,0.08424181300249507,0.07769358370669358,0.0896968168524074,0.060958157729569286,0.08112004051566092,0.05440208915511324,0.06291534071941658,0.04793334292200159,0.05049631482302514,0.04046381655449743,0.03754763428806964,0.04299740997767223
-0.21789978556049566,-0.022543903156338023,-0.09327898172323779,0.09548654239813605,-0.019883754993589138,0.13038659034292857,-0.11225464343061461,-0.05963801178316508,-0.02826405941940299,0.016368298902136116,-0.02535267489354943,0.004421990845979763,-0.028044180828469562,-0.0043721047598730516,-0.009076887771390435,-0.016367553824808936,-0.03143774164433695,0.005465904505963581,0.011085262978451645,0.006767760699810473,0.5561199908933528,0.4640251203092928,0.27478210661523966,0.2585063602497239,0.14575296628028994,0.2579422383446078,0.18828100410440007,0.13784559408955935,0.10838769428695913,0.10258690025883546,0.10475166435138006,0.08469458335154033,0.08483432879862697,0.11150334449481587,0.0687543361775696,0.06936614027711663,0.06801918585960175,0.06818756321345852,0.07125061684778715,0.05898152102806186
-0.43311664377392445,-0.012787129400369739,-0.054033003056768066,-0.19791253519811564,0.009617506399007665,-0.023706052019946786,-0.10801784484526526,-0.11727842229773117,-0.038244879663602474,-0.017615842977551546,0.0016476856284520754,-0.028964261393390218,-0.019640749150605957,-0.017294475211802718,0.019506373539431385,-0.024792584248901413,-0.04850789799442645,0.00768947800422648,-0.021538721551289462,-0.02099516126949642,0.33374252817922545,0.23203027420267872,0.2227996335654865,0.2786468773128539,0.2046666166565449,0.19725417621711036,0.3002015294350747,0.1877401561881843,0.21967682461141416,0.2678430393075011,0.17288928833319958,0.14599558551437875,0.1387383814382121,0.09583901581261012,0.09832670067389351,0.08522113179932986,0.0818506139966435,0.0788795155513971,0.058775775855839624,0.06967827509584694
-0.5333221919176541,-0.22976134898376424,-0.08111097013158369,-0.2858005436682314,0.13482800725656993,0.03962115514135987,-0.0888886849889862,-0.013156619853964692,0.04523334288903039,-0.12262128402714695,-0.03425201248281993,0.00024551130922757536,0.02070974051849185,0.07940942058890389,0.012923015970484696,0.024332951761127125,0.002177427638179003,-0.05821945882123704,0.02704441886824694,-0.010570230892906022,0.37845457106872543,0.246232191127851,0.2512318143643027,0.22248634635459277,0.12580487692964898,0.1789279670974663,0.08103416521116748,0.059617782184740724,0.09034452087608946,0.1013746706182603,0.14883889894946817,0.056708150232179934,0.16694591524581004,0.12249790499380983,0.07772766485587013,0.1309895855281658,0.09759861508858213,0.09961869711310117,0.10088804338476005,0.05249981380598992
0.042797118370481516,-0.4897127639702966,-0.19204991409176111,0.10073718149174064,-0.11653609179348683,-0.22622813581059928,-0.06516451231055166,-0.06555014470088706,-0.16339727808953233,0.06129525076306301,0.008099350406968568,0.033237740357870145,-0.11618397797815115,0.004461315323433465,0.13292741664605112,-0.09236746669556817,-0.09493952080658448,-0.10817153725757,0.0783104356701895,0.02203269800164253,0.2988327844109379,0.5017605894259545,0.1803518016549993,0.1450445254234557,0.1187245336777116,0.17294221249481845,0.13928225062624844,0.0888310583469525,0.13191210948339316,0.0778879889876064,0.06991854194799547,0.06713244157213873,0.07420110315826753,0.06611446905331184,0.09975323556668589,0.043019299398874326,0.09041019453201954,0.061472265731809216,0.05231892586241202,0.06466295257217723
-0.5195118412405355,0.025638794668451037,0.2468547584056671,-0.23440132104922193,-0.11552435365742944,-0.12343228716122295,0.022295433621305254,-0.0714259081197736,-0.08915953781656517,-0.09319161684293956,-0.08525584217763946,0.0026856152684674,-0.11591951909544128,0.022722820660177268,0.013357546072049899,0.08847040635571853,-0.019439486746694094,0.03214468482382794,-0.020982848813034072,0.022095914834878588,0.4547885435298193,0.18295249022667806,0.30031848748035805,0.1702436626650816,0.17414568364506552,0.18408425854951224,0.1214967879495259,0.1321091719606971,0.11705579248028042,0.06843624008479798,0.07276292339682566,0.12805394198119785,0.06530306262200279,0.08682958838515348,0.05278971026274815,0.11402282772991985,0.054544468038282175,0.0511559997071219,0.027916718099055892,0.03510892411806222
0.01211657563721304,-0.06743799228041711,-0.11611202904465512,-0.07767632004811448,-0.04499989037315559,-0.023169494031491645,-0.028899508836015504,0.016093886943713488,0.00026789089125306214,-0.015936783679582,0.011895253823836546,-0.04567906215429991,0.0321349041038492,-0.00565725086379558,0.00047556211313536936,-0.031060625349910175,-0.004392467320053885,-0.005358484911434319,-0.008330537139327392,0.0053059338151989245,0.8337992544066627,0.44456302135908,0.15765669075974897,0.04749543868109558,0.06685658523912712,0.12147796686566188,0.058936886351082365,0.043396504867499824,0.06704704594397443,0.0672221820272925,0.0503412847622113,0.038142490679037445,0.03958270258631855,0.033610274290568946,0.039251452691292155,0.04433669018963598,0.03779874906302573,0.0287679883971708,0.024250867738788116,0.029553075658577444
-0.061060183707994146,-0.23294487898488783,-0.05200300103962713,0.004672852130861228,-0.009376381146189789,0.0016727736227089148,0.0001869476807702694,0.01862310213070116,-0.029950049522916727,-0.018762304929728982,-0.011425675628672603,0.008082846844757942,-0.03596374197074066,0.005167159439258974,0.007787234905638036,-0.0014915057428711827,-0.016214422425140932,-0.0011585945260094849,-0.0076489278618742515,0.013575600794604159,0.7585198574376043,0.5859515757545901,0.07421514668829236,0.043308984916595926,0.05059400939103833,0.030502780479330048,0.025630009082060385,0.027844876628710713,0.02713743859759678,0.027732980886743582,0.021757494320928925,0.015221389397108034,0.025854398594438662,0.017407402897294786,0.013444311582673342,0.010531883391917171,0.018817374312627616,0.01606479911757939,0.015094921788303062,0.01408233593972113
-0.7099955320568303,0.024868613748039052,0.048660789407551586,-0.0360586406251252,0.014884786421116993,-0.057154794001206086,-0.016583217329275573,-0.008770093768826011,-0.06106915746749065,-0.000172603485584845,-0.013983234244901784,0.01335664043577004,0.00012851681739055806,0.004098672087874863,-0.012912802222937312,-0.02148178217980276,-0.009466956645109433,-0.009658279467331016,-0.0026615065506909994,-0.009776672044523751,0.6069462385381388,0.026766021931824088,0.02708912557165045,0.2850675433061439,0.07258784169208755,0.05946792441322904,0.09556301505659016,0.025537510836901096,0.0835283204911288,0.030184703438583364,0.035812842362133175,0.027016388247005908,0.023811855456137225,0.016427351569227183,0.02268510282136904,0.0252009695406639,0.019134992522548633,0.017571606092994418,0.016454036168597818,0.015017980128481061
-0.21819563827683544,0.0058015437556400975,-0.04076321510624088,-0.03084649919455076,-0.004807069739922686,-0.050284279634843,-0.036612816165515406,0.016441796417368464,0.019145456709412707,0.04222945145704516,0.02222531907283618,0.0033113618022329173,-0.007516743184709947,-0.005973753016730908,0.007610601399128703,-0.004958001426176093,0.00265325039322948,0.0040063259256808165,0.00986657313758009,-0.000287741149076118,0.8378986877149351,0.45609200004495476,0.13723553031430016,0.06589225013078341,0.0355722726925769,0.04573201849648051,0.036452499477428915,0.024203486116102513,0.017434800526674975,0.030832253963284543,0.026942213418683615,0.025627913190929375,0.022890895549857248,0.019653466085993828,0.00963291390251864,0.013201426943486295,0.011305947439224322,0.004756181068149231,0.010232989031436893,0.0045539427886148775
-0.2574064788140262,-0.2501485485343092,-0.09960425946105785,0.07300601645291732,0.04330319333152186,-0.03008601938267062,-0.027006189658162948,0.025104518904858594,0.026400464188124608,-0.02139910398862572,-0.013702209068734079,-0.017383779098072042,-0.002286491364959974,-0.00813116931022595,0.002178044195136545,0.011890637588036643,-0.0016375446748888888,-0.021167897928344604,-0.01781061195351406,-0.022585057348178682,0.7580972539149817,0.33526407622717547,0.3247917052355726,0.08785524073829838,0.08629348786978627,0.13588401917193427,0.10452747005158065,0.05587988000490348,0.03012100453005585,0.035270597962103745,0.022956518304662096,0.03533270518683985,0.04210439203079053,0.02101132906726072,0.015127209189356852,0.018020248736930845,0.015139825081991345,0.02338940587408787,0.018568193460568993,0.023229928369308744
0.3016218558280207,0.09784474834949104,-0.01352398383737716,0.07273613021324658,-0.026279616329228404,-0.018119958010655236,0.00585969673018776,-0.016137695427000193,-0.0240933434867448,0.01177766938557475,0.023739431427300152,-0.01007745488457082,-0.01335089385966086,0.003483095384070366,0.012937954101493418,-0.007979155103498847,-0.01103019413233197,-0.003944464864334864,0.015227042808359752,-0.002546486154641112,0.786845567031923,0.3385384089819168,0.23530171775372744,0.20848248062914146,0.10968133986531674,0.0824678966852668,0.08734687228431794,0.06394648211433689,0.08684245599896166,0.052865085525193097,0.04856487251714873,0.048936913490261705,0.04988179506625469,0.0548065526727364,0.04191011912338803,0.041371199450998354,0.03222302363156958,0.032745148950643066,0.024602812333485567,0.0245154555062158
-0.6101605041245923,-0.2079521723245506,0.030622619693862697,-0.17347928849642133,0.044351544034670516,0.017226567994956882,-0.07717223002454686,-0.007584346944031227,-0.025128320048480236,-0.02449189837317528,-0.024540305629633292,-0.034005337412814605,0.01810530433733738,-0.007048008262368944,-0.009128991376236626,0.014465405717699643,-0.004150074250066876,-0.007864739634051507,0.012276668791746468,-0.024122397722596677,0.6038641531792399,0.1759702632398211,0.08928953214033565,0.27372412754609793,0.08366293558845526,0.09219748094270094,0.11647847620325583,0.09471505481330543,0.07843692012968652,0.026492909661831234,0.04908566821545011,0.04663098895166294,0.04501807918437093,0.056024181967949095,0.050174407615034125,0.022605957929478775,0.021930313251256734,0.04427471420787087,0.030642670653124197,0.03337140518802227
-0.09352356096441386,-0.24058453847462413,-0.029112962770059415,-0.024227752688096574,-0.044948913937503235,-0.0796357697141361,0.09274550857987561,-0.04998784338886265,-0.003263553021452734,0.004352878632298625,0.004448478338260024,0.03187403669542668,0.06491619579108604,0.05662476228594151,-0.01427699246742141,0.0006131311620793583,0.009076196872912435,-0.0235887076344932,0.009679316121084492,-0.014140194277254528,0.7793032526626739,0.37112434418985063,0.2242819000797187,0.1380022025309168,0.13166893396690776,0.12605325866268718,0.07208879216695774,0.10769073106438347,0.07169418987353829,0.07087981087449145,0.05950576348152844,0.04259009336837932,0.06239724240462037,0.07246831457532635,0.05482407358940211,0.042687419744151384,0.04054179038815475,0.05236223856694522,0.04773323144830476,0.04777941739940816
-0.42369318132471595,-0.12581929009989493,0.08250663782218812,0.012838572782206164,-0.0036618196352285123,-0.023441815672867967,-0.027502278747455772,0.02199007881903918,-0.02274354807130958,0.0008898899573280711,0.022621060937991357,-0.026332642128071137,-0.004539226624609005,0.0072010019284405955,0.00954767596621645,-0.014506552735757659,0.0014808591440231872,0.0008162343853547684,0.006647084875333046,4.314193900017879e-05,0.7580685551997411,0.4204969998627835,0.1721781396546986,0.03739370404784515,0.02635764075394644,0.039448063642946,0.05090354386674861,0.03395596551697177,0.03151930830892991,0.026969904139194804,0.022531250213107257,0.02806349840047382,0.015427755902772226,0.01456868620157181,0.024516741949282012,0.013988823157324574,0.01589546726632444,0.01889750734921827,0.012666232079552508,0.013291346650308717
0.011700051610835779,-0.05506542384544077,-0.09107756764799127,-0.09896938636892862,-0.018445687428214418,0.027989602801462548,-0.00956574224676095,-0.028233181820030175,0.007642481209442381,-0.03987757462489928,-0.00026530493489119127,-0.0165704776183556,-0.019042545468438494,0.039669287230356044,-0.04109008442121832,-0.00568689099802329,0.011288171231742734,-0.010120353406763778,-0.012355453201175577,0.014755632341466348,0.8539098382426893,0.45829559073044807,0.1522094578579768,0.03847210071437716,0.0470487978679875,0.02000647685529146,0.02267172752108566,0.012807758784600233,0.019217570519409435,0.02437176702939882,0.011314952877063012,0.021004241686780396,0.010492817198972952,0.025570347663735553,0.011225186225070764,0.017028643568588596,0.016211197715198137,0.015011552563507466,0.012156537222939317,0.007944697956094645
-0.06066171503124087,-0.544780638120396,-0.3150373638969961,-0.06503721183811738,-0.04991853283212225,0.010643462426678865,-0.014102506596019969,-0.0424246200705277,-0.018289126521535984,-0.04360535532978376,-0.03025058619604516,-0.010627486216972,-0.014788151289303195,0.004759301798220313,-0.0009750179432232497,-0.018875471895105713,0.001403186376943486,-0.019515745381688054,-0.005875325192526297,0.004558585428077882,0.058751817838781493,0.18211056503728942,0.6397146375353688,0.21302097022078878,0.17576769825928507,0.15600333165520439,0.07531525220441294,0.1019682125170243,0.07508898277086568,0.05649424412325084,0.07113204549286914,0.04525260794659288,0.0423351649346752,0.04070268316647907,0.037045389697674805,0.03159133837428931,0.0303976019686038,0.026208347308851014,0.02855008716184857,0.020938280610602794
0.13864282675801648,-0.1932504347689973,0.05935154061204835,-0.068625664034406,-0.001714037059863002,-0.04365217805389767,-0.03628502183794578,-0.012899191200997629,0.01183073875057411,0.012602269223857402,-0.022053492146215905,-0.024408054823572337,0.004935412019151525,0.03648223854489704,-0.0071655591010160525,0.006657254344086738,-0.0036293755675715937,0.027441019165432536,0.007005934178817931,-0.0008706292220109457,0.5279155102038469,0.6250110840295519,0.24899874418370707,0.22871350731529438,0.14204469490098376,0.14443755334290342,0.10531770705547619,0.10946336461867782,0.13110260737878143,0.08735435489286712,0.10858960239238799,0.08569421781748796,0.07600866369371813,0.0764440948676444,0.06661284060394897,0.06565011245731518,0.06266036343539716,0.06963093572530128,0.06551504821292045,0.05490963481522433
-0.2603295635284879,-0.7019646394014666,0.24371356140911843,-0.020111915128820525,0.014905630106365638,-0.007504559451538592,-0.03727100925158713,-0.031499811548628597,0.02881722833814016,-0.009843412343607482,-0.008888818706069258,-0.0008811653164232946,-0.0019306360552232035,-0.0011362431509464171,-0.011023400532307442,-0.004055387105993341,-0.005297027562933208,-0.003575987664341461,-0.009005515801325487,0.0007705941052299104,0.1265745834655179,0.5294850971035203,0.11141024643405535,0.025022939639856485,0.016928619242904983,0.01089331688897925,0.18163650413156074,0.09391667294983835,0.10107251522034523,0.06430085533105624,0.04177732781785345,0.045813322470782854,0.03630059566888152,0.03287807225467865,0.02664997663069523,0.02868547995412337,0.025826088027728508,0.022790895656682707,0.019364482106452603,0.020539216734540403
-0.7312958139226429,-0.20842786124270646,0.03392305702493929,-0.013454063844506987,0.04585485878611325,0.0221598739326789,0.00035445422279354303,-0.00269044696891304,-0.06808390892360283,-0.09291507425781753,0.03883621499554038,-0.05938959871472021,-0.013680183570649318,0.003937899074078409,0.014496773597415647,-0.03454308883127399,0.036129349655128665,0.001651370020203628,0.014089472035221309,0.008293200706501788,0.36083239350997726,0.10059908626553332,0.24631035186501463,0.2189366184435937,0.2563149690652336,0.14289415312717335,0.10323535120057604,0.10437982046158371,0.08575237158701415,0.11148645728124777,0.0670951218552501,0.085528994821327,0.03699973244813555,0.03654529932846891,0.03186837906410422,0.034374320109259976,0.03803837959020409,0.027838209106167487,0.02826367540303358,0.015260105785693215
-0.7691598525952104,-0.14908875846506123,-0.15562313500071093,-0.017118555226086594,0.009710094995421586,-0.00010903566454076273,0.018568164802025874,-0.023463495486345468,-0.041203689817746886,-0.00021853298686133333,-0.023645171175626294,-0.0033825091742114314,-0.001410511627855046,0.0009285349519250929,-0.006850775229702452,-0.00467129970073073,-0.005119594339995737,-0.0021234336764254288,-0.005472034327028449,-0.0025696042199041228,0.4607574716235035,0.12943578802796718,0.3116002397990209,0.05951768361471424,0.08702336558340962,0.06899081106682921,0.04811634640305625,0.035089807342897836,0.06099946715772046,0.05526387599276065,0.017773470851166717,0.03687663786876487,0.037862073083480746,0.02463745575098499,0.028448843825710956,0.006671778277549963,0.008800382887455799,0.018054180102954034,0.020017752035981492,0.02324918619159844
-0.4957761172848719,-0.1572107787014951,-0.07559231662337357,0.029757059482948635,-0.010542935954293151,0.017677569362110224,-0.024604158457200338,0.03805495291194023,-0.014430561812079811,-0.011410819603188427,0.008896841661412101,-0.004024431648749639,-0.012703552519621573,-0.013314420177118414,-0.008410917637845874,-0.012980809131974936,0.0011393428819582321,0.0029524814372804374,-0.010191751276375836,0.008493193660614032,0.19677452186020528,0.6850909527599415,0.3721503742652533,0.18614804708410457,0.11395878191227445,0.07857758920271284,0.06585308021512272,0.059049117243451514,0.05742567864225059,0.06074749859961202,0.033304041436451666,0.02531008631419443,0.026443464757626017,0.01970514929553221,0.01731540065387692,0.01961827713823239,0.011536190798328426,0.010502961966126633,0.012576061536027826,0.010168552041630101
0.12670541133511196,-0.30598674882602844,-0.15686154975017413,-0.3611239785138408,-0.06376052232687741,-0.20708919972955558,0.05481933717116578,0.04033199066011889,-0.0009277311622237877,-0.034714069709728325,0.05248084793787824,0.3108027749766419,0.02004430664390158,-0.0066779503878688804,0.02184788830231219,-0.022080094796083586,-0.013706856302745018,0.0328624481968369,-0.04127599959701367,0.022827391516555464,0.17876163366237852,0.28547035993282044,0.14291440623288756,0.3538432474125949,0.11993777482948678,0.193409337667045,0.16533593917245665,0.06786490271595978,0.060216147093228624,0.1333841849599364,0.104510692809786,0.4363355896767979,0.06035165920114133,0.047703529918561915,0.03693865979644235,0.030427327067177965,0.03270135991222973,0.03180050197507058,0.03628848207147365,0.03330840152955091
-0.28168199117128834,-0.061425067168803436,-0.05324019849533603,0.02313470960921218,0.05304695616730927,0.006250951116722046,0.07363265021948294,0.011049033866120139,0.0290443270148667,-0.06283505684885232,-0.014157048308615338,-0.006954330895434034,0.024940921468923367,-0.041039186750775274,0.0031267238440144773,0.0014894655580155055,0.00513838633666943,0.014912573987292085,0.014753608407603156,0.010989393731990246,0.686058562760315,0.3262451576090709,0.2582870708126808,0.23583824663148925,0.18580132846597777,0.16110070350954328,0.15625243920062867,0.17612661520979356,0.11691419092067828,0.11193404175286766,0.08424039000640747,0.08318986089529101,0.07950193418448062,0.07410428852591451,0.0887697384769909,0.07774931094489107,0.06980805230138215,0.057243727010181183,0.06456024406695081,0.05953284890427216
-0.33097448438172483,0.06322623338429174,-0.036728294121417114,-0.14282060442847644,-0.04515125882030248,-0.21705900542669607,-0.0007386526438153684,-0.03389966279744926,0.047520637071818465,-0.03476745327652305,-0.11326754086786912,-0.026913843392878608,-0.022277957430836156,-0.0319061090993806,-0.009626705301424565,0.01875384021163855,0.01189598283908641,0.0013150124100324537,0.017017850940429628,-0.023938439650507966,0.319763841521983,0.5179169349356876,0.18206434347834874,0.20264888733295672,0.24601418959769938,0.330398006767348,0.2551149364067454,0.13890149139515415,0.13916256372669375,0.13339976857746458,0.12388787813169286,0.08235099187430792,0.09647352527836976,0.08524977585280841,0.06629227248656291,0.06123041032927565,0.044946418370777175,0.06207964843421748,0.05418152149124619,0.05328649125688853
-0.16633299787630182,0.05902421998224642,0.06949924203009294,-0.0402614969920221,0.007825011481166702,-0.007286151068602919,-0.008071863625650506,-0.007425487242468481,-0.0020585399867458177,0.009163437801863527,-0.0020270266739976306,-0.008271565513924852,0.001956985435683297,-0.0001997801113412266,-0.006781034824194786,0.0028439989075176213,0.007264577380255427,-0.0097683452358855,0.002406653289640618,-0.0034340347931444432,0.8373376544448153,0.4606244003478341,0.1455706524265729,0.1274767540757308,0.04575917079421301,0.05117065030648135,0.038101131970099275,0.030582324659041954,0.038005814262775314,0.022975923289012906,0.020551521922105843,0.02075490606648884,0.015392923984587352,0.01250889578157915,0.014744710526471113,0.009827711132122116,0.011315981058225729,0.011054105714243282,0.0071376724894797626,0.00977648889548486
-0.6186515191925733,-0.0655909280971885,-0.09735619924095601,-0.11743420747789281,-0.06221174298997967,0.05891716086357689,0.032500177103204686,0.008043193394536732,0.036233086867028974,0.05837065552533742,0.01573224209692341,0.0036297961539544666,-0.08253747541368867,0.008283622292173392,0.014897212746902283,0.014595310025003947,-0.020605858171641785,0.014476989261184226,-0.023639328977603163,-0.028665442549254048,0.6561733161490926,0.10671101427593419,0.06299245383011524,0.14210327729502795,0.11513217006061308,0.05271050910847646,0.13406977565630884,0.08496058760826299,0.06443740916092448,0.10065372802442056,0.0850316680560171,0.07024459137905148,0.08921548445753973,0.07834398208274522,0.04548473154163344,0.06924085676999545,0.08186725361558263,0.04907818497047061,0.03921618413304772,0.03910472586022553
-0.4538345823554594,-0.08341201780314517,0.08929120499603214,-0.13032492221338016,0.1500536091518648,-0.15467255885052522,-0.021833252401659897,0.06312027230798795,0.013754628176202837,0.029114731577328627,-0.26212165394361964,-0.03221179197103502,-0.05122349460654356,0.02632058612466559,-0.08938419704847296,-0.04426790463898973,0.05285641030856579,-0.2083199719362526,0.010767833079743725,0.047251692212188785,0.35231911359775253,0.22402376303965588,0.2437649942958503,0.1270205820652579,0.23794802291259104,0.168625101432995,0.21565443741692158,0.09570910724919011,0.11653980322694082,0.04635123037353483,0.16618935025773932,0.08034041162234276,0.09512795528732511,0.08125934292327125,0.12015142225049372,0.2337504188402367,0.10113254612322148,0.12937892342214874,0.12619556565982773,0.10303204482423438
-0.5953464579310626,0.09689192608338558,-0.1258332686908881,-0.11683059853319984,-0.08648146427800023,-0.038499472847261386,-0.0016390901132253696,0.01599105198686892,-0.04371894408840066,-0.030858017631399382,0.05192126634368019,-0.013398362592593784,-0.008724519128403236,0.009181920227913152,0.008808346227978886,0.003294326282865202,-0.006402093309154304,-0.023955542644276833,0.005454414451433243,-0.0034139804020692057,0.6902796330176234,0.10293600707004975,0.12006151811727094,0.13074993441993066,0.1042844428081633,0.1022098890887129,0.04884033065503958,0.0750208748593729,0.09265021899889932,0.055674891632821195,0.09176178742638162,0.07323751703746778,0.060713595583338775,0.04903122332459064,0.05094215444454916,0.0326857416427266,0.03061803026212803,0.053764598453686585,0.04560334297900521,0.04207863408809603
-0.5011349010709382,-0.2768577765312303,-0.18019242776422684,-0.026578412752059716,-0.1775708359897259,-0.03596161111472587,-0.0766442396584911,-0.03908477762364754,-0.0696885345610404,-0.06696028437305541,-0.09313135885753358,0.07012382327929417,-0.05649465815899334,-0.00531919484754073,-0.025156672088837567,0.0066792043774200945,-0.0009940734897157558,-0.047010721389203675,-0.08303919510110952,0.001120631956533787,0.5409330407732142,0.2915054632229381,0.13477484005331067,0.12391994965859884,0.19626865846776267,0.10092729070785886,0.08597233559713242,0.08859009067161482,0.17491693478838663,0.045766368037319705,0.10389707468276824,0.060868969974181404,0.06228210896705251,0.07541083857061545,0.11378702743189409,0.034233373181353687,0.043793861269199215,0.09369991810444846,0.07450638491140922,0.026446040428246137
-0.6084820661911396,0.1252727907140356,0.02572237299941133,-0.0370654116484204,0.05766076421032546,-0.048997671101999624,-0.05337237896823693,-0.015494083431275514,0.01268361219481702,0.015797959299395856,0.0009206786697407875,0.02662187941088643,-0.01441465660412883,-0.0020808514988659406,-0.0042379141731104675,-0.002240437389188054,-0.0009519162049772557,0.000485832925139265,0.008667882825901608,-0.00033212272221285415,0.7420944788886478,0.1512346638352795,0.053064394344678655,0.05167033479474936,0.0761219561205035,0.059069182474198074,0.04242806677244947,0.029794104712448383,0.03172755905972546,0.04367603239103687,0.030195947491209702,0.026776201762775884,0.0390500012702227,0.020389607186747455,0.032043815015956316,0.031113635578325218,0.02813963893316348,0.03390855079817312,0.015522904984909386,0.008982057737519995
-0.6094256714766304,-0.11156853002179037,0.10371538649362476,-0.057905682965921024,0.11716598560357994,-0.047426551092138634,0.0044308500078184595,0.007174220164796933,0.040917811011702616,0.021884884306248013,-0.011262203061274529,-0.0034096859689358495,0.005319922574219727,-0.010798510313880445,-0.008817005615708223,-0.010303308914183126,-0.00944050880079153,-0.00328525565091814,0.0033701548788569627,0.002882907713557914,0.6824613777128922,0.17068296317920162,0.09606586753726637,0.08795777465932798,0.15569564997367552,0.09481804863476002,0.04956572513019044,0.0911343834943485,0.09658064650305097,0.08566241433368019,0.027012032401438433,0.021974870981418617,0.03463700184230687,0.043006469414819705,0.039513501041427916,0.025998688588239418,0.04299540331097453,0.03727424483777465,0.020322511665801957,0.02435904901018356
-0.5965250505319446,-0.2183781388397974,0.02311030295944995,-0.05124382102697056,-0.043793870181434796,-0.051787445199518584,0.021416756061494603,-0.046395648726719835,0.034288854197206564,0.013992381088500469,-0.015546412272778925,-0.018202931429498217,0.017247046254542528,-0.0020015280551045757,-0.0008432980465032297,-0.007929618317710918,-0.00026968423641625676,-0.0018714408977810674,-0.005282677918138108,0.013358231726843585,0.670109453139943,0.3001821889119934,0.05167521062716461,0.06065372572384428,0.056340562945516405,0.06733024532081903,0.05045121562445453,0.11035694303373629,0.04567413922750052,0.0505540858596183,0.045819847309701206,0.016078541553907033,0.037891499031320365,0.04213051575055171,0.03126600319484722,0.01850034183297897,0.012181311539284454,0.016653675066053805,0.03563801299452354,0.04914481098543741
-0.2003021348773463,0.03572791438032983,-0.23081758156965282,-0.08109731322766503,-0.039400519344782,0.0007574366054594559,0.012959528371136042,0.004930642851259165,-0.05306586238159051,0.026031465130172314,-0.02291118294244772,0.031405301067646704,-0.04972293773988567,0.013026622038134678,-0.023323819841443043,0.01717995098143122,0.024268689912928063,-0.005069619779182728,-0.014933082413410279,-0.0041949400551407195,0.6532776676327076,0.4652739784776035,0.39480744937186024,0.1996704114738779,0.12192364385169362,0.09564081343782183,0.06185734701886265,0.06671430545522872,0.055387267322805696,0.04663354075775005,0.04419781953318471,0.048151023697077446,0.04315535547648743,0.034377868829399603,0.028279646203077782,0.02746562598628243,0.024433902624573574,0.015616277425126694,0.01992496009558489,0.03208460967337967
-0.25349561520247177,-0.0228284346440063,-0.19048877621479804,0.0017495934839320982,-0.03400833630185957,-0.01695848920889502,-0.02959827205853572,0.00044463604279226197,0.014346567363975393,-0.009904827726508535,-0.031246565918597938,0.014837441414886157,-0.0037861702173441892,0.005007068741686249,0.018059489939788852,-0.012922948939722428,-0.009031354369045005,-0.01354857726906345,0.007007520156392927,0.0023321435507789065,0.7345270088238349,0.3399575009330692,0.283721216324283,0.23512924162878274,0.2148262958437917,0.131236318379524,0.07428286148405833,0.07545399203998902,0.06991310313251585,0.06246097005221195,0.05782153011389143,0.058019254086405084,0.06125067650885904,0.04323225774665074,0.053834987355235446,0.034842701591548425,0.03284340122805459,0.029940744656562688,0.027667841378009223,0.0285541735417503
-0.23255831990216258,-0.39102386199433126,-0.04027673366610149,-0.015295440424470074,0.00799794860295431,-0.016559982492086223,-0.05352418678931043,-0.0018592919815125382,-0.021079314975454,-0.007296966588133048,0.019384498331488087,-0.00473690077696112,0.020463998654463335,0.006119041125877191,-0.02287983519862534,-0.010332701536454481,-0.013791081503260156,-0.01138313200327883,-0.0077058652379221665,0.005373095631835784,0.21305095557772075,0.5464825507083977,0.4209334378945481,0.30541168104004407,0.23654268477071647,0.1843525054085753,0.14575648836798286,0.09616657713614053,0.09499411847711202,0.08736094279029678,0.09733304947355179,0.06265926973213598,0.07135426454395075,0.06414888734274994,0.05263796323286216,0.05222826104210318,0.042790112289802805,0.040141290276954816,0.031335240931884965,0.03811359988573826
-0.06428055774075657,-0.04571711322351538,-0.04620806692715189,-0.004618719333400332,0.0450796743539241,-0.04783426589070799,-0.022703772627955334,-0.003317757366193545,-0.007525682378142707,-0.011400672092442514,-0.05079488970864893,0.031154234819705726,0.04995585999599191,-0.019260547933897594,-0.024666062241799305,0.01138505967030491,0.009240946216411403,0.017057568375374595,0.005460470962586209,0.02235867368158101,0.6170731034935281,0.49151319304725793,0.2971086588526289,0.27377387517841356,0.2597164741421724,0.1668841310365878,0.14323010676699063,0.10123790619455739,0.09236284390543938,0.10150864004704276,0.105608544205631,0.0982251372977765,0.08434528117532565,0.06334191268777807,0.06773859666374353,0.060408903225343175,0.04910898030680278,0.04737746151596673,0.04401059770639831,0.03572190284848161
-0.11236394645722529,0.056030001324028994,0.0262057790620752,0.03752801598943356,-0.04564189712012981,-0.022843534142595115,-0.009334946488854625,-0.0022349011414645637,0.004417366272817637,-0.04318310835756333,-0.009933531102274847,-0.001544834517628628,0.02030484118490064,-0.017888783290337273,0.0027731249692010056,-0.010679700803158542,-0.005990253694035157,0.007967626503142339,-0.0018906354903772287,0.0005496113890380198,0.6524013302160583,0.5412221166181477,0.31970044936736103,0.22073891484317493,0.1545537822004489,0.13820224795778466,0.10657059006263045,0.11139476854165183,0.09508889505792588,0.0891449662953058,0.06359095903084025,0.06080679290129582,0.06296752383206106,0.04692141973622681,0.04920858668897153,0.043349981071905304,0.038133335706605376,0.03464517394783754,0.03775150515920733,0.03142473322107758
-0.7208293888252448,-0.015745245409541767,0.012345173614439287,0.011493189038713984,-0.09991050090210879,0.013454251317994388,-0.05951631525922509,-0.033765977115019614,-0.029318037801862984,-0.03953446758195234,-0.03905170590195917,-0.00860218166542113,-0.022580921539599924,0.005763411718973217,0.00756920856559836,0.001511654514251545,0.00930666001993267,-0.006000656564204966,0.004124190555779949,0.002571324595913778,0.33716709159842534,0.4066661522279027,0.18966127916697575,0.17046739135526146,0.20719242356020384,0.13620295899987717,0.12364222065631301,0.0963683588526281,0.06886415326003109,0.0851540787522924,0.07266621109380333,0.05740878804069593,0.05828654318426219,0.04179543066475296,0.03953628467476533,0.02624804236983198,0.020644976890498906,0.023850315081104204,0.02647564338606283,0.021236397390303665
-0.7254185648658997,-0.2852252131411125,-0.2349113965620853,-0.03309487383447972,-0.033021333118671795,-0.009909578995242854,-0.01726004618791366,0.0035445701328315716,-0.0028108973646943335,0.0003243787535293556,0.004736495395708893,-0.0005333624349013785,0.00023363045332660702,-0.0013464133764307053,0.0010657837689027677,-0.002379570422918223,-0.001491774761394958,-0.0001209042192473518,-0.0017355186206404534,-0.0017986929386643122,0.5463689105499095,0.105943044386262,0.0775562983264269,0.09408493189571776,0.08084994788507595,0.026535039331164446,0.02871993523828714,0.025104370604308555,0.016828388639620002,0.015962253723784802,0.013649179744941994,0.013740288074826407,0.00928142501425209,0.00916216359083668,0.008557687101163993,0.005739321243785416,0.006299340011402226,0.004021681933330759,0.0047579330294450035,0.003910547243100344
-0.5575097648342136,-0.02510431823041569,-0.029136960925706622,-0.06082561494932343,-0.05130837478497331,-0.06403374108715486,0.07949958023396683,-0.04767411307981873,-0.009031872949923015,0.06111621129940386,0.007837906961826015,-0.03538045889722833,0.03274517820892222,-0.015262577293132708,-0.005016246129661427,-0.016137212335080274,-0.015224972733151362,0.009107542707300855,-0.0007038356074973382,0.023217488762731137,0.803508109660904,0.053337698669651,0.04777554816171515,0.051893772067447656,0.05000026145622542,0.030175884533847508,0.03110063099940951,0.031200319133344083,0.018877011560796037,0.02115220378682919,0.012574669839550098,0.015439820949047455,0.01681651184494874,0.013961543501150947,0.008275589302346094,0.014760105765312155,0.011719565716872335,0.006831252049501877,0.008613194250667887,0.009137576445911105
-0.6705405106540366,-0.008852332434353806,0.025484872565556545,-0.14641161512225095,0.03369427001205065,0.011060265189832346,0.005992602154461725,0.012846622770442587,-0.003857905457110101,-0.005761883677977627,0.010980527291559048,-0.01075364553746325,0.003152067617574256,-0.010375504426019427,-0.011667850687643538,-0.0007107489206305809,-0.006736248932483182,-0.005535829998358377,0.0012247991863129513,-0.005453581992889421,0.7041335696428991,0.022600259172220392,0.019321794455504415,0.15901678162378902,0.011828815998087482,0.006742161348523456,0.0388783607370182,0.027876276940626655,0.025748947003586504,0.020723949293002447,0.012413126668689168,0.009734965078001675,0.008366642173599878,0.007777426854092294,0.008429915647014995,0.004832062870674147,0.005645796737543787,0.005257476777532586,0.00401756645805494,0.004053387460833574
-0.6216140294169513,-0.023759350451087624,-0.05709156039757885,-0.13380325181128813,-0.037535341269761616,-0.05668350490722852,-0.006336696572305658,-0.00995031239644462,-0.01894859323980964,0.028348545076466627,0.0007374811398319893,-0.012206842881519343,-0.002587288975918936,-0.00910037677307472,-0.004127222543624805,-0.0011241950639934537,-0.0014790899525864245,-1.8659618197152274e-05,5.4521520659458e-06,-2.9538163954119395e-06,0.7610437699976461,0.03863392970251321,0.03308254402703583,0.055539401347163515,0.016200773300605622,0.01794738328615313,0.007674308794561111,0.004344801198481728,0.007135628701608823,0.006602922255719574,0.004712039076375237,0.0027672169258538314,0.0038591284004715893,0.002524012218462043,0.0024555144289525894,0.0026187721341345304,0.0022667101127167703,0.00024948145234377725,0.00018539466655835739,0.0001612784933236021
-0.048950196778918445,-0.005200962739566621,-0.05385007063958368,0.02146965382226073,-0.02862152244790066,-0.025668897556733895,-0.05248120742783887,-0.0988305683634402,-0.032701195689247876,-0.04436968039472659,0.027035514373443623,0.009594379594859488,0.01756104415950116,0.006692630841179952,-0.022650156975621182,-0.02997886398973419,-0.000637964546502643,-0.00862050875711604,-0.005896319128173364,-0.01131499590898438,0.9004313237484911,0.2177991997701213,0.16628008459640464,0.0786037018377879,0.09829255618682195,0.11950312812665499,0.1298527970509071,0.09293125955547298,0.10311479166998147,0.05766081776173077,0.049700257345778966,0.05242298052114914,0.059297105627872,0.043737451250377174,0.03699418397904014,0.04133710721959457,0.03989606679168127,0.025628009485426907,0.04165851877220984,0.03472184447357854
-0.27355989173285167,0.2151252707393344,-0.27708752959243493,0.20535764999480655,-0.08933105283962021,0.08245577667811342,0.023428489366619433,-0.0044790395954979025,0.03944035202791949,0.04625941569920534,-0.07804700403383033,-0.037451199129118116,-0.11556493958697871,0.020865394203349267,0.003083916799316621,0.012640514552694899,-0.005786528825166642,0.03420504924391869,0.0026483564945977457,-0.00613504323277105,0.0704694100436812,0.609436189472208,0.3909856413792568,0.3201137197233291,0.16798579068384928,0.11608344104153784,0.07923210532155583,0.09130278178071281,0.052663612730422,0.07977627359331119,0.053417249699352465,0.051461288273126016,0.08436357989231494,0.03707699303596425,0.04233102783579642,0.036963652212071804,0.033822460134673604,0.03372765391635343,0.03056484576171331,0.02562660388696174
-0.4065022894492919,-0.16234572486408214,-0.10122576793128686,-0.02202475261620282,-0.015570748075217893,0.014812188765259313,0.015995059531772805,0.003656817155165245,0.01700887290576007,-0.013722872198912462,0.010200865111862908,-0.006383501256357584,-0.006050665175988627,0.010576168747661758,-0.0011393474037189038,-0.010137434887290195,-0.011309516322964562,0.0020777550246796226,-0.0007407239023280834,0.0018880301263931789,0.7948002976324734,0.32774580168509343,0.14877271045639986,0.0855289519599541,0.07703463021193596,0.06686073658030035,0.03682088241222686,0.0404537287986872,0.04462315859169931,0.057783695911317955,0.03138482079655197,0.028369287400851914,0.03965519612180435,0.0354312801080593,0.0296174667790359,0.022319557000209267,0.0258190804654876,0.027759720953710106,0.02412111117384376,0.024758963431848097
-0.5411654934520687,0.06533834085794503,-0.1430741444144796,-0.10750945785843175,-0.3254185258048046,-0.0027918766710723912,0.13400756886224488,0.09391489554274056,-0.11260729993375206,0.08503779361708402,-0.023927837834253913,-0.010260877821451804,-0.013912875602084988,-0.007057598000018791,-0.02272778137495604,-0.009239747067688759,-0.004076182928362151,0.00924610975799896,0.03187036039841608,-0.026746409292781336,0.49330473353060594,0.17494483921604748,0.27818110113880345,0.07817551129791926,0.30763916845791833,0.08070187791752015,0.135149833221377,0.08101575962938048,0.07592552232634067,0.05934871340151734,0.05278458424624222,0.05767480886258257,0.04464720375052638,0.058542302219924784,0.032100191104676004,0.052415005916791775,0.053473051223212394,0.028264451248864047,0.03728898276966293,0.04253754900061927
-0.5321932811887838,-0.012490962354931932,-0.17054035624910255,-0.046557757123387285,0.055030888006489635,-0.060892383977824295,-0.01520909586927568,0.06576506835390913,-0.02977733086564803,-0.03775088054010935,0.005845444091740037,-0.06715201292974751,-0.023786784443879147,-0.02233781995430091,-0.00952955109476834,-0.00833186436883421,0.03182196379164132,0.012782122498620273,0.007215837703764712,0.018322763056918226,0.6369924117317829,0.3031884875433647,0.21446457249128786,0.20488050474135042,0.13588357631850592,0.09656441845400913,0.06834505998052494,0.11274575978135577,0.06249217069386346,0.07560379358724759,0.04714732724218396,0.10400949824821445,0.05453733196174409,0.04812913156139591,0.03502693536729863,0.039492191146737014,0.03650853343475031,0.027538102637853838,0.022619907995503147,0.016070353165204467
-0.050471128179017666,-0.06292297907990778,-0.010610437840945947,-0.02385237588219695,-0.003158627613522599,-0.025000790527868612,-0.022100221952403937,0.028288445373762756,-0.010392063496283884,-0.0024493349602267844,-0.011302875469032417,0.010148231913034891,0.009636068818399094,-0.0005306282762331375,-0.014572500469156263,0.003553411942593977,0.0027625268145246174,-0.004148583564806415,0.005790578209487896,0.004895603706388191,0.7850068526351827,0.5862820157974425,0.16850813882294008,0.0257245200520351,0.011168031708042562,0.01129395797204176,0.015213124124538813,0.016188882728728003,0.007845904476536327,0.007658369150763926,0.006066409425801639,0.005527494747134832,0.008883984457328343,0.005441123551195839,0.0038512391477990965,0.003370476460719284,0.0037637980843897114,0.0032069242919903077,0.0036472819209320603,0.004246976598062654
-0.0019759309094249085,-0.07715994622905434,-0.003758973479183333,0.00809829773104997,-0.000346834161550836,-0.0019606568464673466,0.01776952727860125,-0.00369955059146179,-0.010749191841244347,0.0009637251882001436,-0.011592415551045336,0.0008883229327638962,-0.010027442561767191,0.0015983406297295885,0.0005725289740398414,-0.006160545950317131,0.00457088633025448,-0.0018512373956502083,-0.0034518910029324532,-0.005754235895333343,0.7221154184070903,0.6802563739672491,0.08761810979236682,0.022878162886969578,0.013197593593610963,0.008458184540591903,0.01519238639407048,0.005986164515461279,0.006747260078969861,0.0055734380679107656,0.005216849640161129,0.005395466139670236,0.005040172476758406,0.00268073930008885,0.0036600277079061575,0.004311844175901885,0.004611383721249437,0.0035051261853004272,0.0036757319996836395,0.0032047490743080382
-0.028592811481474172,-0.09319039890318584,0.004177403730093607,-0.07478033725589855,-0.02555900470638001,-0.016022423816661604,0.0013565923125468072,-0.005417685886529732,0.0010966480709139884,-0.01030750606237485,0.009310742016532363,-0.005643096143279834,-0.010368733370939761,-0.021873088971574157,-0.02185830962466547,0.015877750574246605,-0.008074112964881242,-0.00016660389474559535,0.0029542522653236082,-0.0065432123965197255,0.7624683246650318,0.6188012008110638,0.07870668932248394,0.055388147894456195,0.038569681314151935,0.024727303776673846,0.0522455125808786,0.0206958006115036,0.038219852742280784,0.021993940046648577,0.019494098132062494,0.011847865165605273,0.01709518777696263,0.014133561752677734,0.013067413714192636,0.01008430000277504,0.011079621980911981,0.007666550562971413,0.007323429146102965,0.005636596086071934
-0.026587575344164747,-0.0010299043460319408,-0.12230090414366054,-0.010936974591898317,-0.008635904158881843,-0.02279462412082615,0.017628958587664764,-0.004940237790477736,-0.015472225676800243,-0.029109236992776934,-0.01820864938364213,0.0065190104626694995,0.013127458848626292,0.0033235692944384404,0.010276474641710078,-0.00595452842597134,-0.011256821776529776,-0.005169340971264976,0.002497734163724475,-0.009434652201706736,0.8018857174030142,0.5443594993566607,0.15431858706778898,0.09467266593690557,0.05017780863919229,0.02816930299522615,0.026121458901985282,0.02434199752076167,0.03864782051979171,0.02755195097232211,0.015279826712761672,0.02078199017253667,0.0177190453805694,0.013402652486775761,0.015760519283303458,0.014184068228358567,0.01695791767679051,0.011466588069692736,0.010240559302316685,0.012454378482770534
-0.08980261297702995,-0.04926076826841345,-0.016697447791779705,-0.02598511820278757,-0.03664133971919558,-0.015221574188669805,0.0026489886392772177,-0.0012657192981120394,0.003896204643269855,-0.0016514280594840784,-0.01060510569076518,0.004827041142608465,0.0008571564452094074,-0.012189739009304588,-0.0017012381276599708,-0.006191862817172693,0.012389955553895163,-0.012642919376409182,0.0053904010919001355,0.0014962984625507604,0.8574958378551527,0.42617795199273806,0.17898782597277704,0.10396679359985353,0.09471407570230062,0.08848403429856261,0.048383346890209775,0.03669409793549977,0.03732316997890529,0.03528975393724111,0.02583331785650019,0.0186043097030374,0.0218992066630121,0.02238610418675066,0.013855573474891818,0.015726747644845655,0.01672766977250019,0.013041471663845072,0.017206173612644423,0.014322527446914665
0.1590821561130496,-0.3392252513412844,-0.31850474057468525,0.024762578383761964,-0.19533626630719336,-0.013385804433386205,-0.5241992407500037,-0.3308949829936218,0.11909497794822634,-0.11091015414369462,-0.028905370761628933,-0.07046296499600695,-0.06473693101251157,-0.02492839771601105,-0.03995497814191347,-0.024327680809994395,-0.05285267424463235,0.01782128376051376,-0.0026793712990444626,-0.01579776278173828,0.21655191321827225,0.19127242927012042,0.18498397151816845,0.04557385093817685,0.09324612764400673,0.020467289826143636,0.3704234031133919,0.1528540164901855,0.0328089982285231,0.02449013390225701,0.012333630902411316,0.016577517425467526,0.012839435023235547,0.013778482627505683,0.007049404332071455,0.007596668453424508,0.012575120971140392,0.006948096786843369,0.005969261252545675,0.004535646625236754
0.38242696247572094,0.05372930667463338,-0.19484517063505613,0.2698965153934227,-0.19203542720599784,-0.5188522807066083,-0.2818135774542887,0.09007501570365263,0.16092826615201866,0.02251204813508489,0.07420281560427748,0.1048434632015216,-0.004729023650304984,0.011677791924659394,-0.03861082825366413,0.06391653954523617,-0.00226525700112984,0.01659859878554487,-0.0034081853906655583,0.006682104989454194,0.3212224351694163,0.09919411127094475,0.08383698926737572,0.12446452330162969,0.06674387043126456,0.3744663123681491,0.11397695416315028,0.024257278014953004,0.04698724346025048,0.011517328596850536,0.020811672238180527,0.02466658169999648,0.006028295564854094,0.004606775029990928,0.009201302843784325,0.008566636493218942,0.0045370877901576194,0.0032180404318115424,0.003586475381642448,0.004230737679067498
-0.33684183950244484,-0.3270663360886723,-0.5105059888384209,0.06070073100288697,0.06548521583539708,-0.36039850847527777,-0.1099293745198643,-0.010254466785697717,-0.034121241048630506,-0.152550138699995,-0.05101715456416961,0.006928179350526958,0.0689401677350864,-0.038227209913600825,0.004668622847791737,-0.04226526430656289,0.03048913500896515,-0.009349994738701567,0.004603898381068044,0.006806809890265851,0.31450554360463945,0.17667692523057657,0.39310985362477907,0.04276056475005514,0.017726644721565783,0.20620885215374243,0.02745008121578204,0.01249913163723476,0.011059233455308952,0.04207246739755107,0.011263053994747852,0.006811015292926496,0.011584762519900024,0.009212058936827684,0.006293645405223129,0.007383175358672112,0.005725189549613867,0.004615012955766297,0.004697479831730127,0.003547287651171331
-0.5660304630920934,0.08204505627127578,0.03108565296178432,-0.002127469326401645,-0.04238209541794115,-0.007043813157823898,-0.02879000969087455,0.00048158268496018713,0.0004913150548737678,0.0040458961157188835,-0.011298357229367761,-0.00724095130226351,0.011023482034198593,0.00449117432683898,-0.004387988577340245,0.002564534873729456,-0.0050910287806898435,-0.0034026816514611167,0.0018901350617863133,-0.0013214044582379218,0.8118949301996208,0.08982198688268976,0.016410480161110713,0.012982702606164116,0.016577814064321687,0.004206979164440109,0.021390709165761506,0.013370626571934913,0.004017391246664195,0.006955038449564993,0.00679020824771698,0.0025280738772368843,0.004852301536005991,0.0018950083548985857,0.0022757589969476795,0.0027867479199999816,0.0051423625253102494,0.00441666717537786,0.0023357785996703227,0.002952689769255008
-0.5936516633484161,0.2619295905907308,-0.06497576142654667,-0.1902502852993228,-0.10471298644033399,0.0409313332603787,-0.0399767426995599,-0.018732188435847737,-0.013232297977129057,-0.03425889910873264,0.03882922373073256,0.018842925996780054,0.004257574270957949,0.017673077802453297,0.01193764489537227,0.0019173385724224942,-0.0010467848794275653,0.006447820346073662,-0.0023946375783436644,0.0006330898991850656,0.6712575916908444,0.2361852702599433,0.04122429979603637,0.09477466765868647,0.04647667450616629,0.01988761211332937,0.014371059756286149,0.005736829432381344,0.004942315410121291,0.008262835661282946,0.011769704654757174,0.00482230437614359,0.005063242085594269,0.006633652577934427,0.0040542801424252855,0.0023918866515228975,0.0031439603865187323,0.001843529428410257,0.003884489458966605,0.002400349147257854
-0.6142825220261192,0.010793626698307688,0.0015819066650656205,0.029351367301958087,-0.0752513814660895,-0.04280555735269378,0.002713264229771998,-0.038985463089651395,0.00021421669543688642,-0.028777873229700605,0.0006368084855109999,-0.0039016559724130285,-0.0018979489232999753,-0.0006276113305835251,-0.00018479586125278005,0.00018224566949412378,-0.005879892469532399,0.00017791187262652765,-0.002823373280268935,0.0009446439021980462,0.7764996344435556,0.02463572221147728,0.07124925757616818,0.009711624313019362,0.04018046773744044,0.014239193104281053,0.022061158608532146,0.02287979120529487,0.0030387026902197346,0.008279534076078567,0.00461316851713283,0.002512697053651242,0.004900367022301546,0.0026090915270255643,0.001484233943984185,0.003888440657667727,0.004964297735329179,0.002963858803006533,0.003727478643073465,0.002272714696410017
-0.5538461245146231,0.14975750464080145,-0.40063794001896214,-0.15968895497875268,-0.17267725165198572,-0.12052662800424581,-0.043961608574209755,0.04277532302508703,0.02563789181823453,0.07096601894054332,-0.04687061843783189,-0.06809839913168002,0.05775245347820582,0.014952447602011955,0.005762366178161142,-0.031046515980560893,0.00401275188620181,-0.005755053134950918,0.020313541219357124,0.020069329807549836,0.5351145985992128,0.1420349811474575,0.3159176373127998,0.05617946487805842,0.07680417805685257,0.03907613870371847,0.019894624179559374,0.016849960444284252,0.013075569543959109,0.01721822568865202,0.011794374664902529,0.014488281025356453,0.012109033198543511,0.005699432438214048,0.005434013010056766,0.00774017832338913,0.004273763150537036,0.0044155846380260835,0.005349687816109096,0.00473515620012853
-0.5899251818189172,0.0465487249629166,-0.019217922509471894,0.1529283198260314,-0.04742968067039417,0.00024083753082930012,0.007216991086632582,-0.025745229359518205,0.009532817578134112,-0.007694070704582431,0.0015818730164467146,-9.865672379688298e-05,-0.002809615840345784,-0.004450457357577412,-0.0014986850909139012,0.004361597739350217,-0.0009123971187166077,0.005007974344558663,0.0036275917957473863,0.00033993198810739486,0.7759898072725889,0.0938767260294542,0.052044587444349914,0.08550513875393266,0.02694233760710852,0.017773888135905167,0.010729841032246428,0.013305007034861966,0.012018619138534001,0.007547202569083413,0.008854328976775983,0.00679214989788077,0.006080226435768304,0.006024497523886819,0.005295412592862736,0.005401306596569386,0.004636561222092961,0.004693546183925361,0.0035554319626165836,0.004526606601004933
-0.6342161675350018,0.051205749744480736,-0.24316167302117422,-0.02384079499015724,-0.03886376782728896,-0.1064772588713712,-0.012099902242032796,0.08332924257339343,0.01096501058879807,-0.04680795718693668,-0.01624572524489514,0.04021290572502036,-0.010627331673477496,-0.005345967996072267,0.020496125131704783,0.0037301934889126635,-0.005786606401463964,0.009127336343514118,-0.007462880625545492,-0.009981598952371438,0.6882340498196963,0.0793960515938189,0.1576224473847668,0.04012412243691423,0.030699213513488612,0.04240163818735699,0.014765730913338646,0.02423173776692199,0.0051248869896299894,0.01171185400120361,0.00943129694080378,0.009848369498114773,0.0046326592609150855,0.0061424707579596565,0.006058019025083187,0.0032427559973378624,0.0041920974918112,0.003451116533202437,0.003384760771602284,0.0026691550999425255
-0.20023126342138906,0.03309808888086167,-0.044560856945864924,-0.07032066860146761,-0.11169156832846835,-0.022084835493239387,-0.0011576629672525845,-0.005541154130893081,-0.08055721218823804,-0.033775880327276867,-0.038456774517661274,-0.05124238054974323,0.010055232364861133,-0.03081128438837451,-0.02613133091066376,0.013567633661775652,-0.017688287379467642,0.0008389511588746464,-0.03818962046861028,-0.010348905306817126,0.8480764626500491,0.23720134772038273,0.12977475667439856,0.1609607967852038,0.19802132186404436,0.03753430861117968,0.12212332717362885,0.11316289289388536,0.10069071573080958,0.05587105121107628,0.0606914307394116,0.05506661350193491,0.07227075039765023,0.061315186524526374,0.03719288336602804,0.03155274908589052,0.05329782514072332,0.026264104375008982,0.034186256347732,0.027002583381848643
-0.2271495528629758,-0.2312877650394809,-0.1874123163259584,0.07664830579655801,-0.14795624361982693,0.007691228153463999,-0.008012715177295644,-0.008455474992249457,0.011953240137611721,-0.012012323397865919,0.022413662188843254,-0.03774356938600117,0.02186557146886269,-0.018380848989610225,0.00560410622226403,-0.0037675186666328215,-0.009235756182758889,0.009397156039971832,0.0011625874274030978,-0.01643251835755349,0.652067699112207,0.439464035204843,0.2569734396598327,0.17214743422226234,0.2157140586018408,0.12337781903763513,0.10424304272189501,0.0832626703190951,0.06370013495585168,0.09012226814739467,0.07753324385733576,0.06936029309236741,0.041805213241694596,0.04318351281054538,0.03773067124715756,0.028161336016473238,0.05212596649469488,0.036951691311289434,0.030203660243134332,0.030549256349307656
-0.14384238677329314,0.3052291542278282,-0.12066901147332501,-0.09704898919232861,-0.03919541634006009,0.03236462046562202,-0.08464214270541046,0.0923888630458345,0.013612284620717518,0.05621077056857833,0.04457124724260674,0.004252697233551155,0.014105233045217203,-0.042948255966229476,-0.010199265837258541,-0.038799243678072456,0.028556980139206253,-0.0031181617173328324,0.02013094617631094,-0.026533566945676684,0.6169176714122704,0.5505638685595236,0.23240215088251442,0.1451882643610021,0.1271113202511432,0.100857625868457,0.09280392671984494,0.11027893775059099,0.07149866371154866,0.06367496956324702,0.06339872867830186,0.05079407122709005,0.05193868663260689,0.046371028447880214,0.04058705721756098,0.03442492354037047,0.028766485892689323,0.02691997852431029,0.030132843242991893,0.03370182928856228
