-0.21380081933344505,-0.07147192695095549,-0.013199936044344348,-0.07967527461581125,0.0037542646221805807,-0.011975305288550592,-0.033006193232849444,-0.022650609668941894,0.0031661647474529654,0.0036965034510161665,-0.0008555384887543408,0.00036468475460761917,0.00735476398511655,-0.02607070879644638,-0.01625715562535465,0.00980099226705837,0.0036861956001339575,0.0008534186954760097,0.0005227419857121293,0.00040767362317871604,0.8211712632108267,0.4333520047013135,0.16366100574053685,0.0959605948751587,0.06990416918160865,0.07771732485768222,0.051528130646652896,0.07473269721867276,0.07439373082575819,0.06159784576252899,0.05124244337529133,0.05358176215210207,0.043674861040666944,0.04061774770032544,0.03363791595413633,0.03900640643085414,0.018576284346540625,0.024267221021254778,0.014704084430168692,0.017404495523620223
-0.2303209765674773,-0.4628073747180286,-0.36252813641359055,0.10216307661691078,-0.017088343566630786,0.07123271783196218,-0.11409129498009185,-0.04577042270101159,0.035012966044157184,-0.02914810830415095,-0.037691402745800115,-0.07319007704137799,-0.01237135632212955,-0.09061567952367128,-0.01169295277709261,-0.0005503737409467047,0.06721031623586131,0.025905308571955242,0.011178482292731166,0.024294832459919712,0.18332501561655176,0.5396179480711051,0.39543678237975494,0.15331909004477742,0.067652910732196,0.044538155439807985,0.15119724388577016,0.05268365743679594,0.04104118026439351,0.032839972900182555,0.022741105146002492,0.036389137344737636,0.02542611971745886,0.05527923885071467,0.018979068288277126,0.011584325921484223,0.028122588260004775,0.010972100913321438,0.020311625467571943,0.012962618064952351
-0.4458889964612918,-0.07165912666125845,0.04899867791559879,-0.0459573698962339,-0.08091992249521199,-0.03750151497972569,-0.07285420129282395,-0.02317238828044673,-0.0027260514143232864,-0.006541440334565078,-0.02772474825831983,-0.0052670529956211996,-0.026441949275825397,0.00221031332203302,-0.016820346229515698,-0.004690717912183354,0.004987134841856929,-0.0013584697753295874,-0.011568859292902177,-0.007453358954528872,0.7379634339105764,0.26722813860161376,0.1317554974679712,0.29426871683562617,0.13140879141080894,0.11089614021237071,0.0886378764368058,0.08166987429292992,0.057148890961203125,0.032617614104363216,0.029110799399231918,0.02162864471626043,0.041660873147583426,0.023563315141093465,0.035149667503754256,0.029491459072609385,0.021081173539501747,0.016457154328893393,0.019824091086519453,0.021618330823063237
-0.21326469815582105,0.006375788198578201,-0.06111607277068122,0.007168694131048262,0.026237915359747923,0.012186386459759032,0.018934920637615642,-0.002458699727026059,-0.017314198610195567,-0.009171841535080681,0.027099179489817098,0.008514883331952038,0.001214620198389974,0.005723052045259595,-0.002332604237578771,0.026002895440870245,-0.0025499105972301276,0.0027888825093422337,-0.0046409480839082655,-0.000538431115499019,0.9544064654542587,0.11729807900925852,0.10030324138896805,0.07046249747676493,0.037282460156259696,0.03538209654372265,0.04222706052341719,0.019905703354662206,0.023248282382918692,0.019459508734976174,0.025600835101722147,0.008853331764533614,0.013366017661221398,0.012401890576811606,0.017198838761620334,0.021827111080747943,0.009236974290528915,0.009899249997994734,0.0072150496935910555,0.007501021785171273
-0.30614085065586477,0.04726578303930048,-0.05250479422499064,0.06951666302518222,0.04255087958352867,-0.06015171907613087,-0.010814295649515113,0.007912568802867453,-0.03282174522235836,0.005812038495729466,-0.015292570797052388,-0.015880855849107815,0.02288845114079571,-0.007916559965333369,0.007906229909960674,-0.0034381194648952325,-0.0025906459843904432,-0.0010665090598346685,0.005542909646295753,0.014660879469660573,0.9076176353776246,0.12327978313981662,0.06836443702442989,0.1319983603878834,0.08701184554915396,0.08067796179097828,0.050706787494471536,0.05722301824519704,0.030816849054866122,0.031568900618556696,0.031995976477282057,0.02315036373936864,0.025672006969051083,0.015165575981230259,0.026644213228015506,0.026495935019362284,0.01778578180848406,0.02557084914791251,0.016674756256234113,0.016992518000118317
-0.25879645560598435,-0.007534827528244696,-0.03547309964524591,-0.02674568220482228,-0.017088688208039538,0.009166529249882673,-0.009391402498065936,0.002462819360792464,0.007494357203748687,0.0031629313395223446,-0.00887418755684737,-0.009228157395517751,0.0025830333701058225,0.01380436747166163,-0.0041690081239717635,0.0012398413533184457,0.0007543773939711145,-0.007179539410973367,-0.011249400627129227,0.006707561320098152,0.9312668028414736,0.17014613690789224,0.14827243347179006,0.06361378014450415,0.04532276521798077,0.0308136054515783,0.024022813097117946,0.025874499103578016,0.015566723860283894,0.02543064721081119,0.01676907512321801,0.021883140628880155,0.02058214178623076,0.0141916841141968,0.013660878209615309,0.011546999297450532,0.01665601372277462,0.01463772257852584,0.010875203432500239,0.012668436569028474
-0.4010460039519001,-0.19065310174034145,-0.036438377166814875,0.010730623784088903,-0.005320430934667893,-0.0013331357828330617,-0.0016028722019359725,-0.01342417011752961,-0.00102269436601029,-0.026101231842291173,-0.014503770981111724,-0.00960370862386099,0.006360998669640738,-0.005049468996488591,0.012474125360847424,-0.004925379904331209,0.002716742957467315,-0.0017527054909156404,-0.0031027780013007013,-0.010537507636072176,0.8359221412683174,0.28629432313810965,0.08354815131573681,0.050179654536614986,0.0407082743825154,0.04025180395787655,0.03593344549984965,0.02597663179607175,0.024585379161942388,0.028520924732928808,0.024019111134933872,0.031952308177828716,0.015674972087694486,0.01042086864014872,0.01323096311604928,0.012386463470314675,0.014218217828986471,0.013659911746292983,0.011805551232286073,0.00986406043382391
-0.6442352575430154,-0.1255663035995511,-0.023678586748880973,-0.027968708899722198,0.07484498456203233,-0.04226612965161003,-0.07308058596665269,0.0016763607595089054,0.06733624092991146,0.00885918187679453,-0.05566033631974711,-0.03308650819241395,-0.0237843774404203,-0.01399253927868882,-0.01420221110415938,0.02926079932056735,0.012275195962164314,-0.011347017636755915,-0.008891904573527369,0.03848376089381075,0.6315856351544846,0.1380323460185422,0.1553762808651698,0.11498583808764823,0.11496055093917404,0.1174185791134716,0.11388320252345215,0.0977223124202344,0.09661931819807329,0.0664307726050967,0.0811690451100274,0.06156910048115686,0.05318082812649223,0.04270749230662357,0.04664221498875341,0.028700763703625082,0.04423014654267884,0.03472600761546853,0.04163216585390075,0.033789566551486454
-0.6619774880973007,-0.08570835068651211,-0.029329439473427473,-0.0026791722693917195,-0.0761772941916513,-0.06600349400690753,-0.06960546810426592,0.03329632789087072,0.004927373393856655,0.029997150871304466,-0.05660996797355154,-0.024570847169630504,-0.0067502210426980975,-0.04530876598806534,0.008060790239795541,0.025712746572989366,0.01466874420634722,0.005480933345720433,0.03986100565135712,0.025389718075365626,0.6795271838538559,0.09505935410065866,0.11176206000257469,0.06474341358552538,0.05966796965867163,0.0619106254012678,0.059925192156312285,0.06301040002870138,0.04034059458066936,0.03932849700770819,0.05522193369699495,0.09724136374276206,0.038649591236281595,0.050146205893091496,0.04172439070315253,0.030444171161661766,0.034597968968378634,0.015515531436319185,0.021711918779360982,0.026988162887831783
-0.6242525116786782,-0.036228816148915544,-0.002459876238675034,-0.19376382484431676,0.061069195353509464,0.000546593013312017,0.009619474688301871,-0.14795094757960836,-0.10183064222657118,-0.007882871375342713,-0.0381594408868036,0.008118583989249825,0.033026751431747534,-0.04381401042569399,0.0033987083109743225,0.03824407847247525,0.004341715324917056,0.02238821582233076,-0.08717511230457721,0.004003608261979093,0.6957145752072971,0.132303665094195,0.04525393468521004,0.09010718103990996,0.035081906450105484,0.022474632490088495,0.0244482925297345,0.06026769707361381,0.032451257956270664,0.017234679715802875,0.015233997047690908,0.014085717656722847,0.016564797510664097,0.01692568395699264,0.010284553473755316,0.014730876162848596,0.012782582063958393,0.011616247781453811,0.02113678106724573,0.009736903193218892
-0.35675696268018225,0.013754339937665058,-0.00943744863017615,-0.07897102779613781,-0.025525856171770576,0.005053365502297561,-0.028806899540808274,0.007354911242406415,-0.02274766291453383,0.008795236671516798,-0.019497704364614083,-0.005456717492595028,0.004245253195839281,-0.010458087620767702,-0.002065367357238797,-0.0032920342335319,0.000510268968302166,0.011566379363879407,-0.002110324076990186,-0.011525778337863486,0.903579143426439,0.15705053819940118,0.07603254783224093,0.065396265600171,0.05746460728435718,0.04525993993471139,0.03426184121808745,0.02966937738805942,0.028335846623654782,0.02666248385285175,0.023494158611617872,0.019223331619876032,0.018162406625343193,0.022211736009780495,0.017574040420628316,0.014046324403181883,0.014120505925007838,0.015156147617989968,0.014600588172272545,0.015512988124359889
-0.3691701627736138,-0.12085017345807436,-0.04803447568376108,-0.019660744969365974,0.0021215750587255918,0.01886824443469921,0.004729989199278748,0.010664476910623702,0.005176573178037858,-0.013186723884667436,-0.0095695950311561,-0.009659998346196696,-0.002974596496225039,0.0015485205448730124,0.00275551941473494,0.003174671473761872,0.0014914946996824091,0.00609426463151013,-0.010129022484862988,0.006805611553727645,0.8917066296648535,0.12521362402401948,0.09963989440934347,0.09656691729953261,0.0822598612491036,0.03898395390763563,0.027875067637335795,0.029588069685255004,0.023851035089918274,0.02797453726043196,0.023733837212838452,0.013098424216494679,0.01847908506562202,0.020751421418828297,0.018066736936040072,0.022205510295656428,0.019490991918521706,0.01860626050549377,0.02261840666145789,0.019709040756138878
-0.07103945958115067,-0.008002316140314415,-0.012762644949528959,-0.044740165392222905,0.022906933666771954,0.017591810123813986,-0.008154882123736608,-0.023807848301157546,0.02338518226943597,0.00438145603501928,-0.01522771448101523,-0.004580678008073226,0.010542516696302594,0.002408234210667624,0.0011457969622509887,-0.005493719266018422,-0.009780623894750028,0.007215433997559659,-0.004198186093155638,-0.0006961880153483869,0.7164029368602004,0.5929185251495679,0.2848550081363999,0.132396441065917,0.09478960447881696,0.07641601724118323,0.0454427992729804,0.044131039064862404,0.039532096459751316,0.031883381884003435,0.037852446395189185,0.021086563332763122,0.022418067126485614,0.024183468198272585,0.019616778757130946,0.02425211280631527,0.018232517481814772,0.01966905034989882,0.01773082870435781,0.016715384187951363
0.00908773805018311,-0.09409021188532182,0.007065570447477382,-0.021909671799635422,0.031470360632876004,0.007041501615246991,-0.018665425396731515,0.004880988147588528,0.019987014482661658,0.007515884118696596,0.0013919647283931942,0.0033572696159696078,-0.009941568446344203,-0.0047888897746479015,-0.002818542572954604,0.002434050886041373,-0.014185452871833776,-0.0019360974420438476,-0.00448197333434097,0.0010988095300315073,0.8048650072355691,0.5359358316459714,0.17959533710974468,0.08224967733152812,0.07245585533724244,0.0581633119918955,0.03358647452780578,0.038686554398248134,0.02474396864599532,0.020347229331334492,0.01507890455571306,0.01827241341851335,0.013440388365863597,0.014858817767163236,0.015194135112016723,0.014562926402884148,0.011639135381644414,0.01394087699842314,0.012338809920407262,0.008083363183034261
-0.0476834171674559,-0.0014903932431164185,-0.0683082475487981,0.1001028918975873,-0.07516846342156504,-0.025968101662782135,-0.005993948372958745,-0.0031885193794043394,-0.011937341522629433,-0.0024280332207759644,-0.008373940063554184,-0.003269045779040355,-0.005590198665703592,-0.01024139597750146,0.022034237746603038,0.002019333893874023,0.010647284203008173,0.002245061594055119,0.003966858159208696,0.0007377974689368818,0.9063823763937638,0.28491466707331214,0.13530124091153917,0.15362417645376675,0.08508838737075734,0.08536292323408112,0.06027802758857694,0.04894368271387255,0.05133668663299225,0.036704073185765844,0.024049728526827782,0.031200223055164476,0.022918954596308872,0.035701952466933314,0.030706706831006937,0.01984962081500183,0.023521121254779186,0.022465150061040252,0.0184975420809749,0.02092243195949017
0.0513635490420341,-0.28992713827656746,0.01984699096363912,-0.013616398049117677,0.0061383171344741175,-0.027175819326100203,0.01688709513305205,-0.02778019537390535,-0.008685226324410655,0.01331108682585243,-0.006369226859188547,0.010925083611763605,-0.00583425170233908,-0.007023453554488903,-0.002517532577493677,0.0010063614791299637,-0.005069229434484903,0.0027357535652836815,0.0026316558744642333,0.0007577493383773352,0.6048232026392849,0.7237499827379021,0.09822562669104073,0.06460631951700767,0.047306126238700535,0.04849255521090455,0.02074544796777783,0.020160067603934302,0.01591613006809928,0.017658340147726413,0.012239907106447862,0.00998865261323313,0.012338217828957849,0.010316837584609481,0.008248898708783297,0.0062960275819664,0.009063020106910376,0.00804730975460542,0.008963488155779766,0.00810891883916833
-0.6449536081359576,-0.03602234743072655,0.03222378796352595,-0.3528997448713872,0.017979186933202,0.004498788390526769,-0.05130220069911662,-0.019854342518107884,0.00922007548476217,0.06712912357698674,-0.012499893707516552,-0.0064373280188876995,-0.022996189219447308,-0.014085167630494316,-0.02319360837562445,0.019110471390134408,0.017578471889269507,0.02510167335270379,-0.014834668689742182,0.007430756643056372,0.6399148254664095,0.053951251328523964,0.013057449205571716,0.18241732406538014,0.006098562019403134,0.005220915829585227,0.006664073438088073,0.003554299926925021,0.0032562023767623107,0.00956823561204778,0.0034164413497850647,0.0032410971354545144,0.0028984275045425873,0.002529737440765641,0.003891948290973774,0.0026193701309121234,0.0027393911042065317,0.0029110307658090986,0.0021638633904403726,0.002381664986543777
0.6521124849428962,0.19080780266302091,-0.17169029790587875,-0.05740352344603119,0.052333719593403584,-0.01747637725305824,0.005176239811546829,0.023607364124976812,-0.01621302636456883,-0.04202363799434815,-0.1032877684859223,-0.03910867359127183,-0.023349897905481545,0.021989387577134516,0.0028247208139567928,-0.002239932580163565,-0.013477356145950293,0.018743381440470566,-0.023915626627215147,-0.024137061267628403,0.6846762702068026,0.11392482463440787,0.0516075276108087,0.009263958419891418,0.008217028516690998,0.003583570374445937,0.003753378207635115,0.0038921363184419426,0.003087110809833998,0.004649139398852959,0.016830559833348194,0.004200058759786667,0.0031222548547522933,0.0020232549928796734,0.0019478204253634125,0.001156836023319434,0.0012558967915737187,0.0016904112330048942,0.0022135801372270376,0.002255964756631313
-0.629791875616073,-0.06256933592492317,-0.36068923616684617,0.16891593531055055,-0.04835990034882682,-0.10247829063011453,-0.005354327610980749,-0.04339497164882889,-0.030869835856878802,0.1388064601701596,-0.08112668010592625,-0.03322352455275361,-0.08783459916041113,-0.0497586887446967,-0.02145632458706915,0.005906092943778605,0.02170188330630908,-0.010652897432808379,0.02544711783395837,-0.04653781636650352,0.5849826301520601,0.08363261830592436,0.17790872683036812,0.04116389721594868,0.006894843931012412,0.0185712071396037,0.002092350909975513,0.005126155437355825,0.00379981305590158,0.02768234675250252,0.010239948074633843,0.0033921671883118724,0.01190553365587609,0.005898525301140466,0.002401333212844146,0.0014103926994471886,0.0021986063547874556,0.0015359459879891776,0.002399931208428605,0.0037101656927787567
-0.5600008318106514,0.4143358738817334,0.05526366291115472,-0.19637936902736874,-0.0035503512198013128,-0.034448421933565274,0.047762011193263114,0.13329784425249286,-0.06191402281515462,-0.04287761450810961,0.04099925366169667,-0.0005770009306872853,0.027422679918234685,0.04035933295736163,-0.004729450035993139,0.002356146585336009,0.012757602030734052,-0.00928540380949068,-0.01356576706449395,-0.010290809861737357,0.5519279373236382,0.3540763450382536,0.01808118957906393,0.09341607224199007,0.012032581884800338,0.010722807054013588,0.009551876682746603,0.03756723203853498,0.014172826504158154,0.013032594713282813,0.00728137367848663,0.007953019706131062,0.006793469062818064,0.008926412034128231,0.003680939805729336,0.0032235122100255998,0.006556939990552027,0.0046822027887656135,0.004754757554598719,0.0046593126063630445
0.1813010686621187,-0.2279005624123485,0.09022902015674371,-0.024353693422351757,-0.05307184515250714,-0.06046606374617552,0.005776961425307735,-0.05102811057330236,-0.010889060818940198,0.042652840733433665,-0.01591959482435744,0.03714722126616796,-0.006541592050540783,-0.018862788160710665,-0.0013680162111298162,-0.022962064793983977,0.026225832805172062,-0.011354133432797966,-0.0023521048974309506,0.007771080642283741,0.6631767234293107,0.6527337816862544,0.11840919140503169,0.04192258377055095,0.04730964905591454,0.05503849660789142,0.02212249125503107,0.03943789349527686,0.019977924642905945,0.02275624904247124,0.020232928404724983,0.018646134906873613,0.014561743577913422,0.01224320455760819,0.014296443872098304,0.017245859315775082,0.01283933006819974,0.008309705422588657,0.01158285799045332,0.010213482844361412
-0.5618032202839808,-0.012579426123894977,-0.004195544390051013,-0.004404426707029903,-0.02633055380954893,-0.0007623283742000793,0.006668493530574225,0.00034051260321153233,0.008949617954775668,-0.007282866466076293,-0.014014120225483519,-0.003657468362137774,0.007852100669442464,-0.01991023086639924,-0.004791183611698192,-0.0006724689231578247,0.0003341313986050575,0.0005505143661243779,-0.001122542493264697,-0.0014291496028491224,0.7344165593897563,0.366957967874171,0.044824960860473176,0.03144496440287679,0.03805716039003217,0.018510981351156572,0.03410762322940445,0.022741068350629542,0.02726322349204221,0.018485445285024864,0.015805596310559836,0.007379649914377919,0.013345506241495069,0.009849164460903545,0.0070972344828279755,0.011894706006357489,0.008529219335355527,0.008192441786879782,0.007969325294613286,0.007767487791292405
-0.557459925603315,-0.11422162193865557,0.044570649681941465,-0.019206246479851113,0.008316797656737762,-0.0017678265998288,-0.009706167681141393,-0.0038080119034228544,0.0009478344262200927,-0.009868581162003415,0.009013402952747713,0.005273601977641391,0.0031689956416373704,0.008051410632868312,0.011833215490747676,-0.0038484284917483986,0.00217036893183547,-0.008983386332895776,-0.0024631981190453046,0.003933941505976947,0.8025050943403113,0.16905504342896086,0.019521563645173087,0.006883742424257259,0.004495366467893376,0.005467252070381738,0.0012638351388363817,0.002111249381595328,0.0019310244794548642,0.002529410177241328,0.002678688843700022,0.0020482700454679164,0.0011272684389238624,0.001336136708903791,0.0015223405875797204,0.0011578115955374777,0.0012553476252491391,0.0010604223909288055,0.0009274684072683075,0.0009947415446150845
-0.15443779084512851,-0.07910250519858848,-0.010029629841095218,-0.04721314268816946,0.014862306984606595,-0.0312248598229007,-0.007818845835521032,0.009197765400114277,-0.0069686483474961265,-0.01216843633887029,0.00767349108304389,0.002754250168291483,-0.00032489705782998694,0.010396138917869275,0.007590906573391091,-0.0018117335961871969,0.0027004322028698854,0.00437001941626284,0.001007041109858789,0.009998641362520074,0.9413857351665011,0.22731394288493487,0.1383373696807181,0.06252232930016259,0.040318601337451604,0.03164643639149303,0.014583811429897552,0.01865924863755534,0.020860644881197144,0.014410460796211316,0.013005390054245254,0.009997965438660711,0.010528332755724498,0.01070824637839405,0.009015950081229003,0.007082370879142887,0.007675613718645721,0.010130785793456134,0.006645070247413657,0.008565842866674323
-0.25378798334797054,-0.12101593540763506,0.04232633966599566,0.029691035604457253,0.007307096723635159,0.005259985308588326,0.024104164061446408,-0.009520967737718752,-0.06888585520850099,0.01248148493974335,-0.016773707417303992,-0.007234160460821818,-0.01615250197328649,0.029949857430685727,-0.003741952527118632,0.004338415244838904,0.015129712366790941,-0.003037135941063272,0.004828335859426742,0.005637958313981883,0.8750962750227088,0.36206881853362355,0.07102501682214848,0.02956433317040416,0.04084502958382079,0.03059645465248827,0.04001011498263066,0.015905495082108034,0.03176384133777892,0.01964453170281055,0.02821960851212624,0.017433607708319393,0.012954403117982894,0.014301328666910522,0.01303754413620814,0.007815125773807797,0.012685411946933548,0.00866390679401003,0.010880231476522891,0.00923311514975487
-0.34280265806436305,-0.08344958993909156,-0.25207688439169096,-0.019789326927635804,-0.025657094951620763,0.01127018718280979,0.03140386880916836,0.02748607471222525,-0.03427538773211789,0.013716257483102212,-0.001775487996700836,-0.0018281481306972156,-0.01063565380516349,-0.01891996364977618,0.009951171549742528,0.009476045420248307,-0.011713073243953853,-0.019050782516347873,0.015858843714926327,0.010641001256596345,0.752157871115922,0.3310258576807589,0.2736778109119077,0.160811454422233,0.07598746262206149,0.04760952057542608,0.10273226191556836,0.05011089813511667,0.0461548759266105,0.03336597638780888,0.027157209901623118,0.032187106067063244,0.019039345528384752,0.03216173860748096,0.024018061582018833,0.019579610542105705,0.0198044634302896,0.01985005543162925,0.01800859273987819,0.022292891240761874
-0.31886809698201884,-0.5027390841116407,-0.10925827991350723,-0.10407594918993689,-0.008230171729977623,-0.026972587157572905,0.06439470033679252,0.014309194841584974,-0.09201474294467672,-0.031134141588911732,-0.008006343278193514,-0.04743917554707513,0.07233532322587509,0.0031936583687381588,0.013489677614076576,0.029266422028679944,-0.01433548619662011,-0.060012253566021974,0.03365287124510619,0.0027401884252225162,0.47228940416092036,0.5982387753468055,0.10517613594197557,0.0343425501869318,0.006312738372894888,0.007162452412145828,0.02092769819016074,0.0057814583072929,0.016158355162548783,0.005040422939253671,0.0036993963874639873,0.0077315400445393916,0.016020276956379694,0.002539536723896904,0.006355726395806122,0.005316712243404434,0.003627052924714224,0.013549916046455012,0.004285455113686937,0.004923175020464542
0.12157437181498944,-0.017730153101616082,-0.15494423246408573,-0.026366949535481923,-0.012873051403412255,-0.0037616838753403254,0.014046737099457092,-0.00019477883293368602,0.02943420163159885,0.0317682485670351,-0.001553927913064508,0.0069181375991764224,0.004162308287276198,-0.012468637698438728,0.008609510432680339,-0.010315795723485087,-0.0015314294586928183,-0.0011289613210364808,-0.016044530339334975,-0.00639730600205308,0.7548732705898895,0.526096929485456,0.20475778142901127,0.09210251338133142,0.09494516404631348,0.13007413594160322,0.0656514411521194,0.11513487356239104,0.06494611605223577,0.052398871903420685,0.026072988461733768,0.0430216491328458,0.0370136514855002,0.038271191396506574,0.030559379146980415,0.03153620827134016,0.027705871749010846,0.025947428371890964,0.024213176102485696,0.02095605444404217
-0.14129731022017986,-0.2216152152145383,0.10228856332758879,-0.02213487729481971,-0.01785355582019669,-0.046876406695033526,0.015784060536856954,-0.015910102857266413,-0.007086943823150285,-0.012559332449312292,0.009189948905842574,-0.0022372045391978105,-0.008201613587462528,-0.00821880780810789,0.003377392570210712,-0.0017724967177816387,0.002269650508340447,-0.0048333212353317435,0.00817899849356977,-0.004615023903073734,0.9219593945385427,0.22104808247197036,0.10931145907789758,0.06474569249538137,0.009039049116921747,0.014629471225028164,0.013537178306283478,0.011873905025204788,0.012762510368316014,0.01120544654807456,0.012770197716308778,0.0049272208413921065,0.006132763751858353,0.0076104318836643,0.006333132202009212,0.005445988726563296,0.0053140390700738855,0.0063221210551137755,0.005394730573317109,0.004024737946211486
-0.44325220403193116,0.10132854717584816,-0.08194311774059032,-0.061335692168264434,0.00028042753720019555,0.024564565283998092,-0.022691770753507624,0.005192038592519568,-0.015904684531373618,-0.03164941027493098,0.03145301419343963,-0.009703061271375376,-0.01763357883858603,-0.003548190957325831,-0.0008574061194139752,-0.0031132820157176236,-0.014366505369499395,-0.011617507941017142,0.001634098969045964,0.01384802061006453,0.7859530972400012,0.33297803594652786,0.1695123536296957,0.09797972202643274,0.05881926917032842,0.03610466957554426,0.04304578148511522,0.01991828217633472,0.022525728272398574,0.036478970176303714,0.029136419872113982,0.01999965551762132,0.014705390015010521,0.012251116188391094,0.011294303640943871,0.01081534973598363,0.016775898446226442,0.010469412212581401,0.0133249590738035,0.014815725168026986
-0.6344379299743382,0.1810767838724318,0.015574317875628334,-0.04106931767229437,0.05242981320537771,-0.001869760412431639,-0.03394685734479752,-0.04072794996444394,-0.11277825938171265,0.03261140504314465,-0.005139347901326597,-0.003167272187218133,-0.0014769921417369107,-0.0024774307488252914,0.0006621718231606883,-0.0008590457275097079,0.005517820383641428,0.0004372663801807093,-0.0032736524280033256,0.00031630852300683837,0.7169464515092276,0.1151924601539408,0.04246182024181497,0.021810336027877023,0.0202533866514394,0.009972925400695007,0.015066565762594547,0.011423087977159239,0.08500547327909858,0.05429664006586557,0.038212711210858216,0.023286508839654135,0.006427193342614853,0.012564119392155793,0.015134222513743566,0.007658695161134311,0.010842767341999725,0.007447396281116121,0.005924036185189044,0.006181683111186815
-0.11347498102198979,-0.31886870225431874,-0.05023489840085749,-0.0243012734005097,0.02901503910366764,-0.0607200535357565,-0.0010109850828222842,0.037910523418137394,0.026266294308105075,-0.026962594825758534,-0.025118664775937296,0.009735538399774797,0.014406550356962523,0.017186829559220174,0.004968400306550952,-0.0017984784493230244,-0.0020601260265823863,0.014075044224308879,-0.016177624724931127,0.005856400354544585,0.8708710048846443,0.28049073594929697,0.07339048821490529,0.03776279398174422,0.015754385119980528,0.09436532297771982,0.01663533070709273,0.07780070241017707,0.06476281468116984,0.050592783265523675,0.04060580091818302,0.029482319985764296,0.03504524244314629,0.032100766156284787,0.02254193819336785,0.018115011952768607,0.01744814313331078,0.019688823673489324,0.016032666627896677,0.02215880160803267
-0.2178614039141813,0.009942148615675108,-0.018661120886738276,-0.0069022941405878935,0.060672925814546995,-0.03628880459102833,0.02813193538825452,-0.01090330446657698,-0.008863464287274195,-0.003153728664042053,0.018676245027622763,0.01666746514751926,0.0011373719712443515,-0.02489369854532426,0.011359288544163909,0.00018708914036288677,0.005618845055964785,0.006810153242238736,-0.0012582151405789892,-0.0045293075344558465,0.952266915630918,0.0990660322315161,0.09637080280684407,0.0568627583319011,0.07307475491137423,0.053474075991148284,0.0381694344018375,0.03816078142012716,0.033520431464903515,0.028434066129500512,0.028500545395849022,0.02346209685570467,0.013473140016012339,0.017070938733374185,0.009469361424172072,0.008007271965976483,0.011412287184754616,0.011551790527115934,0.008566436673414677,0.007058541146021056
-0.2738354480199122,0.09861468284063969,-0.13672056567091717,-0.01221892597063526,-0.08948146862693476,-0.11234658897355743,0.006470164239337429,0.017737107839172123,-0.08428277532761674,0.07462764437143192,-0.0012325534882112687,-0.02878314680120846,0.027508232206706985,-0.021059081206216978,-0.05668489036216499,0.0035237192282593973,0.0361103057191567,0.0006496316092554672,0.022768172908418805,0.056616368257093666,0.7624396154278068,0.45073208140506,0.1719071576730424,0.08983850033592329,0.12165728439764305,0.06967403887372535,0.046665027371583206,0.03844597902350217,0.04212031502495553,0.03934815156567932,0.029000405066058672,0.027223045219105964,0.020838627834289445,0.016811399149915262,0.021680544963561227,0.017844688385140143,0.012667636213525525,0.012642558143451587,0.012146742286074482,0.014849174842567777
-0.14367264097079335,-0.1992754848860328,0.12629979201362038,-0.03955073593282179,-0.04655097001405986,0.0016665630967435082,-0.1588502391327858,-0.1030151707749331,-0.014951783440049857,-0.01860358025278126,-0.018142962362246474,-0.0268465559341673,-0.012879621742291694,-0.03632312633716851,0.009468198995619922,0.0040975396150437614,0.00025926890012531174,-0.017711919981780202,-0.0005691054585454757,-0.002064956061537067,0.7757083495646687,0.4025648836715123,0.22473723590931022,0.07672576227736573,0.10794815702745447,0.11035501081372691,0.11389214699077659,0.08549260663637206,0.05680762261004902,0.06469755885143803,0.043934375300416516,0.040116324143677315,0.03741547649659437,0.0414353564726461,0.021686216890621883,0.02315495521363317,0.020520605957400188,0.01664279775289282,0.012790687279574161,0.01903295217243073
-0.2547029628927458,0.029890854453962185,-0.0008432954552808942,0.0641494867933754,0.027457355816445466,-0.11386989709220179,0.028432318687093183,0.0112734591870932,-0.025741036257632542,0.001952582345326111,-0.015657135001199935,-0.03050123013409019,-0.002488123442864443,-0.021649155528922347,0.0074924448576273485,0.010628110275589343,-0.0022920035386972204,0.0019925991650035168,0.020099677586387737,-0.001242367229773438,0.8676326083707979,0.3082249378546764,0.10604010596177697,0.14413408481430232,0.07152635737127748,0.09965018421845447,0.06620457894553977,0.050331032086497356,0.049311188514187386,0.035016413843633375,0.032060767754824006,0.03566499200858763,0.03085660254098247,0.024392286237222026,0.02781680688225894,0.02465257799942457,0.018989817215809623,0.025632255554809198,0.021324090419112932,0.020774117686392875
0.13422607782733748,-0.45836555302442505,-0.27094043578702043,-0.029199496563752782,0.0014621270185468007,-0.029318240129856888,0.09884137542066167,0.0028969802196322585,-0.02475917004209768,0.06593673729667295,0.10306409108747809,-0.02000423802814666,0.03428544495526956,0.016369750523928153,0.01279689670022711,0.05465916016368018,-0.053310326966782236,-0.057772787458130394,0.011165521950196116,-0.01956414921891252,0.5238822794862923,0.44609884350782436,0.3222467342946451,0.10156179691228212,0.055259479539794494,0.10724189060018259,0.09743271859143883,0.04667497410898743,0.07795266804670696,0.07420709661985488,0.08613967703371452,0.04702642250506713,0.0772252402999117,0.06425766003766349,0.05615399033175639,0.04927420617471964,0.047807633059085544,0.05294679750154912,0.047690234131530486,0.04031759054722055
-0.08885224037581121,-0.11356758401887267,-0.18019611012209183,0.06839867528713801,-0.3931645174068747,0.23679920346109598,-0.023992339557200485,0.011542199256717142,0.11464195279440931,-0.18230912306889807,0.0878369525570417,-0.054940101620418826,-0.031642880141793304,-0.027690734707585398,-0.053080950046280585,-0.0022506774764663555,-0.0025526809945987977,-0.039581199570000884,0.02739066321906705,-0.05614179667948895,0.43913726145439524,0.13871283892439373,0.362087174964644,0.17966270360614528,0.42395134366354625,0.26623789436817136,0.08637646689029488,0.062215941976912784,0.052376637053713655,0.10788532123014932,0.03839111216616035,0.04442318878977614,0.03358168534995075,0.03667102050272189,0.031130348376121133,0.02723662136639135,0.02991055901182658,0.037739985956167246,0.02829546006349946,0.031111157720491087
-0.48732316456303953,-0.05600003597511272,0.09546081408358917,-0.14526373240110604,0.056393447680686604,-0.0029040052937605184,-0.1482026253841504,0.019317104206731345,-0.02855885350149351,-0.04904836116639112,-0.005255772862898742,-0.018969748502303464,0.02546046334491496,-0.0013800062760586497,-0.00011089763534065657,-0.0023288096361352576,0.0027148657924166908,0.007840973164952221,0.01675536008321742,-0.007384673994236126,0.7710482342452482,0.201625332003506,0.1434245155863476,0.11752141496793427,0.07950672522000077,0.052804428093829056,0.0931272058743013,0.05212314802205334,0.028803910455236403,0.0332238382523006,0.02208477956430254,0.031738485816370385,0.02881529414079639,0.04035961496018854,0.025784369730175376,0.023162773007940816,0.019634580759593193,0.025185599964040243,0.017673653692150595,0.022382847346474274
-0.1566516254396971,0.010463545297892141,-0.09100995319435663,-0.3182381219722434,-0.07103039723774258,0.056220161164200776,0.03840851382579425,-0.10821591775942951,-0.03794639318588293,0.07298328524062336,-0.000946010880844041,0.06710544066343144,0.024290727238419327,0.007188333839108332,0.019307526920461976,-0.01682231525498826,0.0016815084080796273,0.004441947262763878,-0.06672431083250874,-0.007500573342616366,0.7318900294429769,0.2902404309702369,0.10403441975730023,0.4149882462805508,0.07074063445703532,0.05555027682960871,0.05973705688718619,0.05660094148129407,0.04961262842577225,0.04400181913526021,0.02753652083665913,0.034095871794287365,0.02314057654324484,0.019272770966691156,0.019527525272710854,0.01646702719063296,0.018757321679793295,0.01897925708384295,0.02603650490053825,0.015188297194309863
0.17636804963490813,0.19797033328577918,-0.34038211874381924,0.10790391433770313,-0.12259207123498712,-0.11671230688955171,-0.010625315668542414,-0.0557397632391978,0.0161299720664616,-0.03847573434414262,-0.06126485180355083,0.04425642079030349,0.027211840806156132,-0.014609842893729229,-0.01197073389221303,-0.056647688954711894,-0.010806157115949809,-0.01737690444058503,-0.02251482259158267,0.017844358462248182,0.6924188945224338,0.35604739368311683,0.2975690108054822,0.14939690036633707,0.0823675569409986,0.08890729606236956,0.07604855794766778,0.07819021908730474,0.05161415116756638,0.03903770370835043,0.04401043933044795,0.04536012249187721,0.029702703595167548,0.029612737537023273,0.030102902682875896,0.024536499369001565,0.025939061937117106,0.02209865188083864,0.02745743955255474,0.01715354560085611
-0.45703925614513413,0.001455575127073539,-0.02423188094476129,-0.02624179259814453,-0.01709538012317643,-0.00870172345591773,-0.016337577251138904,0.0022208200424261625,-0.008670201507743593,-0.01047755700493449,-0.004013960195414013,0.0003706892116820755,-0.004182708571787861,-0.003571305939729584,0.0005227450610107323,0.0005488144211475591,-0.0013895945334057695,0.003297876596121576,0.002278493859369819,-0.00043138170563158305,0.8689345758621625,0.16920604810104423,0.045081784472395546,0.056270837864884043,0.004185401315032107,0.0043461150711877495,0.002493716209813649,0.002441002193839384,0.0016008681387101671,0.002576741164016314,0.0018385662655519526,0.00158960112386615,0.0009358415592635298,0.0012562821832824674,0.001038583924043352,0.0006160531204422691,0.0006852753661348029,0.0006384954418006509,0.0010132516378976153,0.0009416833341318876
-0.4045375954578166,-0.02639956847149239,0.0018774898139370852,-0.011657628151253027,-0.05025975351851588,0.009283289731237206,-0.011760632698896979,-0.001666256516747486,-0.02202392204028922,0.007749094456259136,-0.025653068666114033,0.013526236472606269,0.0018213515023918492,-0.0017872783066582504,-0.01588464718506856,-0.007689083885511985,-0.009919162857010687,-0.00851052048604848,-0.004960023353520899,-0.0012767346504020604,0.65164881137478,0.6299692926011746,0.03942957240748563,0.044144771131676586,0.05510759685138778,0.03924388096617366,0.01194499030316966,0.01523757388536465,0.0166432515476958,0.006987436508265721,0.012373045889830065,0.009113344522361826,0.0062156037315092665,0.005108483675557128,0.008770440791555407,0.0051500521321665455,0.005071678046178113,0.008825916740958934,0.0055831502174978785,0.0055543390465737875
-0.29958961189184924,-0.001320094212376221,-0.07659143415733086,-0.032231830409284436,-0.0023793217324451577,-0.007928168880332978,-0.0027128028663964306,-0.006615553591064318,0.00354332492367461,-0.007653474734332908,-0.005815410528567125,-0.006406398501265739,-0.008851880504940762,-0.004584991177194055,0.0025009226664053233,-0.007196466217349933,-0.004523700968195951,0.0007963535805274224,0.0014761889067914076,-0.008681347412601369,0.8677107131606828,0.37592459164506214,0.03905293687427755,0.04798233878399531,0.04038610199071465,0.03569382407594921,0.017415660846989936,0.024947061356920368,0.00889458404243677,0.013243052484683262,0.013826195614137175,0.010463226416583605,0.009902792148013057,0.009296517937873044,0.007279438404031072,0.0053230389844488996,0.004565602891365445,0.0056189970410552344,0.004763007168037924,0.004697434198026334
-0.30300154188515244,-0.08281346551073016,-0.047788843526995625,0.004720123656063827,0.03060778914335581,0.00268212865456408,-0.005662107627719448,-0.02760974077188285,-0.003328315439162247,-0.00638556845580101,-0.0008967255264230412,0.003488503594315915,0.004000832128089668,0.004257953374613411,-0.0069097685154245955,-0.0035709704472880904,-0.0023811043607734374,-0.00029839120051839373,0.004071595623906464,-0.001891783065557211,0.9201850652573546,0.20759098190289973,0.056945211352850716,0.03100533074032884,0.04472039383859339,0.01126322862092281,0.011798375392663712,0.013555032833928598,0.006377608432865666,0.015248281501602257,0.010091226706736739,0.00632093906731026,0.005389999260619784,0.006377800818598659,0.0060981486686676,0.006315276193295128,0.002787446756903318,0.003992340561395674,0.004357243032860667,0.003056557636738372
-0.30557371349911855,-0.2137571201277348,0.01903895282765663,0.05914402531742323,-0.002147959873435435,-0.0023728166003746088,-0.01957629193655361,0.0226599053570454,-0.00028969875400539357,0.004853599869877662,-0.01147277940063234,0.006056504121250159,0.01012802152633647,-0.005769953733271348,-0.004140898521859887,-0.004449644669857088,-0.004751691308329876,0.0008382520762831353,0.001006561147917704,-0.0021683187925144905,0.863396241662611,0.2054859961403778,0.12242506656855763,0.1682741298128922,0.07041747765666033,0.06908480211769619,0.08203503782468999,0.036145043614693576,0.04890310455059078,0.028425121188575896,0.043919853560761814,0.019371889759193933,0.016154119252018165,0.01332145184511714,0.019356894526958542,0.015525139512462297,0.010920297144318908,0.010604728078934873,0.011306845205095714,0.010236731814186191
-0.3491987235354823,-0.557361115392,0.11922889509662017,-0.07010186326217133,-0.12425438771838929,0.08550593106484448,-0.15347238136230193,-0.050746647555949966,-0.0214713920315327,-0.08357397840682577,-0.1208403316459197,-0.0005210081413624019,0.01072395628060959,0.014269419433815333,0.018949285652237625,0.06157344428761755,0.004934561459699982,0.018863556985885082,0.08980537050188331,0.024764572738142296,0.3384365317339429,0.5858030813206078,0.03311448700711052,0.015905286822713884,0.032502546614650366,0.01733074852293267,0.034804244685571216,0.00884296859800276,0.008291623208058244,0.023467656657454646,0.02601925081776852,0.008722588110872847,0.00832564421235282,0.003698685191864159,0.00655542313045654,0.012062151338417856,0.0033092326237780887,0.007197832020832581,0.01919518536609445,0.0069460525134950974
-0.5255191765123959,-0.1456701518702328,-0.2743661243997361,-0.14755560715657293,-0.10067038272365143,0.06546684040513867,0.005177658712833376,0.017039464829195106,-0.04345819691208431,-0.01925429018187058,0.04300325037687348,-0.0645416985595709,0.008516182327803108,-0.014300104282979462,0.01361171676039927,-0.040251731491268275,0.003456520874863359,-0.010256034958159126,0.0019046647594671477,0.0001449589671678309,0.7283484712239972,0.13396646223191178,0.15572047743392817,0.07091007598747359,0.03456205437099658,0.020495525275038874,0.009330473824877316,0.016225859802060177,0.013220179351312747,0.005992455751897671,0.012374051054191095,0.011851142003904322,0.006370172146506318,0.0034241429402715536,0.003907270817503017,0.0061987050562381215,0.004802106226208894,0.003208841868104392,0.0032820223469450503,0.003214013355684729
-0.5928480832249783,0.1389070564842242,-0.24795408898558757,-0.06545049876036481,0.09409327649406332,-0.06042963928408889,-0.06368680107280258,-0.048180272519978126,0.013362982852726897,-0.01950637704904972,-0.019135817758286395,0.007381043342945755,-0.007290058378315129,-0.02501384018949645,-0.004652209490174005,0.022362132804450614,-0.006378459080693434,0.003959537741731211,0.01006962539352723,-0.015255938952204147,0.7027387264123551,0.16995372523903507,0.1258816283955994,0.02788805688907222,0.03884769237430458,0.016897592692545194,0.013326165979295748,0.012929401128064033,0.00914194431230177,0.012000951191678568,0.0063328159612400965,0.004979942268173634,0.005430207771780257,0.010358780387512477,0.0035351839774441186,0.0033382899816917578,0.005737967068914731,0.004306263082059471,0.0035446232614183256,0.0033558688229331545
-0.11960149753836545,0.11481091448723806,-0.2657869482761724,-0.0562686510252269,-0.09363761484687673,-0.006731728080856519,-0.09807168507892779,0.018532743962113747,-0.03251885738110291,-0.015119767123153334,-0.019027785650932466,-0.003795208494258068,0.0008487081654703711,-0.00804034267959106,-0.012750362895435075,-0.018403462427886014,0.02731629375194532,-0.00805407422985817,-0.02316985045358352,-0.010478797190786098,0.802011801907377,0.38605797541736653,0.2093047542880438,0.13514968599411922,0.05981715272115996,0.06133081005024069,0.07700544771151874,0.025274614158951565,0.04484495919249827,0.04301240727137969,0.026958412283155105,0.023155555671341387,0.03189878791242521,0.019481060418653575,0.015373287777675977,0.01633343134859786,0.013639242530922158,0.018321850493095496,0.019308668464566223,0.008875586995494629
-0.21521862180477408,-0.08386789872345958,-0.016947830869769854,-0.06757657760480346,-0.04429057328523037,-0.01799798517431115,0.03674735874726107,0.0013631737447344977,0.004031096438467354,0.01837340044230566,-0.013432990651568808,-0.02898298904010505,-0.02366893676380803,-0.019700711644492868,-0.014999321544833863,-0.006134099592743867,0.008629080543733049,-0.014146742464635072,0.00048150981051625917,-0.01859913897554251,0.7998267198315474,0.5177330583083134,0.09931659239103237,0.07255134224140174,0.041887128281401904,0.044519081256540506,0.06310180073539838,0.04025693543158984,0.020086177161258274,0.020492713464230525,0.017460956467953682,0.02072784354944094,0.01185269186433492,0.015674102730218298,0.013596987612242626,0.013086430024571785,0.012130660963670882,0.010187347613684644,0.005689141698660977,0.011368770536118598
-0.11642194402861084,0.012485359053866319,-0.2611555061267364,-0.07838608781018143,-0.09983461392399341,-0.045166624423902825,-0.029260785462799102,-0.01754364627791949,-0.04156073212576961,-0.013541305045207851,-0.01970782919082043,-0.043143562752642466,-0.0022629637255379698,-0.0582119104072957,-0.0652688287155915,-0.010103599429528346,-0.027329032474407374,0.005700128205493932,-0.02128400768781686,-0.008178568308905761,0.6270497018854873,0.6234908211802839,0.2828659826978747,0.09018611064255729,0.07838838117151291,0.04982691216392543,0.030943040650135843,0.03084765865089942,0.029444138823630565,0.017434636625765363,0.02291901504667585,0.02816682147315934,0.014409033951179597,0.02371401804415047,0.028878832024653578,0.012175609184990473,0.017918272553415878,0.010272795562564054,0.012261098436826986,0.01108726555344445
-0.3183324018013166,-0.07087971824490402,0.06480767466826087,-0.0760042151984508,-0.04008399428393771,0.000735834721853415,-0.0002514609761073799,-0.014938502800247208,0.00651889261666955,0.0035142699724667785,-0.009934240950402906,-0.002833964064712204,0.005768527787614192,0.0011532214309519758,-0.005242774904355587,-0.004768983311901326,-0.003903093729678659,-0.006101885865730841,0.005956574467038548,-0.0025458764888745974,0.9043587893575564,0.1447113311356153,0.11955422923686147,0.08974104900430882,0.04167779396395523,0.0547385267219497,0.08951176536397208,0.02291965227053785,0.026441510971737713,0.025223038736626516,0.02680678579619306,0.02375475133375501,0.03585030758910838,0.017683483777785083,0.023043619866568256,0.024217516290008644,0.01989753565390331,0.02029974309968454,0.018953602675244416,0.02382762256994494
-0.15367387150391962,-0.16825635549665838,-0.08648332624135194,-0.008412450595670955,-0.00563876643001483,-0.023303226262728426,0.01725479364189613,-0.03423098254096721,-0.00909440574469979,-0.03806666837314306,0.0052972211786410095,0.0009106962647543311,-0.0024539295589105616,0.012279689264146675,0.013041126346573078,-0.004321837394558559,0.007108053047854768,0.009858342884246068,-0.001815600075639266,-0.006941421057663963,0.9003171048941259,0.20480374685489144,0.15281415687860217,0.08791483244730929,0.1443582430153671,0.10880409721096751,0.06159454498894315,0.03879858250823517,0.05343425895875986,0.02977252295059423,0.02785567277206376,0.04081226199009212,0.05264588238253842,0.04709709826651145,0.02841578634348172,0.025468190685256024,0.020154297766029255,0.02139296827290849,0.0297984559799697,0.02049248548430484
-0.48113086022581564,-0.08300354877688478,-0.19280607272637132,-0.01641063647961889,-0.0002861842423901723,0.05440606158642595,0.00747736579939555,-0.0032439203833228634,-0.021670435017752683,-9.898708529795046e-05,0.0017754594667601393,-0.004878578671987635,0.014098139042827109,0.006954773663914302,-0.004303051471754893,0.00017986975791108828,0.001601953824127473,-0.002729399334618477,0.0006204292005501333,-0.0006022288786602897,0.7938195462464533,0.17900920403893786,0.18850725933263474,0.08695096139767176,0.04951761786863374,0.056297886940668215,0.03518064063758863,0.03584793410255681,0.023135071673096697,0.02889871208876876,0.02632784449533899,0.029900724883663826,0.02890531846164292,0.02468335929020951,0.016522395960438856,0.017184167631830356,0.019606128381203954,0.022893669072158382,0.022835640725874205,0.02337553599365637
-0.12979431724693488,-0.10656922269825905,-0.015242911011640537,0.07881238641120564,0.04596449125706992,-0.0015387523075237183,-0.023615709536566262,0.027614527960843033,0.006080683282532505,0.015012695218056295,-0.0061929462416167895,-0.0157115873158316,-0.008394424699835892,0.0024353787832926935,0.020832682058335203,-0.02210925802991936,-0.011027529628530363,-0.0038214104908445446,0.004920849748195952,0.012749858651927706,0.855181138245226,0.25072470491292265,0.2828285486103264,0.21352800301821873,0.10435269011540609,0.06052192900740928,0.05253970953727461,0.08004102194410856,0.05021041295975442,0.05160082776808687,0.051900174927303436,0.04306835778470274,0.04143596217647989,0.02869249302800928,0.027542751244646464,0.030077538597993385,0.029525158157016514,0.027443658367101137,0.020656422735800862,0.023602163237597843
-0.4831386912492934,-0.1402097110523666,-0.08536203320445782,-0.010103266518046682,-0.28083813706303906,0.02246642574928265,0.08954848337678874,-0.153558593667131,-0.2124001586414626,-0.026277827401119343,0.029727173801704372,-0.02706823646407177,-0.06634836236878612,0.06004880389147688,-0.058264329805677695,0.0037969629135998903,-0.007550559326846584,-0.05366656285373146,0.028911255275891917,-0.04022869307615399,0.5345207746062197,0.18457886528128584,0.23380580370242307,0.10441597256171149,0.18112572920271386,0.08400623102329999,0.13237856235285553,0.12151220298253798,0.19493317394307416,0.13603199991994916,0.09968031066526598,0.06872072452042653,0.08881625194964787,0.061826409504931464,0.0753417947719699,0.06239679942819268,0.06081558090362623,0.05863294952567775,0.03983616422022722,0.07521696884090259
-0.49709186851602916,0.027173232964768156,-0.04579471587385759,-0.05382489873535516,-0.0018384651965183728,0.009959676775822055,-0.026331379010144238,0.010035435627948727,0.015075285267333888,-0.013170471189172524,-0.007816891580267386,-0.01634856880391139,-0.00046423775750332173,-0.026408962112852322,-0.007759928948107971,-0.03298610933087028,0.010730608250554035,-0.0021263076825377277,-0.010325629486510326,-0.0024585107959153607,0.8356010077639265,0.1429374634426914,0.08826738096507639,0.06855667952591976,0.034063651080211546,0.05827663926739659,0.04120430376050488,0.0335413736683045,0.03497222439194118,0.028571319864872064,0.02277923008067873,0.02092186713240937,0.015603083741194776,0.019276744524805548,0.017503651053790453,0.01944007859031908,0.011685730252926647,0.013710526365548856,0.012234760763401064,0.012759791408618862
-0.43212893075062714,-0.19518336530201538,-0.3060947299525212,-0.028599108134589282,-0.03789424097559408,-0.03363022822684227,0.03815152744084431,-0.02959428956312571,-0.09499119615065545,-0.044502262414445035,-0.03773564594020664,-0.008184427365402605,0.029043717823525918,-0.002655548156557156,0.020532624734186558,-0.016427540665410217,-0.027529257991332642,0.01342605225188566,-0.0038766112493848703,0.012216722596241734,0.5968125192259509,0.21700848564779604,0.4303515090977334,0.12271718160033303,0.0934235266731887,0.06917787532629606,0.06478622577587889,0.08265210315802711,0.08138230713322209,0.06317722365314817,0.0461902982774576,0.06494489726153795,0.04801347654394937,0.03690699943085657,0.042229686169252136,0.05913502442955917,0.04460126475943986,0.0420755577137427,0.04282898809343276,0.03208111710660635
-0.001293669076697553,-0.4693091784843007,0.25905857179685204,0.11317029511129942,-0.15112826014641617,-0.3550008477514371,0.11983161765358953,0.07519839138755756,-0.13033468988586203,-0.07352483628399285,-0.05189846882105554,0.004132940741835434,-0.0009017757276601002,0.017845427349067154,-0.016305509070798134,-0.0211776618968493,-0.011709722695939779,0.018181426843179718,-0.0016980154252185158,-0.005564299061108807,0.23630216648875776,0.3752281036755582,0.10390230499144182,0.056249172321394134,0.46114534525275713,0.20740499278931201,0.08007866185763704,0.053967320275288215,0.11308364874042706,0.052665078749970375,0.060796225362557195,0.03545237789193784,0.03118751129306256,0.017360189033878967,0.02430393559478965,0.03196766099734981,0.040851050094604824,0.0382587785894246,0.033220469485261854,0.032879706160581175
-0.20191743175955856,-0.21568030361524004,0.08372035615861699,-0.156868768405228,0.08485310781768957,0.018100402044779,0.01804098601685936,0.03680488204774635,-0.028329747099753874,0.054356020004639904,-0.023477931359427964,-0.013268453023415845,-0.0002658458042218597,0.02201823653859587,-0.004372429343653385,-0.005127391813422226,-0.00034901947810733963,-0.0017117148293309817,-0.00051418758380307,0.0002686431574584448,0.8200370508819331,0.313847883636395,0.1353096588627509,0.15681427184636812,0.10187849193650318,0.1133671899980633,0.06506678488220484,0.09384698636895211,0.06379229382804491,0.06549377775418916,0.03606059984489839,0.05911628846746517,0.02513221911743293,0.028631508743488045,0.027673450220018887,0.01986440655703384,0.01140385751628058,0.01728717175905968,0.014158652939730119,0.018452111999148514
-0.16158631192198133,-0.01671296068172698,-0.0526054069122858,-0.04113099682407266,-0.11144673711284053,-0.03040596903281675,-0.015218051234102447,0.01554976165338114,0.0032820575439637223,-0.0033826889118982223,-0.013132727376072297,-0.009182975759130817,0.0036917093882563447,0.010721817993476294,-0.008930247814564467,-0.010838134100378576,-0.0029165903597693664,-0.007364956078144345,-0.0018171342471325644,-0.004439137692211473,0.6431589547763584,0.5244849894208322,0.30700502045200795,0.21218855808116974,0.24713203921700208,0.15430449132495214,0.08687566947614221,0.08161674845622315,0.07259958764521658,0.0761829537926871,0.06034340899132509,0.05464471621880704,0.05341145073526184,0.043185059098125526,0.04111565537286188,0.032324991100523184,0.02996083558674602,0.024771764631891468,0.02338345276264471,0.017962950733391245
-0.31867711851354963,-0.04884787488792883,-0.12573204452149203,-0.045298737420152516,-0.1340295401935251,-0.0906601260753391,0.023092270408717704,0.02628831023379686,0.055437538912706065,-0.004151893245278754,-0.041504200206688255,0.022365579480196924,-0.024652384264874937,-0.013172837892907123,-0.023240644094825166,0.006698394218074946,-0.004111375671412296,-0.009141839397209629,-0.0020541349479329743,-0.001785367047422133,0.5297627348383745,0.5222566733537027,0.2840826940418919,0.17039216442474098,0.2115160031847161,0.19244225158895,0.17587642696610947,0.10519846357916109,0.10965751735947468,0.0827075397085976,0.1281788947500259,0.05962660319450636,0.06658384955970456,0.05130815197289666,0.07227317122745697,0.04133319082777135,0.03430483822015663,0.03862808076006297,0.03203821688362503,0.023457554422364014
0.47117873372341657,-0.4200159740745215,-0.12782721806039243,-0.11522474100176494,-0.11921364795820806,-0.0154130957056837,-0.06862905048205556,0.03444364276686629,-0.023235049486433984,-0.004089237674759336,0.0038845831830636893,-0.05064409937672085,0.019908910666030746,0.003261222468285475,0.028985532704463038,-0.0138137494582533,-0.0424223581047087,-0.007148425577840067,-0.01661512256536886,0.00404403534462341,0.5703826505360785,0.42318799857577427,0.15189545414714567,0.07003695861780018,0.07540424216521197,0.03330635929792421,0.04458811408055951,0.030646338951833347,0.019057439990571405,0.013738826895606585,0.0136140200526867,0.01920281600039447,0.018356599564145495,0.011813596214404948,0.01900926567927395,0.013300126613305173,0.013885458746282107,0.011321809072627226,0.012013312658808272,0.013668928736378696
-0.11123035907872292,-0.5527563092332406,-0.17976725058352946,-0.12789338433784503,-0.003008535412319285,-0.019735689930993113,-0.020632440529350284,0.0060729044546919235,-0.018527812364880554,-0.048857755835592556,-0.029206928360788927,-0.018720057642687294,-0.003939365475828707,-0.047454154003720564,-0.025061960726048303,0.0034765498728026,-0.024308148105353023,-0.018383979656671146,0.02554196031729201,0.007860106357813978,0.40351175673096373,0.6632798488664498,0.1276939289221422,0.0343967550867435,0.008687695487354527,0.021258694495623832,0.02059912489558853,0.010784019977841824,0.02015182157002801,0.020149239729789346,0.015394316082911232,0.013125779156600305,0.011967077296910324,0.017680040073721516,0.01213613104286293,0.01208882226978149,0.015183454409293246,0.010515180644620047,0.01741333958917237,0.01166077542582442
-0.0030604327220900697,-0.42598410521196917,-0.4964489414192696,-0.04149358583453896,-0.11657299211332568,-0.19971107790599427,0.03641458351436874,0.04854602566262843,0.02822092149305923,-0.033438536921181185,-0.003056997215988028,-0.017552508300494284,-0.005273033800077637,-0.03317364140153908,0.007545865528739044,-0.025453618649763067,0.004635630610673026,0.028322686031665902,-0.04288928540017931,0.005954759128036956,0.390437797530357,0.429816238754795,0.3840437023334886,0.03581717529853845,0.053750625637999525,0.11902640088010306,0.011853537362329341,0.017514977099098203,0.014941836168117228,0.015321344362984497,0.012418712279370674,0.012039199196637495,0.009412338487007546,0.021585709109058833,0.013588375925910055,0.013788644795629216,0.02093534827018269,0.019397499350768756,0.017962979633531283,0.011881320521999153
-0.6183646583059929,-0.24318352629499254,-0.11590278184490911,0.04296730183932527,-0.007749921105213192,-0.0968180024430653,-0.012867753724818512,-0.018717540575324786,0.00921003414658173,-0.009495581572554871,-0.005398455826775852,0.007172974140024573,0.005373992568020975,0.023954273583285213,-0.009661891234559437,-0.005521846086053535,-0.017034382995834343,-0.01564324382551707,-0.012224022367609746,-0.02586683113216435,0.7076830435541761,0.15541083045754078,0.05904791327255085,0.021954485296194363,0.015166830095541975,0.037006878437384476,0.00844232685220582,0.013675850535472538,0.0033938438594205483,0.003598432247904995,0.005369303486887357,0.00452302472043414,0.0022356153244080376,0.00264484179758309,0.0028865444951374415,0.0016232958484944957,0.003317281776394021,0.0026588709982013304,0.0025081182266007834,0.0025796691253170464
-0.2138593022022117,-0.6054553657268553,-0.12787992703251463,-0.0742288974988609,0.025631100576533606,-0.021574538481241932,-0.0119428910457885,-0.1160837115604309,-0.04451437838738488,-0.036982702365022074,-0.03132491953796937,-0.010335761744873342,-0.008375053580341527,-0.03435088197541318,-0.007976452190367035,0.022510141976654678,-0.0030180119031281375,-0.020973511414462822,-0.020210529227095684,0.006833849992495876,0.19670085166855314,0.7090964556910884,0.03905090386565964,0.012724657469769907,0.005763358321605166,0.0034384785415366038,0.002175541176767965,0.023026224916877582,0.006537541777243938,0.004935836173279531,0.0027674609067624835,0.004529142238955895,0.0026946240125114997,0.0035953554679125695,0.0020515443196544897,0.002883008108814429,0.001933289276755127,0.002034028621222453,0.0031686185178569927,0.0007726735546428484
-0.14760012404665515,-0.6254823810620241,-0.09024459316744939,0.0022724175256987277,-0.144794796628428,0.030336199870931214,-0.03865291796239944,0.01745763414600904,-0.06501053171893892,-0.0045832195919822405,0.01554282283219349,-0.03294193037270231,0.0024001016638641273,-0.0046417880385555155,0.004936091149392721,-0.02332608685132644,-0.01752729910821632,0.002452882368091361,-0.01253831374996319,-0.007218664915883344,0.1792693736003602,0.7158220960872447,0.03159421506849322,0.02186716088406547,0.04342348197530164,0.014573110410854353,0.009567892310038456,0.005962863826107873,0.012385620359179235,0.0032373638231888093,0.0025836167263048205,0.004363802020573417,0.0020970873976182487,0.0021813110318531577,0.0015957201504235774,0.003018387720289063,0.001883688053090143,0.0011215036906805126,0.0017863441903946766,0.0010143291956176631
-0.4537071250270906,-0.21638864376962488,0.0736423943439839,0.09380162780259907,-0.06856484107545494,-0.009559299316899054,-0.00042661094326382524,-0.06181098147513402,-0.06718547099314522,-0.07631797237689941,-0.006567931987784451,0.012905623487333649,-0.02159658038463336,-0.012228127982441463,0.0007400419717423789,-0.004708777998145523,0.005517982922653406,-0.01499781165502232,0.006333104471945145,-0.024806608058864546,0.6398588934135124,0.5244542318362032,0.1082816156818777,0.02465130655950103,0.020973497081042354,0.07434274138664566,0.030794559682371977,0.02038672520158513,0.021935537804587516,0.03797073388999928,0.052167206896709464,0.0368720710768618,0.02596389598561113,0.00931825940179022,0.018637192118666955,0.025215543081454822,0.010270659589003266,0.006746133726698677,0.012523189566828716,0.014222103037203285
0.17132414734998652,-0.016694349511304607,0.014882624306689327,-0.03138558008927141,-0.04956056226970352,-0.019582568591940644,-0.029624726457266604,-0.025532092685959927,0.0039333161095570866,-0.0023983450739705698,0.009126135534378655,0.016979806139933197,0.024685615197522798,-0.014450134523145043,-0.023766936754993903,0.004060770259986354,-0.01626914462087989,-0.00416744245929469,-0.013381173905529451,-0.012033794321485814,0.7461196529375556,0.6187272208775872,0.1294723643364704,0.042596607383644125,0.03749970542485926,0.030613300869372532,0.013962407810774539,0.0200731286573099,0.01081650654370318,0.01571548719102836,0.011545855191187117,0.015214398939886799,0.012344589024007677,0.01006671813842223,0.01127917654252798,0.00726254432958078,0.00718330004832389,0.007459956891254964,0.007429888747470123,0.005796775341734397
-0.276704467503008,0.00808688715514405,-0.00859345537323942,-0.011944936585722097,-0.029345862916923968,-0.024280439482288387,0.019983058137449116,-0.013842311540901604,0.0033174289725248027,-0.015229041097279208,0.005362679292953068,-0.002879517500388704,0.007616570076323198,-0.0030835551959286127,0.007088659170452277,0.013937639938553459,0.011123435284055547,-0.0017207034965134717,-0.009370491166529231,-0.004899424057322648,0.8130558438127956,0.5048940633493431,0.020939225144327705,0.02000724271587803,0.027858568451434678,0.01387470136367889,0.019018270373166595,0.01575119528595781,0.019971696816942795,0.02224808194911523,0.012212390267365507,0.005315436888141511,0.014988978747386316,0.006029035262534408,0.014608788261533284,0.009776602607941666,0.010326248966443864,0.004994379573782188,0.006958395721724477,0.008020823122080545
0.07747780363102996,0.07679990102367606,-0.12725403008291528,-0.007258153610674617,0.037007677782536455,0.0294436489758913,0.0353545056915597,0.010707160432459433,0.03234777186434202,0.006376873991188801,0.0026565914368782465,-0.03454221686067527,-0.016449871845935587,0.005625029194164089,0.00987428476816169,-0.013102112984814474,-0.018607726023416787,-0.0009229467578618458,-0.0010398941952796182,0.01193112600926937,0.909331717933578,0.3418683759339886,0.08327034282019036,0.04776094554426335,0.07741866290799086,0.040025694186627846,0.019345571783436783,0.019799540172627767,0.027246054215369225,0.021139695761635387,0.0156219358547797,0.025497646409507146,0.019363801462976636,0.010508102966560537,0.01908083550547596,0.009298948021475337,0.012793359440845583,0.010173619108017479,0.012647968331207958,0.010988034511163739
-0.5553935236159517,-0.21522024396887265,0.035597974503537896,0.06229413961864448,-0.007383187379434487,-0.05566697497884973,0.03644821542506453,-0.010235248422837795,-0.02227485471269217,-0.019171743689764646,0.0022864139145672637,0.004958747837407185,-0.041903658402076056,0.0036358506495463377,-0.01291688492221803,-0.00035970535331683725,-0.004343184003289033,-0.004257591995870741,-0.008584804157998683,0.004754227393437576,0.6985793689116381,0.36566370361801187,0.03026993971921218,0.05738701155105383,0.02007005884879835,0.034974385178268556,0.026311213513162058,0.010285066551396117,0.009959601132231837,0.04059583000120758,0.015335894403962911,0.023671348106015757,0.02524386950435594,0.012556222508646069,0.00972009742408925,0.018913068296843336,0.00964600563745979,0.013443452580836608,0.007847566737833543,0.006254547099573186
0.015140658462257196,-0.22812564054128565,-0.04413461282810363,-0.08404757294888465,-0.04250671003019705,-0.015526467929737853,-0.004524078437990884,0.012833891435760896,0.02837263147559753,0.013966033902202657,0.00028137897339641565,-0.023226874932600387,-0.001415629103978733,-0.021606907414751478,-0.014362550083787617,0.00824318181338425,-0.018713227341219697,0.0008459348470560872,0.020828778570165747,-0.012089338359126985,0.6924553927471513,0.6533949947944458,0.08467790911952681,0.08650815815864972,0.038873862139362066,0.05247369142940476,0.033244493370553505,0.03117099821161368,0.026273878651936342,0.032833167485772474,0.03472330002920998,0.02000620726411798,0.018582811644956326,0.020950868785860444,0.017280795038941556,0.015455421970968752,0.01282804756539493,0.014332513374312524,0.024343376430517087,0.014046332523097723
-0.17304825346708452,0.264947280050859,0.21952377052517696,0.02810564655499637,-0.10246157670305422,-0.04072147912232675,-0.09351745126301321,0.07734824766351668,-0.07182348496862823,-0.1503336140327172,-0.0005176824277039715,-0.07921837546644168,-0.01784730523831328,-0.04958280197487122,-0.0954358935060917,-0.03968005556984165,-0.0061881871449486646,-0.0025334430256424637,-0.025084163097606825,-0.018728439271005756,0.7521712944803529,0.40902157127314176,0.10199530641560697,0.0363627172456612,0.050382796423851094,0.05987734266921327,0.04624532520372212,0.03557514018650708,0.0375684186620576,0.05095369091329789,0.011343830655560022,0.06622096039418221,0.021817777947171737,0.03571314750318294,0.08375771234337133,0.03817551273672556,0.019562378287160054,0.026722999990866792,0.022768981549616846,0.028256762600667867
0.0919644621684163,-0.12173609159052104,-0.013462288990341312,-0.0044101968517902225,-0.023487697209812898,-0.012394430954887401,-0.026136686196291184,0.012970671772021757,-0.013726941772466047,0.019871321667092712,-0.007689135110452845,0.008385054975571151,0.0016831782886926512,-0.006959056898154724,0.004704467601803846,0.006153656733548842,-0.008289906878092355,-0.0009288823580678415,-0.013888958257789687,-0.008157261388432386,0.7710471330591322,0.5873858861301302,0.1699598635642315,0.03852259976836849,0.04049772601027186,0.023178451630481413,0.029780894712246462,0.010408936576826427,0.008286818342777919,0.014024476892209531,0.006438720314948827,0.008803189469868546,0.005470987732562486,0.004955491992480047,0.011911164395697487,0.004682357281804845,0.004384327454463983,0.0072809666173498724,0.005479041538612376,0.005374428215611592
-0.32934634379822186,0.01463990274565072,-0.0030069496794002523,-0.011257488703269891,0.05126693946563134,-0.030134589170363484,0.007856775618863745,0.01913084623302318,-0.03005062975136409,0.0006393172741396169,-0.023548961431552617,-0.004171410740383355,0.022193754928653976,-0.002165934103926312,0.01844611766451376,-0.0031812075079639783,-0.011396121203709001,-0.006050588768320641,-0.009353881007569995,0.012342073934177819,0.7277340221857959,0.32912090531662425,0.25814176878327966,0.2396420273211433,0.21186769462500002,0.13400511431374804,0.10195573198404773,0.08301443201568834,0.09610924239716404,0.07809432593113216,0.06790957655279287,0.06292909125443182,0.0587345566443007,0.058720974910980876,0.04976663413663535,0.047738732005931664,0.0475640525669496,0.042662861883125666,0.036425963806747605,0.037450232974542315
0.02110857917808674,-0.11801203547445063,-0.03199867729307938,0.0243287044076779,-0.011250117424465701,-0.021991245791482143,0.039396879038057095,-0.007398776317560931,-0.051966502931759334,-0.036176002178812706,-0.02892642408280806,0.016521225512050267,-0.0038910796241446335,0.017869189211671185,-0.005013119253513577,-0.0010311188771307727,-0.010180859290681871,-0.0188622048523496,-0.01582720291131199,-0.004410554755217763,0.77843263100866,0.49302850911949536,0.17984645178984052,0.17100063591705308,0.13443974738222264,0.12115267210522214,0.09747377734707525,0.053696441491599384,0.071440870986718,0.05471471048353369,0.04478481092304703,0.04932716957544816,0.034555635821567364,0.03391214786023673,0.039311758085434204,0.033587949526113436,0.029309822385816846,0.019849123552481526,0.02452998896373315,0.02049645622963785
-0.1441113029744316,-0.13467683787556423,-0.07227930015529158,0.011548694583720657,0.004651891800547535,-0.028659788100241824,0.03580315468659192,-0.010953687154422676,0.02197165632863049,-0.07104411023288239,-0.015087763625443073,-0.011064779900589341,-0.0007021733501460565,-0.005975843516927634,0.00017095671457292903,-0.007766909432113988,-0.0021350330282208195,-0.006194320900296521,0.009491604178523743,0.003744479590472373,0.37337689548532993,0.4611426804094367,0.46561607826791107,0.34252389661394034,0.25411069405945136,0.26400204776245495,0.17777233733586423,0.137476554361643,0.13037223674925383,0.12248206947825871,0.06944255177567858,0.08696941653699414,0.070219002239036,0.08086519535515814,0.0724598715163916,0.07033569555961995,0.055012884166842226,0.04698013467410658,0.05291644062483601,0.04822897081153165
-0.08367528119932066,-0.40525646905834467,-0.47306181324022484,-0.30994110535211394,0.055833616326794656,0.02636000314009882,-0.044779375909726055,-0.10235609571580384,-0.010737291221886597,-0.052843130305440994,-0.054718451215590595,-0.017666367124860725,-0.043440691616561916,-0.004321391016893097,-0.029362053891340386,0.006022664025408537,-0.012278222015171222,0.029937862802683193,-0.004870914264248371,-0.007037157725602124,0.19384586247695892,0.2507975255084935,0.43193181436602196,0.2207139895365982,0.14148564901986227,0.16704203560833564,0.13859621851734033,0.1515748143450599,0.10752290877364212,0.08095012216295168,0.0962992003720996,0.032871548357548956,0.06178778259814445,0.08875073791345553,0.04765525962508022,0.07562243541956855,0.022603014299743568,0.06135739226157344,0.05605279605499368,0.03243098034794244
-0.5182079257404382,0.052513373537622386,-0.06698393817237128,-0.08278965221198634,0.0026307478595443525,-0.015098527651571488,0.03162549364501332,0.005497435011390122,-0.024958768794572213,-0.0007188636225387857,0.0023376180629049847,-0.014061898061687535,0.004718492354077082,0.005412970896764229,-0.013443226828992376,0.0007729109151177949,0.0009079121860185425,0.006615833217208926,0.0033436966311792254,0.005165231264559783,0.7397838141913885,0.24106468436530126,0.20405777850747017,0.19071681974751653,0.06061192340678811,0.08294301790542719,0.0627387463190864,0.0625969693306736,0.04187854238158135,0.033545819030940435,0.060457813961549416,0.04801611646981531,0.030960668690907488,0.026159633206281955,0.02731807459564109,0.023276210149397927,0.022771565554597663,0.0186941778885475,0.01798906258520659,0.01340171508080577
-0.08884916798557647,0.017217761230340137,-0.00153120530752513,-0.09117759070777508,-0.14691221935460444,0.11669578455444354,-0.029529438706671268,-0.18063332019353723,-0.10072957271352648,0.05706960166682151,-0.022746298609581283,0.02827052307565744,-0.1277422257595863,0.03436557988518858,0.02560660354417302,-0.0009152756660773808,-0.07268501684374291,-0.0193787168527552,-0.06666866583702373,0.0032922655069774834,0.7707037872556737,0.4538412019491694,0.08761878315948186,0.09332066058686803,0.09635367659665173,0.07866234553299435,0.06287557069801109,0.14049082006380517,0.06953508363626237,0.034411985806882685,0.036398596882600505,0.024547147422496012,0.06667079961347003,0.02745323664109556,0.025871158896605673,0.013233973241965784,0.03182877725841498,0.020036413665891716,0.02731511245968987,0.012128853142794575
0.2453490864603443,-0.030826396392916164,-0.06841006946144945,0.015862336751203507,-0.15083216572641353,-0.14063012651113502,0.029924494836097663,-0.09623990174819502,-0.0855044498298733,-0.04786305340104196,-0.009375644203520283,-0.036169664614561364,-0.06717874519783512,0.02715237106674313,0.01614476765556342,0.045906598252818794,-0.057359346350340484,-0.005960395128419979,-0.022509020872572394,0.008716129681198304,0.7576649898638299,0.29161086466208724,0.25395693198272107,0.10721490464931205,0.1805639048822104,0.1676130414588985,0.09854030890337989,0.12070527473581369,0.09244265519245996,0.07382604258549036,0.07526699199400547,0.07333676967814003,0.05666699269303214,0.04124365758762129,0.043501608785978425,0.05164501053076788,0.04019417631077085,0.02858290794889787,0.03359286114912423,0.02409985222986157
-0.2560924665481654,0.026776905042665368,0.017625309147780644,-0.06146922650375889,-0.09616366142769892,-0.00041657463738028,-0.033655794363620116,0.02064707153210014,0.024571075543877018,-0.05673195201254926,-0.00038556694510879315,-0.017511503081935317,-0.04644258868455107,0.009834160507281826,0.025557230671065374,-0.009989841132548522,0.001250627465782173,-0.025153548892856623,-0.020189895446377722,-0.008642427086516379,0.4829888410211125,0.27665726048719363,0.6122668348722067,0.3542411752595011,0.05027556947734479,0.131482911434656,0.1597060177664262,0.08787758529767749,0.09356946528814698,0.08440547406291948,0.0738771665483744,0.06644857585786174,0.08264866925981758,0.06528114263709274,0.0613606772909609,0.03236017646204413,0.04310194326677459,0.04110453525537965,0.03373571076951514,0.0314619862706146
-0.6766267039753784,-0.1595606708958758,-0.015362161412458428,-0.25082154388438876,0.054057250087088095,0.010423708166755103,-0.10422698000267511,-0.064457531876194,-0.03357024590977071,-0.10547948704678317,0.021008269549832443,-0.036449309707389715,0.003969109637637292,-0.0099065208018378,-0.03664673903504823,-0.013768661821378161,-0.002076573001180485,-0.041560409305461087,-0.006830225674994341,0.007887933787914882,0.6226677006048833,0.06215857813841209,0.04663246428639738,0.12908804557744238,0.02322846644351718,0.01518795648107189,0.04848153288158743,0.010706299992878929,0.024297657158213117,0.026984778117702883,0.016097119240031866,0.012036217516946722,0.0078709241469289,0.01148424890576489,0.04164999907807953,0.011448479177711192,0.005699797417550445,0.015160647284317819,0.015443647263586782,0.008677230598170122
-0.16128687658247015,0.2762956485801366,0.33094173151249284,-0.06409604123385941,-0.3083445440671271,-0.138113113109069,0.15214358959121743,0.4874618988900044,0.08225955940051086,-0.02717191642437649,-0.004624814380314201,-0.04074964832171446,0.07158487280102328,0.15466543458285073,-0.11714712562892765,-0.051982045072017535,-0.10874030900788319,-0.061506944864705405,-0.04246687693745138,0.01767538840060045,0.2135932273499436,0.2433241678888983,0.27110260295354893,0.049096623804436544,0.1870943104164807,0.06629403766800776,0.06968033743887317,0.32041432981910767,0.03838788454064259,0.02464650542336028,0.02189959815409029,0.021117989354875157,0.02382551559318837,0.04792751289252012,0.031574746296748585,0.01990264001885322,0.025996865561745287,0.02042319347468756,0.021423448324346877,0.015635939289151406
-0.5820171746475158,-0.2540593074244895,0.02173240551498895,-0.1979669763164559,-0.14807570519059332,0.09147813519649742,0.015785924027773957,-0.05938933800414754,-0.04611478321350109,-0.034422529307617834,-0.05577523113637532,0.04767678303325197,-0.028752590388000966,0.005835731359998516,-0.0029879634067772787,-0.0221347088557734,-0.0574307830561106,0.005675072330180925,-0.0011834499794163037,-0.07048972091367454,0.44431839382890276,0.23591607237305104,0.064966044903734,0.3591887958976153,0.24961626966050668,0.1394733263753736,0.06597989782903534,0.058175720333027946,0.058571576746587486,0.07612880886126686,0.050821504126032764,0.048855744248840274,0.04990241818692312,0.0419894087925213,0.04096933024894901,0.03916472005000934,0.04224303651407997,0.040781634172559575,0.03644571456608521,0.04869396612733561
-0.4662602453510051,-0.2297296908177326,-0.015231027719939614,0.043221158802045495,-0.06047456232727141,-0.07462331789560511,-0.08932493335414737,0.02181494349962715,-0.059618736052771314,0.01912630559751675,-0.05446726322545344,0.037878904179721264,0.004896865889012317,-0.014175329411986655,0.019911958272144984,0.004976206934255861,-0.03724143731313043,0.014355599638723382,0.022163222124545905,-0.01509686829762936,0.6724655987194592,0.4452684041157947,0.023744501563098132,0.19165477276497137,0.01589895726478929,0.018287678685887765,0.05887875013553954,0.03363380404569971,0.027366395978360245,0.028240258474383155,0.016123054949377894,0.015613541137891514,0.01981722730447607,0.016832234063109405,0.030517955139145733,0.02561809135188687,0.013988486340098315,0.01760237355720726,0.010388202025711344,0.029719091957363837
0.1945105663237237,-0.0016182787903313896,0.01846485789155531,-0.10132240577863269,-0.030687127532590966,-0.11712207755247758,-0.025191894505144058,0.035374517705570485,-0.017116236520484697,-0.0436143723251932,-0.033763296240103734,0.001485199750422013,0.008758379961805826,-0.012553537988786124,-0.03245051727106293,0.008117732455881498,0.00021016346458884886,0.008583887099290153,-0.0031774373435108946,0.01455910513199756,0.8719599411298704,0.0811971303521135,0.3055295750725462,0.1754474358558404,0.015280159507193785,0.10783329985241998,0.05356150913847631,0.06527167921236966,0.06689754932944657,0.06732168080712267,0.042975553492717866,0.04145122330050005,0.036802034886817096,0.03626766361432285,0.027934919124091066,0.025328500359898157,0.04031172392659468,0.022179676273541834,0.022045365889414463,0.027000790521037037
0.14278358794352505,0.09013925015239596,0.01806695361833536,-0.062059125151709506,-0.04958298440367992,0.005819143680954198,0.025058885099678865,-0.04731315570365527,-0.011747965831981545,-0.053212478432585746,-0.003522093449786093,-0.002721961606264711,-0.0033479908690509895,-0.0012951283080068375,-0.01741369350771647,-0.006615351656736559,-0.0037627657751530706,-0.00980603704187242,-0.0033990562928216616,-0.003708499767235463,0.9022402192946125,0.3476600030279521,0.0830302785958479,0.07217557842773513,0.04260877137093758,0.03181517501349211,0.032433040181784764,0.04174611579342494,0.025892413505724316,0.030819956976059597,0.027409749659576935,0.021973466410443954,0.023908279137098608,0.02137240420856745,0.022003186012588112,0.02135677392210172,0.015929528452306708,0.016040234958835265,0.016685179177755208,0.014940482538594351
-0.27839267247023103,0.0485436200470943,-0.04285974689189151,-0.04140745113118725,-0.007678383332075978,-0.025175855116377283,0.0027075270569092104,-0.019894638256032996,-0.006847059644545495,-0.001778978786319181,-0.0013930464996539705,0.005992960229198843,-0.014012945760411169,0.005282793803451429,-0.003779683181011088,-0.01647641550946272,-0.0038190507052769003,0.008697833527360296,0.007347490979391184,0.010490407501289836,0.9106533986015933,0.2752503832458426,0.018118110856212892,0.0422393737221542,0.03959816298984181,0.024980049919364724,0.037249595860830265,0.03509511880036379,0.022602813619456,0.01341893664074213,0.015481533434881027,0.02119032805336479,0.015284083961140409,0.010095686615407483,0.013503527664447606,0.01304868047359453,0.01361817094187259,0.0124806013001629,0.012617312223759959,0.009855815310790982
0.0878275915143854,0.04612549441780237,-0.0016791682543179616,-0.018076229552328314,-0.005909358077150598,0.01373712148697976,-0.00332893755868197,-0.008238911240797337,-0.0028727333035662665,0.012960295438196158,-0.004115848703104663,-0.014756011502778566,0.013473136340229707,0.01145031485570988,-0.008954501807537025,-0.019351704317129514,-0.0066483497403450435,-0.004120349947968159,0.01174315271608514,-0.0034937756825661496,0.8177954593193537,0.38133147031267794,0.23342684477352285,0.19295111290827355,0.14681824939432797,0.1318628404994601,0.10805033518083712,0.09208103087830093,0.08398620740656662,0.06394441299364446,0.03584871592852846,0.04098699481710415,0.033343817555778935,0.0421363554899594,0.03800238852047004,0.0363083464940409,0.0283072916800085,0.03221194109361762,0.027536086678580672,0.027641079125434963
-0.03933589419848053,0.08932436189098412,0.07407193114283057,-0.006532632952843507,-0.015561133349329013,0.024556064156818807,-0.01821649705803061,-0.02671563769548249,0.00643019206441451,-0.02358342290165854,-0.03993448995264733,0.025996568814028082,-0.01175430384347511,0.00964718057798977,-0.015689319523401375,0.020386005676891885,-0.01062808396881776,-0.00762339211214674,0.011976534144541267,-0.016699218314255682,0.5903243278150637,0.5077863114939107,0.38732891211206105,0.27588564081035716,0.20810671488121965,0.15084580614646512,0.13822414389847407,0.14355835329477357,0.10376848893173461,0.08833616372358363,0.07928776635619002,0.05978321786096687,0.054948149681287216,0.040017673607955974,0.052940475047640906,0.04263029643166745,0.028547293984341596,0.02523962631799615,0.026116866570167586,0.025468762201195736
-0.2639635392197154,-0.10020759894877845,0.029334799428473675,-0.06693593209338614,-0.035576100376072554,-0.05384423160081449,0.025682613019017596,0.019539738727814445,0.022094921794801686,0.031916714777589145,0.015477174818941375,-0.011221315719422,-0.035003995408689384,0.041892397399332544,0.010709236740705279,0.02454183869004584,-0.008960809929929344,-0.010918686470581144,0.013179417025350932,-0.008736281619860398,0.7957097286659136,0.43529520339689054,0.12787926550678552,0.12303496806806945,0.08564415669941033,0.11091375632604727,0.08480539642364879,0.059556588205540155,0.054722178558182025,0.04721100607767074,0.042066860648541884,0.043242407718987234,0.03830294138407547,0.04421357469780045,0.028265230506525393,0.03412746358916583,0.02375327741705323,0.04736072991714558,0.0349336111841398,0.03060979776266761
-0.025047238004507796,0.05015532160085365,-0.132729507459597,-0.1725657827495343,-0.18548637872071197,-0.10119759910837894,0.05052159622833351,0.05544888920176497,-0.0872510736406892,-0.017017393363721378,-0.015626111953207983,0.07617255915358329,-0.06567991055613875,0.030146518587420606,0.0030785594298351386,-0.03361538366169834,-0.029200712270672852,-0.01836279459172287,-0.022389911020458987,-0.037315500017082844,0.7631452865604254,0.4335758709689136,0.17853123330947102,0.06060005146389758,0.1447091862209458,0.07180212461585307,0.06027502220845048,0.0547040551691823,0.08742052098183128,0.040192967211207235,0.038043575905026966,0.08213149964474994,0.08744672642076691,0.04842666447088999,0.052227636728375604,0.03862281643255176,0.036752942257044056,0.039465912353836126,0.02847489261036217,0.04201755173820926
-0.42592979838897344,-0.13899319990307168,-0.07109354875006903,-0.07416032868735711,0.0028502868430732523,-0.0305179810229136,-0.030129777827688862,-0.010587295578676399,-0.030840964086519367,-0.020056011612631056,-0.00691316919207779,0.023048693468301698,-0.011123802474278858,-0.02635528202055867,0.02440496641615938,-0.01332365224674279,-0.0074792009455574866,-0.005123461559686971,0.014239475562621609,-0.02153332386412071,0.7081458293522899,0.09616635869027089,0.4331019748396458,0.27600167224531114,0.025919657241908558,0.04067980966894262,0.01219156897103616,0.029341611816205888,0.020170791750677812,0.031046516846603384,0.029791192701093514,0.01700092208202969,0.013650624086609565,0.02190300647960894,0.014847982985426635,0.01758813975815121,0.012954427141857407,0.013982535772613458,0.01025669114097633,0.02140253575524896
-0.31767648379965935,-0.2482754710070843,-0.2830551219698095,-0.033247693277797044,-0.059537372392063824,0.06674387649245132,0.03389041762527209,-0.0694266898213814,0.01315951158349355,-0.12620488958341475,0.021885004361207723,-0.08184149495203666,0.022257738891180514,0.02047369513433801,0.02704289333238592,0.013027808553383336,-0.04261342366495286,-0.031057259580867483,0.011241076053087865,-0.023270750028578646,0.6487630518247366,0.40386250434322574,0.26756331629622265,0.08431657777758311,0.11320181174147698,0.07384660407141655,0.05760094623727343,0.07881943696909463,0.07601603343769092,0.07434332603126802,0.04330885081411746,0.05922470250240118,0.043677116599918915,0.025047954197555757,0.02993250894762302,0.025119767592728718,0.027922428051340972,0.026786905230616307,0.0236742651968353,0.020024412338478875
-0.5101740810082105,-0.31749225519293955,0.009037979799067028,-0.06754151134490792,0.011780267663601364,0.035763207821023435,-0.037983386574524464,0.021253631283200108,-0.027192860261368676,-0.01556968533939668,0.018731995329398534,-0.01898143505896756,-0.0055346707335542054,-0.0022129668197034937,0.013914039138492594,-0.012743720795013624,0.005907454634631468,0.014987840024538459,-0.0054590140494751496,0.0005532008392020504,0.747449512816019,0.26158183649648376,0.014451481438399957,0.02304259044856721,0.010191195588391638,0.012876158394922654,0.011101773261389739,0.007775919004577476,0.009247636257154964,0.006493819623411208,0.005449037555364617,0.005487292345415778,0.004192081511562055,0.004298926374647293,0.0037957314661449695,0.004335044296646089,0.0023720184348259253,0.003053183017539561,0.003077194919248749,0.0033022555473709025
-0.5909849110870581,0.04613152308686509,-0.15395445686516088,-0.15173641596556736,-0.05842073449918852,0.0454973864447139,-0.07064070190580511,-0.07074350706901344,-0.02011057794366518,-0.0023331218092459117,-0.03696849411351683,-0.011831409911681056,-0.02126992741961124,-0.02045869095771958,-0.056354110633808435,-0.02206348744461028,-0.0023516154867894525,-0.006505231958756095,0.0027689988321470647,-0.012500684063367523,0.7467627672166057,0.12094424046897731,0.059413888502027536,0.053260188750534364,0.012106655889971186,0.008248988039991767,0.011550066033684792,0.015093557539350218,0.005615260360241869,0.006328887261111541,0.011884659552469036,0.0035243293915357293,0.00940746300027649,0.006180517953133609,0.010001118694304454,0.005368079498660796,0.0039857836286988834,0.0030428121176840676,0.0029558760945589306,0.0019710857767381447
0.597974684478276,-0.39757608273079054,0.09123751904369316,0.03317782436210272,-0.07743608100533589,-0.01795941109159879,-0.0193497602282438,-0.0811862066240175,0.09390296836246466,0.010282166231957744,-0.09391658212591131,0.06522886797015104,-0.09121020858534382,0.000958367065435731,0.008797795936044647,-0.03338141949474573,-0.0006865346178693742,0.015819364550548592,-0.02359450341478353,-0.016485674500082058,0.5852306946242904,0.2631397353804112,0.11681246405643282,0.008053066437615884,0.019807137432530975,0.018841770067580508,0.01741262644085225,0.019596747052120778,0.02691648055235392,0.005780829349633394,0.02672358549527693,0.012977262650647789,0.019516151516927777,0.006891374773118322,0.00457362772570845,0.005068497804334321,0.0036600064377618233,0.0034025061112077245,0.004841243317204631,0.0037813455093605778
-0.24818109860286783,0.21382739648153673,-0.568534165473639,0.06144117410917665,-0.1504404503149168,-0.08249027671067775,0.019146254171783998,-0.02468675198409934,-0.06328275597305999,0.02330528203985769,-0.03549447160953607,-0.037234252790344154,-0.042877678262610866,-0.00813317025454399,-0.028509035004400336,-0.051916799037011206,0.010266922411213814,0.02990377716634543,0.01695858470635649,0.013651790942901462,0.3265068361164376,0.21559884418804398,0.5774567628683535,0.09349435827722957,0.10635221078554773,0.06597140710477581,0.045902366184488515,0.04257407378215462,0.03830057337377779,0.03515756577887783,0.029220449382512986,0.024000554754731975,0.021264486840133708,0.015640578865577903,0.016146707825306018,0.019653528038305654,0.016415247878748856,0.013905740312228155,0.014765132599811253,0.012540493355234111
-0.214061998763303,-0.19154626670803626,-0.12755122182042083,-0.013666235164907847,-0.01100714794830651,-0.05308132915266411,0.015417982055608324,-0.07242933386378446,-0.047747651776083984,-0.006013486614669181,-0.023784685294441686,0.022305185355072386,-0.02856450767058837,0.01754885951222073,0.022675237253361583,0.007529338334378116,0.008329818183776866,-0.0016546365609986288,0.011045732031905606,-0.011134132981087008,0.7899531716861861,0.3593578348459483,0.2536664176768098,0.10616002205469785,0.11420125926878155,0.07726010058971731,0.047237652370970065,0.11836329475539142,0.09068326848709046,0.037079406176919474,0.05119739224832012,0.04182939768720429,0.0427055503061206,0.027627803916958037,0.05529511091986215,0.03236222174492072,0.03506465487173257,0.021583282665706166,0.021219634459233958,0.019418013828993035
-0.05457601190361878,-0.014257488175054765,-0.33928319662917017,-0.050179292415442854,-0.11881003551321793,-0.022459428263686784,0.0055887176587963786,-0.024155643839169107,-0.04799048434165256,-0.056420337878932074,0.052526989873182314,0.0339737014444338,-0.008732035306603391,0.0145740201797127,-0.00647300407423591,0.0032355759984664684,0.021891233329276578,0.0008999703496384818,-0.021692299624825464,-0.0250726302962414,0.5960834944637048,0.39213397338054096,0.46249859634009705,0.22953922132280927,0.2055407910816464,0.10827721621703097,0.0262003657062077,0.07519243689808514,0.04028674842564241,0.04498422136477051,0.0643949391907315,0.039678263808559225,0.05102331449127568,0.034309603089530176,0.033785271159199465,0.024500807940182293,0.016869704712667268,0.029690795509655133,0.018199670513179604,0.015995259864148747
0.23441730482919315,-0.08659637203062549,-0.12427469201555277,-0.007957830923306273,-0.10193940158450111,-0.06376538255116734,-0.02075960222602606,-0.10804414432260308,-0.030052262332078406,-0.021643155869703026,0.014835760189755362,0.005992455730122517,-0.014898157944104463,-0.027313252641169943,-0.004496235548187009,-0.010734270838123523,-0.0005357572096988616,0.008196680531501825,0.004423472114886235,-0.009528236047126082,0.7159089678447232,0.5202914293604518,0.2095339421999135,0.11531906328362297,0.13503709396290595,0.13451278184618368,0.04534169770815157,0.06882911132525706,0.054287075953479265,0.03562298599179316,0.030735649667336457,0.028498346850776547,0.016827885596356854,0.028663014868047915,0.02140047790680568,0.023875850523151887,0.016256703218811955,0.018669324099958737,0.014065833886743434,0.010045816004142023
-0.18244233482280015,-0.052943970925788404,0.05232914833352451,-0.028658911835944555,0.012318382789097521,-0.043107957947999695,-0.027085321335994585,-0.03321842344313103,-0.0012730952573288608,0.019743699443761645,0.042757576457387564,0.027090320795517323,-0.0010609619051466955,-0.0022654165405480366,-0.012412800608466987,-0.018311216279896275,0.009778027428947181,0.007103840734513439,-0.0010953868804781139,0.011242291791990058,0.8253962784726845,0.2608102109673676,0.21442773455319228,0.1941269775614132,0.136025164782051,0.14790661268466038,0.1309330018883273,0.11059507783020422,0.08853631507305952,0.0882056052965738,0.09088554700909435,0.07071649240698047,0.07699786657106666,0.06266474158480444,0.05754710910878375,0.04548540060280007,0.04592442016546274,0.03955228365005274,0.03261248248720495,0.03477934169475785
-0.0599363280100237,-0.16950275343819693,-0.07542607894733248,0.007384883473836855,-0.008354722653648675,-0.02573355051503859,-0.0020983015405820855,-0.0031132419134164637,-0.02426710196779643,0.0368678684810543,-0.022546718335284606,-0.006177463846887021,-0.0008126127285247945,0.020840203348124992,0.0010076760139746464,0.007241969540075171,-0.017459210906514616,-0.008265405727259973,-0.013368524496692943,-0.024502402671996402,0.7812252063220111,0.5444006823160367,0.13718940642469388,0.10939599040997766,0.06766931781426035,0.06285680525083252,0.068963776987378,0.030523726741552897,0.026039930234929298,0.02044226371512826,0.0386873688086499,0.01974084378043859,0.0240941009571397,0.021128866194475803,0.01626560324995056,0.01713140068236312,0.01273526302609822,0.014864964740755436,0.01349906226074139,0.015082404022777975
-0.21429180807414014,-0.03624255778901235,-0.009901647491479168,-0.032777939981470994,-0.007376552330485193,-0.00918395477656843,0.007081924930132774,-0.008627396084021782,0.006881780983578682,-0.01367697637923465,0.01825628851676219,-0.0028365529163884716,0.005170532576707864,-0.004227304142549167,-0.024210222486014777,-0.005178250274064374,0.012595294450371764,0.0073258770153657995,0.002803853639385462,-0.0040012037095757845,0.9570978899085251,0.1295166949807706,0.08812591810404122,0.058750519344022215,0.035509438339846926,0.03135406294140567,0.03305220511528359,0.015933516533057447,0.021464365318225896,0.017518121957617216,0.016582512310477693,0.014697257180889128,0.00844590380401299,0.008894741616410738,0.01614661352598172,0.009372382396480599,0.00990825321054422,0.015520361770423229,0.007689978859314026,0.009239567936975059
