-0.12933584288642416,0.4085966503198875,0.19089526251856442,-0.5959025345381613,0.025376290296483726,-0.17543469470669662,-0.060753387799729476,0.016537922456540816,0.04899056461651043,-0.026833402607872252,-0.007444412394128103,-0.10213851591655752,-0.014387081052182508,-0.06571465803254954,0.0023910883646407763,0.041339585100403045,-0.030268227238294008,0.014419701097103844,-0.008456696674441348,-0.004591610184344542,0.0671114602637212,0.30277303167794756,0.06922280818200395,0.5074359048276875,0.033572487584171626,0.07203523034006365,0.02142367789551053,0.023585387991967664,0.014855470121446461,0.01243573772601762,0.010482350999974388,0.0325659566121728,0.008598754808498739,0.016666622747696796,0.006799204747863997,0.014119214609811958,0.009540769743894353,0.009099646067268055,0.013046047483299728,0.007271916397483965
-0.35828555676252083,0.10827880426382057,-0.5976924482879361,-0.11147761110695362,-0.21423779215545904,0.01585368109933601,-0.10145855104019856,-0.13735071646899122,0.2187004203286514,-0.022392642000132718,-0.1122666827744216,-0.010743010504973567,-0.13833539700479264,0.040603589277232434,-0.009128922693820875,-0.08628878892986093,-0.010785699924963997,-0.11988820109751784,-0.06731607732445499,-0.022461671841902387,0.23855128244343848,0.07834033048386832,0.4695453268945486,0.04271977160713209,0.07804335050005064,0.02360344328169473,0.024971527263503244,0.04696727648291611,0.07784833262377802,0.018040051973609764,0.030297448452937806,0.013379293826545808,0.03722274864873907,0.016354285303353058,0.011725537199987309,0.021475547337178547,0.011895340587692654,0.02932009313641793,0.02049556007611535,0.00837851102432889
-0.634335706736883,0.04692888953358367,0.03885901817709745,0.01847429557101952,-0.06686696597081652,-0.07550910622475535,-0.035010648302934336,0.016209477448522976,-0.006603425363539544,-0.021739713223106145,-0.013607440429319814,0.009065247335306835,-0.011330733186524382,0.00045103430727614616,-0.02612800944872987,-0.016925200781861348,-0.020337355338967123,-0.021407854628034823,-0.008618867175401416,-0.01696000937019335,0.7403545266564026,0.07440081190765867,0.0357840725692108,0.03987027611443115,0.07362978821309098,0.07452567682459152,0.04640050102030577,0.055427334568200856,0.02582026779621317,0.03064304410940423,0.013894717307483392,0.029355766061186585,0.025853617197779875,0.015909422985785446,0.017560811713802214,0.016947266958848323,0.014826904998212345,0.022621495054153024,0.01729000955330722,0.029136706595860578
-0.6526112840631896,-0.019844092309992928,0.08475749059060735,-0.01897972226772128,-0.09199582940585328,-0.024893225308511062,-0.01482180123999521,-0.012827603143177673,0.005552243836254687,-0.0035698293415348044,-0.00028130401442647495,-0.008822780325954946,-0.0005618682325911731,0.003563734195624732,0.010786011014728812,0.008445321819157837,0.006031781098577484,-0.011091644348092358,-0.001120801869069053,-0.014887709990755255,0.7401952387979098,0.02422474971688487,0.04189028555766276,0.028548105412375683,0.049930251821868485,0.02411485183110986,0.009467170095678169,0.012066743158764324,0.01018448442920056,0.02082195471416336,0.00800718421705202,0.009494346519311565,0.002246023133611124,0.010482571441953525,0.021738929511504954,0.006612897596367771,0.0063918949281266055,0.01061952083174672,0.008121003565501488,0.009554074523866023
-0.6056957312434695,-0.3453501163109183,-0.2997313587561054,-0.16268151398726458,0.029161502360375183,-0.0954701045524564,-0.02102430136828675,-0.003901782734088969,-0.012926346395791929,-0.04850314918482706,0.061934028236466085,-0.13990629977107613,0.007462566401376688,-0.04795425907049565,0.020239756511203567,-0.04805386094024256,0.0020446270265692067,0.01022775799071819,0.011725657298165553,-0.00512573874111831,0.523836873826099,0.18197886275292227,0.17079197719808514,0.08128202185046318,0.02563344349102633,0.03487881226817786,0.018893315151808608,0.019143284118571073,0.015820202931565164,0.0331106730302356,0.036652447794948355,0.07402341401554245,0.008827982651351915,0.015153181662883168,0.010624402991309817,0.02760792511729428,0.013671803598758865,0.010082481285773983,0.016040835323804955,0.008406856706782683
-0.677147768674054,0.15440231137519003,-0.19251640177231927,0.19435483123520805,-0.16032947490276833,0.012383449272139706,0.05352142603451016,-0.09632638704211131,-0.03324558412968221,0.0032105794076268857,0.024135592306629025,0.014615369130137225,-0.015140229686823417,0.00913463217443264,-0.03203690930339382,0.01999302513606928,0.015943197687985484,0.003515965273908584,-0.01804903611676589,0.017831996804715308,0.5877084463345007,0.08882093908082132,0.0924916463568372,0.07696300715357568,0.14892813448732153,0.023950380735327705,0.020008043505571952,0.04759664172907683,0.04616588265320007,0.01554096999454286,0.025215373622127592,0.014474142495670294,0.013250650977583317,0.03846997248147215,0.018355386483592452,0.023011655872257272,0.011739192647584341,0.015689188056273246,0.011420584382260082,0.028100618074746706
-0.43709351492989057,-0.31018375698008155,0.006799096638359353,-0.40986913226554567,0.03207874951408248,-0.1331450799759382,0.23860446816610423,-0.08879392695444627,0.09028326352166419,3.1760519163684415e-05,0.027885143106940728,-0.011555015674955227,-0.06418136147687684,-0.05096560223187359,-0.02476209588639868,-0.03597812937729649,0.061227695711855074,-0.016772673649502984,0.010514981513602343,-0.028850788875385707,0.28936477830762397,0.2617225039368136,0.04752078763895163,0.4906149618864682,0.05272224598606598,0.08968559452065776,0.1428581133981926,0.05761270169200205,0.03774189546457041,0.035765313998997905,0.0191009470922393,0.007802426861405419,0.03009641012763807,0.027514432493274014,0.03177131725696744,0.026107109982962153,0.036167315463359544,0.026817082907070928,0.006114679960107353,0.013159257813296061
-0.5070217854845682,-0.5046795934832498,0.2571872966386599,0.0751782746842954,0.003462825687537092,-0.11681672626234406,0.058056055730109545,-0.20878566295942613,-0.10136047804873227,-0.12108766357231038,0.07605326253110167,-0.03298577967123943,-0.0224442377139241,-0.009810036297192836,-0.01998222998764461,0.029019966160628727,0.023313467368359573,-0.04299423418306251,0.03223045653204534,-0.01369636572154116,0.3650236270372954,0.3724903830901042,0.11153828649644847,0.056949522216122,0.041101286468812746,0.06740631775551732,0.040400067128851094,0.10392012243095727,0.035123526850750916,0.04611693719840754,0.03057834033851377,0.03291502114693662,0.023206930621587133,0.02544252118119463,0.0204545577263387,0.01913273263607687,0.00826711928051898,0.06040787860762785,0.021077986636182856,0.026292064767291054
-0.34954744237906576,0.04026063027283528,-0.10699822579709116,-0.148708725165802,0.06741588283922656,-0.013381912627054586,0.017997710897440546,0.045192216260602824,-0.057797106535937684,-0.04241546985759445,-0.027148503171609873,0.024101580232516323,-0.021035291007380878,0.005338430769407759,0.007578801071625153,0.013211362717277094,0.0010324360221506182,0.041877850005023344,-0.006590053115719226,0.01438181142145886,0.6814968843227825,0.3875203049808989,0.2633043246744009,0.2167586411969401,0.12989195315849839,0.15365322699935022,0.10788584618065686,0.12478832030443704,0.05362356859562386,0.06515137192564537,0.07508868071317798,0.03165240710210818,0.05462026416207252,0.04576681243886231,0.03311850447031354,0.03220323160819507,0.03398378766218364,0.05946334169470168,0.03399716523472889,0.03069160053924955
-0.45022513747235066,0.0397929226056858,0.042576721058415645,-0.23031456908461748,-0.1497401421086959,0.038357374776343676,-0.11980293673214897,-0.11521979643932757,-0.023436885943525144,-0.04571803287102966,-0.029753420374973194,-0.08832550119809307,0.007789171304740969,-0.01753412636639393,-0.032391519218479985,-0.009468768711133101,-0.024541048122798653,0.006313777973697956,-0.012726646428431675,0.0032266880950828428,0.6178792023095482,0.19593437155205407,0.11626207703016306,0.25751053983402566,0.32014948010181377,0.09420293772800116,0.19420872129963662,0.09679020260646394,0.06694895427473409,0.03967873833225395,0.049038057472305864,0.071427233642908,0.021578058732181743,0.01572794740256169,0.017359661917190267,0.031130271371744348,0.03079939054390108,0.015072224341027302,0.021847386367244214,0.006204871915696024
-0.0909849127897831,-0.20672975284970505,-0.18482841592613117,-0.106157768031517,-0.04431835879143988,-0.09090386279839978,0.023373519081626427,-0.04607492150139595,0.1534698983183678,0.06099504973060317,-0.18699053315666891,-0.10118808448342301,-0.0427923480531124,0.10563766264241299,-0.07494621222458345,-0.10119958419121482,-0.04928027854290128,-0.010226280954419185,-0.0010765005846788641,0.037236842803543654,0.44271210900000607,0.38566511392748654,0.29544033027020355,0.26144547719175243,0.17195300492246085,0.18674493465170036,0.12436484163293521,0.10117398837752054,0.204793623186236,0.14694993461288766,0.21606935868873345,0.09849333520837979,0.14287318656430328,0.10581679685865801,0.07756845134989604,0.10888439432206717,0.06792527736718448,0.0918112834625139,0.05038227529204063,0.09954277877941346
-0.2937643523471029,-0.15705275639195188,-0.05027379689114546,-0.09999365340964671,0.02497961702337318,-0.0005971947863163323,-0.03603536546451124,0.1539225285336942,-0.042112152451723,-0.0763992700027531,0.0512308544340776,0.056383243877429136,-0.03628993707080368,0.062234963799780336,0.10549076441270085,0.10294154962766434,-0.024761388693340505,0.07422268245283169,-0.043462494556792367,0.021438529918014725,0.5292827333672309,0.28403316721196886,0.28785323794276274,0.2670099958571884,0.24996533485042596,0.16043215472478967,0.13039867309418104,0.21391306561369883,0.10999315119916746,0.10365827779926494,0.14010589761942424,0.17496434288831644,0.10142547618334934,0.07957037515455817,0.11045311369851406,0.1291065768481749,0.0525562574567038,0.07210890355164891,0.06769643275598483,0.07089175248346576
-0.5243116427082616,-0.15926245046080695,-0.03275929311426874,0.02966152005947057,0.05675198700783355,-0.08983052186945316,-0.2355682691625072,-0.0785066113411154,-0.07013941088272932,-0.06668704255290045,0.08646571373026515,-0.06719672005914393,-0.04030946821526941,-0.02719931514451241,0.052456618777301345,-0.039558558414288125,-0.034407963252363505,0.019102848169229206,0.023585204121650428,0.016221462193201454,0.5318578461990242,0.24808600869715242,0.25987597976780624,0.22233407156180043,0.10536914328874811,0.08996701455931677,0.22131983592678106,0.12870074304859913,0.11279950317666511,0.05092039288519297,0.07183437997786472,0.1097026943467579,0.058962815534937145,0.04824526154766026,0.06524401029522775,0.051907510405968804,0.019352852584490342,0.03843944062753486,0.017482917660025167,0.02950937486811651
-0.6828083228534703,-0.07829091764021498,-0.13698435531160977,-0.09301797461445552,0.01606862498323511,0.015621248312459628,-0.05977731079824319,0.013191277314926236,0.09927208910323602,-0.01572098888120543,0.0002750197215517676,0.00048698587281277166,-0.003710182749713784,0.002981215397153375,-0.015183361220505558,-0.03964003112162598,-0.024730421896670393,-0.0005175580697460064,0.018503036922761774,0.002469802583647123,0.6828021765912843,0.04887849679941776,0.0541438878602882,0.05927297996228081,0.015260650498943555,0.01777707094971517,0.025771304409947644,0.0154490763053369,0.042180773209566196,0.01968208375887261,0.017266328090286207,0.01768821594769497,0.02212978900330277,0.019258567016788054,0.014173999896411462,0.026801266770207405,0.027452879405046333,0.023121576907981896,0.018868170783700962,0.019576403300492092
-0.6143250507790536,-0.4102791949127061,-0.04956127855953487,-0.16601951709666316,0.0896257139710489,0.05230704840473158,0.09787787444115975,-0.052972275229104006,0.001357633009228818,0.08207917689915398,0.0172536695401779,-0.006900333991759008,-0.04094605739019469,0.02590295515095211,0.03495604357771013,-0.01724203778848409,-0.04438440748087489,-0.009367741139553696,0.01103493192570449,-0.008205558597279798,0.5380578145326622,0.27006165984913844,0.050495803841603286,0.06578292499158436,0.03197042041561231,0.04338267316442308,0.032060204009226885,0.036899971056466606,0.017528561961643926,0.07183240759682841,0.019916669564001673,0.018538968081036354,0.03214720608509663,0.04802199482348567,0.02558145674119339,0.03191560591990594,0.034232626092288145,0.017582303516342185,0.016033097534699597,0.01832316902423966
-0.6362925487884827,0.09971970645849673,-0.31620264815442695,0.02362428303520426,-0.13419238006354298,-0.17950897890174886,-0.04728817454025221,-0.10182562095456833,-0.019945903235745407,-0.06437397053367307,-0.017951026472465874,0.021920665983146383,0.02913818860082954,0.0007963847472624723,0.00262075840397854,-0.008700414820778189,-0.005988232971771956,0.008484891580763326,-0.0018925667830358751,0.0029643868622555598,0.573724101363352,0.06411727354750926,0.2510676637848003,0.022673493774271067,0.05657353727709338,0.08328856918135354,0.03219718542829803,0.05020606090486314,0.035370626020311366,0.03261366603272977,0.020974598369375,0.016998855051670397,0.021261078521493466,0.008957905574178474,0.010332973085762214,0.016026078459848027,0.015224329165298764,0.007715806274463028,0.023200937026103652,0.011375512658869847
-0.23417182633604383,-0.5525554375795831,-0.04129083624669443,0.10921619209387856,-0.09286640683417458,0.07413887133285631,-0.4635297558976966,-0.05275997590190387,-0.06352536198185518,0.09335184264336702,-0.130478672490829,0.0724985118294499,0.08214100763962275,-0.15213253356994152,0.004513845642483426,-0.05958020801927829,-0.065598209868198,-0.0030667334468877415,-0.012170171062528906,-0.021795239431718304,0.14770727955724106,0.4047496014681396,0.06687771760023735,0.08744064766421336,0.0883510832652098,0.07238318989727234,0.3165246303403615,0.02437369499773812,0.029961154679928832,0.028589719859131092,0.04916712380446038,0.024937971815250842,0.02321524376442299,0.052905235628647476,0.016994507637097023,0.018628235222084167,0.020094452529564374,0.012814973371885923,0.008327726674310705,0.008360519881133935
-0.5411827784749198,-0.0026745044636928444,-0.05883403481914681,-0.016707298064027484,-0.007293510516592601,0.01247132446673987,-0.03293505755544385,-0.01148991612887382,-0.019719368513609937,-0.009484667211918296,-0.00023309566420217433,-6.264137215585004e-06,-0.0029390344779565256,-0.018644186633120265,-0.008239827284504368,0.0107165738603913,0.007584865779494059,-0.006649516711870564,0.0016286838252525385,-0.008434289537096152,0.8128263556624278,0.10095862604123185,0.12942929358682145,0.0703963613462328,0.035434334867223694,0.02352293590677592,0.04234805218391592,0.022871694190796602,0.018010965403215083,0.02136654636533703,0.023848956414730213,0.01635525751580006,0.018912104455998755,0.02444389422392513,0.01648677156887574,0.015211150984590818,0.014481844617659107,0.015166128767112598,0.01649844817315916,0.015963003796074616
-0.5194095149754686,-0.08521714443827326,0.05147439132572707,-0.17910750910159004,-0.11993548144075576,-0.03438337488351904,-0.06028053902170223,-0.029763581520957465,0.042602644315040426,0.003205706655744651,0.006860855697409026,-0.019433682161036355,0.003739796333039421,0.01581946330016013,-0.012897950997137168,-0.021442572194866408,-0.019158906432270854,-0.011103212209303086,0.003960635677889714,0.00561383297409688,0.7423393809313982,0.15558532046557944,0.11912490490538488,0.22053666425292434,0.11016640171552179,0.059895714182289936,0.0406675335501481,0.06165146180416158,0.045030218792818585,0.031739330865661455,0.015934489489684137,0.021599562443210502,0.01934810896951049,0.01639330811452995,0.013329236203391189,0.014141210576966611,0.013246692701745676,0.006796533162097016,0.007371643701001874,0.011203087714711384
-0.4690252712339685,0.03495052028876235,-0.03698356330786348,-0.03701029789526509,-0.04008481554275275,-0.012467665727015364,-0.014785120438028257,-0.005378171394540465,0.011249198976726786,0.001953678896902244,-0.0017242412356809852,-0.0018878900083150359,0.0006471344305545508,0.00168960413760797,-0.011991177218525275,0.001812137751865086,0.011401188706556027,-0.007290238154720176,0.00146683547695159,0.002396036585941591,0.8717940784781485,0.06904229368701055,0.04953135399204072,0.027091042271545757,0.04977102546768708,0.020616635813683934,0.02808096877294365,0.017531449403428923,0.007377479362202107,0.009596190544224526,0.0080225004262654,0.010211466018108474,0.016953100985284412,0.01889549188593957,0.01707460089766651,0.010910850974177575,0.010244473914577034,0.008354572268853928,0.004346471869971196,0.005218047765287408
-0.16088231576549766,-0.0062450815315211764,-0.38341094244402096,0.12657113127708688,-0.14568897601494588,0.046044736252642174,-0.015718712261641524,-0.07087630154965746,0.03371463263844699,-0.041004361910362164,0.01233118787467342,-0.15907717231231536,-0.04228099312011688,0.05202509738572077,0.055285196365078025,0.04016598775875557,-0.00906716271845709,0.02972838667554281,0.014892018212888193,-0.007685756836991699,0.1863587892977491,0.5460116226003843,0.4433050881517999,0.19882667612767568,0.254871667361634,0.1763382492007845,0.10006280851635695,0.0587494827281564,0.06458913791733557,0.05191599036711817,0.08335807515199167,0.13993806513065488,0.1115597153645238,0.08190974562193945,0.0498530300234537,0.03847198795800976,0.042785517548961184,0.06727294026929309,0.03223165515285281,0.03753793416107858
-0.3170514933600752,-0.39382719946782924,0.08361884356786921,-0.14420537205528194,-0.14006048155181144,-0.038266083837545664,0.013852039654005803,0.17075909676786866,0.017258072365812206,-0.15385323435687098,0.01424927075275853,0.04071819491369441,-0.10494909142647678,-0.11490654763492603,-0.028475957005303136,0.013540317166613584,-0.005951242473040814,-0.08714304419215196,-0.06397343339776763,-0.08206137526882774,0.425346327542725,0.3864102555051067,0.2705867753268349,0.29058005329405406,0.17516804785169252,0.09440072493694171,0.09152437534983826,0.11933766604412774,0.06586180294370307,0.09273893126959261,0.05301120995029472,0.05517536773871492,0.10402772184919855,0.05649735125875361,0.05913107701281006,0.03478831836366811,0.02633634403802075,0.0491308529655249,0.05801146672459257,0.050752406835588036
-0.23199292942907376,-0.3724833085558166,-0.25703101655603905,-0.1137345164066693,-0.19210629206026164,0.13908771393928096,0.04220711661486755,0.12109567455327658,-0.030186987863634177,0.05453531980472104,-0.018465495987709166,-0.07519594915291564,0.04198405131562984,-0.037800717432313266,0.01141579433664776,-0.014014211757158944,0.005799497215781417,-0.01895533179906886,-0.0483091860664005,0.018399228129386797,0.07935712216932495,0.24155253919802347,0.5271607035390111,0.30012915167358506,0.25056636936258264,0.263326254695309,0.170284304007942,0.12743232933870982,0.08715906116179481,0.07663611274473062,0.05745815027622052,0.05912394324226446,0.03940621789673899,0.04823119409074567,0.021246749660978854,0.0316723965396035,0.01831688727049116,0.0166157606605536,0.05269338865290506,0.017466883628427
-0.28349040050634267,-0.40189274588072216,-0.28078720145938224,0.026739512532446566,-0.14340493296328125,-0.08355233436965759,0.03146933801117352,0.035536981399998245,-0.023658099187088708,-0.030041375200493752,0.014555979102358608,0.003658550172731898,-0.019689552608816552,-0.006486332752114786,0.0039050078345982723,-0.012691523831494429,-0.008077508999749274,-0.0005993478791442043,0.007182978515764209,-0.01081761613751566,0.0972418138067887,0.678322958474263,0.24525712312539819,0.13881617612236435,0.15447047940066697,0.08411686903704935,0.06052668440855483,0.12347063429690895,0.12310140473874803,0.12364689907778785,0.07010489252982093,0.03911436769113635,0.031452571640101026,0.03667213609034522,0.06263177013331465,0.03338536430321502,0.014010467506439313,0.01979387953598465,0.025422710009828417,0.043529573527778066
-0.009494070571715883,-0.038323541057871724,-0.017635636229470068,-0.35342004402735594,-0.13003060494512483,-0.024573744739664824,0.0026688276372163946,-0.14552694111813277,0.09358895665305834,0.009522473474420805,-0.062085188127250605,-0.030793539613025216,-0.0032022982508666193,-0.021379066420972877,-0.0005887814378977841,-0.029154560843258008,0.011931135826141833,-0.0014158196320045793,0.012401608170921785,-0.01473332113065305,0.4215052037436825,0.4775659333630952,0.2625178873763547,0.4646368237465626,0.17738798016316426,0.07968739853908526,0.11108116392417738,0.1560762333636079,0.1688484223675644,0.0627683882635662,0.06921234294345556,0.06321412792414348,0.052375352507165365,0.038896229829531885,0.035335709931387675,0.06475609722644392,0.03878300547665343,0.025638369757331376,0.021639025996751285,0.020592793423759533
-0.288643587514599,-0.26403174358062237,0.0630011700210007,-0.07613661091900502,-0.21781244377004771,0.15108700290411362,-0.03124476995875632,-0.16247814414842357,0.07979666781891252,0.0004282903498936581,-0.047337245047865566,-0.00260223673964457,-0.05066325021818946,-0.03528462350815643,-0.012807674787193794,0.015477091254361166,-0.014042594277958703,-0.006324414212158037,0.003159776001884173,0.0027908419768772797,0.6893369203438505,0.2743875214908351,0.16724111986150147,0.1155911258901181,0.24718555856277685,0.15164250651587993,0.09997954019004711,0.13760963647419297,0.07774250175075058,0.052922933031137064,0.06804900290206563,0.035272872343175686,0.03925892041064453,0.04593568716056951,0.03863117992353106,0.015896846145120394,0.017405271411641044,0.02468079766437209,0.0164319159615708,0.01855534605459849
-0.5726930287190337,-0.32790645111694533,-0.009697356098350967,0.13654262546011756,0.05582281637878407,0.005895541979337665,-0.18633473862849678,0.11262000230378147,0.1471681054173364,-0.005986761807413015,-0.002977340168079284,0.057011402536988026,0.029420558335940834,-0.037458408103089584,-0.15192379382562676,-0.02024403910432601,-0.010654330256544707,-0.025319705074549458,-0.028451924083652203,0.012473598554711992,0.47813908002713557,0.23215879185564686,0.07044364446892137,0.08894812072976706,0.057587468334863556,0.03933565207578439,0.23609631930266198,0.12793427648471417,0.1424812841669597,0.08192252350776114,0.02169762145321532,0.10275211254959324,0.039799807118049764,0.08233823674267983,0.1366655706648464,0.023239120477239326,0.023599200115079207,0.030543080868334394,0.03568648593900048,0.04503627988197818
-0.641848452411747,-0.18185311884396352,-0.0027821298225340504,-0.0016871498751162232,-0.06289782958195879,-0.018128378338211338,-0.0005138627356729848,-0.03797792759879571,-0.005745773652544462,-0.016009163883826002,0.011887231666048693,-0.027913295490388217,-0.008255195280973448,-0.0029678055014286985,-0.012093665022811454,0.009110225803349454,-0.007694756060994573,0.007112663997236779,0.0038701643486570188,-0.006416014400440017,0.7240555123013699,0.13464557283571565,0.03374901208579851,0.015154716809409259,0.026904949968119388,0.02026691243362657,0.017993815504343546,0.030306303531867897,0.016267985582791553,0.00539627990899981,0.007741399030114541,0.018312102725495667,0.017600264974556783,0.011674915606237093,0.005947686354396599,0.00737369552390029,0.005278773203606877,0.006334830304156393,0.007557024696208093,0.007670604345088103
-0.347643297010239,-0.5914425242165186,-0.2795511116032575,0.21470722523817512,-0.09649247109460371,-0.01713877604306201,0.1705952304222782,0.006982853411759952,-0.08945177483669224,-0.053984312210718775,0.04189842717537193,-0.007076567509838015,-0.04773942804110176,0.01906718254737854,-0.07130947083096918,-0.05995746557921903,0.007618790038103928,0.0032280384214097477,-0.005249303440077286,-0.009478830731735041,0.18041773138625927,0.5230481018253288,0.12238549609820544,0.09200230443545424,0.0458072181443384,0.0417325286021627,0.07111045028437916,0.020083850549878747,0.033717842587078654,0.015022886563428737,0.008239230665047965,0.013145374042008157,0.012396698760971952,0.011549007667361373,0.021333410678129945,0.027052352666530843,0.006258512296153963,0.0030471054672686045,0.004715024271083198,0.009247188101868448
-0.6310010742782749,-0.4263720457686146,-0.22963450781349992,-0.09690519588683542,-0.062037490807891456,0.04092511762037353,0.04061369315254153,-0.0687822211735651,0.04295054391310305,-0.032167500278115754,0.014185776874362543,-0.036354217119136646,-0.09504540679703827,-0.0025472378603377615,0.008006421589708082,-0.014665183531164248,-0.04202546455499962,-0.055266899222217905,-0.0582353271938562,0.006769842515957487,0.45068624839356164,0.2880940161668109,0.14688984738532312,0.04563728076669444,0.024644408287643485,0.013731617372829819,0.02959275787817216,0.03272126934895358,0.025202341552360407,0.04032712075265715,0.0243337581099902,0.05038253758874001,0.041098661020900686,0.014596132230352457,0.020961685008080978,0.014615644606667583,0.020768534328576515,0.03836097334697203,0.03278980584667739,0.024399991240010365
0.3116692526517616,-0.38956846823226465,0.4207693977383204,-0.16743938901862787,-0.055900915844048354,0.16877275969410288,-0.33371686687241303,-0.2251228967966278,0.07448223129039197,-0.16050458073377463,0.018031148511890274,0.056777824249546964,-0.12283155157948084,-0.14699527138706275,-0.0790052050126441,-0.04172959727252752,0.017285029469400248,-0.022156304993288224,0.013855271108582055,-0.019516224555100197,0.21818793385405386,0.17134491827305545,0.3245358068970161,0.11381885580296944,0.04593459000628466,0.1024828909724442,0.17405079849786184,0.09794756166548042,0.048675666732261307,0.09636197428566473,0.034122386798248805,0.02214293887486133,0.06177585485161195,0.05630911804206921,0.02937929041881214,0.026949739699488433,0.01961169535544755,0.02022485785432216,0.018099946904961802,0.026639596014292253
0.3456695647102116,-0.07542925906255314,-0.4845119413960152,-0.23674874866032267,-0.3992385984387503,-0.006045918317142805,-0.19416258332561023,-0.09824945119335195,-0.021265132966421327,0.00865779487326043,-0.20188233493282576,-0.06833066007452318,0.11636507685779313,-0.11747925808253497,-0.021334708530633566,-0.08039458833392762,0.02274155294894599,0.0011179866606589978,0.0013161487918221723,-0.05537763131044406,0.24260861990987526,0.09520380192408738,0.32977847237903474,0.11954910555393562,0.24697708637154503,0.07778415333664153,0.0931196010793551,0.04300873332374335,0.038561306383924784,0.05351098291613078,0.09475461245068896,0.02789201879749428,0.05303618440567303,0.04300097004028876,0.021499822597065225,0.06467907360408554,0.015072880378036264,0.018256471647746724,0.014683587140983218,0.026698999707794543
0.030161203367034817,-0.6032999869802362,-0.09763281928446267,0.16044257069849993,0.11975987253499736,-0.1814065197311709,0.04877038565022142,0.05808157981177593,0.003232170484820683,0.03317676482114686,-0.07271476902296863,0.0884534223611186,-0.03343002278557372,0.02484152643659477,-0.01592992055729441,-0.033113663050318105,-0.005470906816648535,-0.01239743277178205,-0.002070900320078478,-0.003515395255333906,0.045884493463736,0.6889574807598036,0.05642237279625956,0.10527305530515356,0.09646053645830095,0.1298113083874458,0.058417748501834225,0.04538108833281114,0.02950184464288417,0.0394117626598974,0.03256369968249621,0.042135983051040334,0.01943370008295869,0.016016932518657042,0.017245857984201165,0.017128526700117365,0.006767148427449581,0.009193491330289552,0.006031815313013785,0.004720098584473774
-0.42947476057769507,-0.5390044811980009,-0.08649764466896723,0.0806560103351161,-0.2063959765810059,-0.17200083661693857,0.029152427263849433,-0.002135625018309202,0.019820250364103394,0.0409479608484455,0.03423186751483287,0.008964509321227932,-0.0005300951452943282,-0.009572054827723765,0.009894344189700402,-0.005274596994387431,-0.010420177549467367,-0.007468080462911024,-0.0025798230153015883,-0.005004772178753077,0.15210173789836778,0.4737005088676936,0.11378594183637751,0.2310212921417599,0.20166704863644147,0.15276716391402329,0.1583384317420558,0.10845961980780104,0.06137947493219168,0.03841304190308586,0.04863350901241042,0.04523552774451289,0.04895285734211528,0.03619036747356656,0.03891217666023215,0.030075925248074203,0.027641234336917675,0.03405232207519854,0.03416974489311016,0.026594800025701932
-0.3608204011291184,-0.3889933776586626,-0.3883594766494978,-0.2523747771731146,0.06641294216816973,0.03348922747536782,0.05437443362744201,-0.10406052802213005,-0.08199938071254732,-0.05328065767594215,-0.039036711445445106,-0.006758406834770302,-0.021720433633175898,-0.031186690005139687,0.00910719199870836,0.025885201500740352,0.011385194512608984,0.002399764478994076,-0.00598659652902814,-0.006175501062276529,0.13032754945746997,0.4677081763851689,0.34926856508476906,0.2722078494351641,0.09328290911133931,0.07964212456438899,0.05678720416672866,0.06171440113768119,0.046498395351317647,0.06884584020727443,0.035968152731568954,0.06797528548630744,0.021851514943514973,0.03301268099755776,0.01549378120886819,0.02691010718459665,0.030830676450996377,0.024929500647943983,0.009834027736131247,0.014281926637161635
-0.640472447777909,0.19860303656217826,-0.04860213026477229,0.0419153348945442,0.05521053179938243,-0.03214942705678339,-0.06683393969508547,-0.007045289848267938,-0.03011175483603832,0.040067830856175386,-0.019822290607930036,-0.021049364990366776,-0.040522547520476855,0.02515224483063313,-0.03328681173179058,0.001679046057836635,0.0019295875566016057,-0.01197727409542339,0.011562761372185471,-4.897955704246601e-05,0.3406877107936409,0.5911000556813372,0.1525563529306338,0.12089667038182646,0.08801736329718396,0.07352362883398769,0.06655997714897201,0.038092135911867456,0.03143028952653372,0.028159416565767592,0.02690655831725069,0.028286965885418243,0.03288773585452503,0.035231365183180936,0.02377740258545356,0.02338324833747644,0.02034778549727718,0.022295797024904543,0.017065041818109347,0.016938448141669126
-0.311214429803914,-0.16813029468740642,-0.18119674473790848,-0.0482679509119875,0.05181342601876382,0.13941988909758443,-0.09448759189473384,-0.015652719998350103,0.0697177261114304,0.04563147666592546,-0.015000295906094014,0.02705363623499947,-0.03359591772096881,-0.01234446654391982,0.002691275254537368,-0.027788397002555518,-0.015596396310551793,-0.013893980435009843,0.048512084464151284,-0.018036809288119526,0.7974416803365498,0.20560451798077198,0.13211631476449642,0.12017210934077088,0.12487605236573608,0.15905927651098986,0.12295298866037625,0.059314401589394807,0.07348180577853834,0.059099783014583525,0.060503978932599,0.060552099931151085,0.036622089597701135,0.04152796174491106,0.04548898645749138,0.030353094604870023,0.028142073049984815,0.024493046599266387,0.035888813159126336,0.02787749470581327
-0.5180863034937415,0.02271408665446829,0.10833968881334018,-0.20222720429920246,-0.15648480874959703,0.04688608244226301,-0.014604835438429581,-0.08940464356045559,-0.019775990365926848,-0.021147076087609566,-0.02554514555435192,0.006495604522810417,-0.06221036744117528,0.04114443207889007,0.02527610056860765,0.04802896272508573,-0.07973760924303727,0.023840628720883317,-0.09375925325692266,0.06044532039651815,0.7180517730132041,0.127120902257583,0.1487758017453966,0.12600137629730926,0.13901081267733847,0.055160566464380466,0.045861036783244345,0.04718558723614331,0.0336296964598493,0.048912704807905244,0.030317661382145707,0.025231968425807196,0.04968312881836229,0.023386452501042522,0.028486804390316166,0.034470218052734716,0.05183307465159281,0.02923040890160249,0.04764061753564317,0.041981023803366165
-0.5310933730279874,-0.07312252719408427,-0.05666450416205284,-0.039937539348386945,-0.014818982224555854,-0.1937533206412421,-0.08611063273284171,0.03964130504185093,-0.02296385062294819,0.0485693745514157,-0.01779411119545661,-0.024654847010521487,-0.03454453147868726,-0.03526688107240656,0.000138774931882145,-0.008881608599423042,-0.026654808974064727,-0.007528792427963944,-0.015673874321140948,-0.03948984399935123,0.6982715265818801,0.08079103915558793,0.09015453595186934,0.1775250199945438,0.14425919509720403,0.20538807314502472,0.14830327229799847,0.10956195897633804,0.04092384307158556,0.08771106746463453,0.03920005882243015,0.06529493835391004,0.0443314339342273,0.02649240855174542,0.026101953786120412,0.02605519467344753,0.020050154810985963,0.012015890785019755,0.030624176994826644,0.026758136626240412
-0.626950656253321,0.009789194790713896,-0.014339557924175102,0.016274008352756605,-0.04078507669561942,0.010536414821322233,-0.002693097300834152,-0.005360609017965664,-0.004977113763536204,-0.010346515318311747,-0.0007098149204787979,0.0003189331451922987,8.312459502569767e-05,-0.0015758654638467831,0.0010672310263899387,1.5420989870294847e-05,0.000838435936632315,-0.0004993870642886203,0.0008143197343767384,-0.0007059520180664703,0.7732608571094982,0.0070925887269832075,0.007351490956643455,0.035723342913983894,0.06054176136748086,0.003955527555749721,0.002639666407384989,0.0282136215597417,0.006078813302573262,0.010942398056379603,0.00957223801238747,0.004148833010709404,0.008043233226343571,0.00668267315433817,0.008675965804559576,0.0070033279680566775,0.007281871596857776,0.006809624305172296,0.004220241703619216,0.002188227466425376
-0.5646480204640072,-0.04521792083107011,0.1292332258524226,-0.12216333097634176,-0.11057171331503984,-0.04062198342208892,0.07270040184372016,0.019877617020633943,0.032623898241465284,-0.06258937292769196,0.01853149096932069,0.029997143072214072,0.0247190150633804,0.00990646498968887,-0.009488316031521667,0.01605243253754123,-0.006307895031362224,-0.02674724751925148,0.01323989542263511,0.02770230293839727,0.4755324214613174,0.4293660512507018,0.2624903089839592,0.09129914127370083,0.18827165758654385,0.1889271044091986,0.14684285630359598,0.051289142697211014,0.060632598273141776,0.09619957746848498,0.05241406016093891,0.0658454462043231,0.04609632216427909,0.019601692183543885,0.014391449916146486,0.07388707129705094,0.052342968317389826,0.04320976783078285,0.035666917573548146,0.04292145877431806
-0.09295921367089312,-0.07710204173007722,-0.04172640974554466,-0.0020528038224931753,-0.03794129087874597,-0.00323587651425529,0.0016056826306219258,0.030859915548584672,-0.0333247063657403,-0.03308132578451429,-0.022443488909623093,-0.04539558213164508,0.035449188163735545,-0.04488400717147284,0.015530260641929772,-0.01420904652550534,0.02438794102996054,0.008479687310818025,0.021659831653029676,0.02317176404209806,0.8490206745302484,0.368406984451742,0.213042234316674,0.1314512638485744,0.1142146864946002,0.06460728300458918,0.09145915133556115,0.06880289696864507,0.07666920713801596,0.05037009880683321,0.04891541718984208,0.04598238374464212,0.039276587913412105,0.03940030929019819,0.042920876462385696,0.027304366326205313,0.024344074813807078,0.028135233242482155,0.02347208352432616,0.03198274234560712
-0.3884694077068829,0.0683859771255298,-0.04551346425184432,0.20805566987133617,-0.2534362759175616,0.0847581403099144,-0.36016161595639695,-0.0458774915315183,-0.16580339241447486,0.021999986662479765,0.07279196854709483,-0.11622974870965354,0.07783106156107872,-0.11059098188511557,-0.0958492887128474,-0.09015384487308649,-0.04768647996889932,-0.01454999774018638,-0.04717419123645853,-0.03758749451926382,0.4458788494298489,0.3126032443325292,0.1443129397696327,0.21240013312293196,0.1512104164789566,0.1630169936459642,0.2070762593931299,0.10000002324633743,0.08916419864883394,0.06485370277821295,0.05019784050767343,0.08612189265276561,0.06854860977181837,0.0571363956766625,0.052018825350355444,0.05717285615632159,0.033792198310196586,0.05347163241176607,0.02983719276011849,0.0400068771359467
-0.5130784418812627,-0.2636264250761926,0.0018801596323688725,-0.40895956729467003,0.0536545241951413,-0.14522915992990276,-0.17353541118982552,0.0071883373134148535,0.04018135811495552,0.037851589807963576,-0.03169124283194045,-0.15047586509953306,-0.0521416940286937,-0.017486916284472097,0.0636211919905316,0.03362185390146017,0.012177880687872098,0.03108761495737936,-0.018840117065568956,-0.04566479142323527,0.3353725291555686,0.2584788962383602,0.14015910984969718,0.3373729766889136,0.05618055747343421,0.10972577857109413,0.12542631490155687,0.04887470382792396,0.04158072542049602,0.14096466052985065,0.021381530951404555,0.1512463908101374,0.08733890358313899,0.02652187218813245,0.04858258050271794,0.032770547662450154,0.03602625054382004,0.0209554818871305,0.031056992601644063,0.04408958639801262
-0.4987572742492805,0.02991441538847695,-0.05806157071781413,-0.21886457403632298,-0.07414794651336343,-0.042671480781150094,-0.07191430949001999,-0.03814826457967783,-0.018825945958370036,0.05116406065445407,-0.08038452755177332,-0.010738549242632301,-0.03060046049108185,0.09042937295425221,-0.017865241643889185,-0.008234378788793847,0.01579133393703903,0.037872169697712774,0.001975425537222229,0.028010869586600023,0.653618604131967,0.18678861161673918,0.18322092711933177,0.22017522339449835,0.21501163188410877,0.08106288444618069,0.10838575047809121,0.093851072131013,0.058769338093952316,0.11948140065985569,0.10145825464159,0.08495546395002238,0.05465644534730296,0.0601974285943301,0.025869949623664873,0.028902159380018548,0.03070957454942991,0.02481923942737009,0.021734525210883933,0.02658207617129821
-0.7081790567083875,0.04427382228942752,0.00043392819512187936,-0.01276263474133491,-0.08195160701712141,-0.03410097449854376,0.01362675760545311,0.002007392907606825,0.00907875094999538,-0.006697476168466426,0.0035145066361332573,-0.010915392317182707,-0.0007432101279342497,-0.003906954860528236,0.0037887440317907126,-0.0020221718507222944,0.0005204334067912449,0.004088210681385885,8.797958571123732e-05,5.1052698782554666e-05,0.6826966426296512,0.027540001672015924,0.009368244536859112,0.007157792644740647,0.08554511691016525,0.06846383613774452,0.04161057755779386,0.04893904411710487,0.05314278714581666,0.024906521096279752,0.01602083986179952,0.0217711321364633,0.00747488689824973,0.011498898673077268,0.011922937643994573,0.010000124842420023,0.007118956555469223,0.008867519796766874,0.009288480032775014,0.007457245038043173
-0.37617445739673816,-0.02719157464573068,0.0212415245853262,0.26600682809776555,-0.15127026382374945,-0.14334541781396162,0.10186903897517746,-0.17155567501191935,-0.0795731148488727,0.050953340847826434,0.08968704245251491,-0.021853688604294742,0.0004109026739031953,0.013508696864218574,-0.008343078490000416,-0.011831046861205908,0.0069097634345174595,0.02802139178806303,0.014355201410087816,0.01857359862809338,0.4251854148880894,0.24674561531761177,0.19706317652756195,0.3797237089701721,0.22008766721091752,0.2527876693093782,0.15085761926766145,0.21299673778172423,0.13054029577636148,0.09274739498285235,0.13249058348468715,0.13091449836784072,0.043258367815278156,0.08211113904247334,0.024855657114237897,0.046366006283999645,0.026627083089362055,0.06362273638205417,0.04090682627023883,0.02784233817143269
-0.32048278585981216,0.047697020224119535,-0.15931566231121297,-0.008553683938812135,-0.22655698581937922,0.08499069611268381,-0.05701676817144984,0.0981633954851049,-0.07865233099666874,-0.0977324619464482,-0.03847495211155651,-0.052844923459938756,-0.013115711750737159,-0.0012125777918648216,-0.0017291486632186556,-0.004202444536958856,0.002724100890283368,0.031169933886536983,-0.022237134095883133,0.028591152715388046,0.7765317533481402,0.16781309834622166,0.17348191803506716,0.08789661810965367,0.17534191109329691,0.10764249487059047,0.10528540172483339,0.07326152545855447,0.0802348876233437,0.12170854057169289,0.042303550695580394,0.10203970372115108,0.06037473290788959,0.05523470791312441,0.026470325469770246,0.046670208497485946,0.023022907432173216,0.040868670175537046,0.04415990889910961,0.02609334135027114
-0.29691161190927357,-0.19790901563823676,0.07026481580944452,-0.04775017292270192,-0.16351608398625572,-0.15748111520521033,-0.13805470368025125,-0.1137440506772181,-0.07591916600000463,-0.1981730928323782,0.018294152576709067,-0.09612322311114047,-0.02707642304272671,-0.057116758348964874,-0.034633995845439594,0.023249424340378615,-0.08006344172256012,-0.007365280987273341,0.06299744266725038,-0.025497508617720037,0.3354408023930754,0.24716908160179413,0.21019727351830284,0.2443270073518939,0.20662371905274682,0.2719736204411298,0.18591437045123754,0.24901290175554203,0.2516956894519681,0.1668406699606223,0.13012771727394887,0.1610537017399869,0.0856853160323704,0.12041541145152364,0.13279298464238107,0.0943812076622048,0.11069399235387421,0.1130844118209796,0.08704448688961522,0.06861773241765498
-0.6100931901922072,-0.12830350439161325,-0.023212454438357552,0.04525305797429491,-0.04023732500547519,-0.13146361960194158,0.08918603898845999,-0.0016033601070240058,-0.09682224890184117,-0.025236775843265665,-0.020352657262532364,-0.05532086521969343,0.011488714263600973,-0.05351224882145432,0.04691647675243302,-0.02220664392694825,-0.042046457252256204,0.0011007830479602086,-0.033737480959148476,0.02653549171277188,0.6442768553484689,0.19964674597413623,0.15524233923433842,0.04495463215678885,0.025613523306760096,0.24571384766406593,0.05933945524030827,0.021559544402021364,0.05932467711291801,0.04027642219377053,0.04643710372243795,0.02557722366318604,0.01723198312628783,0.023790050163995286,0.025051140908858405,0.03228080642998365,0.03386961683825464,0.016261097948798802,0.020687821488781136,0.02603493057859834
-0.041824293663247414,0.057506077769045164,-0.3881795903597181,-0.311812635222611,-0.1290731042677019,-0.18510517251656974,0.019953037518652333,-0.04807503282518161,0.003937867615797308,-0.04047362589009774,-6.904342488516779e-06,0.014811797103505789,0.01200729787319641,0.04774741302965648,-0.017529304122953997,-0.002093336323917612,0.027625345915082183,-0.03245479755840447,0.020190594932787822,-0.023815455784760173,0.6253367992819858,0.3154209807715795,0.32671834898997093,0.22256712655353159,0.09739339450930408,0.11232003004591287,0.04985326560625036,0.07151471240553427,0.020544939373874048,0.03357341055323887,0.044663797880094766,0.021842844688691423,0.024364327754878134,0.047265380827416645,0.02532394857671291,0.012075867525988774,0.025605308217762766,0.019270418767717304,0.020676721580709233,0.01977848400412684
-0.44355754998838337,0.10668485355307894,-0.23626041800767866,0.026822049576299384,-0.22207006515986014,0.027908221248143607,-0.0015895769354403375,0.032977876714703834,-0.03314442749597143,0.05295817912126335,-0.014588942111666989,-0.03326830428071944,0.02795677532608159,0.0020128036448190762,0.02246937041695207,0.010307322873561897,-0.015087406238048395,-0.0048782740301648265,-0.008363755214741636,-0.0011889149996121614,0.7351111524618954,0.21113792392168973,0.19352283357637465,0.09316146462754092,0.17371536377063182,0.07714553369000673,0.03578840422039774,0.03769189060122573,0.022616806825773106,0.051136586538161284,0.018576230285687632,0.024482485495171312,0.021140977160369955,0.014072268529792879,0.04418700336322454,0.010206687569667703,0.011145728398718012,0.011504161921507,0.009255612634090173,0.012952450014880365
-0.2516747806612188,-0.4470059452083806,-0.1409607698511874,-0.3225560997006748,-0.06816493599222934,-0.0373885002589061,0.014447461354494902,-0.058736769333222534,-0.03130100796643444,-0.034077486108964175,0.07958689479113115,-0.07784626872365101,0.0010909031902350706,0.0027130456941828534,-0.05099779039762642,0.0004979349057058349,-0.012351805162222514,-0.01752302446512735,0.021074941218817388,0.01045361207741877,0.4482812858598413,0.42896481928418484,0.2173417533345369,0.364857852247926,0.06045894344610831,0.06699626125719399,0.03932843346065277,0.038924780384272495,0.03112864400956145,0.03431473151829884,0.047470646649260886,0.038961526959821635,0.016599885525214863,0.015531629082064922,0.031585785268174994,0.01779614198847203,0.011370417736900403,0.015834958126346988,0.017035936963650918,0.011028062324826796
-0.40552572695180866,-0.01389613531379822,-0.03570437348455956,-0.03428509404208202,0.009487696222939695,-0.062352266051681045,0.008354449248128271,0.0018513536722309066,-0.022533965028820352,0.004101476548540481,-0.02009810518555911,-0.0025114923281871855,0.011981639323398843,0.0022905947509508323,-0.022311291184174905,-0.008313955109800956,0.0016502291530580248,0.0002705528897526847,-0.004543699384857407,-0.002931360346736869,0.8741116571580978,0.17180369535478268,0.09089935117758462,0.0904422646613747,0.06736318781144235,0.050781612015163125,0.027098421599716517,0.05166740419322025,0.056894420931533116,0.01918807080117982,0.027080068690333744,0.022236195976855576,0.01995319221697996,0.00981098882842057,0.022978573954570026,0.019758130572104945,0.009411097478651443,0.013219089784780832,0.00916268172543944,0.005316833143898938
-0.19906603588824032,0.025388583795081316,0.008360849584473017,-0.0664477882910626,-0.006643057643776882,-0.06860442381663621,-0.008818263221277645,-0.03746123276750561,0.011829383038866405,-0.027771814504641498,0.01441387329331096,0.0022781228288694345,-0.02257063778975954,-0.026278979991863405,-0.0008057237208739736,-0.0013181942330073,-0.0002672965808132891,-0.010385633367130392,-0.00722869693138237,0.010847580458946312,0.9286353055940852,0.23663390077202157,0.061227195836639076,0.07038873348299972,0.06659514999498378,0.044973817264522827,0.055415058637102735,0.05258132954542671,0.03585366290912145,0.03182528935396997,0.022816787614664213,0.04048589168113603,0.02571028576592294,0.027337288099604132,0.014660605566963409,0.015002014166648795,0.011434586193181261,0.01271381581666502,0.0169774692076217,0.012807232002893468
-0.28102345515559846,-0.1711081347849549,-0.18221274748682745,0.03162272520340236,0.07385179884330649,-0.17569569016978293,-0.010066300702783363,-0.13803241328468635,-0.053210863105008346,0.0069646723076026385,-0.02569209992560087,0.005367671659439612,-0.0008081531252916008,0.0006191905541232191,-0.0008161179963879798,-0.004066957873276676,3.0391836220547472e-05,-0.0005534408082880271,0.0021291022227089918,-0.001803147531979098,0.3003104835415541,0.7229263288755793,0.11970928588533129,0.26302289231988424,0.19171467290889174,0.15540110268704144,0.10024874531654976,0.15446809232128123,0.05290876489815364,0.02817193141346259,0.021972057793345594,0.03792255369444296,0.015979489796802037,0.013064160680331944,0.015332367532904663,0.013284783501272499,0.015979548948894425,0.012589050122742156,0.012415563836152102,0.020493458778725576
-0.2419191842712343,-0.20893420718557115,0.14320895069464298,-0.018566927685675243,-0.00029005315990352664,-0.1092242828915924,0.008857737748858549,0.004704989137123651,-0.01811185194730091,-0.008078448978118402,-0.03520671920286315,0.010069414287531652,0.06114016093395185,-0.011727356045374799,-0.011684073286716811,-0.00685423420677678,0.011776530192363214,-0.005383670861771991,-0.031411577634830684,-0.023034555379031204,0.8330347656100998,0.2953015312083604,0.17697910070787262,0.06665681486239174,0.12251463092342378,0.09006710737077166,0.07474737215681238,0.04700371733025911,0.05175189731268014,0.026447397637496196,0.03598786443431716,0.024550832088989595,0.03801262369433205,0.020895614354460496,0.018548656427001483,0.01907136900598204,0.01663105378689893,0.02143485833119578,0.023942470455391787,0.021256073626678845
-0.5492558385846195,-0.36962555254784984,0.07819366009140423,-0.05254801975970811,0.088096226618489,-0.11647856686397637,-0.04463168044837985,0.017031295492804174,-0.007182891953728245,-0.052040007714393065,-0.034738815506777314,-0.06597599640528508,-0.0559340312002697,-0.0695459799700446,-0.1052977571299479,-0.022958457120646595,0.008870667105249991,-0.01409020647958227,-0.06697807386658075,-0.04006814287287914,0.31488353913280154,0.33530872277600726,0.31581059705826026,0.22510897186851345,0.09616810440780472,0.1797908542752655,0.16953139400242614,0.13874822751258978,0.1005051277175061,0.08344432614112286,0.04568628041975743,0.06536800738448045,0.05748085351562471,0.05555343961073748,0.08853383642800075,0.03392259723386954,0.02956187937178685,0.03378893229440992,0.041138435667193926,0.029503870938630123
-0.19741098080969913,-0.1508121005120067,-0.1165694532221281,-0.07770678840777308,-0.07656824224230013,-0.0206609607763964,0.012291364859928336,-0.0015213959109245064,0.0017425729138704823,-0.03423773871216569,-0.0044462176745071426,-0.008745490864923806,0.021837611894735456,-0.016516062159443987,0.004428244443881197,0.009030528127162677,-0.014455653926578034,-0.008856036349378493,0.0004239266732820442,0.0018835818746632523,0.7354973112061417,0.5593139693860034,0.16812757598498435,0.11538718270445447,0.05169252914084307,0.06009374166926225,0.04934933964619709,0.04638343784273632,0.013201751132962668,0.035602086140793014,0.01912877878664261,0.013567985090470107,0.021404901212409243,0.015443014145163456,0.015053602937602743,0.015007025515507685,0.016284507877530132,0.008333796233473698,0.005156438423261508,0.007762906289587684
-0.1791966757559323,-0.061174984487069865,-0.2790924623046293,-0.13755111403632095,-0.034443406187461494,-0.031557735519198694,-0.02892243313267524,-0.033045353045749265,0.029922837524480665,-0.017358775771555614,-0.03161283036849204,-0.01534690905851042,0.008623692924114182,0.013850714832826698,0.002549396328992868,-0.004963518688845956,-0.001913654913151629,0.008451041583820703,0.004535829424418863,-0.0058272525599448064,0.8250694334410399,0.16653151093924393,0.2901554741897082,0.17431547108543263,0.09599850370300998,0.08167441758050342,0.06164916573734704,0.05159203982704981,0.05268650797491502,0.0399074202771209,0.0507809919768014,0.031884053441891456,0.03608165631152606,0.030182681613172276,0.02333249580181622,0.030927438761440638,0.03643936197802636,0.030284569027890455,0.027669740857584484,0.01669189528361705
-0.09957771111703875,-0.4356987267559858,-0.47462211590267556,-0.07574462247378769,-0.30772791628472523,-0.037203180964977156,0.010682675552104344,-0.1531552908048848,-0.26073840747384186,-0.004754640986346439,-0.10926335161822827,-0.1209586611744507,0.001465063542657271,0.025205018295073604,0.02531385025149044,-0.02402936310279077,0.007892780352484497,0.01065831133569299,0.030477756852785913,0.009269118757113863,0.09786420091615074,0.25323980965080817,0.22326385626878775,0.07042252686357443,0.1999092069168194,0.055220578433008684,0.02505521479086943,0.23045607170732024,0.30455560140901083,0.09070981627759413,0.06287144436913544,0.09167056108778568,0.02337800779353097,0.0481432784725963,0.060993895873412765,0.037942222086115744,0.054852967903686316,0.03422908623067859,0.02231875185948131,0.025830466824960492
-0.2826255592786416,0.1183509844238991,0.04908030570052766,-0.04086939861062961,0.004139274601130443,-0.029385174477704164,0.026273723240931163,-0.037358958067778274,-0.12118158997400795,-0.020936780983941822,-0.01964271422447926,0.0014015499946077967,-0.034137176272830375,0.040036706696509584,0.04891382576211796,-0.02381781497580215,-0.04202597531830892,-0.014093139662198632,0.020431478797861887,0.018823355741240486,0.5083708945283764,0.2882449181515533,0.4173377235762626,0.2237233465175965,0.23384223279428754,0.18761467181097538,0.1970891190527481,0.1440652050965001,0.19185265448478522,0.14025482759748467,0.14771447841071939,0.10899088469135285,0.11231691468346176,0.1126671383863931,0.10495098257445848,0.0763883374295573,0.09532157282856644,0.0688062339334986,0.07202008467944102,0.0923100494127594
-0.30431854704941186,-0.0018846852228242969,-0.025109561442858707,-0.20160643978121517,-0.0714877578094025,0.044061521913603165,0.041248920263883604,-0.010905590467587486,-0.04080464463392678,0.037361955436501275,-0.0028410956930952484,0.012889845275128256,-0.03770710953659343,-0.02053692290223581,-0.005359961230115872,0.02947845037091172,-0.017687015959807338,-0.01588088364484424,0.01984937140174135,-0.003947088296338751,0.5239700264594105,0.3800682938033488,0.17955602116141856,0.30758528743337676,0.2684402562338807,0.17962875204371007,0.18961209542272636,0.18435056866753977,0.15478124315306302,0.14749095371310195,0.09131552377374685,0.1142635166950032,0.12734557856519813,0.09123465239283013,0.07611021403749887,0.09587959465453497,0.08548319716533107,0.08031864524355356,0.08126721227815054,0.05641715663846606
-0.21482348594482967,-0.12212400139225638,0.08112321675243354,0.10054095058468789,-0.1301082744796969,-0.11128081852990293,0.028600747097196906,0.00433918417137746,-0.011924763804576155,0.011058641371419717,-0.00900458367961954,-0.0020352674098899964,0.014125277925583633,-0.010138878110434141,0.00411080279760358,-0.0006493768783864792,0.006241395756733998,-0.0011396409162536462,0.007400015117683565,-0.010161775864623985,0.6848417930350494,0.3105421219869609,0.2650042379300004,0.2605068005605424,0.2575083495814281,0.21649742873242553,0.13658572658471144,0.08612374072747926,0.11993393400735422,0.07958781934207396,0.07934078736324596,0.05260951043083934,0.06404626088965161,0.05643828258613374,0.041741442142496296,0.04780117997991524,0.04637139391347385,0.039916845980866145,0.038012480678301167,0.046438225448690675
-0.2615260540482498,-0.10231320024322704,-0.05139729116810608,0.03487951222682381,0.003480130459239225,-0.03574393300161199,-0.021334297464520917,0.027127902799758418,0.0207516726342052,-0.03338999538983192,-0.048619633741202956,-0.032277847598097376,-0.06522861425235192,0.025426623612391095,0.030681507635023888,-0.043963880326223365,-0.01550353603415589,-0.006371827233027274,0.0032873515227342556,-0.029196767139353402,0.67025400970426,0.4303140196349146,0.30942256799799606,0.13747381622750263,0.24547725548787927,0.12102317502540309,0.11369968018296635,0.12300748318330725,0.10830839743132066,0.06586337464197105,0.0709044307425018,0.059322999569324325,0.0771191909433678,0.04662157303521831,0.04604544916905512,0.07837507558009325,0.040437277526554606,0.04535813891688695,0.043885036954919694,0.047879499850740186
0.08681880553035942,-0.3716623691924407,-0.047930268632864675,0.042942324187962136,0.01653830269140047,0.22076505293510074,-0.11990820945955474,-0.0817295864708564,-0.060809083285923764,-0.03788498012667768,-0.1883707667942937,-0.23359685128885563,0.07233120197700801,-0.12172413611772845,0.021196163498105044,0.036639733524556406,-0.10168181696074897,0.10321728545637095,0.06746204113809115,0.001816053878850349,0.5902779504533308,0.31497607363907076,0.22863882297621674,0.10673797253517868,0.09624090953905096,0.21172716883449505,0.11103263704997374,0.05719884205110003,0.09571360213627318,0.04646525310559839,0.09806332741982782,0.13191508934366794,0.04384545840020563,0.07794842026973436,0.026950696455664044,0.048406587917678365,0.04348998072751561,0.06025774673777395,0.035299246128538755,0.019395938619182335
-0.3519184447409432,0.0051826753406606935,-0.15455123538831725,0.06945669167411331,-0.004450552097416384,-0.04569424454166746,0.04929594736813731,-0.0604886809446453,0.10517644789430634,0.0783740964244337,0.02625591495978611,-0.03970031221517648,-0.0012399231596791126,0.05235480996752495,-0.007722030922690791,-0.05187336470556624,-0.01655627137668682,0.012598389473936947,0.01769963207582498,0.018464895164071574,0.8033039698424901,0.2323101995396661,0.16904486256853918,0.1665627513602164,0.06533529327962607,0.13092535976006694,0.08742629857815398,0.05994425314750652,0.09778657867595024,0.0758983799219512,0.05029219646022029,0.03862252526132328,0.033783985212761596,0.0441542191285034,0.024895521385379645,0.03448860020784836,0.014487305516101265,0.012200925285699687,0.013822120897314293,0.012004282643098345
-0.6206655592637574,-0.0040326909830778,-0.14402375485162167,-0.21218527888389263,0.10664728220105892,-0.19442659202076748,-0.13278779034824115,0.0992378548792285,-0.014473088023258831,-0.004347766261624632,-0.04798306665552407,0.06118887444605846,-0.052654364523803364,-0.03332851919274743,-0.05348777290249975,-0.013381996302991417,0.0026847577705285896,0.03022665587983426,0.00017974577160762402,-0.001450374396370915,0.5893797649464866,0.10928818136812338,0.10302856337423326,0.15712627846205526,0.08010388154331718,0.19079945644543173,0.07984045081294894,0.07060467393087853,0.02776814094537633,0.029679209652662762,0.05081031711655456,0.028310354689851883,0.043815874679031856,0.010845472387678346,0.02597582868420106,0.01440593917773223,0.012820149544597098,0.024288484017888506,0.0195862742630985,0.018057834300815253
-0.5968061886582793,-0.07248511020042729,-0.15315225752856898,-0.01289301058501458,-0.07042239367977046,0.09438490276524185,-0.10168668954106516,0.007531924495770113,0.04095760459499948,0.04539839309358515,-0.0025390408130754735,-0.12320527546770682,-0.010648907252852044,0.0594173086706619,0.0017167132499046568,-0.08537552910544075,-0.006835035461767479,0.0024385121455288805,0.007071981896653679,0.007561624690475341,0.6163665252527191,0.18685390501016522,0.2693655663122732,0.16674899210566532,0.07439060620901755,0.07820628059539057,0.08403436281787732,0.047539702074389845,0.04703279838265169,0.024033672144366063,0.04451418210751299,0.09281089676312207,0.025495992502052242,0.04320074340322773,0.0431106766567634,0.06235818779685568,0.025670664614737708,0.027395833161374936,0.03085412021805314,0.022237204147401497
-0.6567342151312123,0.07397239103540401,-0.22415786639217128,-0.13565814218708305,0.16161860606394426,-0.19211095872066242,-0.05572178923600451,0.010472343413146325,0.016052376667791024,-0.06072891316814238,-0.018219066609625894,0.008794854264228366,-0.01831360195604703,0.008750752066354275,-0.030055186491441104,-0.0019069854620137323,0.018420040560471442,-0.011244682566536558,0.019044332233771433,0.0023200295776017003,0.5436240971797514,0.09840828819049412,0.1642647780815835,0.08892761446252308,0.14230146175304448,0.1512548778607302,0.0866799085587698,0.012102798912242994,0.02816258328031191,0.1257540145763461,0.02456640034278336,0.03062632830603199,0.04365600800631984,0.010623006506886147,0.0772473757894804,0.05014301600811886,0.03992608757593895,0.009101080799000233,0.015366093314952133,0.019416287148325103
-0.5648347826255385,0.25187566700434816,0.3302236857844931,-0.10872898258437487,-0.17133828879433677,0.028303401321830592,0.027924787139931295,-0.007512837967156249,-0.015394926265183344,-0.02792531171962091,0.07222242113089083,0.041248691181455445,0.006270276935021451,-0.03364506426031492,-0.029591148710092968,-0.05086609003456253,0.014993623835782113,0.0023006770401693055,-0.023680967911497756,-0.002611473513492645,0.4184759056110315,0.1557889471508379,0.4278603192970746,0.043485494180401915,0.17883337845777403,0.05638551567046223,0.06448041410181833,0.02940823735476949,0.038261184846312433,0.037895603929352005,0.07344182374550308,0.02781130168861967,0.05805158300488529,0.045207026065530086,0.05888415811283714,0.03702553136451749,0.05281723406061394,0.04587017450727002,0.04233967616104009,0.04187730338916488
-0.40470018349837755,-0.03685621119300091,-0.0866179808270624,-0.048553818499743225,0.08844079808879234,0.08934611154320556,0.08352984235341922,0.018655304651447147,-0.12900536294611817,-0.22503353550911773,-0.027554817418140084,-0.11564666722436541,-0.0025645613781217,-0.06534615107787398,-0.06626226201728175,-0.011555754658505215,0.06233552614671428,-0.021351707127372204,0.04786733352614504,0.03328085681836589,0.6932511769513038,0.1435388847627962,0.27176530240587227,0.053634577292464694,0.13964495649599956,0.1113536831971795,0.1270392840181464,0.06845250803523854,0.13036020169066403,0.178307740744714,0.045470530099266555,0.08957001936399213,0.049299757030971225,0.03844164472874741,0.04957105473232797,0.045151913103412336,0.03945999076622599,0.0377312909803623,0.04258206960911478,0.03431385777174103
-0.3223094484060664,-0.12272087297671937,0.014632171490298872,-0.23300241272804623,-0.14982666599379266,0.1398303315306243,-0.09560213178536406,0.06715368428738815,-0.046998855212646004,0.07520048624822682,0.10732291670253537,0.009776866561815532,0.016227191889948964,-0.011161376211529872,0.03617131750978371,-0.013243523887622104,-0.0014905617426511583,-0.03182396929523213,-0.015629500743616898,-0.005634048531618575,0.708506384534292,0.23224702129068076,0.1783980070644817,0.2576964904226729,0.14706121441864992,0.14719607001003632,0.1163642393061503,0.09729621478345986,0.054629994903699186,0.06081028339573286,0.07527274977192265,0.04062057883558575,0.03723362873660037,0.051716455208692044,0.03320501082756106,0.039777594747196804,0.044620702883452136,0.05162014613731986,0.03734122905252763,0.03183202140794646
-0.44763038438358527,-0.42876648503912057,0.017350491739949684,-0.19186291831125046,0.07845336601844895,-0.17792012421401107,-0.07588295183724134,0.030724543256921356,0.00011576724839412855,0.0031732541958852376,-0.0977575064399155,0.020966862430737056,0.025160902664410557,0.0028053311235779026,0.023420027166422816,0.024221760368975463,-0.00932616753854685,-0.0018450309952403221,-0.011785040447225347,-0.006031158215768187,0.2981261820729552,0.3937952644430621,0.1288047949862884,0.26272197702366595,0.29877494950742217,0.15494408160514514,0.08032841230507,0.09643227368616296,0.066278348452818,0.03732246645850273,0.15067253409661394,0.12466692270856143,0.0428759360699965,0.03792892013422595,0.03887456031693182,0.049432448557936395,0.024821445322009333,0.07950563476794519,0.04989903645276108,0.053207436723188346
-0.4899504909524189,-0.18402660881169577,-0.07371613298958406,0.031363985406680436,-0.11730149147742415,0.0363071084561939,-0.0122930164406383,0.06866937506781759,0.013761582164964705,-0.03308864879214257,-0.06744171297791647,-0.018057101272294426,-0.017524083356843283,0.02737681916156445,-0.021985221832383467,0.011708257089694495,-0.05207427656384402,0.035284626651072556,-0.025469124575397274,0.009484413108795449,0.4638419356765361,0.31127982278292754,0.16224200513063605,0.3252477930268273,0.36527717740452487,0.20188302753122003,0.08355636445226232,0.07228272688940744,0.13111526454680833,0.034197560188595766,0.08761398087428761,0.047554144763038354,0.05820639462726179,0.08417774163994451,0.0830834232283774,0.03934220933873037,0.05294913411956067,0.03402438015642742,0.049588579815671815,0.05479613617313764
-0.25772986390089464,-0.0015654939173560655,-0.08570873777572734,0.016301001078807012,0.007892636687544197,-0.08776356179241385,-0.0464685443862241,-0.028827923499938055,-0.028991400504376763,-0.05021067495952215,-0.013612425763391892,-0.026334031652503507,-0.019257550039534343,-0.0164287467254947,-0.05044453192298788,-0.006842063816481595,-0.015820727580555534,-0.0351838803050509,0.003534198937880846,0.002507003105754733,0.6560458535342049,0.5260015928017302,0.23373047974980685,0.23083487829462498,0.12021378868689217,0.1680484319846676,0.0645217196865383,0.10131422464687813,0.060718778751937486,0.052353972505553806,0.08112048876038586,0.06280502885085089,0.05478639546145611,0.049674797054647,0.04273577853191644,0.06017185164335288,0.03750808849807649,0.04575551886029471,0.03478963155527193,0.0392312872896495
-0.44369820060674325,-0.2117563457032083,-0.11805007801365776,-0.03375234922613588,-0.05634976053821147,0.024485366215346957,-0.03200436135606854,0.007742994848286787,-0.0036491824581399296,-0.003635017227836578,0.004495607588711371,0.02350048428938083,-0.02313069447099677,0.024701902361856005,-0.02694908837565172,-0.017145612736838036,0.006311759783234894,0.010401468051394086,-0.017067436830949682,0.013936207942636567,0.6567258632485488,0.301248732826129,0.4028241351012127,0.09386650993446871,0.09242753052040673,0.12111488590298246,0.05638082315014429,0.06114090833701284,0.05230301643907976,0.05277776426535141,0.03547541171314907,0.03322180716888162,0.0282839841533534,0.018346038204490545,0.0254661683944651,0.023051142598169424,0.025070609545673913,0.018249134434099302,0.01985740530073944,0.012526194835884217
-0.268561852390044,-0.11127550984401116,0.06628313635737795,-0.02705692914974677,0.004865956321844932,0.00721333141128661,-0.006952150481130988,-0.00043591952009915087,0.0015429740564072171,0.0011223855892936224,-0.0010161456278457142,0.0009688348129150791,-0.003509847307721208,-0.0038127668560057094,-0.0009988743840145208,-1.0735814120417055e-05,-0.0028555122298513816,-0.005326202761396952,-0.002552881137115369,0.002685291555534992,0.7909647670371521,0.48766149522666796,0.21441374087472495,0.018163880934809595,0.011180484258731159,0.005591247951360765,0.0089941288829335,0.004921087127633787,0.004445634506894701,0.0033619569000258665,0.00508542095787767,0.006979287095760181,0.0029788603445581137,0.003601146313580487,0.002621909622263848,0.0021391712302797653,0.0015295718813132762,0.0020599021269134756,0.002587081473267952,0.0017475153203158928
0.4926410794720677,-0.10080116953710583,-0.028391536691002753,0.0109058644842085,-0.0993412807665465,-0.013981014784044449,-0.007550644844984837,-0.009140161121067164,-0.00684238819620328,0.005489629103524708,0.004530426323952742,0.012312732398111283,-0.0031677110247103945,0.0022605911549969976,-0.01071583006672347,0.003288060275925496,0.00700806968420677,-0.0009478897890901559,-0.0010990528035315782,-0.005386939615253563,0.8190629031436536,0.19299002632336545,0.08598324769341843,0.08209601199569128,0.08820287579845122,0.03020903018296599,0.025812137827249625,0.02811973784342059,0.033817440373796644,0.022277932909700964,0.008935515378020089,0.017706631406580603,0.01005885820638272,0.013262725257237118,0.010139988671252301,0.010079347832103213,0.005055033022192386,0.007142879087370206,0.019775056737924453,0.013048283637993133
-0.3256877084979839,-0.1905896056553315,-0.11262445273706345,0.07465919051088704,-0.012931194996846645,-0.1079688364937013,0.05242325869754834,0.015241949801670169,-0.005562054673757887,-0.04750993166684677,-0.019875899932161104,-0.017943534414893762,-0.02937044047497772,-0.038414552998513034,0.014106378327211157,-0.038780012526421596,-0.0008061851886574765,0.00596889789238895,-0.012602945894482099,0.002260008438304812,0.7333022380656007,0.3833594162096027,0.23122716175457178,0.17281114396016142,0.09890130044247251,0.11229996375940958,0.07267284544678129,0.05741345433078627,0.07001220318645118,0.060570689001068316,0.04237475537093741,0.04133785640340088,0.028033679574903634,0.04432194943250112,0.025924822874052168,0.03082377994786091,0.025155500574100365,0.025225625226177478,0.020946368174280024,0.011884490072913935
0.243211778910481,-0.2532905565297573,-0.0602175773577563,-0.042157344144263094,-0.22005135893105773,-0.06204355507225366,0.07877352378145816,-0.27250489893355334,-0.0001754910121646416,-0.1127249336787111,-0.051894229144587196,0.00046275902724137596,0.08100148242211182,0.017882128148637044,-0.07564443961424663,-0.16393364946775965,-0.03451235681344919,0.024370265518297008,0.03358231139436007,-0.03785184241584463,0.6383168687269333,0.13334093840304398,0.26054514205163476,0.19037797073179066,0.16488007390911538,0.09189188048842749,0.11629294732692508,0.19854937024223032,0.09548948095690743,0.05846391057752699,0.04651810681044826,0.08974299650675417,0.06646687543473777,0.05809999568673458,0.04937169543404166,0.12415652625501163,0.04937473524149419,0.04544494279290076,0.028845908543170568,0.08753851252360258
-0.20716614511871587,-0.6059079002910854,-0.11275966255554563,-0.022515665878586902,-0.14431278838329772,0.020038100061344113,-0.04975004056334377,-0.02579426760441135,-0.08597113472543778,0.04399559787040588,-0.02161686686772923,-0.07597601338311119,0.0778991464548035,0.05996540434086407,0.042285131301688414,-0.03736694502427267,-0.09771828494890265,-0.009834432329524254,0.04405560972903792,-0.0010498113881080614,0.16202613058975093,0.5216356717570545,0.2584506874535618,0.11239223165450886,0.1557371491410151,0.17017665049219124,0.12707491382227512,0.10531492936570995,0.08494580696058576,0.07145672649046564,0.07196814700541977,0.08321542572923885,0.08202996869005164,0.038005075025379684,0.057522696105354536,0.06228002510827626,0.07017441532516933,0.05394133664132279,0.06527224510570431,0.04738796400145959
-0.13674723717728254,-0.4535944556010251,-0.06579446713194302,0.05081211917648831,0.104721769487161,0.028402221974775942,-0.06389310807987872,-0.16379540894814554,-0.2643210491856564,-0.0022149413370787753,0.13841155714389244,0.07556829545130862,-0.09705963872621211,-0.2966378593187434,-0.1195791654378939,0.04959103337674325,0.016156639313410687,0.015000229654851566,-0.07295111427194116,0.01704608720814938,0.35410547116201924,0.4340256071388231,0.13820681663313528,0.18769798690007725,0.08550278002279413,0.07074533343573917,0.1250396037694368,0.16498078352537307,0.1465874341166498,0.05321206582751967,0.08706069546500526,0.046942057599032104,0.09083479491966744,0.1896583822610026,0.04991958063164685,0.04561730050836362,0.02953904838918371,0.031668426495055545,0.04520862589388109,0.029339411519401264
0.05143315487469021,0.06393767851747843,-0.46770942694856166,-0.08853511159391343,0.07117392070344378,-0.07633075602868498,-0.019846905127276406,-0.02938970540817952,-0.05163716575820371,-0.013131831899286876,0.014228732334471817,0.007642942602333386,-0.026319406346749806,-0.012745789567275295,-0.013768676896156398,-0.015630069618400473,0.010057203942206765,-0.03211085846322718,0.03219245687961002,0.005622720582071877,0.5375094778018694,0.2223333572752566,0.5030975047801836,0.18224075353051633,0.23683014829378118,0.10640641448166778,0.1095689941149476,0.09648749313625217,0.07261258226425585,0.08705726115637274,0.06438196421763384,0.03663404513563845,0.05514851812174283,0.050269516303597564,0.04589021917105503,0.05401085787771467,0.04570384598051434,0.03755945849814346,0.03282748650416348,0.03219591616495225
-0.3736198636675511,-0.2804407882115094,-0.023285513667885293,-0.06622403338375213,0.04784868527480834,0.04027130399461741,0.02239735824040844,-0.029269827190484397,0.007763547600225685,0.020421216954901674,0.025152206525954433,-0.049603844677347346,0.007291435823124622,-0.0018121239739333779,-0.007817416495899236,-0.010838769219726697,-0.0017382379258477757,0.008017718269485264,-0.01667487518966463,-0.03053976152717949,0.7968026808201657,0.19569865731506766,0.17576803869326615,0.07690175930305905,0.1396854268557227,0.0525393825167866,0.06083319914808205,0.07306591953828691,0.07194640960540351,0.08984315821561044,0.03230330267542189,0.04991623877857934,0.04329878760504184,0.04835007024004865,0.0176944461767454,0.03406000097588532,0.028771624707747002,0.023028059692335543,0.015603630988919245,0.03312384991117154
-0.5190799099441016,-0.05443706227316872,-0.047492620754086334,0.0198145788491041,-0.04840647121222551,-0.033189833905439975,-0.031207770290693274,-0.03871839051115445,-0.02831074526872882,0.015905172750935163,-0.02325553403927521,-0.009921962203405315,0.005977688083832412,-0.004945841484617172,0.010470752614279486,-0.004018690073989928,-0.012370446791622315,-0.017332465940744366,0.0038848300056037594,0.004383067051855276,0.7256291718165504,0.2211462976534598,0.2411948769746852,0.11202450675447212,0.18347143255813617,0.07614843736355863,0.09379263980150658,0.06182441403091319,0.048802240157097714,0.04395687560392659,0.03907299368650077,0.03693196937196455,0.05493050601204917,0.0364177121261461,0.03469011286896682,0.04721763632592615,0.03225065382785276,0.03649159374338718,0.025509730702813895,0.02020355328714094
-0.48777596892612646,-0.33082721579520574,-0.02459748971876956,0.27628193604421575,-0.3387010606455826,0.05246076217616775,-0.31114386839334085,-0.16947208307859157,-0.114896963686018,-0.04016300940651866,-0.053422687568306836,0.06783762117275421,-0.027752576333357065,0.05881312501839377,-0.11297721820247504,0.042529061957729423,-0.006668744149872267,-0.0370943419496999,0.007229523179711616,-0.016665784710989232,0.41153267689069256,0.22376360081555538,0.052445597354671414,0.1270794544136928,0.15945688914563863,0.02247590571187183,0.13559197972450562,0.06280383500327516,0.03097909385996193,0.011248277763111157,0.015352313039317481,0.0178042526558172,0.009340440638114183,0.01756107764132031,0.029203866052754827,0.008825458178969278,0.005384464596828123,0.01043854744727314,0.010461068231035845,0.007996722552360166
0.19292275570837036,-0.18446887044987043,0.0826589718121224,-0.2902179305730942,0.21186461221811606,0.09759680940688341,0.012175826901705584,-0.060185214066057265,-0.1662495342378569,-0.1675734232259562,0.09884465251486381,0.039499615727906404,-0.13556898253852714,0.013282805664838238,-0.2310008271126797,-0.014622421170632713,0.038498993063630686,-0.09026222471633907,-0.025067631215247604,-0.02746137880087093,0.5143118433482733,0.2863606204961916,0.15405471128437342,0.21841181105712695,0.23184143021702638,0.15202966118856964,0.08136322035873585,0.14958186870951698,0.15845514906440064,0.11746117546936775,0.08366767927863597,0.05126775632953085,0.10360108997088507,0.051762118965270214,0.17122342305007218,0.038237149275160594,0.04844791956742063,0.07545906567208603,0.037382790388680115,0.057789386237536516
-0.4222175959380983,-0.1533722623289438,-0.06237627436818476,-0.1625247864851647,0.07252433674165926,0.048526981437303066,-0.026580311516729897,0.06874734826346052,-0.0021920158408753466,0.012599266507315092,0.0190076843260432,-0.010417772861858424,0.004202367012670886,0.017284636133869827,0.003081653488116659,0.009293607941640789,0.0021869538695702354,-0.0011612057578724367,-0.004722614769599165,-0.006273544465455184,0.7441869036965965,0.34441783845388985,0.09506780594935887,0.17205028700261651,0.08750828699231718,0.11873804117638584,0.05960098140812895,0.06380705949370563,0.048699278158586115,0.03867055454018879,0.04275812229718003,0.03300853895354031,0.02839595960492047,0.036739893549488714,0.02477979975227178,0.025966780370942834,0.03678845170526565,0.020558346215387515,0.026921145090752673,0.023584260980280294
-0.3384260647712581,0.0010928131304182053,-0.00975384652349326,-0.09654890110486311,-0.036163142656079644,-0.06728981106625695,0.06124485388669554,0.027158224568998877,-0.03321082490046011,0.01120429235401493,0.0007500417415532278,0.04099584847450496,-0.011454883853852722,-0.08963892364623699,-0.029704231980859263,-0.028804513570872384,0.0205367092901284,-0.014695832421580256,0.025638070949375064,-0.07132885013232565,0.7539251624708769,0.2724728882498513,0.23955334653767657,0.1291893758091852,0.18260016453551217,0.13503451038470052,0.11773820691001728,0.1052896032120626,0.07202496017114339,0.0859429766395986,0.07971901567762679,0.08221744051935109,0.06357380687985596,0.0909592846986163,0.04822376336356951,0.05035643996183664,0.04573632985928586,0.041525967170621174,0.04474847695040415,0.06800880602187513
0.1835305857977005,-0.14059323399769996,0.12442638196507479,-0.008098645750932722,0.15164466501020057,-0.047054949882711194,-0.06854768057694695,-0.20755298261524005,-0.15256426221523273,0.12054908581056273,-0.010280784005141005,-0.1733017276850579,-0.11656094612515593,0.015629734331371763,-0.16024037210083417,-0.09887578488518385,-0.011422228779050081,-0.05723372141557167,0.12447119054682937,0.04311866461100513,0.668289647160953,0.2988239522170555,0.15835352992232202,0.1460480132454938,0.1953537560902561,0.08383012377788306,0.08173202311238917,0.13394020696805747,0.11928209882879078,0.11170733689267909,0.05981434622731529,0.11959807337036406,0.060613876293033775,0.03503930498494087,0.08963906993065121,0.049499008837209584,0.030824712508506474,0.03532074726080738,0.0693607707643245,0.030302377131640034
0.35429328035136975,0.15810256611147241,-0.12901266266787892,-0.013225246052429154,-0.17962919184941764,-0.03149346659244059,-0.11701627270194526,-0.13919843928748396,0.04577600901600726,0.04039073300538865,0.09050780125941928,-0.14833115349396755,-0.07739396437314361,-0.10683263532671006,0.04145950286955797,0.004258653650630092,-0.016183095508961534,0.0027024828010205615,0.04905474969525047,0.03133938722060805,0.6797188187042996,0.3614210644485807,0.09225630535464675,0.06717256545517908,0.1445852505456688,0.0840381657651657,0.14273312891801135,0.10614620486161302,0.06014574347785822,0.07247873413361794,0.09766722514898726,0.0859945406888636,0.05092172092963306,0.06953663416338231,0.053826102629643255,0.04972737034883897,0.042764734296431337,0.038066742979755853,0.03828342706204333,0.03154146404831724
-0.03348977495258947,-0.291458634832737,-0.326089809163797,0.14801511530063635,-0.06925091704854235,-0.2369887666360664,0.047891496642602005,0.022288370084888584,-0.024291788811452848,0.037548744402505004,-0.00015553211013289697,0.044366466428432276,-0.017734321230150143,0.005405442335368001,-0.025295789717999395,-0.0002345053740325923,-0.03200535836783061,0.004390523188608355,0.0005041830604149781,-0.02292564635593973,0.6445539317915585,0.24957457750523765,0.2579282342320169,0.16543906034927128,0.20045144228517026,0.16414427781604912,0.10121414760603077,0.10604780314164196,0.09392022666366207,0.09658924746666857,0.061193392890865714,0.08333675690546323,0.10846964343646123,0.06112459287257772,0.04519854883429133,0.037908615953480815,0.04615212209513839,0.043952724710839663,0.05279579670280011,0.02226877053844159
-0.3870898173579305,-0.2003179016205067,-0.06614913006249837,-0.14272292985668306,0.03197056635906414,-0.007204934312973139,-0.07949010922152129,-0.07046163251556702,0.03873170776928089,0.023756505092175795,0.056679394875136166,-0.04910515006228428,-0.007008941438505559,-0.04412462170390947,-0.03959760345536667,-0.00531112368964293,-0.039627422215683834,0.005213497141370499,0.020612896123942893,0.0002616688599062925,0.33728246249945876,0.6654119314321436,0.12033440046418646,0.2785855503699756,0.16284050100388314,0.15471537144434233,0.0956946166344898,0.07579119000859065,0.06457418574131889,0.06451780728047754,0.09848039727162665,0.07911633915789638,0.0541686225876233,0.060109804006861715,0.05386394746911818,0.04835108137360138,0.042054424905724495,0.0509542503404533,0.05228194170580326,0.049744493610210404
-0.38785470424557467,-0.2562530314513462,-0.21112218112347486,-0.13023459873845755,-0.05407568507067319,-0.05645234973232019,0.26947402414060956,0.07065047398093657,-0.122706866994996,0.08226401180374934,-0.08753358782492145,-0.07020206918808915,-0.09305213976091734,-0.04242533337443147,-0.1652104402307345,-0.005538095686665906,-0.020857901544543908,-0.04884631733074137,0.02573146255484215,-0.02824748022168,0.27247817501622174,0.2924421787032076,0.4203454055732787,0.19768120449111282,0.12821567792809066,0.11670307642445527,0.2814303509725739,0.0598182443179296,0.11896891315365692,0.14644018438457776,0.07676418015975321,0.04376070801284166,0.06258736871356527,0.05549249580315702,0.11249601538102565,0.04875963685224552,0.03525066501852433,0.041778922268502945,0.039196421596190245,0.06193610942359551
-0.5918535823812282,-0.14212852936934992,-0.08721901088498017,-0.07580296428276416,-0.17043722588625324,0.22805853812580423,-0.0415156312730333,0.0290734165207757,0.01569519425532872,-0.1318365948899114,-0.02449402871246059,-0.01921285544966623,0.017344302243847844,0.00024100718559281852,-0.05670386624793127,-0.0018591909281930389,0.07275116033740038,-0.024497771490391923,-0.011177739210844978,0.0016633906313013864,0.43074627397363413,0.2146899304913007,0.3067952943616902,0.08444294962819515,0.17488053343347965,0.24437025604698767,0.13555891348376134,0.11974402319034434,0.09375303248229112,0.11614824564113187,0.02560211604981175,0.04503214323221187,0.042956445013288456,0.051641376894708164,0.04162446616609538,0.08245086590969881,0.03806448380941424,0.027413927304844824,0.06512172199741013,0.06356248025439847
-0.09674995531258797,-0.37502281805400617,-0.29077563247493515,-0.28739297237715705,-0.1855185675442515,-0.2301184495236698,-0.09422223611085828,0.02122306384504481,0.044026669344878894,-0.04769139800135033,-0.0209729911530457,-0.07214260533484439,0.015085265918413724,-0.03686395087441591,0.011332053966345746,0.003778278347025017,0.03659088527179188,-0.055215061857208335,0.01601366855700646,0.010377071152374998,0.08097145162458651,0.5705795861159185,0.3279215890984689,0.23801606992534327,0.10967544531805869,0.18842087425088014,0.0818655899422571,0.05970227759038344,0.06159385155316193,0.06493370859284064,0.03493209107389664,0.04117136482007643,0.0261773102493622,0.029967468909908195,0.02211201617732035,0.017324713872999394,0.023294640247175733,0.02221600976823713,0.018005228056482404,0.03250660468202902
-0.6053593194380064,0.03979345040942092,-0.14184280085041895,-0.09085102567943458,-0.09228799792434947,-0.08075328151728231,-0.011495273585908156,-0.003164683717117236,0.02367301588785108,-0.01183440853029206,0.0444429815672427,-0.00892594645261937,-0.04881145138221734,-0.04522127451853291,-0.03526803313523892,-0.062042006711046094,-0.025008883158296438,0.0034510704423286248,-0.056611526145637234,-0.027949920991567123,0.6994037114870414,0.1885429079541274,0.11680279598622721,0.05752692986366423,0.09711945597255309,0.07025312946763118,0.02015898879204204,0.055435263636028534,0.06513456703976613,0.03288906098033103,0.02914119007808307,0.031621533004220194,0.02667082131593089,0.02604544012380938,0.015773208372585494,0.03421879185432058,0.023140026957352247,0.019066763222664807,0.026673401419287115,0.019926774241712988
-0.4788263198080031,-0.0010504567932397661,-0.30255065476491716,0.02033351781912971,-0.03137313598593943,-0.036242551220552026,-0.2931904782386583,0.03835496422322254,-0.02766991893211216,-0.1665457105493769,0.08397229161982551,-0.06808987504044124,-0.004273991197710604,0.028384654375762142,0.040584729631607766,0.021828651548362957,-0.06362001059894871,0.04249964347562025,-0.1220393078041536,-0.0494186060701531,0.5825721992278734,0.1803890564571253,0.23322167140614022,0.09907334959261892,0.07117015295571415,0.086840829527288,0.17689200953745474,0.06022813191340255,0.05473746450991059,0.08689927498006235,0.09620358387454295,0.08514705570689025,0.05527393845331154,0.03057948710884263,0.040879746453498754,0.035013025666153844,0.03240960002300846,0.03556255818550503,0.04891981848890897,0.02012388981403428
-0.30312934142910525,-0.41415267261728866,-0.369459766128356,0.09001046485768413,0.26687960454113296,-0.08929178865312777,0.03957378357335538,-0.14215961400735375,-0.10718524693901327,-0.10211277372940199,-0.08472838425180024,-0.07535396023449291,-0.09721186107066275,0.09576452277119847,0.029128979972207498,0.17587977435410115,0.00218011748576587,-0.08522219413207736,-0.08040793969226398,0.07511983645180974,0.32796498271605684,0.33525685307102515,0.27435001495773337,0.11813002033039362,0.1746553888784723,0.10267859719514257,0.07667609914534039,0.08695931892078618,0.04075241052096691,0.060911024395145515,0.03809743366592197,0.04957296973474158,0.04066610688910299,0.041090875710944164,0.03317082429680651,0.05640964084148726,0.04846030621335832,0.038554783447599064,0.026171835966308826,0.03700034022435843
-0.20558658800067847,-0.4591438699304325,-0.09896116920021988,-0.19334645912331022,-0.40590955266308715,-0.21822338578554953,0.07781556360268849,-0.23316683631275995,-0.13606633690551134,-0.13230593424244538,0.12059547897456051,-0.08127185176324657,-0.059598857969605186,-0.005864723686773429,0.0367815786039581,0.08820455441460805,-0.02363299833934938,0.04039326738041219,-0.02654743320327324,-0.09099463148081584,0.2474737833455546,0.36113044729331223,0.10075855502407492,0.0953100050327491,0.24293412133575784,0.12631694020994108,0.09915381387274091,0.1398402373262939,0.06519007738301492,0.056296002278286635,0.10441152767778487,0.0627680095469121,0.03797467959297803,0.03427305585701219,0.02266635880096273,0.03893873086764723,0.03403834962713117,0.021958371092393503,0.024725602075652418,0.038254201225949615
-0.03658487158408656,-0.29442537386037737,-0.3384461881709797,-0.31395648664228215,-0.0585112246041794,-0.20563785063491538,0.02921680807833183,0.16995472111698193,-0.22376537020753234,-0.036954153261875816,0.05913123400554495,-0.24895987240511994,-0.27399055884455364,0.09644830516942113,-0.07221309846652306,0.013055680877639345,0.15665834247917318,0.007348811428964414,0.08634876787448793,-0.024281648779544553,0.21884159707004527,0.2527193765482661,0.3387887142863695,0.16795715073403675,0.10372891066706065,0.08333102439022054,0.1257758712179244,0.11034148519402874,0.12261228274301576,0.04448845871390426,0.060641512373367,0.1133049524694297,0.17048127754030082,0.07869965058020198,0.028852249512871637,0.026764571830226846,0.0995735525083293,0.03096620544796361,0.042394248601621665,0.025449444292627726
-0.3817045443273354,0.018868158861669076,-0.6122776070681821,-0.0049347996423583776,-0.029878096995502323,0.07967786504855955,0.1424443528634464,-0.08948041955782651,-0.016417319523872074,-0.02943680297065034,0.028904874324434206,-0.02570775815908161,-0.0074497456226380486,-0.012066608015416536,0.004462884714862853,-0.001974626741532099,-0.001425947098558036,-0.018338208846890316,-0.013152592762103009,-0.013016601477962039,0.30036680497126717,0.07092842148424955,0.5694262819115099,0.04764234943271794,0.05580558714199887,0.05001774745068807,0.07625186725558177,0.048471702370144164,0.019666267515087765,0.018214315565332644,0.03252753249476325,0.015643348181101392,0.011601966236086713,0.01209693835467918,0.009683647511202612,0.010864129030094191,0.018495181239493046,0.01102602617646897,0.03647850955913811,0.010272767467997847
