-0.45681540365830925,-0.05045752238412131,0.05281258214893018,0.08108210542362917,0.04162745786284111,-0.012444065805995887,0.0673829477875193,-0.05421704554899798,0.049575529031379593,-0.07397136120103592,-0.08275662905975398,-0.03356014762040434,-0.09897916120431952,-0.032600545470645,-0.07257244393065677,-0.11522265950777257,-0.057060387222431404,0.05480003429810621,-0.051713457238544286,0.02729317358277094,0.7364358987868275,0.2749733129646569,0.18916457178851206,0.12511482404847324,0.06992732463018018,0.085178710358743,0.0692385150818144,0.05339663217136011,0.052559302524363125,0.05614457774597485,0.05434394438368701,0.05767679265081485,0.054316330382831485,0.0370958422911712,0.04073678406092494,0.05056045015035363,0.04083055406475289,0.030336803329012847,0.03593506478694487,0.035584378427112165
-0.20365768701624365,-0.4775665660520036,0.15113756673487874,0.03855722627842622,-0.10002356769460348,-0.03708868249609681,-0.13507174624137816,-0.03870374460554041,0.0465275651774317,0.02661895053912673,-0.02892829487414179,0.003826914500335743,-0.010263548451623545,0.004892624983884177,0.017548320249909297,0.00538119923794072,0.01185576480397371,-0.003965261288338788,-0.012431264966228194,-0.03207942924517398,0.3317709991787092,0.5963104411538404,0.3525634574077165,0.14453947510288173,0.1252286824273361,0.04952840966091713,0.08172392245317535,0.03937593563836724,0.13356140654345752,0.07171560004693901,0.05874831542807747,0.024937842388392202,0.02687027725549139,0.017969796124159172,0.02064396590726,0.03309178606047835,0.0330330055574684,0.021869603481079473,0.025992615642891934,0.0197301286276318
0.17014463286102577,-0.21940470285799676,-0.12352936501982065,-0.15661825330281579,-0.13251384872449204,0.0012762472782141385,-0.05835087079140598,-0.029535333222270303,0.04037472212080408,-0.024341623920512947,-0.06953433025792762,-0.03483181570957949,0.06168744141173053,-0.015824743867637003,0.09186255091727416,-0.07163940579691427,0.013183080751279335,0.00656401975761641,0.003094225312197431,-0.025201947301487358,0.820166158738505,0.26766675364132575,0.14904507001477874,0.17893572525847717,0.13955154525623842,0.05476728118729493,0.05827324894767823,0.03686471470825762,0.051855737023531565,0.015385905213985241,0.04054963963795279,0.01986381851875179,0.03327955672008223,0.018883117958806084,0.03738963377609405,0.027150205191277633,0.007894346424890009,0.006181467984692192,0.005138998097120348,0.0074585143915492855
0.002747221640667394,-0.20645848081594215,-0.5633277340050302,-0.27970141873720916,0.024638974333937823,0.043771642238641294,0.015277685062839615,-0.024153957596115393,-0.02306583224503106,-0.05346244170046593,-0.023220392713738807,-0.003643568476745936,0.0012522875586028753,0.020837895058234687,-0.051249419472906683,0.024053085920861653,-0.0002473044593046564,0.011724552249509513,0.030806717922863075,0.005589549494089534,0.03589207678382702,0.05995937679327306,0.5569734413819287,0.4493150046263165,0.03917033087391554,0.09950152433154838,0.0915063538762354,0.02184195134821053,0.061007168085919335,0.043495331570399906,0.05868740147629165,0.004439112977496158,0.028401674451074686,0.02131922663936191,0.025143411673572962,0.021630596195801505,0.006776550821637517,0.016594485407458393,0.022938121836420296,0.014022975356094675
-0.6890822706295208,-0.3403605479234908,-0.17345672160158246,-0.12472842934507955,-0.008433896009036938,-0.014126855033722921,-0.05095689707774517,-0.036054145175313225,0.009345678192022902,0.009944011087383381,0.007634377522529198,-0.0033445499677388526,0.008674258356094405,0.004397101698378316,-0.010629700730751255,-0.004632217164049262,0.0023105399090142427,-0.002303765547995996,-0.00030756800751254504,-0.002689254586787042,0.4967509831447512,0.22984227093850063,0.21282353061501671,0.06680940667380922,0.025914312203012733,0.013936117425517872,0.06910378424894949,0.029557920601841387,0.03136396867007383,0.014377121950011078,0.01422846106733227,0.02091233951503423,0.016706272501542663,0.013311381439399637,0.020886504408444022,0.012141502770715,0.009552558953013516,0.008055937513359878,0.006094540888868489,0.009025199750380608
-0.7440352803369985,-0.009922280276334938,-0.013986397527373967,-0.007186819550103834,-0.0005794202902996311,-0.0031441932230257754,-0.0003821742810306932,-0.0006828079165179264,-0.0006043324748265303,0.002323573169617583,-0.0022440478300634653,0.0020360107829689063,0.002337826533261498,0.0018613404955899263,-0.0006611240422206324,0.0006949574028285401,-0.002184773861517129,0.0009152702464839256,-0.00018646139637052176,-0.0021364053337467512,0.6633368398290284,0.05316331270891723,0.03986836694213695,0.020880721976679232,0.012814117185617186,0.013127767326752499,0.012130992564984499,0.010443252382168398,0.008065621994261937,0.007925991219045069,0.008718306807604903,0.008016119536571947,0.0065074193369864496,0.006333099929280316,0.006762019055199796,0.006300513856928968,0.005587503284348649,0.0058494189887679385,0.005712097979189782,0.005050133795324614
-0.5684219557214198,0.026439374373213427,0.013584736457233244,-0.0038378478261262977,-0.07480309998030599,-0.065337893382455,-0.02169019372810355,-0.06317178250105525,0.04374574596496319,-0.07952950941403006,-0.052129390987778385,0.03758594854761257,-0.044039782006822986,0.03917028840671247,0.029960633568165543,-0.04319265753913927,-0.02637106412707109,-0.022468464406704258,-0.001355998016088027,-0.08771144736878748,0.4162732339194007,0.3683880130754096,0.3946737887403941,0.35319493843546407,0.11485247257239618,0.09519733288927147,0.0769919134131723,0.08044941234539793,0.04773437957227967,0.038109237214199676,0.03758020897914827,0.03146180956129754,0.03004859519154272,0.02141876385095499,0.020992773193445037,0.017066517907505057,0.020366207039612023,0.023728177631817574,0.008720950650749652,0.027018860710772835
-0.3206094770271397,-0.03800081041926821,-0.084505965591006,-0.042368381290989625,-0.07307987898131162,0.011856522081020344,0.0063032761362627416,0.016808190945755058,-0.014353267157497046,0.00025077593469567086,0.0007833596197306037,0.008822232309179579,-0.006319542280708894,-0.005090094838575972,-0.0015789844004783634,0.0006603084375933726,0.0023654699923173726,0.0003770118580843393,0.0016042491365446123,-0.003900492346387085,0.7865767953196289,0.38342829474166495,0.18320380627982563,0.2193150372020203,0.13417043020551983,0.08776876171800473,0.054692285863443144,0.035139581976566726,0.033813871735637914,0.020989719018667155,0.02658630335437276,0.01958677635161551,0.013598105387553754,0.009238015379646554,0.007764787078377569,0.009903008533140415,0.008652841827968168,0.00747354737624466,0.007526747247220317,0.006656595061751865
-0.40445678600861296,0.07286789438898583,-0.4780640971636468,-0.0730432179772846,-0.0442445164456454,-0.2662480497309648,-0.14512588377354252,-0.08601743796284705,0.016213902268072452,-0.051944672010693464,-0.11525859413785439,0.012422356643153712,0.01025668489501099,0.035931135069092304,0.013244920598147707,-0.09016990493990516,-0.022676887234570283,0.026312519829922058,0.048378484391069045,-0.04061096712286754,0.1708594418349719,0.29605402527571667,0.4934763876077671,0.11625815025242776,0.06505243414567895,0.23887787696441146,0.10194221467524056,0.061817606184642805,0.03010629023277744,0.06945200313900428,0.07106235889052206,0.014932127102037658,0.03484931897703023,0.014223761992109781,0.022680178849752725,0.03126063222933092,0.016999600137993478,0.016786741163332074,0.02160472692759175,0.01694054603636169
-0.6664525264493407,-0.16653295784637626,0.2084743579895986,0.16231564602754855,-0.06282695096153781,-0.02461490964899203,0.009595266391269688,0.04047131683206688,-0.014536200083437052,-0.011933186350046658,-0.00636291844644399,-0.05527288104822081,0.004222162803248037,-0.011819495598826908,-0.010280436895318445,-0.017999104509606442,0.005358214773246857,-0.005904044299326416,-0.036578526673528754,0.024014961593047654,0.461581363118824,0.3109192345457261,0.24739612106478107,0.2178406892137992,0.1347231143606162,0.051705283578832945,0.0300774391459716,0.04239183225801882,0.022046986374331837,0.020339956122625204,0.015353784607360475,0.022946353492849774,0.02346109882393105,0.018454101334307773,0.021530442019799454,0.01475025249556792,0.017727102072571752,0.008930395295797602,0.01577853114881261,0.014556423698047315
-0.3303221114477141,0.00628768754470721,-0.08529393545859318,-0.059436142306922325,-0.041236695076632045,0.04616569197662614,0.009546076261340164,-0.021107547179646163,-0.011768670052938638,-0.016424103814335407,0.004344022537005295,-0.029260178600690086,-0.018421972950760115,0.008789488072346523,-0.013075465580060201,-0.004521140564269651,0.017630302868425585,0.01017464978533283,0.01731375681799684,-0.004142569133926034,0.6962055564865518,0.5014765846643916,0.24119276035370485,0.20103243230976192,0.12785289746773026,0.07852294283283595,0.07575311010572817,0.034959495891595055,0.03824233490904722,0.04375115523032001,0.026912117562594387,0.03369272550707104,0.02642937827935463,0.023280572279660895,0.025628915868144655,0.021466485535663445,0.020945165687031742,0.016781853009419593,0.01681447267554859,0.014488665025824988
0.24092423028667356,-0.2737762190791029,-0.1288544902230867,-0.013913956553626532,-0.02013763901257345,-0.010515752502260263,0.025974205431288745,-0.02804317719717471,-0.0201556680100069,-0.015041453636024955,-0.05725465836694222,-0.0007676377175404867,0.010114580223326466,-0.022340068639692002,0.006538425544186082,-0.008202604685732215,-0.0013001492232656369,-0.003955280266976455,-0.012706911379250875,-0.001393583110968356,0.7387736351065158,0.4844013478942849,0.1504183595918311,0.11870395962865404,0.08419257002574364,0.06594025546095905,0.06278747599399087,0.04378287303683934,0.050561536997662644,0.023621412418491288,0.04300664261628782,0.020914956612580592,0.020522743514927194,0.023514025998044034,0.020442642222420013,0.02345856399548651,0.020033382698465385,0.02528267861756801,0.019139763907623043,0.015188541814008905
-0.34413730181614965,-0.36817160753078293,-0.1447745878984882,0.1220620712184001,-0.311714348438798,0.009889316859618963,-0.1825129121923335,-0.25310977644751104,0.009841310117261302,0.04793127484876071,-0.10056906759238839,-0.0018792086095279386,-0.023717203579325632,-0.09176022274676743,-0.008622871316354582,0.018555417857429223,0.010271412850628882,0.0011593033757027874,-0.007240428335680799,0.0004371246354014203,0.13535694656018882,0.1549073248928281,0.5313515983969936,0.2094318404291434,0.2830319926828552,0.06920273434658153,0.08715804548273999,0.13811761377724918,0.05068526733910919,0.03727656439773856,0.04874030827645015,0.018302673731352696,0.027018262904991163,0.04404298714460067,0.055576126247045415,0.018929898306766932,0.010892391001198492,0.015596527587254742,0.009734816803260032,0.011088626199778883
-0.6868153150737795,-0.23911054376593824,-0.10563034688583314,-0.03091692118163639,-0.04472451576175863,-0.027723662273218725,-0.04442118526518356,-0.04753649708113624,-0.0012524421268619351,-0.027724611643358044,-0.06075444633936422,0.03049261567829216,-0.04959557446730861,0.0015869854014476383,-0.016613833157443136,-0.02705118146129461,-0.026845680558685133,-0.03293370893153196,-0.00021071296098163351,0.005997308607448011,0.5238295807451447,0.12182530210946371,0.057943758823011136,0.2827770283926179,0.02781948731077382,0.08663418023922122,0.15273917862170514,0.1052881789737791,0.07829280307965866,0.040643410742240337,0.05230175659956206,0.0814538165783367,0.03996311173694573,0.04303357592228828,0.05230663114871677,0.02366711762406502,0.032130424620816264,0.029091595001987932,0.013038960311612162,0.009689818330272448
-0.025945177849395488,-0.4883283246025267,0.11682366997606032,-0.40981121416425736,-0.07748541208795275,-0.08162963259697746,-0.03561767789062721,-0.02768872036815536,-0.01345359956424661,-0.0032959193508060505,-0.023398866791655096,0.004609916117186834,-0.01005139955703663,-0.01453625039008685,-0.010018450018124807,-0.005681859675124141,-0.0010540918281342828,-0.009322653800645581,-0.005457561112957786,-0.0035077590896437022,0.04189159363370423,0.23819002350452062,0.499573759464068,0.46248635165740887,0.15712519193198612,0.09786055053323754,0.064610930963599,0.02288712250437371,0.01844234898069252,0.01652474001196761,0.01797510875375066,0.012746731640860159,0.012637293545566105,0.01967999245918558,0.018493179235574957,0.010461677014990102,0.005817792324928042,0.007574198903989807,0.007417075705658902,0.008190985205476746
-0.5993453393352532,-0.2589979961430269,-0.17155148928021288,0.06180059342544847,-0.06393679504509565,-0.02208149801917338,0.006103129403667449,-0.007512019479731595,-0.11798146701009643,-0.09811346076422697,-0.08446667650193464,-0.0424430115191049,0.01911710643872386,-0.0416479758199594,0.016251301851772555,-0.011424754173242731,-0.028925373526508865,-0.0021903122225313825,0.008875624168524289,-0.024067074401865597,0.34478252783532864,0.09576591904932004,0.526430491737304,0.20127610784940636,0.17744053577362554,0.06070801975806085,0.06794166495312125,0.056287840683334596,0.058990015767524336,0.05671146393428359,0.02771884294235498,0.019175077098694874,0.021303825104310517,0.02511740490596195,0.023167879424231853,0.0171016138410507,0.020065202419445035,0.01758023527425385,0.012167639211836478,0.007925569454178022
-0.27227654054303796,-0.3193201784622233,-0.3076240774423579,-0.2835809923723077,-0.06471072593578295,-0.04607091072720867,0.09954214778638792,0.05636780050190757,-0.1949999212583364,-0.12738262410808496,0.15131996547339072,-0.0002479836576320264,-0.057064663710789026,0.0017996674988805352,-0.03255454796436688,-0.006458906125023467,-0.027164900380573336,0.03520697598620031,-0.0006711961365756826,0.024914614950075114,0.5539475738341237,0.27394262263376634,0.22786909504060565,0.16316388111648147,0.1528627408031519,0.082624459050479,0.09258725175167437,0.04761633306647373,0.14365880429610312,0.07392289102022205,0.0759687875725302,0.06543908503074229,0.051161401983301324,0.031222540477822143,0.02963108609718252,0.024653625270018298,0.029293182606876484,0.02237614229833042,0.015279736428052944,0.03217687976939452
-0.14581765587715712,0.010751267236175041,-0.15332604718553658,0.03744436353516736,-0.07540561028905071,-0.05461704808283224,0.01373298331480798,0.1317293016461401,-0.21294154254668926,0.00951879785756188,0.0780824752223582,-0.020817819948562435,-0.13392200822978606,0.02073444340141345,-0.01387141851063961,-0.052934268184131834,0.030018502183500727,-0.0033682434406647507,0.009200156290144822,-0.03898002484294351,0.6867541232080535,0.31982165745214935,0.2922338748947344,0.23439191959089622,0.17715861704870473,0.11688361982071965,0.11514423905984722,0.14491602985643748,0.18385920138675585,0.04768581396093816,0.0548998849132193,0.024563307525415273,0.11975300145917485,0.03386675619923605,0.01652795590726674,0.02684728080512669,0.02420642440701392,0.018890028928505404,0.02266041443040684,0.021514090785161498
0.09318534829968454,0.04552932855348397,-0.25966948446911653,-0.2703361541656133,-0.1212800928328611,-0.3086873195232673,-0.31505341818923654,-0.0028559647701265995,0.003442284334404417,-0.11145164169360709,-0.0016833693779151635,0.020680391216285846,-0.03369777233056914,-0.12277712177259045,-0.05874757120869622,0.02420792949094891,-0.19843236728407315,-0.06939911462013562,-0.04630239100291525,-0.06441716206029399,0.3545903500523667,0.2367094977890613,0.22197573559131809,0.34660006736935883,0.1111354752572075,0.15109155256818985,0.18622007756676887,0.08510460496458376,0.19607173341019607,0.1077497333572143,0.0794078345509432,0.08636519400304614,0.08647459223569126,0.050911463290686944,0.08189136049253282,0.14116536022608753,0.1058774600862922,0.0758422930420893,0.07643168310935607,0.06539789673410382
-0.3918841599390269,-0.4043107251043442,-0.0729229812750121,-0.1708287351352998,-0.01163491509666904,-0.10020514542588052,-0.01892153253527705,0.007941532787192023,-0.12416914007414781,-0.005159141143801878,-0.011329657562640993,-0.03637492130732478,-0.05475315688677893,0.02887481967926702,-0.05715780346997182,-0.07330904149573185,0.00790103591249374,-0.05638475287846022,-0.020723432612615614,-0.0019645459445449156,0.46978890355512304,0.46853724288952325,0.23551112394801418,0.2021752255234637,0.1016479254887178,0.07222892979872719,0.11705221190715946,0.07026888064818669,0.11890824383641233,0.09677631886762818,0.028700346943659357,0.051852107094950306,0.040395629907758634,0.022226040523769662,0.0260581089406156,0.04795641407438216,0.02198514073015907,0.03062051847417051,0.02149405706977348,0.007470788224962635
-0.025011708943221446,0.09529192360251795,-0.04341277909793919,-0.10315610653420729,0.11065649479853269,-0.16520709098065522,0.0020245174613680427,0.017818635135219255,-0.05048071530830433,-0.17184018536292406,-0.22983554348667612,0.01666520329624013,-0.08999719234444968,0.028980037354286396,-0.01659128760546336,-0.12767673311110783,0.05914013234213933,-0.04563849387489237,0.09585292968864206,0.09299239522507832,0.7626703955164007,0.2872678954323566,0.18274880137558364,0.10997667619038012,0.1171236089643401,0.15467543223208863,0.05601474114946481,0.04760342712736188,0.062170132010155775,0.10459240832667434,0.15285338947988272,0.025304918797080193,0.03126913265445042,0.03379481194937318,0.01406955193035317,0.05930379244638154,0.029316512758322606,0.025280955754495762,0.05490887006201799,0.04373003328076379
-0.24099940208701764,0.33970461859684353,-0.020799281921838886,-0.018556975833327126,-0.09181968938782421,-0.07483290163709079,-0.056527761635219415,0.06010634989079183,-0.005129008123634249,0.0029286163296173774,-0.02039065171638941,-0.029239276555146698,0.0037267364599714555,-0.032405693282360974,-0.010789096167864248,-0.0231943246718318,-0.004853279985747634,-0.017326805244255724,-0.06801952200458204,-0.0061882252149287695,0.43045101685839476,0.6998390708979231,0.24014870832996676,0.15910499385814073,0.08886938260934582,0.1276352797490944,0.057820771037404475,0.05851983345795172,0.04286060594277269,0.023151990054649133,0.029973446831414157,0.03324458536796909,0.02899899879331878,0.020536304137388488,0.026427519000122735,0.020215925816308607,0.018923407582106356,0.01002778301377439,0.022975888150188528,0.012388050735951181
-0.3861625716776612,-0.44825362311578976,-0.037311055783566534,-0.20846105211699467,0.06307099654148572,0.04239679436868873,-0.09329004209579024,-0.009296918335352346,-0.11688446281469513,0.0036493112893369044,-0.04520561311594637,-0.008956824421962219,0.0006743052045438649,0.007968138047553149,0.012049118856834812,-0.0018918907762716097,-0.03849601120979602,-0.01765978323062673,0.014042173414004138,0.002290486304063387,0.3809184248632973,0.5278250057901326,0.16541733400019973,0.184595001810224,0.10820570905068252,0.10814472698457175,0.1135630485040871,0.07526806369428145,0.11353088332094698,0.07688947380780678,0.07641286461465274,0.06559109516178113,0.05840546222670352,0.04265836008016485,0.047275854560091625,0.04265238004957432,0.04238412158301304,0.04760196129260974,0.04332742518601866,0.03545498962164347
0.09523151772979115,-0.5147234273614574,-0.1773353627031303,0.027946588776564293,-0.2505146763417395,-0.12419612877981366,0.04405794516901143,-0.07715772696641453,0.007174547072384695,-0.07900341258515806,-0.066807160285045,-0.010812826684258708,0.07366175490719683,-0.049054243268806114,-0.025293924535014403,-0.06418452423318571,-0.013914066597047603,0.02393608397298628,0.061289912520244245,0.02471024752986013,0.39699488187230453,0.3625460727463107,0.4350567405459005,0.07977610120575572,0.20416830047202175,0.1277015319625846,0.11765447647534805,0.04317241072437983,0.045198731764858904,0.06073906291522018,0.0656584371398487,0.02813692052237347,0.07484934448215595,0.029578989871775332,0.02394212430654549,0.033825840779301314,0.009411091054337503,0.019271102411504582,0.03224387182006603,0.013245828620053064
-0.5786346517764316,-0.014378997846957585,0.017870341849149284,-0.08674709116588575,0.022538191361208534,-0.04131104521736733,0.022660031933346807,0.023777906963036104,0.004375345828995801,0.013165695627388545,0.010614147510785083,-0.010254539097477665,0.006035646439084367,-0.007896018557884417,0.012105473336264537,-0.00044640834653403527,-0.0010638828640092152,-0.0022869635680163136,-0.003192128983789041,-0.0005259125223291379,0.7951807377195624,0.04402765716229306,0.03671026715685635,0.08279673622795042,0.03637527628146559,0.07913637285680651,0.027655750069614658,0.038569568784618674,0.014668750125474212,0.010469945084076003,0.00675380538403747,0.010254953917291235,0.011686994571818687,0.009028967444456214,0.011320772585704143,0.002960849713235437,0.0027067424205710817,0.0034411946833071846,0.004097247224660009,0.002485066453490356
0.4863692198316167,-0.4782053556366314,-0.20674868422297019,-0.09583725247234347,-0.06336070647723073,0.05386198500129896,0.05514488207164189,0.005662940489334356,-0.00912656091264779,0.0008790495050057518,-0.004571967940683843,0.007503204511584281,0.0039763164746021715,-0.0033099742358012065,-0.007597294227047912,-0.010546515842079584,-0.003933387944338494,0.00046625618902321073,0.016613680356351745,0.003496763611182651,0.5526750997442732,0.29709561051178485,0.16703485590896766,0.17153340255431876,0.03151009887265546,0.043120177341688166,0.09748805305673645,0.03473595743282326,0.013432642481778232,0.0489269400789005,0.03641775255787826,0.037891767587281716,0.014219017814232042,0.020212990755802667,0.02672579722572621,0.0073245127734352655,0.012472803257387135,0.010914088180105965,0.02106361258912381,0.012213975873652694
-0.3870764067585585,-0.38643845876346555,-0.10916831923237824,-0.1783470126789644,-0.30661468210566006,-0.005724979796413468,-0.06566885472186891,0.003008961987752499,-0.0753687615625739,0.00218681049404788,-0.03020528356181959,-0.09003097169883303,-0.05838971234389962,-0.019638634792468055,-0.046735315608725535,0.026609946007137775,0.03056658068911553,0.028010973849520872,0.013482166236867585,-0.028774619058691133,0.16641894683567812,0.5968229318104226,0.16802615211949712,0.17976052969431963,0.23763286991586513,0.05786900863561292,0.07027635828639449,0.05632650283759414,0.0704688406068555,0.05170833707369898,0.04514862820706055,0.05432445634070416,0.054244622316917276,0.037404413529815425,0.028707485244068513,0.036643043368146805,0.03471087307452749,0.025878482015972978,0.024015448194144355,0.025842745018625393
-0.0354933930768702,-0.4539508980471077,9.036201914040436e-05,0.018871569122719135,-0.19567554207029797,-0.01740827651893537,-0.0291118997177371,0.04393099817090839,-0.06402779004333214,0.028755443042762195,-0.13760443656284468,-0.11063764896913161,0.022330067790020437,-0.05327412003139973,-0.11458356421185296,-0.0020090662233421893,0.05979724876030545,-0.11749495511211651,0.005128943828467375,-0.07915252556391832,0.4385961384324886,0.5875810857973215,0.14353129728118139,0.11946660959135001,0.17370043877819347,0.11824554721677676,0.09469361925147678,0.08064622287712915,0.08407350286024573,0.07404736800490656,0.0842978419757922,0.0773489072550982,0.040421036836427504,0.042508791364037415,0.06322718263623711,0.033474377295792786,0.044872831302206984,0.06782350846613838,0.025082639292154024,0.03377050021148603
0.5243205711149161,-0.2807554287893146,-0.14470293707265056,0.1280702492358569,-0.010821186875157172,0.02872918204519316,-0.033947741558809676,-0.005937132239020479,-0.08114515561206141,0.01681418727460901,-0.01989186050434212,0.07330077975450922,0.0474354275731833,0.03272022571026513,-0.08704528254821742,-0.0020709320694173934,-0.0015949471219807465,-0.02430338897091837,-0.0038039301495942806,0.0635436045513797,0.6420132073022495,0.15611895541245285,0.085642827359949,0.24883127234197328,0.13199157787508783,0.13124046186438898,0.0541461485559604,0.14206970884350228,0.07018305524769479,0.020426234799100166,0.01736522879306845,0.05344676044539207,0.01868315407062165,0.04054223796016075,0.03992240630757935,0.007178701552407056,0.018041312696724876,0.014316695462432345,0.021506345331499126,0.043711112219798356
0.3539184156708127,-0.22210689665858124,-0.05816547551417749,-0.0994155682752257,0.02238754296741026,0.031513159211549055,-0.0019904805461269013,-0.04057701785921655,0.019747407254870196,-0.09217094367187789,-0.08507890188653897,-0.04492113994792738,0.026948031058341,0.055010908402855226,-0.027139723441183844,-0.024377285915194655,-0.014029931210289445,0.022323056749295044,-0.007213816665364883,-0.020765367712194654,0.8165243162784833,0.18893222896204667,0.17179918336733094,0.08940855819423792,0.06475003470754298,0.06611019938324349,0.057648893543979125,0.06031256694247707,0.048888057415438,0.0664982514234625,0.0630510036805719,0.045749429592679844,0.04437468966789195,0.048034409851822266,0.03989298980692926,0.05443802854595368,0.048663393812597995,0.04165956074339856,0.0508022711031091,0.027545968289968033
-0.13987323240211044,-0.047862903760375636,-0.37022083087582236,-0.13048041139469027,-0.022365461521303934,-0.022932352210578127,-0.1372410210776596,-0.01862322019887421,-0.03661074431628981,-0.13283982956498325,-0.13153263548193658,0.007376919698859391,-0.10999453069516384,-0.07596594329491714,-0.08477934100242943,0.05110280144737102,0.06496867417819395,-0.018549011928151383,-0.07023006160513655,-0.033632944822985546,0.22273417998378794,0.26122392406072675,0.5393253198421238,0.28882291636090085,0.35924927204240503,0.16658422339939555,0.15027130683704126,0.09414854771277667,0.08690334985994042,0.08634447377252509,0.06004294588974523,0.056145486828542666,0.08156898879645158,0.10340679337266523,0.04927197989675311,0.027452333313110668,0.04761635402664553,0.04786235514728221,0.03616871189624382,0.025593831541886575
-0.21949195826118853,0.06333837073905159,-0.06556192578441257,0.02457309699275374,-0.10304487757744857,0.034962392386584704,-0.16937554685149758,0.01829653976826341,0.015968752527167968,-0.10420101176538862,0.10855164305127467,0.07080647943832905,0.016429087308558153,0.0023751760706292218,-0.022001641799789966,0.026909881755435416,-0.012530734600871882,0.00414286672245727,-0.020017151135503345,-0.012433053568891114,0.6027136359378658,0.33418732229141596,0.2867637139339085,0.22148347531627538,0.14928045120419942,0.20616498512181977,0.3291060557762426,0.12379520760743672,0.10471660648240588,0.10819981355686616,0.1437050127923164,0.09283545505018326,0.07370282498929098,0.07210898914327549,0.06157595536749283,0.05289792518483703,0.05126899476717786,0.04212305645053547,0.040228719610720894,0.045603694089589294
-0.41207888506482304,-0.2770963012558372,0.053100112358385104,0.08589611124916265,-0.1484532548516021,-0.19199989617182284,-0.10205885129070598,-0.0724223940930812,0.036943060868338165,-0.1360279257380751,0.01498351272426993,-0.029101229630904384,-0.024588203765394098,0.08813149233332614,-0.037675159175882725,-0.17678973768017067,-0.07275049120382536,-0.03084045714025437,-0.05115824285522498,-0.04028735366076311,0.29675006264224707,0.30733421745328754,0.31448855233864015,0.24355326654148354,0.17976452051123984,0.2847108779499432,0.057676703879090255,0.1685294198284253,0.047396740484402115,0.08796188525910338,0.09171266891550503,0.07040419155385,0.0520335233015015,0.20971976691194438,0.040230445727965296,0.12077534420965381,0.11851360215771911,0.06875636680820002,0.05418917905971915,0.04879912105972385
-0.6328190798544829,-0.43535187116401214,-0.017169797881737822,-0.06935475861110221,0.027974530449988766,-0.018771487320610576,0.0020611443782960525,-0.0010659398907314282,0.0029012750534586997,-0.010331198946939783,-0.022826513981267452,-0.011053107157711246,0.0020746287100606585,-0.006071547618508343,0.010837488859407945,0.004678371826406879,-0.0074679304141902604,-0.001511570170132939,-0.011242631252279187,-0.0048072406077339265,0.3951504935387366,0.4550511575133385,0.05294647501536137,0.14455249874484816,0.019719924227477037,0.07474928857855671,0.055426051810866996,0.023925015800607578,0.03774922847076725,0.021499014459646033,0.028692688654741585,0.013229324180688295,0.027140364385656337,0.014960737998526739,0.01855177262426456,0.02010945548239835,0.021701376396299894,0.019047606150436183,0.01802231011751563,0.01813995062691777
-0.1602316319369247,-0.5832620087545295,0.04618657623651055,-0.45720737961274066,-0.0650360624836133,0.0980812009992561,-0.029603953291137273,-0.013808018614639326,-0.015532860650946553,-0.02965131248115871,-0.008366336205246617,-0.02071162859116374,0.005628087315520637,0.001061434731449928,0.006325842550585594,0.006831516841967125,-0.007280018877373557,-0.004035674553229858,-0.006784051775887303,-0.007731346183338062,0.060556082455195524,0.3549581840992724,0.2234587832723223,0.4502708032296326,0.11239550847110087,0.07639397908298051,0.03603533737759002,0.017556733781089427,0.021435891961907795,0.02320422906573691,0.023455915756403257,0.03189645974680727,0.010661421159628754,0.008142161107853287,0.008664769241345315,0.01022059054172508,0.01723257351068589,0.007359519982336876,0.017922619199183008,0.010765639297129512
-0.15798809486385126,0.02079359236646872,-0.028421146639973596,-0.05316164728635295,-0.005333595313950041,0.004108117357493442,-0.010774612070329164,-0.021928995129489735,0.014526560422420376,0.00301232825245358,-0.006634051317341715,0.014126088539080968,-0.01453517382742613,0.006382544109082734,0.009497913341953039,0.006808150654435315,-0.0002806318175974837,-0.0015937368842164287,0.0032591420883973684,0.003721343483331553,0.8573877809141773,0.3826409104485177,0.21446234178676302,0.11921821361943283,0.100709779192544,0.0965688240198867,0.05098371182826328,0.03384940777703834,0.03926779973401723,0.02191497009486411,0.024283185522293502,0.027347271858673892,0.02024729141066383,0.014138737258318773,0.012424938703361588,0.008466711162695428,0.010608326221739291,0.00908324714846118,0.008225497715306295,0.006737499198712688
0.07674257782071946,-0.29486508689641333,-0.48714621073645165,0.09660588948731708,-0.06060223668547426,-0.07319146143757826,-0.03543985568824418,-0.06317640166705586,0.02652508222342252,0.02097998203796173,0.018716406083161947,0.13501413250561137,0.033196639607034534,0.07374210462359616,0.028518935062198658,-0.038661425776838426,-0.09336727535667218,0.08754183261172489,-0.058459118686847646,-0.030896496010247024,0.4958848989241736,0.23146531412148794,0.4146913264856634,0.2050370031087338,0.16262996071494798,0.13096779986075432,0.0751653669059405,0.07645362292148636,0.047773632831927565,0.041672834081822326,0.037903851149184466,0.09936859480986589,0.07679738522939544,0.03688198530449838,0.03249011518800564,0.020929475775755612,0.03323713503080182,0.04288292132709952,0.031266966268987784,0.01828423736023413
-0.1946729504789092,-0.31942008919865283,-0.15433216676844771,-0.03668404327197772,-0.10152615772432916,0.040319815452731694,-0.08836985828568798,-0.004269053711448783,-0.015460417482155625,0.04168377408303432,0.012487509678323364,-0.0003540318029850079,-0.02504641142495938,-0.016282452980385644,-0.009934315216409218,-0.010080948060789007,0.00639324999851583,-0.003438190143054374,0.0019625693872997486,-0.005207485871512459,0.6164255901656338,0.332792791663326,0.2122316558090268,0.3901435150483035,0.20825795572614467,0.1266033650026561,0.15093762710282838,0.09932952596787113,0.032047800517826984,0.08505943620724134,0.09519892459552877,0.03952829056250755,0.05729976178654797,0.05394585068995659,0.05270662801125801,0.03684089552209655,0.0193970220198684,0.030639384291275242,0.019077479216157888,0.03016865871443943
-0.6683585397085993,0.11499142137898329,-0.22135634842675006,-0.15173726919600625,0.11497884462424364,0.005394049792239516,0.02875354818237116,0.03669524749210454,-0.02473841715202296,-0.046502785402620976,0.016697642878191518,-0.04514331259847748,-0.014465309274334143,-0.06408315532351772,0.030005325931895633,0.01749500848539456,-0.03363885231655722,0.02838139104012352,0.03580326407689659,-0.019963035979501387,0.4918342102079056,0.06313428781060826,0.17842966719091186,0.19435096266679014,0.15321582550507343,0.10176685253262414,0.05299613940002255,0.11044984914231332,0.15137301084697338,0.0798773748644082,0.12644648634571445,0.0659745961678244,0.049248560776910075,0.060658438810128106,0.08744990256136885,0.03012027977268388,0.058971615161262286,0.02981511604975363,0.03286872970766468,0.06572508492920871
-0.2737630190760841,0.04764203521154101,-0.16373428494971715,-0.10252436114749454,0.030479247314347375,0.0030937451048145704,-0.02622615226980293,0.009617192845296201,-0.06284506602437137,0.00368423553270054,0.045273301496261825,-0.08093165931062239,-0.020837355883533262,-0.02059739531874239,-0.013766749396622638,0.009559567745456599,0.011255601481770308,0.010381292395011534,-0.005500284919206467,0.0031931945942132865,0.8434885159652575,0.23005333796753785,0.13137036908930427,0.1665954469182435,0.15877580733041008,0.08995572783760605,0.05689211743923323,0.045354340652997926,0.07401607055623444,0.05367309631465328,0.057458260137868235,0.07526728656110168,0.03164338244809139,0.03907935957256444,0.017490656464376964,0.016691461961505182,0.020475094123862853,0.02569828392296976,0.009188182242097815,0.012651149934711716
-0.3513308394913619,-0.3638004704630558,-0.03170861468633327,-0.22428717857110425,-0.30507082929606916,-0.26552664710095025,0.11565043624234601,0.10315644901656403,0.08065149739375821,-0.022075789955557434,-0.2417343390864965,-0.08981129312098185,-0.06694143837138024,-0.06544127935847227,0.1069888356573632,-0.06340137310204189,-0.08530023899960941,0.035160732469740906,0.017286790617662025,0.012146255046636564,0.4366726348694375,0.2679923264158149,0.05312315931349848,0.217670251602933,0.19701715382583568,0.10109864451325637,0.06816072660572133,0.08130661422986586,0.07811967871731926,0.036025364778076975,0.08804527304695808,0.03705467026355788,0.029534675833272104,0.020034003974012355,0.06073167270552146,0.024755241195570533,0.04124663066037248,0.031554319775782505,0.011059519151251513,0.026760957207807738
-0.5963789529847829,-0.15933130155457964,-0.08909092761342356,-0.24290807195391473,-0.23013798587596337,-0.03242724438773209,-0.24356351612582888,0.07147790813972459,-0.0007616899319771382,0.04765424300537405,-0.026216019312604068,-0.17478441625676255,0.08407273032133457,0.041622549812415,-0.03165313593110157,-0.03871409252522039,-0.08009001733385203,-0.0445766646505392,-0.02497953296404835,-0.013939889248117903,0.3002952502854713,0.27057540257856133,0.24819699360872588,0.20158071677083567,0.1859845197842125,0.080688462341457,0.18414157192753436,0.08718848433807237,0.13288526724290367,0.030928007777060795,0.0316431811071934,0.08738848917734163,0.03318395798429723,0.017507539091472554,0.014711419852020274,0.019805779006924564,0.03756660388787859,0.016979235208836558,0.012982656565233454,0.012415300686892361
0.036515423048596875,-0.452622375544874,-0.1508375074829011,0.17795790100399564,0.2546375725217936,-0.02916468752609543,-0.1260042290298045,-0.031961659303522766,-0.03415800315709219,-0.055935634646525,0.08746526985121178,0.08733035042061657,0.1804935926844717,-0.06767318820182679,-0.1420713666208452,-0.09823896735796038,0.07680093510430036,0.05103965400087465,-0.06938585767067838,0.08041659339132869,0.3764728617815826,0.3978146605827716,0.27191729199698994,0.25882974472074094,0.20430935196557531,0.08640426325223416,0.08110144025094435,0.08400179542307423,0.07465869749731872,0.03775468987591067,0.07512666178494264,0.06904513485221192,0.0899419669877355,0.060489745821682796,0.0838401223738728,0.056845516399098336,0.0276230971189939,0.033606286600511015,0.05374774955680875,0.049764593694933634
0.39344852101102307,0.13526543396670554,-0.21266498218943847,-0.30320059281906747,0.0863475976073727,-0.3879052189369753,0.12323295137586297,0.14921571201388162,-0.14568024631280369,-0.015436260465165804,-0.1387627860954547,0.0032576541172608135,0.05062059546729985,-0.06160253004708162,-0.04023306950690339,-0.04580787912091604,0.008791507685158517,-0.07546029337305044,0.00450202568750858,-0.04783872067566089,0.3525984244301736,0.1838682384843642,0.1474986674107468,0.23449752825665,0.3132194037311039,0.1960112787085528,0.12512031656658315,0.10783110297047743,0.12177214660865876,0.0432936462536243,0.08472180081858352,0.01695490606549116,0.044562672443125416,0.032893661821504175,0.04976257536642091,0.028757377933929785,0.048999964331841735,0.05621533640910589,0.01365649919897652,0.022596160704729865
-0.2985308453061854,-0.14147676717183233,-0.1050616788709444,-0.022073753228754475,-0.126595155776728,-0.09734497495183048,-0.048597789212615906,-0.024188929475514886,-0.1705200144003012,-0.013879064368555074,-0.12801433687907104,0.06804028060703676,0.039462393625588205,0.02895958093076652,0.02223487443162593,-0.10401363722130244,-0.01138688154252746,-0.04487016285540035,-0.04951890889724358,-0.0460940196333734,0.7046904250611729,0.4632300686017472,0.09526756405847543,0.13305391202069464,0.10576951089684296,0.07831273802835455,0.06281816047086643,0.026497930174014174,0.08855428190740092,0.02389666908170212,0.0730398491680909,0.038377380489633184,0.02351379124263302,0.025672418855837795,0.018611036727242437,0.04668216671975229,0.020495085153037024,0.017083475549678047,0.019327515451979277,0.01454597087479229
-0.5408434762361124,-0.44838142466756015,-0.059781044507559236,0.028517328860853154,-0.04583678339128529,-0.018756627661816936,0.051726140328583387,0.00997856610697789,-0.08200989901893155,0.01881024148566494,0.05484865116283948,-0.02634825789142006,0.0025337336177790114,0.036187699518996065,0.0524196127299659,-0.048370997326382247,-0.013917974990197902,0.005562069607488679,0.0407225810587744,0.014292317614309439,0.24451489852693448,0.4554429929301696,0.3341576187864121,0.22018774214431117,0.09792747976304618,0.10844260109629444,0.0702128026114524,0.06208389214725909,0.09431685411581711,0.02854525728934636,0.040260768521006664,0.0406730472899582,0.02723764231763861,0.03478342463822465,0.048335147577357886,0.030921035256450475,0.0228529908899284,0.02016836534661678,0.024207174011345665,0.017777480001128245
-0.5475934856152852,0.10580748902032389,-0.11658329495513356,-0.23419984035353403,-0.21854746421224788,0.011360321271791146,0.055017970134575406,-0.13571278045355614,0.03705458867298975,0.06351125021215212,0.05132262290631374,0.03423644793973655,0.056412286440589605,0.10528262669125191,-0.09815360056307851,-0.10039781192812768,-0.06275559588902059,0.04495621726227837,0.03373960109818771,-0.059065701163441627,0.2353113988890981,0.43448897957293164,0.3130670035962652,0.1838361519149635,0.17905263333183413,0.1289947713227876,0.14410206863920869,0.09489296172336445,0.13325266014298778,0.06328436284739598,0.045346561102388536,0.045366318210701244,0.034593429694560404,0.08513021117042799,0.04748037595556224,0.05280351218144864,0.024537741462237046,0.021419515014740664,0.02992186340786307,0.04051351552714642
-0.1080301037220776,-0.567250014238714,-0.36501058944575077,0.0008716583349168375,-0.04868145215592495,-0.024315463319157238,-0.005141333104263939,-0.07839942970912264,0.06883845237954189,-0.08670670328233836,0.010846941977108568,0.03348276525933753,-0.01175579938506487,0.029891528464420947,-0.010205539058383508,0.0055858447443392885,-0.0011656492337660646,0.012206877106796363,0.012458838804316152,-0.013316190260964755,0.109781629933496,0.5834279846237806,0.37280168735488106,0.023999156073574168,0.08041533591185897,0.03585419547320061,0.024760825778255047,0.0381427331432775,0.04731170313772777,0.024282944512248914,0.025288856401200457,0.024699032173912307,0.012870934841372755,0.02499484807860277,0.008250415512461865,0.01400188563762261,0.005584800543108965,0.013257092677810304,0.023516283075830518,0.036529339304744425
-0.07509695352743168,-0.04906661698232206,-0.18315216894655736,-0.09970969108672083,-0.008290161035934725,-0.04217401615022752,0.0063687226212840176,-0.004751578592583047,0.001964847297148074,-0.024924417735542194,-0.02842085992508573,0.021099190601255993,-0.019826155720765713,0.0008838205713515676,-0.015568004564446427,-0.0026569136143557407,-0.008094583809342554,-0.0039088409624202,0.006747669841999699,-0.0011758178782730615,0.5167695065013417,0.6940603052189281,0.2502109312402318,0.21678293214648794,0.17889850025036766,0.12307880118201693,0.11338660945116885,0.1008937818225674,0.06454401023928096,0.043621779105358034,0.04999851445183628,0.04316538809901144,0.04012874775485011,0.026598004842258237,0.02233803071057258,0.022211436497300743,0.032492754583335566,0.017458127454080995,0.010955805418129433,0.011142037351408764
-0.433429726333273,-0.2806857864784588,-0.25068401727788187,-0.009317111274985274,-0.33598049714129746,0.032029584788912095,-0.02095304016602608,-0.05263498336872,-0.0031840087072826776,0.060819924791887074,-0.030843307617627404,-0.011160448864724769,-0.03538836124378036,-0.019582972002252223,0.001591487958151521,-0.04502929885320068,0.02281801098673739,0.01563676061466206,-0.0188287185372239,-0.021612980949754668,0.2820598192096652,0.3284245924020754,0.5215921499375928,0.17534860790130735,0.16662597785822825,0.03220262090380674,0.11646661788699175,0.032909153766439,0.05580893940090918,0.041491366317031174,0.013179955890814306,0.027103292783222675,0.02497890432359457,0.03714332750084689,0.01425939902746744,0.026030569499651577,0.021561660190677897,0.013179110227050763,0.010533409158771705,0.014681871114767375
-0.3051148745909807,0.06218589996718549,-0.021593514795523575,-0.07806252906763499,-0.13869059318742724,-0.22635839048539577,0.08153519108639737,0.0014320751888561008,-0.005930019356641674,-0.0029594704199818887,0.07083228739670365,-0.004701349212141384,0.021243136666249177,-0.025522448712192256,-0.013068357532740238,-0.00039194615924746895,-0.0020055025140907246,-0.0024105178369552846,-0.0027701914969473253,-0.001084598933260937,0.7075529040546594,0.3074629522208832,0.2070770919110599,0.224183137772009,0.15934368275782274,0.24649043020062186,0.08616831745730083,0.06338636996083537,0.07899524640615475,0.06752450024081086,0.10182141031683521,0.03725784730410475,0.032820077074831124,0.03190907827201097,0.02665540082724114,0.02611681341372807,0.01635462605425692,0.019441643507026353,0.013222800541127462,0.014862698059528803
-0.5624357755251984,-0.3284515245643497,-0.22246606185309917,0.009585683329509346,0.0738743442832972,-0.09096997728511272,-0.06610340650569932,-0.11529904213641437,-0.09173771848852538,0.03117099060467792,-0.10529006639844272,-0.014042974228342981,-0.05642140316994649,-0.032514804169548606,0.04014603396127236,0.015961318625327042,-0.012609068757365397,0.009868014891789526,0.004999787820889296,-0.0319906692198787,0.5878036965939967,0.28808035230198586,0.15409390040445717,0.056639606380404384,0.04812518717835478,0.04063752769749253,0.0256925642820062,0.030744747246968525,0.019683717943641148,0.021300089648134478,0.04860871270756439,0.005241067424861874,0.01062564025451801,0.007150192841217592,0.026419077784397702,0.030149752337144838,0.006181535683811813,0.023166781587241343,0.0031591950510308875,0.01034678149458846
-0.0026046209627687764,-0.5824330426953607,-0.00783250783576689,-0.36103887414972363,0.12457143746690394,0.06424613615264171,-0.08478093430651852,-0.2559122334747915,-0.006478728528399989,0.13495467171892758,0.06211380552526096,-0.10272493787790095,0.0009466504724274743,-0.03724214890231459,0.01275146426631022,-0.00845625147776916,0.014982399820271445,-0.004963223769745539,0.025510175758603912,0.0005679794712103784,0.3328648514924376,0.49036147806662045,0.0665881372886458,0.16129046472898698,0.03877014200188866,0.02981118653727938,0.044149047580611646,0.1146601549282388,0.007383038268886687,0.03790067131990345,0.01039747283090737,0.042270519548155125,0.004817344875017977,0.007788415647703738,0.004861355655186163,0.002802078498298248,0.0062073867028230615,0.002670782067184067,0.010169897462043352,0.0015456080776134465
0.005702743066924774,-0.16925257760160145,-0.2552882776473067,0.09652016388820081,-0.19284974292328785,-0.1923086272512417,0.0996617602280824,0.08676848197938761,-0.1867321077094962,-0.08872970589976188,-0.21142880852036222,-0.04054205379083016,-0.06257180742863294,0.028873583539092706,-0.16046212727508571,-0.009451097395085562,-0.016945290796218433,-0.025817712815574004,-0.09461349345853855,-0.08433994001559829,0.41168470607515045,0.4333307904576394,0.1570711835899466,0.31921257053840735,0.17046299819320293,0.20082309953629773,0.08542925468156107,0.10832855510912573,0.11257727699700804,0.08171923810381145,0.1361938893237114,0.0843913372063441,0.0561073164513596,0.06123342814327632,0.14043216791495453,0.06235806158481281,0.05044886000512286,0.05798633594894095,0.06875813124038158,0.10045807492486297
-0.16246758631713448,-0.37173796690155325,-0.14855165421439145,0.07038471419448683,-0.06738911362663381,-0.0027288840620191958,-0.03108266339348905,0.04682269812250254,-0.004653354159296217,-0.005860411601189646,-0.017688487315219745,-0.008728711787353455,0.009039704852179819,-0.0022958061088968387,-0.009777678477070251,-0.006153229445902801,-0.004518122966956123,0.0013656725686632756,-0.0017149962883678384,-0.009677502692805992,0.7267418128725621,0.33214845025463674,0.2834604838882963,0.16616224142869687,0.08884906843765787,0.13423669614826972,0.09914109491319197,0.06673073311632194,0.0695413109169305,0.04227492241274126,0.041246472591979916,0.03038569352091029,0.026360783957681183,0.026408512682754855,0.032702446531291986,0.022274997411783973,0.015970018864199454,0.017600003943158835,0.015477152088503723,0.016135368232668684
-0.5433018199742939,-0.25584024029639396,0.06989070875837373,-0.13507011501406993,-0.018191835842633647,0.013164789730761212,0.016268604479596823,0.009423168127051906,0.024058480277313957,0.036191640381460666,0.013701015121615503,-0.0008277866559272373,-0.022308412810015284,-0.01849700097990207,-0.0302073389313702,0.008692296769014143,0.011545853989368712,2.7555661375396953e-06,-0.004554270608806713,0.003888857473450576,0.6743567798215332,0.1625936730782935,0.12694939217566148,0.30164174442770364,0.04697505277677914,0.09438147398546745,0.028134875589751272,0.0386108262199176,0.04056502011504285,0.03753051459197074,0.034238428523713324,0.025231107474686962,0.04571811753380059,0.02708761204752221,0.019782062720230496,0.021703824472891525,0.01660703771214171,0.01431087210009048,0.020906063480887388,0.01212692274811209
-0.25744481390866947,-0.02332902765056035,-0.28442559502936865,0.33176749143716927,-0.04135914327902499,-0.06801077667354667,-0.07470601579460645,0.012052096079141001,-0.024805382447184766,-0.06046739228816954,-0.0041084401640671345,-0.05069378748070836,-0.039592481346540115,-0.08268666126610508,-0.01775758742576188,0.06008756818432519,-0.03024273797237081,-0.005303965797590064,0.006904821487036677,0.02011652207799811,0.3924058442939363,0.14483654142330424,0.2566735476729959,0.6610924107229463,0.06730270902798796,0.1121685057160707,0.057087951324842914,0.029650340850022227,0.015927333367124253,0.05840455323565627,0.028622880235765414,0.046094216999323694,0.022390629001812695,0.04343109790601163,0.0167868863545277,0.025983981632787343,0.01062927412570928,0.012178416012253552,0.011597585720762681,0.008997237374722444
-0.13618489441725826,-0.3607704660235432,-0.2916620784759046,-0.2864562685120335,-0.05487635948535969,-0.08639963431322217,0.13275857420155623,0.09992834820346388,-0.05195901451456252,0.012284915337339901,0.05060999201888006,-0.02533203673347009,-0.009155525370500222,-0.0248715183050272,-0.012990121757959276,-0.025789990242314154,0.043967399033097126,0.026834157832147928,-0.009820113460507004,-0.011038015263474189,0.3725340690989894,0.5806219182239423,0.14769397023964986,0.2469850356995993,0.1662535314842066,0.0950998010250613,0.13813782361195037,0.07280998670350099,0.06730503409168304,0.028780541871405,0.05556056999280552,0.05275544996814793,0.029936231578641052,0.03540657183972181,0.02149034224173645,0.019359012636989567,0.02513629436878033,0.021216306458792158,0.015222644514698212,0.017647359378605294
-0.29986348942257385,0.10672317334184712,-0.0009018139027522845,-0.3360343229519091,-0.1448761993275808,-0.05296859046413901,0.12630231319971086,0.03522325881994594,-0.09475724231942285,0.012989413772464436,-0.025411932683660945,-0.0033207337470725655,0.027585235393102033,-0.031068709948750967,-0.009612069612133069,-0.010275689966514383,-0.007474094847335536,0.001742058158224061,-0.02999813779655197,-0.01707018378350358,0.31247361603991397,0.595781533230501,0.36034078642677525,0.27612983747349795,0.16597363364187523,0.12019441417858168,0.11011374363946343,0.0561288565693262,0.07373510951412648,0.03478993367811101,0.058865800594113164,0.04679875706266663,0.027613862718000152,0.03349088880452026,0.023671685554714054,0.013100254906237696,0.020745573240192192,0.008630726687126536,0.012889813606170294,0.016061172585524808
-0.18106507286365595,-0.015188632569604062,-0.3521351803036065,0.16596448781395465,0.1396495667373436,-0.17065920056530748,-0.08665694307969468,-0.012888201004170971,0.003904130877716267,-0.12435905623834156,-0.012892408602099335,0.04393145903422678,-0.12301136868142404,-0.09550769431479968,0.03719024373849379,0.0424391308360672,-0.05913819932503035,-0.0383066674505424,0.0029616773193195133,-0.018580159240021404,0.5343068478155097,0.4319393270755917,0.3840059127967468,0.21287519631834803,0.10633798637086823,0.09776913113099504,0.07074227519324011,0.0546765883447916,0.037951944010735664,0.06559325163256698,0.027843348401221674,0.03175403272760491,0.04974203463472137,0.0499300167029037,0.018257017293836657,0.029975408118869784,0.023105508588627848,0.021651549032717127,0.01308666257164061,0.01464365395674765
-0.5580070881212785,-0.20044609182989553,-0.04236534016462885,-0.03915248700655724,-0.06060385245444189,-0.11238898666666973,-0.17757400734786458,-0.13992872534934575,0.001502599913158621,0.05737129102417312,-0.06253879779322902,-0.02591245053784404,-0.0692938216167389,0.009799738769352058,-0.003957330017001869,-0.0004022755561596923,-0.015294996867202782,0.0025456004418193583,-0.05527447912038371,0.03501324092245455,0.7311435007617962,0.07210357041232224,0.07017525650480783,0.03357807810839479,0.041660846917620335,0.06678066439637942,0.07021773988256025,0.038512564397999306,0.009855735191271829,0.01767795847344646,0.0210912753882226,0.011950431186796163,0.01939634649371372,0.006985626529532165,0.009573957649800402,0.008194818206931308,0.005256787613413791,0.006533938470293403,0.01140584386991004,0.013463382574635436
-0.5195378041508013,-0.3867744064945081,-0.12714094247013508,-0.15356373593168407,0.03923510477050213,0.06017162371866634,0.023670200636602266,0.012724367337853619,-0.04650053506853517,-0.017667029504880097,-0.0003585788782119047,-0.04962666151815897,0.022861298236394365,-0.007291732855426934,0.00500457241241252,0.016569543299605458,-0.033427619592866505,0.004405466301672049,0.010321512450423937,-0.023394504391987685,0.6322205111422354,0.337991109509817,0.0822822607694659,0.06223220890264777,0.026314102662319958,0.017547078807735768,0.01661534088097922,0.007682106289649561,0.012446245111777185,0.010012511402372044,0.007729820675721733,0.020017667479279775,0.009090429994469386,0.005611277771145919,0.005184876406749297,0.00821297984148051,0.01084835992975738,0.012490485302556673,0.0072255965843732095,0.009186295276637514
-0.01893772189525664,0.11980878336140016,-0.15902896046794845,-0.11596317045747617,-0.39621226998005954,-0.4342942169859614,-0.09225737039527539,-0.26667212162456233,-0.002543352416972599,-0.0974290465322224,-0.08078553675217609,-0.03851364526733131,0.07057267422023031,0.07139745581264602,-0.09486907364613958,-0.1606695504357014,0.006696548975727773,0.08262193902921922,-0.04034646689284497,-0.004657126591460004,0.37272761000893867,0.21416445365833434,0.10466611726599478,0.1666589270119016,0.2269714213347719,0.3587032081261057,0.07731048819154031,0.15265523994883218,0.058449762477649596,0.03736759945730203,0.040211506772782485,0.02809269528231475,0.03622758783324207,0.030663562538975172,0.039004100509523916,0.0709254442170203,0.005140146991772813,0.02777943772656856,0.020767986131060567,0.012904343603300849
-0.3709898231277006,-0.11195752546368416,-0.11771903276233274,0.1348075761012157,-0.02104840784597165,0.020674891185627375,-0.1196969529096469,-0.0010022855926391976,-0.036511308220302484,-0.00992595071555753,0.03250438180860644,-0.016456745055095524,-0.017846627606281546,-0.0013378602981782245,0.006303616171794081,0.0020540247306289313,0.0292173908756726,0.01759348746252592,-0.008252276154634523,0.014944634145625614,0.5780755682570274,0.6352717451846275,0.11799225623493616,0.1466775960512578,0.03166427179748318,0.05837478856050862,0.07051913049560106,0.03107965687483521,0.09076647529915323,0.02306364580634491,0.02057468116195629,0.04086942546516524,0.037234683004487734,0.02809287415905339,0.015584782528476239,0.015780149735819753,0.016243185661203096,0.0195137861512193,0.01379927064128533,0.011430465004413144
-0.644922220241218,-0.09992812271128361,-0.12825764012336785,-0.03341201427579227,-0.0786431253712103,0.004095284125860923,0.042660054409234885,-0.026895414668401084,-0.03089704471519227,0.020707184962497197,0.04182937804648232,0.03284981380630153,0.02199929605183618,0.00438698284283042,-0.05193827592109137,0.01024912991112641,-0.022939227304164523,0.00032406785224305096,0.013314240547174032,0.04138191039963747,0.4279477021716535,0.4231006745977277,0.33511710575337605,0.14154191508239553,0.12465691181365893,0.11629293328846664,0.07793875449719911,0.0423288909693403,0.03616475976343796,0.03325469338077128,0.0279566283549916,0.023516759882125322,0.02257056636505806,0.018101994945217765,0.017189684455522117,0.015791999810893746,0.021604843221403616,0.015601156201924852,0.014354835721333548,0.019423692043233992
-0.6129079158823459,-0.3379168297158994,-0.0009340923049211986,0.12317990313593846,0.06208806548303611,-0.05987781049921189,-0.26513886948681653,0.09504721575063088,-0.15439413119462558,-0.10282845037625994,0.05114060125763723,-0.06678549231014766,0.005458638128524121,-0.0005515991010033635,0.05810494721233986,-0.015413899037007822,-0.0038665672069611396,-0.020354467885510156,0.014527128213778079,-0.025467565604458054,0.36018046555323346,0.147243874080871,0.32007450440262,0.14164343381627983,0.10921774513812127,0.13622017910963272,0.1728762329635219,0.08343690436061477,0.08669471255737744,0.06681996348022495,0.04108822998742986,0.061157795592175525,0.024189269064588587,0.014747909462337188,0.029316535830789327,0.020918491391841668,0.017054510892580223,0.017369210426689357,0.016489827636531403,0.012737407172094359
-0.28557889427633365,-0.39223193290031566,-0.18750151285104846,-0.13701823446919686,0.028268212438990286,-0.001918926553876652,-0.039073766905455685,0.012347272823736795,-0.022192438937402328,-0.014407674387104651,-0.005917219899240183,-0.017767207295914057,-0.017618300921597628,-0.019915767114811994,-0.0013727494617706646,0.0007961967025098012,-0.005648759563204962,-0.006564161890886537,-0.0008137661366928386,-0.010300597268217498,0.12119827749678633,0.790718186045797,0.10059376814648043,0.1957604478079933,0.060839766971833256,0.03182275257929486,0.04582105713739456,0.07190944147395709,0.0390228357036653,0.026375318898623143,0.033906013922699194,0.032794167382313034,0.015588505470834369,0.019430813947207737,0.014387472202710213,0.009010553024118736,0.01147488521313751,0.014604041402298254,0.006383463767903397,0.01247855874798416
-0.5209340092797713,-0.40534851925671805,0.188140294802206,-0.22500940231373448,-0.02613860182210212,-0.0416674439686275,-0.054565056724659375,0.028904422192051624,-0.019947123643748486,-0.07733109736049404,-0.0520562314330835,-0.104223510886092,0.010093915714541025,-0.00239755325381568,-0.007372818594400566,-0.020991582708160695,-0.023667659558157587,-0.0025132201978528977,-0.023921484319162037,0.00012797844167444637,0.2641997764427888,0.33468662299049806,0.43285518054294614,0.17775240904591652,0.17345244783001135,0.07099115814944278,0.07360909900280076,0.02148649870770934,0.029020422699984772,0.03844696932245062,0.04528432491202803,0.038304707869876706,0.031111130078211976,0.014939089277073572,0.022246535374818254,0.015844944102361848,0.012191520599091002,0.018170515102526215,0.014023584632326759,0.01174475267887445
-0.46511880884152973,-0.2585689565794709,-0.35245688177368256,0.18743410637133998,-0.1027200729699857,-0.21350174783038003,-0.0004150755261166926,0.011937297391134027,0.01688342416922499,0.03037983487860516,0.0427428165709796,-0.07823808236361514,0.008934272651700199,-0.0323381709112031,0.04313495395658037,0.005543898772497624,-0.03713312050193521,-0.04943100612723195,-0.014326852667762874,-0.010951675626619539,0.3009519871124923,0.452966123387901,0.2733224106233031,0.13163991844002793,0.08515926116095134,0.2624542655139511,0.06859842535666573,0.03519506976519154,0.05911195889611292,0.049630507791623805,0.01553407168737295,0.04283271266861937,0.018301116674344173,0.03475133850474222,0.03048622035532785,0.02438988521323147,0.02123668920462272,0.03251484536109554,0.03513671821258607,0.03383982226259098
-0.3096348256583968,-0.14679001505131015,-0.4735215568441786,-0.05288306604241795,-0.04717620250537511,0.12995306208752938,-0.26351271462206893,0.038708837817700875,-0.02115910096665643,0.003651433796136098,-0.046607334209340136,-0.03715179543819233,-0.03230358750357154,0.07573535621646477,-0.003048326988544061,-0.03524992648558812,-0.013082435813039734,-0.03196389953121928,-0.027351817654622967,0.012589566468174338,0.15041902736272122,0.3532629923098638,0.530745004985245,0.23551876101313882,0.08813510571985328,0.10513829054223772,0.179372568652125,0.0824185945055975,0.03812149014201838,0.031042431793970596,0.03183890463655091,0.02954825497853557,0.023574100981246217,0.03282293980895522,0.020247362372829883,0.01744352558743079,0.017066046413574513,0.02561352193630654,0.03278093082022709,0.017963113049905804
-0.5033769374469271,-0.1556366089011125,-0.18826798149848095,-0.18873907924871788,-0.02469877252176657,0.02739252511840664,-0.07434277050167573,0.0084758259302448,-0.03861606508811882,-0.0025843709830230036,-0.0004905356235996665,-0.003106218349067293,0.003178857734895068,-0.019723513772036218,-0.055055457511473026,-0.018296538507252155,-0.006615778098824029,0.0010485938161926515,-0.0009418844800951384,-0.030496665499517864,0.7490498611722901,0.08176058193397653,0.0903608859097584,0.1831964851966008,0.06596070001667138,0.035363744213841995,0.04666677915493998,0.042890435177229534,0.028307254211280903,0.03498518093681253,0.09760678077109375,0.04090415200809068,0.026480417411651268,0.021982114077659258,0.03977004069296119,0.044343348520542364,0.016869076097665997,0.009037770801135646,0.006068785072970221,0.025449987101426524
0.2122701647249415,-0.5720250443934797,-0.08028802765301782,0.07161182854820466,-0.011599010435196792,-0.03766708219281551,-0.012035488781730483,0.005099082685448174,0.026880039485297727,-0.04778376318087399,0.01865675882103836,-0.006451060670924335,0.020714776104598414,0.02101563909403505,0.016555104114138634,5.2547236734783425e-05,-0.019336287581796067,-0.009282188004407417,-0.011168089597466567,0.009249459506553192,0.2778262026234356,0.6383584559681204,0.19933507906361037,0.1388967843813288,0.16175183938392926,0.13654264148102152,0.0479302009018438,0.06000653183386657,0.05528121643492221,0.051241899505162836,0.02340511916639571,0.03886485374371249,0.04347475980170593,0.04340383939146012,0.029489295010307826,0.021907907732771743,0.020453759743339777,0.01908040018328515,0.030871580423574144,0.014108971423190803
0.37937566136212003,0.07593926597364188,-0.1476959922400137,-0.32704116493953234,0.08486259637872656,-0.1467480734512482,-0.10826937539693576,0.12084002669922506,0.04062372893676584,-0.038096503670863785,0.037198531331869324,-0.21452276961888053,-0.06160571424836724,0.0583539615522764,-0.03702779069874048,-0.13688115243878074,-0.05009761835819052,-0.16645672697258476,0.05757383050446988,0.04777661819187328,0.6717146692836508,0.09062227090157861,0.1324115884330438,0.22325657381737674,0.07712864720140143,0.044671915881156786,0.02464056770820681,0.06098376004453949,0.035720487230060605,0.02235524430198346,0.02097351419396411,0.07852926199585356,0.01671582779029285,0.024364677064343938,0.018205176365248814,0.03815615324307747,0.01187138970559879,0.048992138349852,0.009978620906103196,0.010213757604274067
-0.37452237300762287,-0.14720034092362078,-0.0825322596925085,0.006683645033748084,0.017437313794697363,-0.08845965976828235,0.03034299113288345,-0.05203380054977394,-0.1527765755178006,-0.04409034310127585,0.1320958906125307,-0.032446915522468804,0.03177591424765839,-0.013403869792592511,-0.013820966040862224,0.0073930399534985645,-0.07590716570608796,0.007026081807179667,-0.018612024044873828,-0.002546929121961688,0.8266742313483013,0.1202625606388813,0.11896300925306781,0.12566271931588122,0.09637021579599403,0.09463423531685407,0.04009439802120914,0.033708489607724594,0.0781061323239151,0.06444743567793285,0.06591831844708416,0.02610530495366799,0.02468746770686558,0.019177182608034943,0.021404245890992133,0.020161224652932182,0.04153356588030553,0.009289346821649405,0.01451067206114318,0.011729927649685667
-0.47384856270112574,-0.22198929417322144,0.0075657057012718625,-0.02260091270368119,0.02238550441779151,-0.04802668647451815,0.01726865651247782,-0.04202317618706168,-0.0281142646447573,0.015920121628386876,-0.013907258442451793,-0.0010129001526137142,-0.01725571522495792,-0.02062359446804561,0.004730800169274702,0.01015394441740516,0.005296740213253018,0.0018358500029286495,0.01080383888684964,0.009786908344573455,0.7628086246223457,0.31569430568048384,0.08548710313411649,0.09191293252489048,0.057438005171808096,0.0863874897588847,0.057049231076830825,0.03351828046506743,0.031511596590985506,0.03093020334445965,0.02275441064431332,0.025252865372814598,0.02375593003106286,0.02708114135562244,0.022950341923691806,0.015136772809359008,0.011202326988827624,0.011936492735424372,0.014250211213944743,0.018760011963802357
-0.24988333482517514,-0.6828298854282648,-0.3372559726272892,-0.05426978758692211,0.030263444745036835,-0.009511538255388871,0.010139708422750226,-0.00044863767337396097,0.018356706830813103,0.007994603931139323,-0.018156192519735728,0.005687483732680119,-0.0010013206946783168,-0.005977539143916587,-0.005068899708990095,-0.002442085520962131,-0.0099073510902435,-0.011095431817368441,0.002773555837760493,-0.01320087929819167,0.08500002292620285,0.47490254591402675,0.32979018396264553,0.05626485966936939,0.05299622068721101,0.035676254880641224,0.031157844545415307,0.01275407443477082,0.017439549408390622,0.015039230969986885,0.019441569007177487,0.01436227110331641,0.01358973532728972,0.011731784558129066,0.013124454612144267,0.011886653199820865,0.01382359244784905,0.011707483107371693,0.011933830828276915,0.012264347803880464
-0.34075798401242946,-0.20344839824067013,-0.42229578750199304,-0.23045656639700168,-0.13822099528872955,-0.10149582459893834,0.07610127627528318,-0.056432029379623355,-0.06700653144521641,-0.06032267577515869,0.020508107420069883,0.044035349097149165,-0.08761210732454901,-0.028079556421434577,-0.03792238750642727,0.0012816248074918827,-0.015001055717305386,0.0548627176566981,-0.04057199547188848,-0.02914487128257609,0.3284139948574178,0.2086016475920799,0.5130625968899608,0.2804177198032006,0.11991755235484715,0.03686803225434958,0.12971645600831486,0.05038847892208809,0.052860567380933955,0.04914103198921826,0.047297464034410736,0.042937116049588296,0.04750667207295986,0.04067202997501765,0.02951245217310245,0.02949391229007002,0.023288998225302678,0.04246079006354799,0.0211179702972205,0.021630844414252146
-0.6313849721746781,-0.03167602172635168,-0.21335466040013304,0.006321334623472923,-0.0944291563656514,-0.07691936613620531,0.0021179146788221043,-0.00048286111597769637,0.03275617606615987,-0.019499135881390964,-0.009289923477240707,0.01838399914155483,-0.00823578550420961,-0.010592330890159578,-0.040611651631654776,-0.005691988596419454,0.006370316782669909,-0.002257374949885033,-0.013659402482115605,-0.014918130680916011,0.6570448267010098,0.2255548988586739,0.12342930669679297,0.11178107625540444,0.11739997486594449,0.043020600130031575,0.023372049648092644,0.04829545449782157,0.026292200199903037,0.02360695374723809,0.03282545136072818,0.01717963093201098,0.030149162022067483,0.01564899089870281,0.03175050035897541,0.024775065641194884,0.02415731496532057,0.02015122283394291,0.015997053339979837,0.017024296662641752
-0.3692705938204422,-0.31760205338886416,0.14746072407053773,-0.022472739277661146,-0.18332106295868555,0.10275828314836655,0.041288293662933594,-0.07436592332489925,0.02449317988519652,-0.05465423487721885,-0.05863432643744651,-0.10722327409874749,0.03260910423531699,-0.023857828465246946,-0.03479368000607017,-0.007019879242669701,0.007370676291870612,0.005155495463705237,-0.014538906161997016,-0.009526486811929717,0.6306445031593274,0.36324366685874404,0.18528617243234136,0.12801730552128665,0.1487854036989652,0.19247505287043767,0.08337027763959026,0.07156590959981869,0.043151463253472515,0.04962070516161663,0.06243391070531564,0.06468787340963521,0.014764523000917606,0.027128305769049323,0.027351601521381323,0.027250760332006425,0.014975569377514144,0.011899636260767902,0.01563746341251998,0.014986706364462513
-0.6197358232598462,-0.2890304445925129,-0.13233680113043503,-0.08618572038010278,-0.040691225043123176,-0.10936691839718787,-0.08996261812858897,0.068199508557235,-0.012658755809988988,0.036480419061568486,-0.016894100226265005,0.005041015608455585,-0.04350250782459676,-0.09131375444997077,-0.0691278058904818,-0.03645624187781832,-0.07107650927443528,-0.055295764524475266,0.04955678907642859,-0.006320884607595556,0.37069646888261043,0.36428576906328675,0.3155652019277617,0.13148886602434348,0.16172865070469036,0.06778008729040455,0.06797359454733679,0.10718750774097026,0.05116961290324326,0.017388465978846832,0.055359355488131784,0.03776332054932539,0.04558215211598461,0.0527666081269051,0.038481428247061994,0.029685265517330094,0.04105255723787246,0.03184901829177041,0.018039482804766194,0.028806206945001172
-0.5002101805888934,-0.04594246194662294,-0.008553348904946868,-0.01988926736832654,0.001436212551649315,-0.014270817818900073,-0.0004336797375942627,-0.022379616593802474,0.0047356003569135,-0.013258879107971201,-4.798513780744732e-06,-0.011392092424778639,-0.006476194074353904,-0.0020851959969915134,-0.0005549157651980706,0.007366979760828758,0.009423094684532061,-0.0028063346838764157,0.00447618733476456,-0.004363523622006781,0.8435433186595137,0.15020323058039042,0.0917972795351459,0.03501352888236702,0.02634069759732788,0.018108458505286164,0.009661895981988584,0.011635470466309998,0.01223371280968271,0.010387182496333323,0.008723444556071108,0.009755308929571157,0.010021280194292308,0.009571428332325072,0.007758905444772539,0.006091865360089237,0.006502095046909535,0.004612742382526386,0.008590014293212364,0.00734304723796419
-0.34083836847673865,-0.5392599452491582,-0.07364271735541489,-0.007629885787552913,0.028875351466886502,-0.08208528341212454,-0.01786807494672192,0.003824190400995751,-0.0038908936453420084,0.023303732537790344,-0.07100608520571998,0.033409347442190276,0.008691804196328722,0.0012211703465174848,0.029071203880737195,0.005950355960626086,0.006765575332774663,-0.002581489445131263,-0.005093806984711885,-0.0026338567539435287,0.11191521738045215,0.6306904014150613,0.2895708390644432,0.03750085573998213,0.20765912752591473,0.120709409444781,0.07261780137910165,0.01635901843860718,0.012897144082683904,0.06139190995761609,0.07949160919343276,0.019524036642677847,0.027224643742058914,0.028925351127514598,0.026764311464897494,0.009729356479811605,0.004369374360223239,0.003105714411695035,0.0034530504749441773,0.0054491998288313465
-0.5188686091325213,0.2949197899285748,-0.4968622535891913,0.18258059299947457,-0.22708328710977954,0.010383811928423534,-0.10243481580844409,0.043645471241856706,-0.1329757630969962,-0.035056081263610525,-0.004995425166874986,0.14468188881952007,-0.08464485803223824,-0.11179816906074243,0.013943737671445602,-0.02219877507952046,-0.006436100755302296,-0.0186633777291775,-0.03195797154675138,-0.053472000982858765,0.31061401259774307,0.13512392867222303,0.25766183598622044,0.08247085161261934,0.07960734318059305,0.02711284605254325,0.031049111097606788,0.020281916850324714,0.0487408662545147,0.04694985630856005,0.04960804466195091,0.11737529844219514,0.053704301960026776,0.05857278700593871,0.017257311145544144,0.011063222499336582,0.004674273625857531,0.06579902766654747,0.06451453598736445,0.0508145137108575
-0.05367953496070928,-0.3730522335482829,-0.13912497543660074,0.33719726803596123,0.2084370902165035,-0.004462697886068715,-0.12409233615426091,-0.1098031421212139,0.02942780716049836,-0.09380362160689938,0.025100394648517627,-0.0043054785802173895,-0.018826030851453852,-0.0017180688798397554,-0.019602401281013208,0.009448778357490284,-0.0038944930764984085,6.58425230784385e-05,-0.004978111081483926,-0.015585158937263954,0.15617012141254993,0.5295493964950432,0.09680178930410427,0.5321965224072691,0.17105314745669845,0.07624239169185433,0.047451385110737904,0.055311145506181644,0.028186273192426736,0.03237409424613415,0.013401188173301042,0.04298735597292435,0.012503166631396634,0.011291110137338497,0.016817671966671145,0.010554916842035718,0.00646230101387236,0.007647361466748337,0.004830580246487073,0.008581858261009058
-0.32971967524731155,0.27329979885697614,-0.22099890252968862,-0.15521302267964504,-0.1290763248049627,-0.028654575682551697,-0.10554516649587654,-0.019253910732505645,0.052963799301838456,0.014755925275141154,-0.0008014370374628106,0.06824358523873153,0.033148780737238905,-0.01950354208001753,-0.03064038822782125,0.006542403751709184,0.02758604145277888,0.023975561375695578,-0.01688249731756059,-0.029692901210906095,0.4543465058210977,0.4528762450704465,0.43361248020030835,0.17419362248633063,0.16069612932921665,0.060509102941273415,0.14324764764835043,0.040880796545711515,0.08744426242728812,0.03311680746944019,0.044437292700348685,0.05495415122821386,0.05380109690488442,0.02588190831389256,0.029060654634803507,0.023296459756332134,0.019344689545186984,0.016490397385330174,0.02007669128809287,0.026811506446745265
-0.5443412251069415,0.04399059478515334,0.16266558817973167,0.10371177754637255,-0.045135113813335175,-0.011695636553839601,-0.05004663517652699,-0.08018469702306172,-0.09447918873660135,0.018944604005110555,-0.0015159869973806381,-0.07979885480545296,0.03704032563800401,0.049053932503745214,-0.014021320890688508,0.009195341463668724,0.00024188855746489854,0.0012344175383565059,0.011914917489788639,-0.022812589588196878,0.7383615737741805,0.18581963527736325,0.12135073139285742,0.08116962281085256,0.06527619217594122,0.04462505559776335,0.07630943537222387,0.07147369249903977,0.08651655723037562,0.02921473482643703,0.012681277554037742,0.048727682146674056,0.02071634035482588,0.031485817423670605,0.029498797365637215,0.011703875975699269,0.021801395683707085,0.015490956692711163,0.012157617745422202,0.026161491143812363
0.04882314798540568,0.07593881451412345,-0.1247444821801927,-0.09420592768989458,-0.009313490683588983,-0.07526346024014938,-0.00690883791160899,0.03596108271599823,-0.017571843787480706,-0.01387407766222028,-0.043992356259770764,-0.03477995983073783,-0.005351413478725607,-0.016302964128867177,-0.019753509416784776,-0.006392194957689067,-0.006539579873320067,0.011185430742571136,-0.03118491346622542,0.0018867948021530762,0.9273452726541326,0.2497078524890602,0.12909794598003077,0.10556671020396811,0.028239759633714952,0.045615924811555165,0.011552485358214619,0.014744003810551623,0.010241604895093901,0.013214615693234589,0.022667676577850283,0.014589509695422212,0.006905833037482881,0.008313647689487665,0.009198116434919728,0.007156209392931963,0.005582485892909675,0.005847364345915593,0.009798541060858144,0.004746825451179444
-0.7231284374319539,-0.02395086871373157,0.06472756628877983,0.01553580114268881,-0.06672390158992315,-0.17648558947377482,-0.06036440625805716,-0.05441624521305368,-0.04401660122676197,0.0356716794393064,-0.029937201582999198,-0.03083255199803766,0.01311532217121793,-0.04097570237367892,-0.04700592272532723,-0.015299802864675964,0.039014330007988776,0.006250865503919959,0.02012927413262283,-0.01453473422359273,0.3739351555815045,0.19876871339966162,0.27609126346216417,0.22576467833498629,0.18172784205988307,0.2237020204017336,0.08457956848003348,0.036972336628641835,0.06356446870052256,0.06274680699718536,0.03349255380924099,0.04578981906409502,0.04170630055063239,0.036481773943783304,0.04255704938065982,0.027126231379303003,0.03168394505918021,0.025593815609432188,0.029247758940502456,0.029979011916216776
0.2232634888417957,-0.023379124149788363,0.001125813931948626,0.1431606244476362,-0.07614508882752193,-0.13785403124972376,0.17972376087121156,0.03670989781393747,-0.04646504498272165,0.0492728378839746,0.07107394368237374,-0.002893786212631165,0.047468258825718,-0.006938825477930998,0.03445959051102467,0.0405170149449666,0.08977120906900508,-0.02492315568672132,0.03199065619949942,0.028067823209252107,0.7110835059238395,0.36861844760202855,0.32100368545112706,0.15531600030793238,0.09001513815227843,0.15167182316622674,0.16902803185837117,0.03893619573619929,0.05111092665804516,0.06929909582526213,0.036794030341427725,0.02597147928819453,0.02206055665707253,0.031030316366501446,0.04379920206760442,0.022350850160128524,0.035895449732147505,0.022911674540522124,0.01184632625687871,0.01576633238008501
0.11456265803609966,-0.17231451830567818,0.0043174599094332276,-0.009749333134807876,0.06983640282232051,0.0048630425522911145,0.03713795067022669,0.044182578010511384,0.05068520030502716,0.04253640563930711,-0.04179311825512269,-0.041440592742050475,0.001792761639190246,-0.08117735334376802,-0.012876297006705433,-0.11192511587611977,-0.06589995028709328,-0.06243805258012291,0.02352626069990695,-0.02765351337051381,0.7922342362943188,0.38792598071202894,0.18915918122620748,0.15970341652418835,0.1456216103545233,0.12307882816386399,0.09331696196937941,0.07445092165970137,0.07813806467965177,0.05361951844941631,0.03696615187369471,0.041334323591549385,0.025328538148964908,0.040214960385975454,0.02529999166196557,0.06995879963589872,0.03272111021425607,0.030395026677448603,0.013222344054836311,0.01087660731079462
-0.014646094022303529,0.4240976875431417,-0.3545880603989888,-0.048321112434725956,-0.10265400888868172,0.039170152445201355,-0.0648746136653094,0.14143917952350976,0.019960845257394094,0.01336838924239688,0.010320829185043352,0.01311511407008134,0.05821846068623788,-0.034713379561563,0.031218292825451965,-0.01613867534119045,0.020448918051818008,-0.012050241842101937,0.007348341643667184,0.014808116198953296,0.4343463618852099,0.4370521275872669,0.2986327692055633,0.2635517794616669,0.12763223389163977,0.17394612879867039,0.06572093331689646,0.19515769431241886,0.03167393360946575,0.07339869804995505,0.025816528868155567,0.05658344314430493,0.07699334868200215,0.03768282703068475,0.017212025899996014,0.025395517959626614,0.025847752498985344,0.023022427651601347,0.021730599740222095,0.02382529922776636
-0.5383523929739179,-0.09857743555991054,-0.12820546242057632,-0.013272633378155842,-0.047628941472180344,0.004419472388724545,0.03721756547177892,-0.061637616771357664,0.016525702873575493,-0.013205444238749215,-0.0417589243533466,-0.005952146415916345,-0.003998788518359922,-0.018220082123496916,0.016014689416176953,-0.009314078479441943,0.001304906844806539,0.0047051853987673175,-0.00485971726899606,0.007925617240341928,0.7761441351308035,0.15110995822434864,0.15369430711933224,0.10506882599259819,0.05876648944168744,0.03456701353611329,0.0470716724575246,0.0564133687889607,0.018626119364515328,0.018167474044039823,0.019784416617497844,0.023876476145446444,0.007700778487611242,0.019302926095300477,0.021263823206247364,0.01739076441047581,0.01166932523649443,0.011703131268107785,0.012317711427158465,0.012411258732916276
-0.4063272425843695,-0.6214329485755767,0.13431170188339459,0.01937460990994313,0.02099071329254918,-0.048700940084785926,0.002340138901739234,0.00788529293011635,0.002326920648585316,-0.04350377170162002,-0.005950675208797267,-0.002209555916125663,-0.013166151521084257,0.02055363011740747,-0.011023294803916442,0.0017345594779078722,-0.00176038295316731,-0.005429490429566588,-0.013415879946949212,0.004312863224116652,0.17478063825222284,0.5887087867296008,0.13095711115659542,0.013828054665027744,0.049522259512446855,0.11344626562958929,0.015501920794941249,0.06957304541299775,0.02409706217446492,0.06578097406620133,0.010572290428118835,0.032558470425710216,0.03562148165776228,0.030877439965270596,0.019971088465251752,0.01645730868019567,0.01582857408121917,0.014059632548526267,0.013306091200879198,0.008186993826194701
-0.5551613023551555,-0.2130425940380723,-0.09903235529673352,-0.21647487438655347,0.0004383321016100275,0.17853548241804415,-0.19222416819636892,0.10681533321239459,0.08910594678344753,-0.11544481725424273,-0.049123605205133,-0.0060694821435671635,-0.06113989489944853,-0.027768705431508233,0.03872341271266563,0.022641663697923274,0.04379507798594935,0.07971811509121686,0.06792555792891641,0.014823743770409008,0.45197290501961507,0.26865113219841885,0.2182558742370727,0.17426589570689804,0.12303732625840322,0.14718661315763334,0.1480438922192198,0.07984394766958501,0.06594183560255594,0.09851739718862806,0.10877589545360167,0.04485885008668846,0.07039272816548102,0.0425279252840046,0.04463923612457019,0.03290183197105261,0.03352470790199135,0.0741300636587683,0.03731682924098151,0.02931673634843428
-0.013812933254518241,-0.4997675594595542,-0.12600586140528297,0.13003321309706783,-0.0422964498264241,0.0708492481032905,-0.1726699677361423,-0.26051055441297594,-0.051215526722681724,0.007102931710144747,-0.0180045890938072,0.09471372477836323,0.024098326653155804,-0.10975677197722868,0.030674600803879577,-0.09262599248221365,0.037961660454638904,-0.01710920322684353,-0.023871934330812347,-0.024606354047932617,0.5457657864827486,0.39790303052380643,0.26112507166632504,0.12035681510629188,0.041982237441758385,0.04312652544108124,0.09991829642039878,0.134752828679462,0.019126062267345124,0.020617184871639438,0.012983186484933941,0.022990819844807945,0.029308526134218086,0.023098213441937483,0.0105932976174895,0.030137948371852654,0.010331877701470002,0.03097462910472692,0.008990387089188517,0.008324767264641462
0.05312534298735343,-0.5224787228431605,-0.25399624633509266,0.07558434924716056,-0.09145496696861571,-0.3184909240603461,-0.13130661176443126,-0.42709781356901166,-0.04346868079223608,0.11532574127226151,-0.045606903699223066,-0.1404222731258773,0.04311257392767175,-0.058864409720565565,-0.07589970323933547,0.03570757720955815,-0.11825315933750198,0.017003288259986496,-0.06331042913361953,-0.013906616663622005,0.22195543153778322,0.32784640781922353,0.1364862163839717,0.08518348837974359,0.03117189848368624,0.15040640471511835,0.037693082444197334,0.24885244868256415,0.043498347822794124,0.026734345998676887,0.012960179509551183,0.04355836024650687,0.01796852506754706,0.013629502666548726,0.015834877124663634,0.013923879337974648,0.03571478961853508,0.0042775229606217165,0.012100052777532145,0.007088330257889526
-0.4905404872746598,0.054578166673138834,0.03371438604635389,-0.1040440714654885,-0.08029473497127505,0.04843977143567538,0.04603975046882952,-0.05390120716543147,-0.040554806535199744,-0.02001676718129196,-0.005039844891187068,-0.003340572069525189,-0.0159144076896884,0.009997000911183315,0.01493867249144781,0.00018384589635740453,0.006397350284111755,0.008947168175934852,0.0020677324331247545,-0.01866069929419798,0.8315899994543576,0.07278833280254536,0.13052398222265638,0.06932408559552031,0.06090633726176695,0.03828000287243684,0.025598530303966225,0.04133531319026154,0.023495618761255322,0.016767064532410645,0.006252321775427351,0.004228028836072565,0.006643733225805866,0.009544897267184238,0.007249572653453228,0.005277750434111979,0.002860831783170453,0.006798032440828076,0.003189108487630014,0.009346466171320083
-0.13669088662114015,-0.5214340325618022,-0.10103166107509987,0.10320318453491069,0.04801402488378779,0.006331873081896899,-0.12352131632191604,-0.04341523082493878,0.019364273413013583,0.01098810794525282,-0.015314476000437885,-0.05005949479483425,0.040361907616428994,0.018337591145199925,0.04996829606624736,-0.04143693210992908,0.028707932961176918,0.004154171392001939,-0.008645072004941457,0.0013692980975046768,0.5158486660429681,0.5340932173415284,0.16146384789840898,0.15134059494598473,0.16525976861358718,0.08320564551383894,0.12442462221969466,0.0552502358022888,0.025668263430648326,0.019017754728005182,0.02531840988669693,0.026914438575363117,0.03761364366138043,0.016098571638905327,0.02439435053121543,0.021166439438161766,0.016134441322087505,0.014211968158531346,0.00449604771671776,0.007686823516780088
-0.45287664599291333,-0.09069432062655805,-0.07139233780807622,-0.0721316525219392,-0.04731033005667145,-0.006682324367555019,0.0038755560858437284,0.0429669417607344,0.004175773131365852,0.008970367530961025,0.00647918425120902,0.0037254567473651917,0.0004738895597164347,-0.0013995204326167692,0.0046741460200619015,-0.0015563203098376249,-0.0021998527101451475,-0.003255349563425646,-0.0043649148606079635,0.0007542588497778411,0.8493048054242662,0.1160686320774152,0.14918384882746621,0.09462590153247348,0.03242106937480138,0.02456474824100377,0.02031031463387338,0.05094618510940358,0.0247981805368123,0.00936471563313617,0.00609984568426737,0.013140227159234925,0.011441400952150824,0.00805361747480489,0.00989851762714183,0.001352600049395684,0.008275198653041053,0.007226883259488962,0.004789937838920598,0.0018121640271343276
-0.6462877176732735,-0.019039333704263927,-0.1934472719252368,-0.07633901994162764,-0.04965222779029893,0.011683954634169895,-0.04480632714965246,-0.04291713753261639,-0.0016769808302081527,-0.05582120151053878,0.004386594545802542,0.006427431187310586,0.00030003953333934653,-0.02642738434186441,-0.014774229565641693,-0.03289620284393858,-0.016760192920007286,0.0009852851001956524,0.0020051630191721477,0.014691767355718147,0.3838568995759551,0.550911631347892,0.22833204072686947,0.08766109019815417,0.04988006354460654,0.04753470513161658,0.040715202176322664,0.03713027952760967,0.030809205539223523,0.051505360358796715,0.02869782190006904,0.021654398336282386,0.018800557400420814,0.022377465519179903,0.02002285931309205,0.02717692261573428,0.017782055976766714,0.020361065842456446,0.015945516720210086,0.015552476747183581
-0.196604888340727,-0.7253163338886451,-0.1828728239515795,-0.09595793641923825,-0.0251748335651062,-0.019867500544023683,-0.024493652831074707,-0.03928105802613172,-0.00764366975286997,-0.008880724807503597,0.001177581336989302,0.0015343865020298621,0.0046064968594209475,-0.006418150363978161,-0.00991381763294013,-0.00016943600765448593,-0.002877574693507821,-0.00046792570695355614,-0.0022058247559066774,0.0029302170754384985,0.06609884274227026,0.47912474048752696,0.33053209846994785,0.1741246432706882,0.08909308968451053,0.05083163490333671,0.023042251657055608,0.038495009477831466,0.03854208941441093,0.02135661304095857,0.020045664526821032,0.009562674316934907,0.009623987301635328,0.009089079359015097,0.011026010010377901,0.01136683503742543,0.00783327343072398,0.006548789970784878,0.008997744320746081,0.006035888933831472
-0.5277473214051461,-0.5283613318021919,-0.030777926029641096,0.10748622593520249,0.011283339504571934,0.06643977218350564,-0.04401602619595085,0.0284152945091252,0.0018873982352862696,0.015311638465076894,0.011882706540616498,-0.0001979122408924842,0.005350915446349486,0.009295107296887855,-0.008711398117013148,0.005757645925511674,0.003080447123186939,0.0001904044633130336,0.0011604059759836264,0.0004080759375893075,0.28037486103924764,0.41823184454706036,0.22440576620216493,0.25246304241706075,0.0154334593820512,0.1677190675712157,0.14432277986840195,0.015639752233486248,0.005029619711880379,0.040666922388167874,0.015732573311009034,0.03145761700337024,0.024490692778479477,0.012206579386345872,0.013883594903349797,0.01712211368772113,0.0145864895604183,0.014752469638343231,0.012871843616967926,0.010185099200435976
-0.45964834529164666,-0.016527464828896513,-0.04080433219910142,-0.06320429207409896,-0.011779949011126374,-0.02934601593571023,-0.0285991731127493,-0.011711594063254213,-0.01545885940432702,-0.0035868320670130642,-0.007693730108944421,-0.0007438212012281417,0.0008226199862746151,-0.005062479571012008,-0.032837748010281886,-0.00850201758402109,0.007701446401671011,-0.00194071437128502,0.01331536438463543,-0.005835098255786835,0.8706717325393574,0.06719694161195386,0.07389976223826582,0.04927737731282539,0.05587223337532823,0.04789636215977236,0.021007145393388226,0.035866624173580205,0.007805184861059565,0.014990600120987496,0.010001006789245462,0.012431564599681578,0.0078021864746507085,0.009025868000787989,0.020938367850507608,0.00456295905824783,0.005224793024739519,0.01097294438724053,0.010797888594627795,0.0069873980259679055
-0.3948913666427004,0.07375601203578944,-0.08061361056738554,-0.38102365100595353,-0.3011508688356785,-0.2579773191820182,0.040539008625475104,0.07938807477359357,-0.13176322595212958,-0.07840100892435073,0.009235092290117423,-0.09114866833589635,-0.09309051409246359,0.037198407340599225,0.018738698249729256,-0.05465240405108157,-0.05862517085571647,-0.004915545818771408,0.01542877162583758,-0.006731788668177865,0.17325310981424474,0.30439473460991484,0.43262425917818276,0.288654553454768,0.19558673151357947,0.13993758362819106,0.05025208623886587,0.038202983155671985,0.06452550911871494,0.042251908042451665,0.012346458450956716,0.03757043395104003,0.0486044100670922,0.050988943404138835,0.025236478660195596,0.02789335923242467,0.05789459431069565,0.01069667001067262,0.017294982744486462,0.009215911107172585
-0.5085975248609478,-0.26209638873593716,0.1013171875519972,0.06338442635567482,0.017497920748621155,-0.05243707180626945,-0.1216249848415771,0.033059369962198076,0.02095304241648546,0.08196648774723388,-0.04925148681557147,-0.0718849559298483,0.029397814874998977,-0.06497340515974855,-0.0449506670305359,0.04340860869899349,0.006217839008168888,0.022243827896667286,-0.07795054824365635,-0.01568960546910078,0.31042439117518605,0.12296175580350874,0.5578391414242349,0.3351682208558514,0.18800112623147688,0.12036885262802746,0.08603006075358216,0.05775657735985578,0.05292177018736042,0.05468526686557188,0.03239144355013677,0.0372085689395503,0.02642256898788946,0.03284521991159555,0.026370857535101683,0.026340237073248198,0.02734432489329016,0.015622603102530453,0.0265092909168531,0.012323112540813263
0.07897523316753216,0.100909892458947,-0.34248659300151646,-0.03260604994202268,0.07790192405608092,0.03289152012233677,-0.024187839109939626,-0.05172961945591845,0.09662841677491787,-0.03709705407474618,-0.028679171848743665,-0.015648102252745204,-0.05520145307566737,-0.08053432164950736,-0.047002299383306266,0.009517041348474418,0.010172685688482785,0.006034247148862267,-0.003443630592609838,-0.0010421084329618334,0.6560081023027077,0.396239590057807,0.3950912571534352,0.1613430560650106,0.15020408993447598,0.07846576959499081,0.05417268394715366,0.06414212083929995,0.09518038571840994,0.0768282861710562,0.036984866164558095,0.03922717215324771,0.03744049153284658,0.06911264136974825,0.025542253898669456,0.014432599493059039,0.012389942625097093,0.02341971858202373,0.008342305005521283,0.010712699195461684
-0.22638259051614737,-0.2342630818358495,-0.31897381021796123,-0.2509883690982224,0.19514144295765787,-0.09773424519810249,0.04659469093346249,-0.034261086039778114,0.022305858228203593,0.1474717699696154,-0.11270371167410288,0.02809662051856864,-0.14260102238876685,-0.08877579780337586,0.015137833597331892,-0.020042259194679717,-0.03432949747401035,0.004372832935230763,-0.0020314023053122753,0.0009706051215994598,0.4744566158513754,0.1718442409744051,0.40155941645953414,0.24973396966096748,0.11275205800222729,0.30537067676980795,0.0708730167979721,0.011085766327298697,0.01642166699163919,0.09343055318043014,0.05631063995600512,0.014091789502560733,0.07792670691238919,0.02833815554120285,0.010695457854412534,0.05808179585351026,0.009594755750702757,0.009335908855318239,0.008526672238904714,0.004233305482523211
-0.276584277353618,-0.42909417505148884,0.024481563246515424,-0.021129084416368165,-0.022003620953078857,0.07268121626890192,0.19257713261534418,0.006049752585417861,-0.0216713648294325,0.017043555121053742,0.02158462194063717,-0.05412502528417362,-0.03759143879412183,0.04065137712005698,-0.0638460046928913,0.07031702549522825,0.040427442289019365,-0.04777914721815814,0.019622415640502135,-0.04714922738174999,0.4732580063684778,0.5789779381673055,0.1936804845445233,0.1113846627213536,0.13739166424795013,0.12798417941226542,0.12581004492985712,0.043293369825965676,0.03940434571031655,0.04211096915889037,0.028057693087218977,0.031356501530075916,0.02197844683426132,0.021326755281319894,0.03594273395144861,0.04916042618989497,0.015145865094024293,0.017910436786202914,0.007404651512252314,0.016210339214569575
