-0.04604762801287529,-0.09798213195603006,-0.23841558278172947,-0.3385430177659601,-0.17813995102484032,-0.10408127167230935,-0.13786012949620685,-0.08344202819868232,-0.03281106533976193,0.09333313031007431,-0.14135329087947507,-0.05561105734623689,0.07254883577344003,0.03862170342275606,0.0426150516874044,-0.018698941395821636,0.010794517009070368,0.008273266594923036,-0.008107861848057056,0.02627615004668615,0.39041285542887316,0.20155025333419335,0.5527026333783982,0.20449197869061775,0.15243830568784436,0.19789289679349847,0.11652355471930582,0.07988253610107583,0.11105951067449367,0.12307905865699871,0.10732871439790648,0.09865563949029711,0.05324802757502486,0.0640281792165373,0.08949684839385702,0.05240531008732751,0.05213444513127017,0.05999518509201366,0.07333414249128184,0.06889861967465864
-0.4311807984153889,-0.43633932690815613,-0.22574986440037756,0.0311537612143996,-0.06113576363680797,-0.02763190747104753,0.12273017195264263,-0.07209871673091221,0.1179070502675363,-0.02068835846160636,0.005351707495134593,0.016530760906745524,0.03811666107009045,0.06653252275786219,-0.015389467029479562,-0.06556590096143372,0.058772188576631294,0.07535914456365678,-0.07643856273592159,-0.004381703259923641,0.3816601189625606,0.3946318841672122,0.1709210050556336,0.24721512603321316,0.10214355111092965,0.0959961634328805,0.10751988791415668,0.12321530132735174,0.10955575892763238,0.04470329349080122,0.06265224196207946,0.09970259027245008,0.11428522532260593,0.07854152993820204,0.0642606382047937,0.06602592766160136,0.043750050615999014,0.047417848719314565,0.08363582508726601,0.04572731139389224
-0.160448324184727,-0.23170077337011613,-0.27958918311567793,-0.27805861883192734,0.07361104546282353,0.03769301763513075,0.013898385838386625,0.0834552616506216,-0.09282981943390047,-0.0389641926797381,-0.009515701117494182,0.06918335612366955,-0.03208909131251546,0.06354365676097153,0.019896906455224413,0.021584531197992658,0.11409406821874296,0.04475500547180968,-0.05531668813370386,-0.0669710722639433,0.5511291786241697,0.28388467556012276,0.3330437663623667,0.3423722883605393,0.14937849215320417,0.11131952911126838,0.07484033757570055,0.09747509058034484,0.08153046904081818,0.06001861737494651,0.06617936318975245,0.0758916872982426,0.057608518538637264,0.07532354086695249,0.039846971269391115,0.051976093689933896,0.06348104200470682,0.04668211612214617,0.048372641436467294,0.0555084837173054
-0.443259580855021,-0.4174992239156131,-0.043343361314802,0.08434865639359194,-0.029265985724393505,0.00984239732609732,0.022006107030214186,-0.006624635100773395,-0.01729329496878396,-0.00508394386999853,-0.003496329965798236,-0.04131017484027928,-0.007665969630219733,-0.015910145841304332,0.00010428050828255579,-0.0026762102718542726,-0.004178387257062143,-0.011411647300524201,-0.0036823997728585092,-0.000602943822745721,0.6774020820998844,0.37667876459302285,0.06511142610413675,0.050296904153006645,0.03545305130570989,0.022926813100524208,0.05003000324229944,0.01970369771433707,0.030108524525001623,0.014120347540840067,0.006001143589259079,0.04548313042904061,0.014250644008605654,0.007540232722631266,0.004820057932306123,0.006245943750302838,0.005145314284079279,0.016806576767607117,0.009711269397065753,0.00874808408654747
-0.06551127114373438,-0.0555968720026813,-0.21720241168994137,-0.28236087839781365,0.0687597147874422,0.06300153349625565,-0.12226296834296954,0.013045232489083661,-0.16501455017904662,-0.21610609365158528,-0.1253483645318223,-0.0066012108017207555,-0.018406205194981005,-0.05032082133269228,0.004166450825424875,0.0016372151710998587,-0.021623195401567676,-0.031256037752746664,0.01771117297350934,-0.008771245314128016,0.37694229001476204,0.5990169393986213,0.16518895076337928,0.2595122008079687,0.18414534094606305,0.1525699684959417,0.12236908929874075,0.09042030790535846,0.12860079887195863,0.19212226681774067,0.09310559542902043,0.043239470209798514,0.0338978647770827,0.03467956820728272,0.04736308582669545,0.029834691390114826,0.017480418008160508,0.02537002271635539,0.028706089126516694,0.018972760385342093
-0.4615836974280352,-0.11453703792360086,-0.018090473632583176,-0.02166183939839394,-0.052846797808756195,0.026263041316643154,-0.021013971653677577,-0.06352060278481295,-0.04807969589889259,0.0015355406362254367,0.0019164785054458086,0.004159624034108259,-0.012531098169846865,-0.018429965901380713,0.009301321455789748,0.002451324464476146,-0.012792908937585699,-0.00354056387089661,-0.013511021876317038,5.729175249764071e-05,0.7916578670213062,0.26197563553760184,0.16069011166877722,0.08544890578080645,0.08924565862897768,0.057540686569141235,0.07148281442163353,0.047691440507556575,0.08852717427501923,0.0337509444593125,0.03228330334075274,0.01631867043129485,0.03371065535641097,0.03818547385956941,0.02695772053507798,0.011749831888777594,0.014016747152925602,0.017342481204749804,0.017428459862715705,0.01010448826701481
0.3312562908001863,-0.024672343342770815,0.01133229578117494,-0.00202035503934275,0.024928442542614865,-0.14234465317493972,0.01569902769787485,-0.13873663178164006,-0.02443702115603153,0.025879592729189244,-0.006489408232449649,0.0026693585663605797,-0.04251792025806182,-0.0064526271604874955,-0.015115688547456686,-0.004052216638261239,0.00150169483444446,0.0024775534280976202,0.010486672843655755,-0.007449325754458583,0.8743709490734722,0.14900271239316584,0.13340800539704675,0.07898322576817104,0.10131826536729426,0.10507710305343256,0.042729484740970235,0.07892856935205164,0.02432246793966397,0.03126516021498891,0.04057009679811526,0.021868901126034793,0.029448802468914438,0.013197635514336115,0.012949646844605974,0.008899733631989227,0.008262086784700548,0.006375197512578442,0.015846391070709002,0.009992487756161815
-0.224067061396628,-0.23637399768434758,-0.04317202661332284,-0.04512664678414415,0.009972670133438482,-0.09129358040889528,0.02593259416763701,-0.05473837891675788,0.060592615683130124,-0.10834346371671373,-0.05545222935995723,0.0396029114690447,-0.18249103829866567,0.04150411366953831,-0.0857006841010111,0.068901855358005,0.04622718511670677,-0.02620390922073239,-0.030478776289844738,-0.03527337630412901,0.7365961615907576,0.38028882397691477,0.1603097877510698,0.1377096479824027,0.0935056463619749,0.1605283774295818,0.06540688167329302,0.07872215081369552,0.06582914856154097,0.06443498409850576,0.049388368196189525,0.03189477738421863,0.10627928847800379,0.029465314630214394,0.0409887184615476,0.0340000849895688,0.029396267608326365,0.015482971820892,0.02198179147785732,0.019435185344497553
-0.11515329957155052,-0.1452527367119642,0.03707087535119482,-0.21887116937291148,0.17717513316320724,0.006939695640307728,-0.19257046963227417,-0.2765392448138804,0.09649349832617224,-0.03311562316626268,-0.034892882668121454,-0.170260359702629,-0.023957576321839213,0.007573660836237115,-0.0725310120998391,0.004703655292704973,-0.005778060028953572,0.0005964922940903359,-0.022036631944567616,-0.04207032489859135,0.6061266578645131,0.2829111527279641,0.18131086730962895,0.20114256678462789,0.2157097461805838,0.11710851666353707,0.1732874252723811,0.21391013712956664,0.0991171135321947,0.09420161791665055,0.05577783669842458,0.1716440562898124,0.06203344081663264,0.018969769972850697,0.05733199496286526,0.01925025581833767,0.03324609747894485,0.031936868391707576,0.027097141036930065,0.061329866328587786
-0.5434615912182649,-0.1973530840826471,0.20496766837611932,-0.293236481371014,-0.11659885483422064,-0.07698156203211409,0.14986082095858852,-0.08606448473601816,-0.011452971450415628,-0.09698973610447298,0.01567533755893568,0.031365171695900286,0.032698158488943085,-0.02603015477699566,-0.015337591541989283,-0.03434775180101959,0.051795860053965595,-0.03216041650315105,-0.017097871134291596,0.029841242733162788,0.5846835497372507,0.17264856577609838,0.1410088714328574,0.24006696149427278,0.07811874073171818,0.05755646073737926,0.0766296514993854,0.0341590892655573,0.020987342321070964,0.033098214549594045,0.01537349382070514,0.016103016635018234,0.017071312873872785,0.021824318523416996,0.012020221399825802,0.014973666151708228,0.01682725301319723,0.013127942751629668,0.011341939545646256,0.010063283810387154
-0.39260027234172934,0.2600752959320445,-0.39280682090291125,-0.04550854764101311,-0.2760038767448536,-0.06511545668193117,-0.06137935179903534,0.030448503995815546,-0.05676495412089999,-0.03892524758308131,0.030954539349759575,0.024505100357774836,-0.0008447823223923252,-0.020202618425954576,-0.008690480888365265,-0.011754613546977304,-0.006546786873872931,-0.0030571903887892265,-0.006005465628150923,-6.923528828602764e-05,0.5444900057864596,0.2864995438737012,0.3272944262782767,0.07875413812708645,0.1751283173964293,0.04992845445341827,0.035971656769185636,0.026842624366878207,0.020074288730435933,0.024696948101724528,0.014357545965767092,0.020120020148073337,0.012322827899091237,0.02269867544141381,0.015318651809455557,0.008905398636553355,0.006642255879741957,0.003554422292442489,0.004787728091683584,0.0009589945684361782
-0.10078577815958407,-0.3727683045155116,0.09906589895193438,-0.4329875966718774,-0.16850054708224566,-0.31412332850050295,-0.13507689613934687,-0.21636202842862992,0.0666498996618314,-0.07696300265829534,-0.23256122323507658,-0.10463996562170719,-0.0558583970736652,-0.06545180728906741,-0.1405273050043514,-0.01643324015072029,0.12482595022704822,0.06941643391932847,-0.11313164425211897,-0.1855409736448937,0.1959079423449092,0.3059667381973944,0.12360570030309816,0.2651018690166453,0.1149989434514702,0.16973576999949042,0.03832590133670862,0.09865833907609489,0.025727120562574327,0.020284712082986697,0.08787165208613129,0.03403014277594666,0.017802091245482314,0.02079113018920192,0.046067054079084215,0.009997489346411608,0.03065226903723721,0.01798625469258364,0.03503693090338275,0.0694135146127263
-0.6019832757720903,-0.27902374785982037,-0.19544164132797287,-0.0920725429068141,-0.11236380368751553,0.028392481957767557,-0.037064697934757425,0.012353444462917876,-0.056439381043507555,-0.1377559806289119,0.02933256982620847,-0.03695216607980094,-0.014138831690115601,-0.10903219977999047,0.012092103275796864,0.0534705393976319,-0.04322584092733933,0.049436338015800545,0.011079147907936494,-0.007140845627871904,0.6286519274391742,0.1919993676087594,0.09818965320295299,0.045257292234537984,0.043871188782185426,0.018372185457731567,0.026670661510841562,0.019296317541007895,0.01713538108310704,0.05981056823846094,0.015091717504717592,0.008583996840319817,0.012977555850638669,0.04030917683316797,0.009511989787623494,0.017814542547630176,0.016284648911225722,0.016610714564507596,0.007606132092307374,0.009317619929453161
0.17097707987781693,-0.5473594652744705,-0.0065932668120518775,0.3336032433168844,-0.02182120861852253,-0.07715413648467691,-0.17597918847948496,-0.10356372460423731,0.11975806530597975,-0.1271314927041241,-0.02301977906203205,-0.06833493089117675,-0.01683560338977706,0.012749528968627886,-0.029902350266388475,-0.036489029961871366,-0.008302025213813824,-0.014489213793878117,-0.02046315686150635,-0.0017026199529857023,0.30658663714389595,0.52946147681963,0.06105097540195195,0.2640071332874188,0.03886339079962653,0.0462101772683463,0.10798805433039557,0.04225730490238498,0.054831462384709664,0.04316286444466128,0.027717434992527868,0.014049108447657986,0.009279595066947796,0.022295582273477735,0.016217392934091367,0.02438747147661953,0.0048535375574072365,0.013616038951664605,0.007760707698711346,0.015517533043600037
-0.47793022249496364,-0.4411099281120602,-0.03701539324361696,0.010717952904724113,-0.06776613485704562,-0.1021719600330773,-0.10826126216394381,0.0012032394158698857,-0.09727150340473768,-0.043141420579580626,0.08197022897837286,0.08523362238324766,0.09358846667132566,0.10940003512283555,0.013883501010899297,-0.09001503929218291,-0.01758769692787103,-0.014245864540818625,0.04106402401687036,-0.02181672564686558,0.5748085039553267,0.3574265498746065,0.0866911214867564,0.048995642748333054,0.08038643362832502,0.05470307985789571,0.04075490722301258,0.029423884130290453,0.04743264364102652,0.03506364162208844,0.0509284412395979,0.03226628799973456,0.03772807517156695,0.03741897583546284,0.017250128983149007,0.03085236729321926,0.005912883670039182,0.008763431644357004,0.01555816601321357,0.012879770941531633
-0.07917280061607845,-0.6162637928980516,-0.04172631315796226,-0.21628463571321194,-0.11682086118621009,0.1270482046750503,0.008675847370132222,0.04177289309485667,-0.003633662834036203,-0.13651494794178193,0.015559041091335622,0.006370621506398137,-0.04656900524939757,-0.03627629696132105,0.020116439648600107,-0.009096845023136478,0.002676666337408106,0.004714950717163147,6.796042655918409e-05,-1.7677950450050387e-06,0.23685341431734186,0.6371928846092098,0.10621875086043314,0.13184639762597947,0.058368950573902637,0.07188950565620365,0.040413279791535764,0.025258180785428113,0.01871413662126589,0.07276442650031438,0.0179568501848525,0.03190759071679302,0.030534175249635916,0.02439336504517379,0.012247995098200785,0.023097483705145947,0.0063745941737942124,0.004915352447861841,0.0006630695935239167,0.00046072952115999445
0.15402773951956508,-0.2690674729537137,-0.07355318438967033,0.1204529864937496,-0.3324084919077096,-0.40632038075888954,-0.05955047565340303,0.07893745517919025,-0.029183080052357483,0.03810591775907407,-0.0280486739722367,-0.039644429086425646,-0.01586411890596837,-0.0211910913876034,-0.005620341697427689,-0.05656493399887096,-0.06142075528167232,-0.056147441242176285,0.0251224018102694,-0.011441646993165893,0.1802384590036291,0.3688579800129634,0.24942749501852887,0.3106471703645026,0.2868742085699516,0.32343521545532855,0.13122931018074013,0.06895406292268882,0.09273311680130447,0.05601420952699668,0.07664078078166475,0.09951113747263139,0.051954715253403366,0.05896517217712896,0.039478339392453834,0.0659009960897976,0.055762130603105,0.03803557504316437,0.026401120126607943,0.03638812564554982
-0.02715784324250633,-0.0672094268349502,-0.028054838141689315,-0.02201028442153849,-0.10291287951622514,-0.05779942131765381,0.011963130560955366,-0.06383788766395967,-0.002892844237951606,-0.025583304872172193,-0.04909169203861447,-0.014771790768869471,-0.005653634975696439,-0.009533320616500968,0.015111631915149176,-0.032092143975233925,-0.02361542139022179,0.008946209288770907,-0.0015820216293106742,-0.009786650106575695,0.618686514213651,0.6336890521290798,0.16574539935426727,0.17483925652708673,0.18100355341529561,0.10079048024146856,0.12277335300551843,0.10468174063989784,0.09871429896995343,0.1065815305749693,0.08175091803539761,0.06387632152290228,0.08415372321246835,0.06305435804802553,0.06368591193570178,0.05187672114578565,0.057616364843988285,0.05205727502731163,0.03595882919083061,0.03990916586838466
0.16271818838515262,0.27782654766522474,0.12126559520271493,0.15933627138928697,-0.10749273949152591,-0.12549757544101,-0.09312295681719207,0.006122426273622007,-0.005202499989775307,-0.045573207854075364,-0.10278446189304137,-0.00014703727188044468,-0.12127242173774966,-0.04490863495598298,-0.03513414555612146,0.035474919884367094,-0.007525045992031749,0.06680112307025972,-0.07340449128570516,0.056651453820334575,0.6341973893657926,0.39929887700454025,0.23062949694706764,0.1809738617549416,0.17594785819174255,0.1558486512370974,0.18385735441091877,0.051271875895294305,0.062307070138771826,0.050851667256035314,0.08240047026564197,0.0490091117880716,0.0685078305176785,0.050902278664591794,0.054739513935850546,0.043176316998212796,0.04067096636989582,0.057002903320632035,0.046676089142151655,0.03275790613756612
0.0884741633382288,-0.31518023967803044,0.19776353567006916,0.13836810397626276,-0.09159464036022527,-0.26195450927092895,0.021605279160908094,-0.05010389125962538,-0.12468189744586232,-0.06768050515263375,-0.006149184478374574,0.04816900185736802,-0.10149771073411143,-0.03097538647677405,0.026129320683175965,0.016705049375853858,0.024959593541904905,0.045639660564913385,-0.07706117749653794,0.03882029934638015,0.6144140842311409,0.44883105734879664,0.13708671010583434,0.1541476864615678,0.14569814540058254,0.13488140333616178,0.1056288198151068,0.08328493057898909,0.10166064397043162,0.0694158529417374,0.03985054759775331,0.0344751332376209,0.05190644490643344,0.047750465705672054,0.03718369170247519,0.025557014510028123,0.03662854052047239,0.03174174508233176,0.03275512542966351,0.04844139570368354
0.39613362958702936,0.19078982431860367,-0.003217881071823468,-0.058601105540715445,-0.025926488933134803,-0.12513049140906587,0.15930319183344563,0.1118093687069158,-0.002631315012243012,-0.015982707342808718,-0.02666327410036926,-0.034740934441546134,0.03389475601304786,0.025169653890928744,0.003910270505402616,-0.0033126814295962033,-0.021244768909437002,-0.0015107108312847149,-0.019370918619411336,0.016353435058915906,0.597160511979385,0.18523741582879066,0.27701341010242836,0.26768325968221457,0.30281320174333604,0.12151672802302986,0.1635011685943644,0.13157728257932147,0.07944047765025625,0.05866327596793752,0.08712397150391639,0.07567911259671226,0.0867130247373688,0.04681249137561583,0.07601809900731324,0.07143775283991799,0.05978761593873351,0.04914863358661573,0.03963741206778082,0.053883326199293986
0.08731105290461852,-0.18525070844456423,-0.0771654271552137,-0.01608299788602068,0.002804903194745014,-0.27334365797710886,0.09310068956542866,-0.15223604705006827,-0.08552472236920544,0.05061006203760795,-0.07683571238400855,0.015717676019456995,0.0029807383494428953,0.008284491304212223,0.007714610435236689,0.010253028145589885,0.05063908638174624,-0.042913485576831556,0.03285198630365617,-0.07231847492822116,0.573995656791082,0.5423717379982248,0.13564975006602364,0.08254725562793905,0.08303397935412757,0.32677906486915215,0.09258498604358713,0.12422257233714881,0.09642042543888114,0.06282187030492374,0.06509073466019823,0.04958811110677367,0.041187298859288284,0.04205551026146018,0.04452100530721922,0.03543147388524414,0.03690507957195549,0.02993542400944,0.033623461312969685,0.041566712540683406
0.1626353862683909,0.2775690166589547,0.12108111681682064,0.1594868770655447,-0.10758945711117654,-0.12554428022372263,-0.09325711362079696,0.006056199796575741,-0.00537525156134834,-0.04563237933662074,-0.10272154123178343,-0.0001587346689605495,-0.12143508293075612,-0.045168383534319664,-0.03520691805208248,0.035660866759339695,-0.008715433531721248,0.06462226265144826,-0.07368659873618323,0.056508606572954895,0.6342505903326446,0.3995449035985248,0.230441847729573,0.18104407088561214,0.17600182119149654,0.1559288356610055,0.1838682864022139,0.05126547239639803,0.062252433955549864,0.05085063782247016,0.08233507248507431,0.04895651566008404,0.06860277176202086,0.05091876683363171,0.05478636608219084,0.04310687614278675,0.04066420314307313,0.057797980771579174,0.04606773547055063,0.032766013551534905
0.08827541218107764,-0.31499738089763707,0.19769339393314872,0.13823315712207954,-0.09165342017546972,-0.26187909335811266,0.021554055203978854,-0.050077958979113255,-0.12471834122307932,-0.06762544166469808,-0.0061060405923486424,0.048178782928233584,-0.10155242920565179,-0.0310683330670231,0.025988567680427347,0.01672095633027425,0.024687304050071558,0.04619208844629958,-0.07783756078291919,0.04016567984156809,0.614435018166751,0.4487337091241541,0.13705396306850434,0.1540742496184458,0.1457343482203896,0.13483975307512847,0.10569495285362603,0.0832999788172903,0.1016095709235502,0.06941891871104376,0.03983718651624623,0.034469040895792044,0.05190597822566093,0.04778740868722232,0.037100344578416766,0.025546196543786544,0.03662338467866262,0.03203269226001194,0.03307840547659866,0.04870711362533958
-0.213937879154026,-0.516463749872936,-0.020802824860025788,-0.09121506970105582,0.24981711717467753,0.015331104371049509,-0.10925931247327691,-0.19690060306441923,-0.14260642825001119,0.01406478004694384,0.05634592031540569,0.05079926498549863,-0.10309207049442552,-0.18533314965141698,0.006390310824020189,-0.054779640068983795,0.15588230162561062,-0.0995432779582401,-0.06193409828262047,0.07910663420352325,0.2593912669400829,0.45298941742303883,0.1262779634073538,0.07425330885947592,0.15518185436056017,0.09505469291098827,0.10493406370948359,0.17116150014412662,0.09100973554546675,0.07249498889871454,0.10912815247164466,0.07790257216876155,0.07815077626885523,0.07957849477263196,0.07347192740204725,0.06737214721767502,0.09458661365648721,0.06937227817634534,0.07996563035148105,0.07326538338643285
-0.2954665572643332,0.5521981715354947,-0.1589900261558821,-0.06706680508435706,-0.14035793546717049,0.0031935056790745103,0.0002709576591825575,-0.03515554019131181,-0.10097489263467807,-0.009861599791639615,-0.2562554203280245,0.16257143365983093,-0.2255238248354133,-0.184477226592633,-0.036170580539547886,-0.0028126483134050537,-0.021440199906476703,-0.12422407577169083,-0.05500760394600677,0.009403369483698526,0.2103394980833478,0.504887148949566,0.08105329763643902,0.06580502862904768,0.06320599940839003,0.03454882129878776,0.02605090129272087,0.026808572140109496,0.04406507084615928,0.022404226429266507,0.10992557303847023,0.05338157794380266,0.09012348999672454,0.06286017456811638,0.016509465077523114,0.013605768058793077,0.014194888396039535,0.045466387478430015,0.021325610342752786,0.013375818904846739
-0.1484122472600964,-0.3233831398146218,-0.26537062905221,-0.44610192773671875,0.10775884090206518,0.026002581972235764,-0.21009917461855326,0.10415323569822761,0.23186039908467238,0.17016989007717453,-0.05867439945295606,0.08959310931419079,-0.03584163502739404,-0.02291270470217552,-0.00260103155258778,-0.18152339859183322,-0.09641527711909512,-0.008584840845568443,-0.03850570321983407,-0.08310724552660953,0.27546084834459006,0.30826093148606837,0.18486154972565896,0.34079805032690685,0.0835587511881888,0.06312697961868935,0.09976712315739812,0.07434000043643155,0.12150580569819486,0.0796567717575314,0.04624264759215154,0.0560940124487551,0.03706571833363597,0.030820522385822183,0.04304352295930954,0.07488680767823072,0.038062469700936796,0.03022370928762863,0.039468051347325374,0.047034489938714896
-0.47784531032759286,0.3724436376125108,-0.07291818699635111,-0.2592765557702371,-0.14306580045886969,0.18533797976356006,-0.0030886237016756533,-0.031392827315105905,-0.02728214501780526,-0.049396089522114016,-0.008945000970454014,-0.009904641375750605,0.001493711122336468,-0.008682556223102092,-0.04072174392401196,-0.013754652727734771,-0.020106214802868963,0.013692595553534699,-0.05871381636610961,-0.008924608151166025,0.5321054903446378,0.3793990462917148,0.09757915646656602,0.17564908433112567,0.0743647550164806,0.11777763165546605,0.04163794417955007,0.036644462432997654,0.02853582203855656,0.021290251953319746,0.02430553154890753,0.0254581973174556,0.017459170106519123,0.023212931033121182,0.027657488117168554,0.015763482436092345,0.01727889174577951,0.011955934494188995,0.01750838551469822,0.012041436621381347
-0.567011094623415,-0.17257459504709222,0.059092610505747836,0.010997155507034785,-0.10044121310485453,-0.13115573252169221,-0.09301744596732253,-0.01953912963917858,0.018827896212494595,0.030144308694534456,-0.013405764181612505,-0.007075792768580691,-0.006670274924961838,0.0021559355076171474,-0.004103840265983028,-0.012566276246316784,-0.0007503886901915205,-0.014012840054526594,0.0015211578012364186,0.0006709719500291913,0.7404375824242668,0.13139168282803743,0.08518236207072899,0.06574507619004315,0.06765110522507121,0.12360569656827824,0.0507884953644317,0.04269920694148723,0.033732257290429384,0.02344461404430404,0.03764691021822825,0.02471784305931876,0.02068464477645055,0.020835040387209403,0.013435193698191282,0.013233246741186967,0.010681288114503173,0.010117895031348604,0.009875005984518901,0.01635953439097532
-0.6316559187759083,-0.09585604812863269,0.06452985844981815,-0.11864862809022682,-0.012261378936134522,0.06006628862353292,-0.034014261852395256,0.039064138186091314,-0.07204449848189941,-0.016800971965960688,0.022730595843111392,0.022877438397565713,-0.003596611640493907,0.013960244471855893,0.0015578238403763077,-0.02051579141763138,-0.01432711762160549,0.0020275857604417804,-0.0037800865745838477,-0.0091018013444602,0.725812726170625,0.1100427396060213,0.05675149089815194,0.06952453269720131,0.04184326125916089,0.04473428240711621,0.015594523937072315,0.027439259687456172,0.059041186933949524,0.02459446062649827,0.026442988622014437,0.029371174031245124,0.017455016263925816,0.01931910348592641,0.013626236153241829,0.027020172657364668,0.015392809945695887,0.012114071417013008,0.012700674616457986,0.013483483204314247
0.4514744064751948,-0.34505238460685494,-0.1778675664918808,-0.21724861285086108,0.05723238948967126,-0.012809222616925164,-0.19774369369362746,0.06911817538215592,0.017066219460274503,-0.03689542584343798,-0.049206056064498814,0.02187983147177348,-0.030491401118728688,0.0006595313198119276,0.004319456838971758,-0.013269806840756664,0.006779860709843471,-0.015638916303954094,-0.019982045358068884,-0.0041539076586894,0.6229303722135182,0.31594019014813324,0.13005425932981407,0.15566657454137584,0.06936934756812252,0.03986825556895172,0.0739702356211076,0.03686888520615369,0.015885114157162185,0.01986022933845875,0.01892513986182227,0.022030160016659982,0.01842116498620515,0.009542048465691753,0.009906783040068411,0.009258497244526364,0.005263955920385996,0.007372654854527614,0.010334410607234371,0.006275169975441355
-0.5364646634803342,0.05532877803237784,-0.10863276786519976,0.0060795733536528306,0.0016976351750359491,-0.0016007364695070881,-0.035621693992589756,-0.03279464577463277,0.032612712158226094,-0.03626659319525534,0.008565045906310388,-0.007021764058924464,-0.002109844507377078,0.002019808272839963,0.006601254327168681,0.004459602214260043,-0.006539133629317219,0.0035921443444788524,0.0009850615532691895,0.0019156043703612282,0.8005843119085126,0.15818094823324788,0.07038460451636602,0.05929751302565592,0.10531500194521907,0.0424049222340715,0.03613323212366013,0.03953501500993261,0.0186441859644745,0.0270859680998088,0.017296288863259693,0.01083161584531393,0.011387251152843177,0.00944457403800127,0.010301308050926354,0.009803882823779614,0.004605219229635665,0.007628996513423985,0.008543950071723582,0.00816986551909406
-0.44807305477451786,-0.12940944644658184,-0.16942006511138047,-0.11376937429980273,-0.12248845011580288,-0.05852059026018801,0.07127539579718246,-0.021235637666280848,-0.025075328851505044,0.022798555457726962,0.019216994805986737,-0.005364781661485428,0.011975150207081566,0.004650146583095164,-0.019430988511604425,-0.005479094643079395,0.004516267591783679,-0.0072247411610833505,-0.00813530292264162,-0.011000947885864972,0.7575878569700465,0.19248022206628915,0.17925530648768515,0.1639282775568041,0.1543198549804368,0.07206870723801495,0.07646454885174747,0.05166740697242761,0.02827623729152602,0.04464693543142954,0.027076778632581986,0.039003814314864535,0.01996141638245089,0.02372890501480498,0.020580811684407854,0.009831464015561975,0.011798999517559647,0.012452300783795127,0.00919184985532382,0.008555518704871576
-0.10816924985470075,-0.08957258585113205,-0.026661983032514585,-0.03897609673686925,-0.02817863649907253,0.0028985379523974366,-0.03338347290715115,0.013895861199318363,-0.0009035803611145561,0.012630585813928993,-0.04349385481950682,-0.015449687259622471,-0.009794410610448391,-0.010620408282628582,0.014338032205920353,0.0019577328932475087,-0.0016001129435877848,0.020736923027239767,0.00283374095291834,-0.0237819737396679,0.8562319030603348,0.37446310737256916,0.17604103362364948,0.1497894412419859,0.11114104118711048,0.10852267598201568,0.07432526070272873,0.05633172315533773,0.050516844618666935,0.059069791914856534,0.039513090114466694,0.03627980944197398,0.032499199653607265,0.028720638144253827,0.018742084857238103,0.016469592866383494,0.014998170871600939,0.020777486562338403,0.01331773756291234,0.018835451409892078
-0.04985713927959428,0.002025144118801355,0.027907188343594496,0.007972485771748784,-0.023786862211720643,-0.02834311618257807,0.01272168786444404,-0.014503323935471633,-0.011805065896381925,0.01366162831289006,0.029607558924997338,0.04316378548795896,-0.03917280574953672,-0.01201564733067578,-0.008785572833942547,-0.0089846601944881,0.0018988073161224123,-0.0012606650510605952,-0.0004758127952561335,0.005439258804232271,0.7230654112275274,0.51261387091376,0.30448693134335186,0.1831845948210498,0.13891513598719088,0.10729458900458949,0.10193640250136081,0.07607234995210174,0.062371476466514,0.07738564465314017,0.06872128579381019,0.08937659869504751,0.04525178614961879,0.03504067049987092,0.03738928930310067,0.03822612568357081,0.027893784714269006,0.02425296255790491,0.024438087106923925,0.02116873126630739
-0.44681997552386826,-0.32612840348471683,-0.23000247188956027,0.3671949991829457,0.009477080667860191,-0.06757908740091091,-0.09753294218211259,-0.060546119413751764,0.010298657333896255,0.010067046252111153,0.03639646863547204,-0.019709161590043194,-0.048299593693509585,-0.04272518495684769,0.00141293452000993,-0.017836973988328692,0.012310718063733673,-0.01182177304114945,0.04671075283857915,0.003636034755583086,0.3722264997111182,0.41983402918036994,0.18495311051720503,0.31054543380250527,0.09520858608880838,0.07388590445219481,0.06499329410730406,0.053450783917287074,0.03234628179873328,0.03971921944639187,0.042971069770167694,0.03532573824020186,0.03912077905008518,0.029933687412182518,0.02874613266051455,0.0338573574738132,0.022104327403307093,0.03159899572497923,0.024208574628827015,0.01683371669546608
-0.26592332709678357,-0.5821266857651356,0.14912045351829778,-0.00147520705729038,0.0758227940245133,0.03690422269361333,-0.02765611519816967,-0.024952068700669877,0.05903047584040906,0.038312074145309155,-0.06256460504415642,-0.08108390812927584,0.042264294641414325,0.008192835571902512,-0.04637497559781457,-0.04325495557214136,0.017588924964392485,-0.011634577451204076,0.018555990130441843,-0.03488154985124546,0.11115595609120539,0.6867126714658107,0.08506711825531514,0.02427983721214756,0.1344756271820676,0.07079174013473222,0.030795894620178902,0.03246727661253345,0.029273953555104756,0.05122633951436496,0.05737842572048319,0.053160903990654845,0.07005668474474169,0.03249115534532182,0.02070277666339685,0.03184292632106086,0.029064000677780345,0.01842352819021037,0.01621410684335207,0.03236279666842289
-0.3800653209035801,-0.586773618145154,-0.17769927675093586,-0.07823724287384459,-0.21403337210873188,0.06579769487520837,-0.024394006452416357,-0.12711225906226511,-0.014052473518048857,-0.06315050530737311,-0.060428896670448526,-0.033447180144216916,0.0030818405359572874,0.002003211167385423,-0.14636338683775177,-0.04464899891126138,-0.0652986223099468,0.010686786975378105,0.0028294071055883687,-0.01820128754679264,0.18645773284067707,0.4852672064865594,0.07334895173836198,0.04273600448250375,0.1398604713140904,0.04583444400567328,0.05309565776539055,0.0798379659388817,0.05117186009463996,0.05311669914373425,0.05794934075785522,0.1613334018919847,0.07748310648807336,0.05386352800584299,0.06899735992481143,0.0431490334268008,0.04519423910983414,0.03871795435825643,0.07194351203040761,0.04659045405946331
-0.3702171274764487,-0.06623007016937066,-0.02294921889707854,-0.02228307026996032,-0.007607657671146769,-0.021723949142870614,0.004372049004946544,-0.006082461318778539,0.001199093621147405,0.001340402688181056,0.006634529562429293,0.001365628617730668,-0.017391218610206892,0.0008673384618946505,-0.02199504503893319,-0.0013225251489567557,-0.017909868706590174,0.008592336755250196,-0.001176703455663026,-0.0009023184236282484,0.8949676174526726,0.10938705406890337,0.08368922430802417,0.11803036635065807,0.08821666963152408,0.036032894504775724,0.05676481301292293,0.04278471739965082,0.037797203215702964,0.03151389984582108,0.02679000575863656,0.02694645756000094,0.026668914286331252,0.022320699877248624,0.026126048505860627,0.01435766677241414,0.02584283916284419,0.015691547943753527,0.022162741578316856,0.01841619127654702
0.04070540728966908,-0.1333329321525386,-0.14358888152143134,0.02536790032630081,0.07384045723974801,0.0467994508145594,-0.17328063987115808,-0.019235749933072973,0.10585847229790125,-0.11728273215936717,0.05172995421892289,0.012082569222825409,-0.09697677603580329,0.032888307999567344,-0.07102384081204341,-0.14423126755508645,-0.00856857859488999,0.08327730788883697,-0.011008778532878133,-0.0025147630724165313,0.8180486363490347,0.14338397652790266,0.15127083447119857,0.14803754273731332,0.11958919086075535,0.10623304039345313,0.12494518696034111,0.08535408113834819,0.1227652850690299,0.10243750755792039,0.0694195935853986,0.06497234381230699,0.06866695144060476,0.07779417787394201,0.05312767228584018,0.08217012833212503,0.07154368981981994,0.06291346918983394,0.038967477424795366,0.03777302848577801
-0.30825939774386013,-0.02228161272144679,-0.018850927422778534,0.0044982673794014836,-0.014793466940174117,0.016820543865359732,0.0189445679089345,0.00823899892509225,-0.004950140160795699,0.009318166139532756,-0.018052414471149646,0.009607507941375956,0.001886126325390015,0.006752607215470199,-0.004085225561456905,0.012728429677724978,-0.013066943642778366,0.01179020599350646,-0.014409779268535606,0.0008437702088646939,0.9451089885863516,0.05653013209624318,0.03895436789882266,0.02063367647567216,0.029071166071693917,0.02123918977386786,0.02139513143280717,0.01806985803147517,0.01440394235156448,0.010590679911176303,0.016547787326182523,0.010565960370660122,0.01084824129762604,0.00972914126479437,0.009689985447172483,0.01168397276031679,0.008767909640221035,0.009603512632109961,0.009440602431929884,0.006602706808405407
-0.5964107828268164,-0.05892612310460698,-0.2849330457978032,0.1409167374295818,0.02902874867897425,-0.00043378583560859464,-0.04682883093975637,-0.12432870829642867,-0.001840233168513815,0.040498094580254905,-0.08238042040714076,0.03320391061343485,0.00884587765940522,-0.041954579483079193,-0.007992621314683188,-0.0025874279293734157,0.01807129818167185,-0.007278875415225115,-0.04850025246499519,0.05533300465177315,0.5901387132730646,0.13916141606249618,0.2645714179903441,0.17043171553274108,0.053417144382472956,0.06088781080728295,0.03806995386232539,0.1125307487858041,0.04560939135757809,0.0506203864588,0.06867823468980469,0.02776067248509821,0.029469603400084848,0.02690626947260341,0.039598302283112286,0.03613198055403614,0.024136500354562385,0.02045530221755415,0.023072725411514075,0.02391446519669989
-0.469207703481523,-0.40236296825062434,-0.20244979233355168,-0.09685787325367713,0.040170692285458616,0.0767232333320165,0.08069178445912205,0.013222989387531503,-0.027785426207818657,0.015183493750485708,0.04378580970628077,0.024289002316065515,-0.01733690157953087,-0.010224823403878456,-0.024996152447065153,-0.0036665065699350743,-0.0009865923031189365,-0.006201806797574307,0.000613473642173288,0.0077213516248499725,0.5001752952271578,0.4613646394711022,0.2039981620651923,0.12049686195929807,0.08427987834115354,0.0697096362811073,0.06929506343458976,0.04707906346410127,0.04949253813930599,0.03687702375939209,0.03499382232852154,0.03517369031398924,0.026019427634977232,0.020231182721151507,0.02764930105470399,0.03184041883722706,0.023133201439752376,0.015411279790599823,0.014630179284070934,0.021713529253766684
-0.6037124331707375,-0.036103140413789585,-0.20103484202754554,-0.09337622898374463,0.02819150024295487,0.022965184060449645,-0.13120905075205527,-0.000275333963643349,0.003780143234191115,-0.019949770389054447,-0.004987124494441458,-0.009428643773288099,0.007156918577329835,-0.015827151383524907,-0.027693657415620875,-0.006504291305295554,-0.004742229452518076,0.009365128636043791,-0.009156109481843418,-0.0075729378080617304,0.7253763900238004,0.07279852777683504,0.13705798630822377,0.05826458053758659,0.043415285982676216,0.02766355823605064,0.07345772087776965,0.022360844115648364,0.013223401578645232,0.014465662530425794,0.014462805434582194,0.016085893128691776,0.011188971847876853,0.011948991641696566,0.015236748379234591,0.015411547255644165,0.008515416899512082,0.026519847245247374,0.007930841571241675,0.006518851100268968
-0.4185561472672739,-0.35296998533062274,-0.16051053117835468,-0.007442899285593764,-0.25920165060088984,-0.1876410120527243,0.11785859965140824,-0.19690863313566018,-0.10892685054098851,-0.017902065069146794,0.07753678888902414,-0.11627984862753038,-0.06315911190988098,0.028288177292918115,-0.005314900936623828,-0.023018315669848556,-0.017689374636143045,-0.012899364432428307,-0.014770216655720137,0.028123355780761267,0.5409676038212894,0.3438718686587081,0.0994925526677306,0.054765300541704025,0.15289638288568574,0.11273150049952768,0.05613975383730698,0.0981018399211175,0.053968723846531313,0.025786011509348974,0.0317128893769915,0.041359544909221356,0.025383682482222253,0.012815191468949522,0.012339970355964666,0.01957883860010553,0.012595041243501321,0.009838369507132027,0.013578108036780797,0.00776910058391438
-0.4723487078932254,-0.09835274318783659,-0.04506692743364533,-0.12432537119090502,-0.20542744602920288,0.0027416738907420205,-0.11925842870750458,-0.04756587233183757,-0.24914530899702064,-0.1946715020472873,-0.1553209798310458,0.07701730098808637,-0.06329702343958359,-0.07414280670633273,-0.05812486507471583,-0.06810703904003515,-0.030154955952159154,-0.02105309788562946,-0.03755795432628786,0.025796054205092876,0.6860141014513554,0.13431306876195945,0.06354570844129014,0.07017265951630552,0.11956665231840001,0.033050703625674485,0.04427894871811894,0.03067941184882715,0.11415272510076017,0.073513958907723,0.05907789384309985,0.02411535645307457,0.016793157621913593,0.02074040956503781,0.014866895695695475,0.018816898472392048,0.011605400447700266,0.009462542096141164,0.010193287050541823,0.005128789606386358
-0.4166601100437204,0.2445486671747524,-0.3561580106914416,0.053207999254743794,-0.2083150003615987,0.03464122000825512,-0.0902687135249295,-0.039780908669563735,-0.03936507107644037,-0.046534029610462,-0.022863517750154584,-0.0012961109840271784,-0.029980014820001486,0.010315038349022506,-0.007334593617185623,-0.009261743122609092,-0.014395450330102252,-0.010951162054495719,-0.007007338756732477,-0.004946705446820613,0.5573151747167221,0.34658511458351693,0.3085801916656439,0.08721791577285712,0.14619603769286368,0.06969585535757634,0.08700051101406638,0.044605537153807676,0.0371979371425168,0.039710256905468186,0.022304166140900247,0.024732175717705703,0.02714019854131396,0.01812018465444557,0.022888108517091207,0.024356041502477544,0.020728096853034606,0.01576019067262377,0.013199135026851626,0.018865782142619265
-0.5111204816882575,0.062000146947053365,-0.42802051437806266,0.04419109874249346,0.16481212117536478,-0.08357309107920484,-0.029340129969559547,-0.09986668873742438,-0.03261111973754183,-0.012569495338404582,-0.10340088411543974,-0.061922823205264946,-0.016166798727038658,0.031811365316338186,-0.024799291159921057,-0.06961200083562959,-0.014152362965018253,-0.0009097962034618052,-0.0033279982297742903,-0.08681719998968793,0.5693098571681543,0.12928275538873577,0.33424460468769873,0.05997850386590344,0.09682930222912509,0.058986564597650414,0.03331256888828929,0.03285831385347601,0.01877417434270451,0.009461282643222933,0.03278255215909865,0.016587134857117977,0.00993878214172575,0.013514705709295543,0.012965624777391466,0.016140456287098006,0.007423710271315683,0.008875258563929558,0.00976541938620145,0.0249806548217881
-0.2429601486161566,-0.025823296523612694,0.5138341107616917,-0.39573434307909017,0.05476273356644778,-0.2331182526781909,0.170287841160447,-0.12809510415832345,0.07919179871103774,0.03919671604208552,-0.000518385305142847,-0.04756758313054786,0.07757544589641105,-0.06288877742075656,-0.011858191141244631,0.029254669803203227,0.05284557508062043,-0.03672700030744782,-0.01287162910240839,0.024243310679528406,0.23324898222606197,0.11256025771600678,0.46943700992859433,0.26921022166782216,0.050032030154288865,0.09718067917292034,0.08029884591389125,0.05540240872810322,0.04165201808861803,0.035795184593393564,0.027437089439720088,0.029806759433387786,0.03778453385223192,0.029922164270977537,0.023519596963736785,0.017850520338989224,0.02340041381249513,0.020123323289191124,0.018363604317633595,0.021475705644158464
-0.5672566574965199,0.1323882477233753,0.2393185058351979,-0.06236895712866809,0.24706367110825522,0.07492278672134961,-0.14489999618899757,-0.2236444224473159,0.06569134947165928,0.19610202712269173,-0.02448107935666864,0.019268397092613684,0.01895946886882114,-0.05743510427334726,-0.0037620435957739576,0.00857464168507273,0.018228240985336583,0.022693219390733606,-0.13775042388657865,-0.1377168416718386,0.5585717952344452,0.1368345051315804,0.12016903759740871,0.03797413339206991,0.1047771372438655,0.031068287515886014,0.03925644390654526,0.08352061881703667,0.021113144292330466,0.06402593907634485,0.011457032580220353,0.02482855995603684,0.01097777819855981,0.013777514153576,0.011532352601240288,0.012464122528267615,0.011865306764648684,0.0069757493392081675,0.032699887429990554,0.0369839399932052
0.1417666092554922,-0.47507701720116663,-0.26120502001677603,0.03742652126971411,0.04711098103085831,-0.1782247934261715,-0.2534356123575441,0.054885727985246366,0.12454153657239828,-0.08107125026501324,0.07368893882087273,0.3439462855518462,-0.11096168263150469,-0.046171139313810415,0.0036849936669447123,-0.21575426595936084,-0.19115191270051757,0.008103126631971068,0.044851255003898534,0.04954977155284335,0.1583497839740351,0.45043649751960335,0.14493017683438789,0.07302316476454997,0.05175908681638501,0.10261077136088126,0.11587746454796409,0.03564073670406129,0.06797021711125745,0.03893569995101584,0.028797643064581747,0.1789342151560347,0.04044477593516167,0.028766374038977485,0.02209407624379516,0.08036886551860686,0.05974696118696222,0.02141106133680383,0.01825205226127478,0.022202197465119
-0.12825283428927253,-0.3056123732176213,-0.1445125754455704,0.12777767041298255,0.15203994907484691,0.07032037329735492,0.04316594140736208,-0.029947739643282414,0.01817918727319516,-0.012748390213268542,0.04440519762494617,-0.04904483115767817,-0.037327129016116865,-0.01395490317783891,-0.06565220364734446,-0.0749932064149307,0.029400170205518404,-0.019368748701790513,-0.07202180372990603,-0.08373222344257396,0.6700940086541958,0.5016161659042754,0.1530627541956679,0.13307377293909253,0.10921746284129742,0.10104703121542707,0.08063712512128021,0.07479016493845128,0.04622607774584308,0.04995838515933982,0.05193668313630884,0.042696221255350865,0.029063909642881282,0.028888082500313883,0.027245956527107592,0.04333925944969965,0.019509207420937244,0.021418134320851503,0.029094317411664572,0.03368321031206833
0.13436877561185237,-0.15983963364585785,0.09636309837889846,-0.19981810540080952,0.008806740132810091,0.0027811426704485356,0.05079352382154611,-0.04707098213930602,-0.012964574539687045,-0.020125356130591666,-0.025439710340799834,0.03445741508240345,-0.031213333059960952,-0.012910730356671422,0.0024927812973810867,-0.03231303580533825,-0.009487892203211664,0.010775136071079447,0.023689747390533387,-0.05008422454969882,0.7846036846735216,0.4789268463109475,0.13444145286082554,0.13286894246832207,0.06079025585336476,0.043929646411564625,0.045614794070033805,0.040182223014114234,0.01767423984432171,0.027170854400053717,0.02147352666088697,0.027189220217166746,0.02362131499978093,0.017099126864012996,0.011960179404422136,0.016526843296622115,0.010394606622436386,0.009571985165751659,0.010278174120279588,0.024116945568002746
-0.2989781284087892,-0.11381514851538557,-0.14873430562995946,-0.18007782187693636,-0.057380185065677304,-0.026161946634478222,-0.027982405654785936,-0.0037001908052053823,-0.008622682169503397,-0.12327219327236584,-0.03716054041539717,-0.0527500141263356,-0.13823054542753926,0.05967738220850854,-0.03765073993264904,-0.047174312005837,-0.05054513969064329,6.041514453900238e-06,-0.0386757926623911,-0.06008431506115923,0.6763933424075792,0.4435004881264427,0.23349117757209062,0.19271441686433627,0.07456395659680083,0.07574532775571743,0.06737916800861125,0.05480082110695297,0.05288165590395876,0.07116329190013512,0.02490590574026649,0.0367246567492109,0.07878670832195436,0.03264850865159362,0.026743029660690334,0.029121221364092686,0.019873730833603834,0.013452108204238407,0.019609931187239766,0.024565414172186602
-0.18537475032021877,-0.3311446312230088,0.0971432694132743,-0.08248780120728336,0.04123068313443755,0.008894386265880039,-0.0848726729191937,0.1597604048899063,0.011299808660915638,-0.012419723082865769,0.11494832607714614,-0.017258322970454945,0.03173384818891706,0.011842085767732503,0.007340777544840851,0.0013174893807784685,0.009892408316946311,-0.032235956605129214,-0.02420868757671807,0.0029338970299744357,0.7057004995886912,0.46092402170680075,0.15513978362501507,0.10141800707214255,0.0901477303622918,0.09227206029600633,0.07300064574018143,0.10292766410526676,0.04033984433252074,0.05187321472152428,0.05613677720641796,0.019311265591297824,0.030496231489498097,0.0264743678539141,0.019564341736055434,0.01275093390565664,0.015080381766294044,0.016699751297081282,0.023354830913570036,0.007252546694193153
-0.39897158013956624,-0.046107053508512415,-0.06553310939449526,0.05067358237403167,-0.11122676483907809,-0.027726695767841814,-0.034311922535764504,-0.024518050222758526,0.008556766992788994,-0.0021076266346884013,0.008502908922266383,-0.007978649942669336,-0.0341875859861548,0.047296911187074187,-0.009277598094108098,0.004758521590900616,-0.0026592324399210064,-0.03169388680013459,0.013633432849213896,0.015749007024428555,0.7949745095698859,0.2993567834099301,0.2220063580190185,0.10615652098763922,0.12076480574325044,0.06155921806302987,0.055336715157383295,0.04367573205071507,0.02672530046699424,0.023128508179393437,0.03880529811367352,0.024110135520952872,0.028713662831669103,0.026802888275963575,0.011280295683643669,0.0141232998060023,0.011924858334791929,0.02287642760198777,0.011195403482023253,0.015686231507732018
-0.16534568656613802,-0.061387039423234556,-0.31464017539934286,0.08128510866952553,-0.011747615941392862,-0.13523310886472872,0.018800295069336413,-0.17820015664967406,-0.03415446250959883,0.05214487271389087,-0.08540400917952226,-0.05806336109972359,-0.014516047911955437,-0.013904023627137345,0.014214126925792993,-0.11863421728345809,0.11908887625691673,0.06513192817060184,-0.06719606493537504,-0.08970640431062228,0.6404638832863191,0.39624681243889626,0.3156581458230588,0.10459043637407446,0.12267136681982872,0.11105996056511258,0.0677336623765031,0.1252806652282019,0.05456503585485844,0.05458758348640319,0.052786481013441106,0.044962757560930114,0.05048049002753014,0.032729115813942534,0.0248925085825714,0.0721759302838394,0.05589694051561027,0.02571843666129001,0.040734505217291224,0.037746768846391186
-0.565997152009751,-0.13879431968629263,-0.3918031453946334,-0.07367945003951906,-0.28570857926466087,0.032902779410488546,-0.02855575528579115,-0.07497704699310409,-0.03624839593693051,-0.015209449382877644,0.0003515131710226472,0.013842369041238879,-0.022422477632127777,-0.030265726297120477,-0.002409103595052281,-0.0027581855691820424,-0.0028946899786232868,0.0026293752225961583,-0.00010573360472189467,-4.47436126372022e-05,0.5550935804324941,0.054684126550492373,0.25341534416663225,0.04535010906384275,0.16745596577240895,0.01934280266826734,0.010558020224177445,0.031261511410027566,0.01682650286228485,0.010184087242685425,0.009090970372263444,0.012905006038723466,0.018562237372162647,0.030598363752487315,0.01243569376101597,0.007683508606817168,0.007468574255364293,0.0047786664946009565,0.0015964874105362957,0.0004627255264593848
0.33663332798405937,-0.10537673590367602,0.1522374997636365,0.3110705082000955,-0.37730541180355165,0.14480640920756027,-0.0708042456675454,-0.30401779764156844,-0.29598488534072304,-0.230256839069126,-0.12763860216090367,0.10993813071533383,0.13906416021705462,-0.0923703258699039,-0.05484154666455711,-0.13674253453652951,-0.027249622156719586,0.021530000615808856,-0.062086400043363535,-0.02287248742908785,0.37194147298265634,0.10460088112434617,0.09785293492704744,0.15896898476007804,0.19668388461895805,0.05964021857298154,0.029574793507316115,0.13003697434602654,0.12487596705594876,0.0790728300889029,0.030669426758134076,0.023953203873923534,0.03408607974645135,0.01633259237023359,0.010796152741556167,0.037747160924354956,0.009263494188383535,0.0037571928128592585,0.008454243603730814,0.006602914726206925
-0.5739522077308195,0.0593295832800446,-0.17186672059271435,-0.10748130991077595,0.03062347168915989,-0.07638850849586884,-0.058701970347592544,-0.10481170330152577,0.04176084964732566,-0.03747522905076859,-0.021812424661965184,0.016637696538241056,-0.012497361655372631,0.01914687719538957,0.005093268958993439,-0.013887180914943379,-0.03156618552650646,-0.014565734374285245,-0.007322852974022767,-0.003982485698654867,0.7594066216979084,0.08646127129621561,0.094335488370747,0.032039538657574584,0.01853878275043581,0.039592890816795005,0.019967916908425514,0.04142253064407391,0.01345163459494429,0.011872532745509081,0.009829577981458601,0.008184002123945898,0.00624827300505494,0.0067064839385382324,0.0048751293093045895,0.005715525122422785,0.005596104713127139,0.004839593659485096,0.001974630245318044,0.00577371335566618
-0.5153014476634455,-0.0646326812010525,-0.31668401835844107,-0.12348175013829395,-0.23149910575400443,0.12382824268027676,-0.049142380097463724,-0.14004510896526373,-0.058085207155657084,-0.06128641471955833,0.016358976361954925,-0.016312645584443116,-0.00782588306314537,-0.04071672396787349,0.011964744367319079,-0.001643562525046161,-0.0015667447664534106,0.0034734819781376833,-7.504168201330568e-05,7.183928258402624e-06,0.6658084179341265,0.11284535882403865,0.19985055123780426,0.04725727488608055,0.10757854887232889,0.03442403946135616,0.015159480508610568,0.0472556490472168,0.01677804707945329,0.014074239680409184,0.006583416137459032,0.008292892314382702,0.008141396111764556,0.01024162203688683,0.006632389574596098,0.0037279193714993054,0.0016986591331714163,0.0011377755620104717,0.00026262135172328184,0.0002136779362467111
-0.6312159451819331,0.01422128766736636,-0.004727959288989123,0.04291233851538902,-0.15784182795194468,-0.002598232801945971,-0.016008661317535335,-0.015579821645127155,0.0007239065343835003,0.00029842638275962024,0.0023671138325734834,-0.011292053873389269,-0.0030380608252177908,-0.003334321439974332,-0.0028187907099486696,0.0014163535640436067,0.004063592263766612,0.0007477389705372212,5.010853691174168e-06,8.478465165599903e-06,0.7475593621143198,0.02721730242657487,0.04649262646430691,0.04361940844840357,0.09275260408180583,0.02271247231094872,0.014212042340958301,0.020212475622520914,0.01756153494029359,0.0028438152862950115,0.005193964731094185,0.0037879788532422212,0.004147564219156342,0.004083292367600802,0.006301911958992919,0.0028481979438555786,0.008580841709357469,0.0026190956841860287,0.00011172574662713778,0.00010525312929167999
-0.5214375379133172,-0.2723527086250324,-0.06373284167578275,-0.09811690875640934,0.027288018864437616,-0.008500504148986161,-0.020460728565459756,-0.007027361943217862,0.006835512819513863,0.007546136425945865,-0.0006192619572592727,0.00813242950632592,-0.005913023174857689,-0.005618920527249752,-0.003594502713254231,-0.0011310528824302723,0.003797719677459442,-0.004964978239978265,-0.0004666802379660892,-0.004092340559110533,0.7570014481462984,0.24368773604527638,0.052842178478943375,0.04434637398747919,0.022823508931018262,0.015831117956523512,0.015598008472042619,0.008959094274673965,0.006697854803343311,0.004724842476014142,0.00738154135793385,0.005479163798161181,0.00886942798046185,0.004369031943985168,0.004250488197668237,0.005039730674822892,0.003608248262163417,0.0022928694099128106,0.003893071052213911,0.005564296967118288
-0.29108082480411174,0.2020941759919859,-0.2605124613215169,-0.5122594816151406,-0.0036816568299144373,0.04597934692957898,0.038842194774127904,-0.129112507118836,-0.17474970008186744,-0.038739831206370964,0.06178767133470786,0.008011400342668236,-0.02261122373355256,-0.017143330821921564,-0.048894697603419586,-0.015545670700242287,-0.03497876593156589,0.015418852675991919,-0.02214726346585188,-0.03868932206155742,0.37960411102645575,0.18470669802643616,0.20230713252027702,0.4985242400665735,0.05294883078460568,0.028272131880134874,0.030945916745502823,0.03647495374987587,0.06148343898028544,0.02789847181341083,0.030262985978342358,0.011371704764994273,0.0180723530214465,0.015003063971875577,0.019795812428545046,0.007910772138419975,0.014513143220478019,0.010920652379919677,0.019768941399395442,0.012195555079970437
-0.5961579381309683,-0.00627370927643654,-0.06664148535921323,-0.008731672204635475,-0.009673772277454503,-0.08965311867406704,0.0021556648609213492,0.01317437227203182,-0.03720107083219401,-0.023688576101816378,-0.010347212780174232,-0.0020502158504567187,-0.0038589597033006568,-0.004866926878074382,0.0003344813240856203,-0.004519839293498521,0.001368442772256353,0.0020233785666168395,0.0001800579797532192,-0.00012931518547139274,0.7806771564724457,0.09682179261026516,0.05211195021992447,0.039718586521981715,0.04542735201080687,0.05161307632317391,0.018688644546615146,0.013225142816465496,0.014467061246758964,0.013861614812923343,0.015822837432604625,0.014305545504612511,0.014760327135161636,0.006650262238892843,0.0054929126806399445,0.005240144656622613,0.002905096461060892,0.004979591700580149,0.002861760350708118,0.003774776704883888
-0.5094223929802142,0.04781773014916492,-0.4369126422880184,0.16346705724488833,0.05662775392289132,0.012599851093472218,-0.003825342339560018,-0.041329780995886745,-0.0929047132909831,-0.059154553599614884,0.06389014068386228,0.010951844545742776,0.021475969842420277,-0.03273534029628879,-0.025469003545880525,0.008755490371393858,-0.012030187000391608,-0.019712849896037093,-0.017374329835470298,0.0010398381960088632,0.5890974194817666,0.07566789795140952,0.35748330877583334,0.10000450675128532,0.037101533766534765,0.01948479137066529,0.017546636295845224,0.01897517580540792,0.03398237584557819,0.030898587926688745,0.015210276886658233,0.007320250114758078,0.016273996720412697,0.012034995600189556,0.007638647497648558,0.005994007532724222,0.003936589157754263,0.007479980819520663,0.00852638061187526,0.007052789910435647
-0.5987838183035287,-0.061507315102038315,-0.05509186148600465,-0.0354818907297252,-0.008884023527354502,0.018555190654616433,-0.001100766164792698,-0.01476295929170471,-0.005619719185138354,0.0006984104137800704,-0.002602197247279318,0.0010908011025839493,0.0029298677075627238,-0.0011065376453802437,-0.0027773867756579443,0.00031053989837843347,-0.0005794082078471695,-0.0007824829355878355,-0.0010494963516913666,-0.0002692051032074117,0.7860487770703051,0.09198843141520403,0.040909853660513,0.04476629042617927,0.011177273363977015,0.032748313546293296,0.01855214810637421,0.008811497153102355,0.01671384420312828,0.01889711091365966,0.008424790752306946,0.010776204779420822,0.006978626600995544,0.007447403565775684,0.0064637618499642025,0.0049958003707851525,0.0046662671771383205,0.0037296180050366582,0.0032374232860804893,0.0025574968295770926
0.21965633967890852,-0.6205376044918074,0.16230725953445016,-0.11436847299815722,-0.029213040418923437,0.03871906458956861,0.05718534917912605,-0.049266385679161764,-0.02775368455038877,-0.012502660638509055,-0.028255082518872616,-0.013723350235199418,-0.014413803535280692,-0.018739912225585204,-0.015019104862495938,-0.0077099809173586725,-0.007544642104285182,0.0016033073892600625,0.0013755284766740138,0.0010003030747998624,0.30296148213669283,0.6314495056350378,0.10089283612094285,0.07552223281245618,0.041883157250631735,0.026766887346389826,0.03317901478334369,0.05372461754285709,0.019216032330284454,0.01965386395171082,0.026383906414691183,0.019806975521399588,0.010502645845291335,0.029603148409470575,0.010368653545858596,0.014156526161480816,0.011132411915522899,0.01243415207652135,0.006846276532963784,0.008483590208559448
-0.6313269142449118,-0.05538403346182189,0.038551072840012274,0.033102801009379075,0.009919815955258452,-0.06117921754500123,0.009866742193371008,-0.021691719627007233,-0.01721015277382465,-0.006619964345617949,-0.015545483974360851,0.006064557073819725,-0.0004270827689653508,-0.0012782261710881427,-0.0035316136003041474,-0.0024550246804386096,-0.003316501318552538,-0.0057172548202594885,-0.0008897558964711664,0.00022220932688115578,0.7629027232395815,0.057380844712769316,0.01587208434653717,0.03775256279582776,0.02363735709481946,0.03523113915177684,0.015747345887569472,0.02537531422482639,0.018067278920480337,0.007959627637445267,0.006425221265409485,0.013893827815020375,0.0070144165984485154,0.006849018393484211,0.0071115293278050315,0.006704732653316754,0.007081442948435051,0.008602582352301874,0.004537124588963341,0.006468969848857271
-0.4706445996729473,0.031890213174280355,-0.030282834162873883,-0.005857919014730874,0.005856568052773226,-0.01153057733952522,-0.009139334409610761,-0.0012959944096823455,0.0015800061999622465,4.615178600433248e-05,0.001253313865428085,0.000458911225336401,0.0007777759083598118,-0.00025113460962896794,0.000768683509349167,0.0020444737783996783,0.0009461356870157563,0.000736216847665903,-0.0013991890160829298,0.004051359128511618,0.8688751924795011,0.11301680147823832,0.07811493017317457,0.027055653344117223,0.01434150365504562,0.02832973577163774,0.01549602100597146,0.004520131219088153,0.011312211920835069,0.010388946096756545,0.002478553227305632,0.006445910012533206,0.004339174995627194,0.0041669067870006024,0.005600250598110173,0.0043509939975444134,0.003958422128798686,0.003009399923704476,0.002258029534139438,0.0048748162834406005
-0.20256709454184504,-0.05643627805591026,0.06462473116776672,-0.018562265098176996,-0.011522749583717143,-0.006723600296118397,0.004647821402112315,0.014277695149155058,-0.017611924824027292,-0.0012771322495174005,-0.0009696611364028949,-0.0010326059764408648,-0.0015695635739037183,-0.0036056897724545435,-0.0006245471177445936,-0.0022401909679048305,0.001969444577148783,-0.00028478855512294025,0.002036283669138014,-0.0013568513564028513,0.8969010055056861,0.2237435492582856,0.21573696452773866,0.15181375698339264,0.08428306824143696,0.07554426046053091,0.05729875290257789,0.059479907907071215,0.04610018372087802,0.033148414586971986,0.02826264953252581,0.024571512437973377,0.026108666843066487,0.02192459669097988,0.016128590898685957,0.011665416447123551,0.014447373744169196,0.013265418146401373,0.012879386803518541,0.007923957308916202
-0.5011448007633525,-0.20190479340413292,-0.10555979590140707,-0.10405239524270445,0.0054445523419416175,-0.0007017865441208183,0.003648444443493184,-0.017997614629048888,-0.004994544902485786,-0.004236252860972725,-0.00957091635750317,0.0035772182905031225,-0.007707267755856974,0.00727897017205747,0.0008039776452589762,-0.006171124962087032,-0.0013505332566729562,0.00542621290184518,-0.0027369002575960925,-0.00018437805844559856,0.800718853983002,0.15292954661070343,0.11624330860342759,0.05787404045194735,0.04407532864205168,0.024146743841493543,0.02544992659717039,0.011925845567841521,0.008845823220870883,0.009835640978998254,0.00565746587635797,0.008274843942678536,0.008581168438806243,0.006464535555686072,0.007994026682003769,0.007162415568133111,0.008028040194845742,0.009979020531263162,0.0046638865391697044,0.0025429516040296383
-0.2849549614520115,-0.1263883855893119,0.12978417965239178,-0.07986525006129719,-0.07171773412871436,0.018502994531587106,-0.08779737270996402,-0.10327814012366382,0.021224885602089787,0.013525215679038968,0.004623479054508167,-0.014630979324696754,-0.0003187891298732863,-0.000627954584956167,0.05463308857373259,0.05968289742169312,0.028243128206872952,-0.0036927711408569464,0.0008864307077819436,0.02690853644909696,0.7946958259559532,0.3232796584390891,0.22586587037311484,0.10163494247592827,0.12716657186800617,0.07990143480999687,0.08120003743552996,0.0702510205832835,0.04000139731906573,0.043470221515972365,0.07671097161752521,0.021041122622402222,0.0281261784825843,0.018640224698406805,0.03558293794343184,0.04084788134181934,0.02209440085710192,0.01568236039179355,0.015191364144092015,0.02134698471004958
0.28623968778390363,-0.18566367123070543,0.1392800498372342,-0.06951959185486142,0.0030517186170607295,0.043460203256657455,-0.1420665976984334,-0.10015750091539162,-0.031102676592351667,-0.09902899725727414,-0.16754935763646928,-0.06659217495018248,-0.0597408464128195,0.02798340780447927,0.02105231027321022,0.028672279606489194,-0.014604785413407472,-0.02789682594183639,-0.06782903831810283,0.021422223759688774,0.5405696767310021,0.43633253907030917,0.33631005558834987,0.17542366704079757,0.13807350687673675,0.14250630988730037,0.2114560965087532,0.11952882814735616,0.061048120443440754,0.07030752986372339,0.12961014522769762,0.06830643279797617,0.036625251709429985,0.0690400099421954,0.05502242844331987,0.04080395186248485,0.030090877375500747,0.03424386427708665,0.055610766868731454,0.03664781770987443
-0.37804236495150717,-0.18603696673933603,0.2366988710489495,0.1392791678896353,-0.0156829200533216,0.022661919814987445,0.007202536328567955,0.10879481512399841,0.17387500203527118,-0.00500145862738449,-0.06843852210570846,-0.08849054410842128,-0.06814480772150415,-0.09231611077209172,0.05250986628645072,-0.06603450686637881,-0.005792752330046345,-0.03248508626376936,0.05551265214238788,-0.02841261797367107,0.48145310989247325,0.32952959077239896,0.3471109757819873,0.24273843389025293,0.10593073739837294,0.1126115929174581,0.14151083945910403,0.16743832227515965,0.16314456412402978,0.06753392922347286,0.09834410022384502,0.09039392302742957,0.06097615174694098,0.09354712549926819,0.052586310273578386,0.06514246014622703,0.04267247277811934,0.028492207464598285,0.05471421530856014,0.022034173268603532
-0.29060977688001055,-0.2058664353767105,-0.27333906848984335,0.1926014133753751,-0.053692699074570326,0.037380972181969147,-0.06377148724705028,-0.020588339856970277,-0.05827155215635037,0.002504513588730702,-0.09183848384659139,-0.0696907043976623,0.07606315132525973,0.031638076750800374,-0.06674937457773888,-0.09347724056760626,-0.009357456151291558,-0.05277324963688825,-0.04740880152599136,-0.05291551652540206,0.5316257794712593,0.3827647963907567,0.315817057430681,0.32156093330616575,0.12104542122147498,0.10234281925282628,0.09625705779752389,0.08327503803138099,0.060088751018432376,0.049208809700482754,0.07625846590859392,0.09400378040839437,0.043480696788564845,0.027783729935936634,0.03965941910818474,0.07316431456553173,0.03082755042358451,0.04014046355492399,0.02426238412561101,0.031072324482311488
-0.25468918591794554,0.04300321853344012,-0.07369830499694566,-0.16651644204850596,-0.16552809125992302,-0.0857800930500718,-0.04224406841083221,-0.14346743822043032,-0.05287125616884561,-0.019478953344600758,-0.06455945982583468,0.06566073123795972,-0.062362513069249434,-0.08808796663841768,-0.059203114665463026,-0.047003707958734264,-0.044041128578896985,0.09440010620939908,0.03115694796220675,0.06401958471898384,0.7573115571519605,0.2507540061559629,0.2899825269222896,0.08592751439761748,0.1385454738404196,0.10709352020784654,0.1067780127007446,0.10435809216237467,0.06275054898375813,0.04535427750739618,0.026150780191561123,0.04369325696899089,0.030456938104265634,0.047597088434193226,0.030715707797120826,0.026034409476768366,0.029354860408396084,0.043584078786008874,0.01717394869346623,0.027865892607119986
-0.41916503483589085,0.008690933688186698,0.03402628381242356,-0.0213056789480415,-0.0016671816006510493,-0.004805268592875233,0.024847583658593627,-0.02236121432831626,0.014375414117541663,0.01263742740620888,-0.02635213555721553,-0.004121132665354442,0.006804307776509032,-0.02345369027529609,0.0009645736284247639,-0.010112368265279992,0.012941709916081193,0.007155831134528319,-0.004081199149840304,-0.0031729330650109703,0.8672042155665759,0.17193711255223781,0.11881647408157092,0.05546011727823595,0.09795631932348933,0.054964742664393336,0.04329754589166947,0.03993398478314429,0.03948594685698338,0.031061743420029406,0.019174729343739,0.02540707440696056,0.015277236709723233,0.014186028656172061,0.015379821402623546,0.008216057713452818,0.011111326276836496,0.00740908383964589,0.008035750839350998,0.006628027576382687
-0.14711604543399848,-0.25440803687211505,0.22576267029988373,-0.1365545202549789,-0.03883008390525323,0.0017544481263732786,-0.05754514952371878,-0.01895709501527563,-0.022722205111689403,-0.07326007817950217,0.005871526308640332,-0.0240499605982676,-0.009036676917192897,-0.014808996418293252,0.001380493125363855,-0.01910047896457958,-0.034775916480496744,-0.016682392377251682,-0.002296104977662991,0.0010721010578266586,0.663465106633543,0.4367194976402977,0.30953778023554707,0.16230232045210968,0.09358720553458857,0.19407297998960277,0.09349751270141535,0.08531567959465511,0.041091196974564,0.057619278708839976,0.0409246296933569,0.05103967521895821,0.03429019778893549,0.03505551773369787,0.036674490906410645,0.01940152260040918,0.020531076423081444,0.016992540839116714,0.015780040075565712,0.017177765736460404
0.08609284475135989,-0.3913048767367053,0.06096156420483838,-0.00900830419454515,-0.03187429431869524,-0.12357458042930038,-0.08787651414930309,0.06739796130773085,0.011754035475895883,-0.022456368063475486,0.08532427782857117,0.0445586679749448,-0.10854264962427586,-0.023895748536370744,0.029582941849003043,-0.04783780150163808,0.005263979113678128,0.03674160104056096,-0.004603351376805779,0.0319176394309073,0.6973531601207715,0.42781369419559273,0.18438988900566744,0.11453024969414213,0.04950750855070198,0.09697266304914139,0.17516225780444664,0.08608154516389188,0.03922614707270582,0.042269441105441105,0.037907936092720015,0.04008941746903827,0.05194947820305182,0.022321397083680073,0.02929913724405875,0.03249925778792086,0.01973008927452998,0.023044553104683358,0.01715535398330711,0.013878475266890627
-0.040162237468180054,-0.3141071483295729,-0.1108986727894617,-0.10279389210510172,-0.015849486721410497,0.004296124612811248,-0.11505681190534106,-0.11191987453937007,0.05006562723418149,-0.029764318752303443,0.0604512815132593,-0.06610172107617594,-0.05502445078381053,-0.012102196848754937,0.04395467799961138,0.005946443899540488,-0.026980979525544627,-0.031671608515414104,0.030860033048116225,0.00524593043651874,0.7861429136363242,0.36775993160060616,0.11932460295781123,0.1424494026360441,0.10755165335559141,0.07271627886982433,0.09522455383445212,0.06565785290296614,0.0617863680612208,0.037916409974229494,0.042229747553309445,0.04242351173115062,0.047699922203858346,0.0237265682966898,0.019938683157934126,0.024033462639698862,0.017935344005047413,0.013230993003314654,0.01599949184027485,0.010941751224723656
-0.44274337754909754,-0.24871572137315393,-0.2819681686647249,0.04649586206079271,0.03012761457768364,-0.0007259698691542031,-0.15010302107562948,-0.10689459223943121,-0.2451145260773093,0.01741432597296503,0.035449543773332405,-0.04586128115400222,-0.055347349137621266,-0.09449004441477143,0.12326217422452283,-0.07256566559981426,-0.07582746490002246,-0.026384991654524688,-0.1461173730684037,-0.06988060185073264,0.23922395074709824,0.48001094250546666,0.2998296968885462,0.1410955575796446,0.10642225936549297,0.132735158684562,0.12546090828021075,0.08881353891652997,0.142847530981565,0.09655394892811543,0.026045540512044402,0.03729709911744891,0.035574190710961066,0.058346704721669224,0.05136805549611042,0.03789276344862782,0.03712958598895776,0.022204134259182745,0.0616178190212737,0.02197894734141133
-0.565267448171585,-0.04601952665169585,-0.2859498949505812,0.03076775860447366,-0.07825401441039666,0.01312289023838571,-0.11314682807271613,0.030300795525157884,-0.14871440340476116,0.016542617793566115,-0.08740210905032347,-0.01404383597228895,-0.007774886340773045,-0.05249846164096705,0.0015961595285447544,-0.0067425021876237464,0.025482322928066983,-0.01866728319666958,-0.02198386290635529,-0.0036811000443857087,0.28754453519039697,0.36595098521279457,0.3068288934723543,0.1594298041458873,0.2987657012617212,0.18452844123620976,0.1605941518201856,0.0744266640212855,0.1411213999156233,0.1088720763431692,0.05384609005995744,0.04498988811564292,0.05928768903580198,0.04176531350354745,0.03605496855276184,0.032923615720803434,0.0468771570268186,0.03288988180294577,0.03850268844649537,0.03372431254646226
-0.24881854143897894,-0.46718674150673273,0.21414804228494153,-0.044435299979175294,-0.09149785806306046,0.06428661105998267,-0.20629551928460693,0.0019328867436428107,-0.08405682760200023,0.016425843632601758,0.016751412812562753,-0.04616871792139249,-0.07004885226552834,-0.00862780309025281,0.030425804830541345,0.09643731296807746,0.08301481833787952,-0.045044837810225245,-0.05868059692981714,-0.08492530364804016,0.18995124009297706,0.4674583906730416,0.4686632117609962,0.16521515952322766,0.10298633460688492,0.11094633245738805,0.11318122066616573,0.05388195276877211,0.07560819534917824,0.0695427368033935,0.0527318450601967,0.050845882134930395,0.0587272867232315,0.03904662748602956,0.044479221312378026,0.04843327911888738,0.04198159745788113,0.04951685697879394,0.03410527745484352,0.040401614673267555
-0.1901426912314794,-0.22340409068219688,-0.0509168934180175,0.10602075035710358,-0.25030442966404204,0.18517857094353915,0.11743667636189101,-0.22635131135339606,0.04141388684973502,0.08568980557800307,0.05118486044965688,-0.008949365000933717,-0.046402247728112626,-0.09169447880230909,-0.10493173128166468,-0.0874481347151971,-0.06765971685393786,0.035437748003398765,0.007235586182891009,-0.08876312814952196,0.5755090563411539,0.35667796016059655,0.11385451059923549,0.162597979417718,0.19258996640319856,0.1879909945957807,0.11657524818650403,0.19420869622586787,0.07216357137981444,0.08831573700565493,0.07355554916121115,0.09360948708394037,0.05965549087880136,0.0791522430530713,0.08522056644088706,0.06855125825533083,0.05134504324473321,0.06882947132489807,0.051219576656416854,0.05347572808416183
-0.530070948415105,0.08210365796363965,0.21958444875233712,-0.4398415744620555,-0.02801371665846575,-0.20475375656358502,-0.15457215985241984,-0.1972101422180931,0.17974888603751002,-0.03574968290470306,-0.018074838377767407,-0.09493436270666346,-0.0682431980517707,0.0012321961548143817,-0.14735822068649448,0.035568157715795155,-0.04064216806042331,-0.00010006181034759627,6.082906457925451e-07,-1.073132779350348e-05,0.4427023175337379,0.03550789364973659,0.0864590149443926,0.26218677365516485,0.022027168864509436,0.07558653062293226,0.04407848686573084,0.0626259233840051,0.06375653764026096,0.014516054295939568,0.01797637052313978,0.019858187368116068,0.021408945181081385,0.008665431467530856,0.03840790322369513,0.011390268367765959,0.015378097850895289,0.000695390928026094,0.0005778573912702475,0.0004962694909297212
-0.24587885991417,-0.5323706392360642,-0.1443735471490294,0.07688533048712089,0.14655938252772657,-0.44195602949195806,0.1570493492509538,-0.025380205190198388,0.21137076990608464,0.024550846775700887,-0.008531686320490974,-0.14156920797714212,-0.0331088040278462,-0.023936881396183655,-0.08262634595166775,-0.03883051348015763,-0.006606985979727225,-0.030096037698081855,-0.0006390156654923122,-0.0007416003874397215,0.22356261824108742,0.3942413897493087,0.04771704785963517,0.02602731869763427,0.05305639665705164,0.29466213556053306,0.061196043956020955,0.014469483790056808,0.08073944675693115,0.013781653185482272,0.012403805363043125,0.03545785591295592,0.008498481202026554,0.006583478372546104,0.019007212069198323,0.00733124217894578,0.012100655060636494,0.010964896317284376,0.004766969324525354,0.0033649490691881924
0.059790189523997055,-0.03193988527771567,0.06258439437353858,-0.08833470245262455,-0.0359047704575039,-0.04673058893371248,0.048165374480422324,0.018208830781434142,0.010728714798547753,0.03402965511506132,-0.028538996964527486,0.004096866535978227,-0.02240113558500466,-0.02790035907778796,-0.009624640765064765,0.010337697081391919,-0.006981389003280133,-0.0026495995539506196,0.012454538001850144,0.005372921466919676,0.9008537746274453,0.24456833650096282,0.19646946494091708,0.16611124193336552,0.0789287059907164,0.0760567672407906,0.09658100058038362,0.06516363494383713,0.04949184818650022,0.05477902008961918,0.03788394486974738,0.030142805205510877,0.0219379973640942,0.023457676779700853,0.01571509108073203,0.017780545452849423,0.013731772097181572,0.013393878364581781,0.024611103893682058,0.015546255261178976
0.022487111316242158,0.09397559567223139,0.03461455837616168,0.008833314607025262,-0.022138484316983887,-0.14350187971760342,-0.055756514397948195,-0.005927793876121989,0.028442700732722793,-0.0022923412725660676,0.006599441742102181,-0.01733944365734356,0.0012026684913857128,-0.0031212968871795386,0.0010505123867680685,0.0005927936612991219,-0.001320175697721828,0.0035934395871985653,0.0001421413574539192,0.004583237805089214,0.8132171610511981,0.3339254500541252,0.2853900042907413,0.13624808297895447,0.20885109789506606,0.1330803009472825,0.10218342209227532,0.04863893975690328,0.06684843823040368,0.0747087840580951,0.04761852364651647,0.029854889605783124,0.03155611759914302,0.02500918029067792,0.0252873868933146,0.01583196502503106,0.016249712279651763,0.02175794316624554,0.018243085029855378,0.013669000914701258
-0.13208150107274214,-0.15550662108861105,-0.04986695754863432,-0.13010786440824182,-0.028153758253931672,-0.007507179843522596,-0.023751124778995852,-0.0621049670065202,-0.05421432627751903,-0.03605644338967562,-0.03754535986483448,0.020158581355459247,0.00832036464704036,-0.00416107295682986,0.0017960517175788714,0.00017312130723862567,-0.004599882543515364,0.005597234427775619,-0.00012782736895806086,0.0024729142226491917,0.7745465875523873,0.4315121269891553,0.14815297777496098,0.19955859635264805,0.09757859263373185,0.17258975625558973,0.08514448142736834,0.10701585290627813,0.0735875783702637,0.07416389813242691,0.05919024410635652,0.04024191515043843,0.0371960193805592,0.03467128455902439,0.03058820190750644,0.020800848473300625,0.024588262639594512,0.013356102570108368,0.023656820302554865,0.015486448534647208
-0.07253019184691313,-0.01784769278886768,-0.06915811957007133,-0.11635065092026545,-0.08507163816625099,-0.09699227628381747,-0.01014359447173707,-0.03443665969223408,-0.0456082109294023,-0.0022378979533981373,0.004139088781661677,-0.00805979823779639,-0.01285132355357352,0.023065802034990424,0.005890058696127251,-0.00508476303704149,0.012843630245241754,-0.005171883241200827,-0.003850686919631541,0.003995917850335698,0.6902708218217197,0.45453179280818623,0.29616364302480513,0.23019269557426447,0.18486161581958652,0.1469669226664082,0.12850087549220757,0.16663938438633788,0.0921587278104065,0.07489510172878572,0.05465731103402432,0.055463398281830084,0.06497305088310884,0.047700226037068416,0.035829470894014524,0.029656593401961886,0.0322236138056758,0.023058526730429046,0.018494703581242923,0.02127227467448994
-0.12265694536734907,-0.23917211964155413,0.00545414654438372,-0.02873353485053852,-0.07017666992731353,-0.07786281158483546,-0.02119667521068546,0.009765945887241424,-0.05385689144721404,0.008797844109572612,-0.01086507088268509,-0.012495711097420058,-0.0017236502006652103,-0.002129571098318745,-0.0033556257252384835,0.009293870120117228,0.004429407083096705,0.01252447867638983,0.009041174738019579,-0.0006601426020974364,0.6748567805157276,0.5234064524160523,0.24957974674994798,0.19037752755131937,0.195706788698927,0.13575577451576182,0.07980713528732274,0.06954666985398128,0.06125456890678889,0.04606709391789638,0.05458937575776469,0.041461839958596106,0.047443997811530095,0.0239186468128936,0.024988691912814772,0.024323124807698732,0.01798428818082923,0.022214472878037753,0.01759037477576818,0.012387348748051885
-0.12679602447300894,-0.15533692155221082,-0.09773716135504058,-0.13253174204541987,-0.035317239231879564,-0.14800426638091121,-0.08996086786575029,-0.01821413472315238,-0.019723110136248712,-0.015063428204362989,-0.007930317702942408,-0.07078358697433904,0.003395241406017325,0.03125215437173121,0.014859169653970725,0.017125499832572326,-0.005488729335075505,-0.025041183831993198,-0.017642187095416133,-0.011497900177084542,0.8150034978396397,0.2465572977012923,0.21907246131684846,0.20397193287911303,0.1213347283222915,0.1531261019768202,0.08325379214701244,0.08850964089034528,0.05549683439617586,0.06397466826743572,0.06085156370819797,0.06162968900843004,0.04584455550921242,0.05407068732529929,0.028686112861442438,0.031546969857873204,0.02620780614002697,0.038368498932256995,0.030133207883419104,0.025865762607594725
-0.057161078151620484,-0.14197494413334205,-0.13281784702227015,-0.0039913829826265824,-0.07415686661829138,0.0858877278074314,-0.03747852988954612,0.09563469552167665,-0.0452471787576814,-0.0495431459470708,-0.05237315910366636,-0.04671151932003741,0.006537845786868354,0.02391373529139004,-0.0193897991054527,-0.049208008121717196,0.009771539091863237,-0.0012408511006285193,-0.01567244945139728,0.012571899392849112,0.7344794492354324,0.42030345032816874,0.23960088143838373,0.13971562927341746,0.1471976228377415,0.18683378727152705,0.16586718670558645,0.10158462244436614,0.08016232002397275,0.1151807683195901,0.05469047082756052,0.06939807989969199,0.04175920727809593,0.027566984846276676,0.02766885360018063,0.03943692052566945,0.030044070843559905,0.02987376705595216,0.013438260766560304,0.020092417871622987
-0.12521917356257414,0.08953695227709751,-0.011465206716085625,-0.07262945201889058,0.020825653018000226,0.046181120787067306,-0.04378973076676907,0.005088428229565295,-0.028631693868881255,-0.0031769511839068384,0.022003819620302872,-0.0075702093770069045,-0.023551994289281064,-0.004725184911825198,-0.009665638656119437,0.00512111471012984,0.00047335022387203494,0.0034187193687233498,-0.004707117399376063,-0.0013738238193872262,0.8725051450775616,0.32487243859510506,0.1738186800940567,0.1160979204905486,0.12392914819418951,0.11659666361243905,0.09611968058707253,0.06852030896819006,0.05377114949861801,0.049455578752372414,0.033258294877380495,0.03499212880947982,0.030446161823171128,0.022998836152107856,0.020458429813664598,0.02354165628304446,0.01425096305605844,0.013452410428175167,0.016315062948016955,0.012251462015664414
-0.42728532912046097,0.14211700473364136,0.07895306555563308,-0.00311074298956026,-0.0396360109106684,0.029459339955153336,-0.007480784918387395,-0.0011485755295369455,0.008309176870174137,0.010474715657261645,-0.007369908986109851,-0.0038869816131775338,-0.002563525952525691,0.02809462158204518,-0.019635469437088243,-0.000448053749948959,0.000585884278843541,-0.006962961357186172,-0.0008956895444378431,-0.010672356806318197,0.7174116619975198,0.39317218258443815,0.23947286858055525,0.14679918253138166,0.09659513499880319,0.09085198614994479,0.06419454014316808,0.05794096400390278,0.05533776154770775,0.025390644890251706,0.029420944492611588,0.036331024733223714,0.05375284924609218,0.057039644676031974,0.02344386436632323,0.016183304027961518,0.014307079492432246,0.015804480198624713,0.014730195048770472,0.012449611814863598
-0.39072337282368663,-0.04692122924481214,-0.28446097150963834,0.004787738879789392,0.14263138452680696,0.05458672675892985,0.0688714421682875,0.04432278560968256,-0.05025994181977662,-0.061948309621302496,-0.12119020818417169,-0.008700725682006687,0.009413538604895142,-0.052898059362359334,-0.01844669818232415,0.021432566517478813,0.030695450620197007,-0.0453749772301006,-0.014478844215973176,0.004301381420296685,0.5732546491961219,0.24693409329849986,0.36378598510412186,0.2635108577174923,0.2177017135357915,0.11254676676283999,0.1199649471147519,0.09698785509320271,0.07474830267666956,0.08748437903091356,0.08136731035375501,0.028950994702781386,0.049851352793084544,0.056161761850426865,0.026614250116660822,0.03379971924590985,0.032858078993267835,0.022861718872187124,0.02559701761953545,0.020918210748691213
-0.3435914425281197,-0.24785730953957283,0.016097614916144518,-0.003979906901547693,-0.05440091293280878,0.09143721361537359,-0.049954341056288085,-0.015570901719076066,0.025681352365296138,0.01661481666738196,-0.011468241157418966,0.00889633283899626,0.0055219657877543064,-0.0005232685721024602,-0.005518896770229726,-0.011743090962559983,-0.007437604608177264,-0.0006932124941433021,-0.003642840232708383,-0.011523499709795064,0.8212685422241176,0.28381771808262013,0.09640545076579374,0.13913534955121984,0.10137687560756342,0.0597193066658954,0.046374497312057575,0.02378658745248269,0.0417245238156679,0.025141381239741578,0.021160126659207402,0.01674884455372157,0.016341179725182127,0.020755661306138862,0.007916194653001422,0.017210425335577973,0.006935232423866205,0.006970193158252783,0.006341531398591877,0.009446131843430775
-0.430375857976529,-0.16197974989814348,-0.10477137855372039,-0.09741189669506019,-0.03152656519511482,-0.007162036366560636,-0.02461467353522999,-0.029689339809447813,-0.013654112663928616,0.030929618382661114,-0.014914945568827397,0.01791423273388713,-0.016336474639152335,0.01754541560199699,-0.009643832361974521,0.011929804923199285,-0.013102888724984132,-0.019102390417601273,0.011969596776344871,-0.02006670110601561,0.8179283588214932,0.07458932692151214,0.10280395387509819,0.17814700903964378,0.11964850023817161,0.08446764676960436,0.06926393968352137,0.03772877131966282,0.04371048304886106,0.057028525359239544,0.038613643551755464,0.04894366532419755,0.041906368612302625,0.035578695704341294,0.03275909858675533,0.039918450553808604,0.03214981791771111,0.02503328471404066,0.022856190945830832,0.02222460156163775
-0.37264004601950035,-0.40783026677028905,0.09246345188399574,-0.1362889284124337,-0.08707204216821536,0.04409416715958452,0.012188405194377087,-0.026309429730731523,-0.07615089267698762,-0.07461170717095014,-0.12112883578475983,-0.03767524363070962,-0.05958674735836823,-0.008371905881984505,-0.008186288220032695,-0.06917834114092987,-0.021413922822716022,-0.017581421051247416,-0.08419742070086939,-0.028733360641154043,0.6079807520674998,0.4186870677469013,0.1634294863722963,0.07292338486715391,0.05856933552616249,0.055034871194934026,0.0617037834777272,0.05133700247645219,0.06447445875346693,0.06730132851839643,0.05558108179727414,0.03503071778750444,0.03357821152209473,0.03610362893943805,0.05780838977578004,0.03467042090130559,0.02054154370008537,0.013125927636944864,0.039578149607009346,0.026514095956869453
0.4553345707223739,0.32016573376891194,0.09366868853254798,-0.0016550885964921169,0.17769990410308395,-0.10436445912311529,-0.06891320655821484,-0.15174929679719076,-0.07510144146805676,0.022439360502393806,-0.028282076991149416,-0.004726105285210607,-0.032512530697471884,0.019933854187244457,0.08054964993948337,-0.029144401364010933,-0.04761126208226751,-0.10765328063418217,0.06157734537754121,-0.06617587993073505,0.6554586211156042,0.2468519944890091,0.111207338080378,0.11898072463421143,0.1379009837519263,0.08753350636338855,0.06736271040615019,0.08547099301329622,0.05871883730978449,0.04620568920131741,0.023314190532175958,0.037478113591834214,0.026040142874344075,0.033208339404115834,0.034916337165584066,0.032203274590641116,0.03862910332940484,0.05275560748410483,0.02629946914965334,0.03484585427008335
-0.20646301924383925,-0.17895910176379565,-0.18254291118078855,-0.05339756939799346,-0.026919897807015664,-0.0843243339719563,-0.05902780189248629,-0.2868602127769186,-0.1962333885396029,-0.03577939163885617,0.09384920399545779,-0.1476499811129763,0.1331587941491871,0.00196618477343504,-0.051485772150379853,-0.09813463338500389,0.04745193655803058,-0.053323896679184024,-0.03046617565693549,-0.07404324255532561,0.5846010210653878,0.11500786592696254,0.1521715879279272,0.17615505549425894,0.1829028106894389,0.1296716826180917,0.13507729257149576,0.37794269885037685,0.11973996543716216,0.07070794736721935,0.0851948158364266,0.1046384523467787,0.0790554715825443,0.06084679872047837,0.054014171295280425,0.0702518839152686,0.059293370897738534,0.04488810410751726,0.03542590862178315,0.031388551493866775
-0.2693861105909756,-0.0443626552648343,0.03103046726379451,-0.004721336223869511,0.015171133216274262,-0.028267933743732848,-0.0458528783381013,-0.01626577974065196,0.006382330354367294,0.0233543327812917,-0.005369324040666863,-0.01013591984905795,-0.004155602571740906,0.001277618584408041,0.009925331639182647,0.005547778530918475,0.0025833244821554815,0.005625426953953273,0.00034739179812825794,0.005165832288568258,0.9237667495709333,0.1459402079630864,0.14985175859386718,0.08339124151254092,0.05281165121451619,0.07036196662021778,0.04556665797911505,0.03426349865891032,0.03431077162532917,0.029897430612966312,0.024377044593116667,0.018465591300084707,0.012458564334331197,0.013740088033025753,0.026677466644991057,0.014036120226867007,0.014206554347799206,0.015976516191629243,0.016049455224666834,0.01155415908314485
-0.19623636498715097,-0.010614286321565046,0.11225871941670809,0.013728852048128503,-0.014055044799841685,0.013377300510179447,-0.015520415100359513,-0.0120423488804093,-0.019566009552925385,-0.0032427303810434634,-0.011740252454158972,0.01177047330086711,0.022485913809200442,-0.016623180345698766,-0.006092567270563549,-0.00978521762680465,-0.0002503728880133243,-0.0046237269761352446,-0.01989809945407238,0.007961462804831175,0.9454279977997705,0.09400218435654337,0.1541453677468662,0.08311590848365584,0.035653968662927145,0.0522372913537614,0.030832190471976897,0.03039182625088642,0.02797711125873281,0.048851939420824546,0.01841676191142827,0.025152997708913483,0.02385955173607183,0.018851897431666355,0.01809113200772653,0.02445832078253549,0.011320620721193476,0.011518966302986464,0.0153683993011524,0.007639357561132246
-0.3978633495296289,-0.08227337364903269,-0.12833387991310144,-0.32927363445922087,-0.20000587889932517,-0.12345821754258553,-0.1672285861950243,-0.19811726236990046,-0.10109006338292197,0.016745022097288547,0.050348037800714736,-0.09045447428538937,-0.0433576309495152,0.029973498790464646,0.022484826187902422,0.06816382042155338,0.03176122663488346,0.03641599751252178,-0.016810236774983046,0.0008836617018598428,0.16345432957044456,0.39154138544301864,0.20702410052216275,0.32070003658867713,0.26954490161496036,0.18503046658917963,0.1506988890259147,0.21872893000023055,0.1325499122752192,0.0860434064098186,0.08604557410136042,0.07036774502348095,0.04808700810532407,0.05493734804125061,0.04532433221871254,0.06751414773366282,0.03529294494981484,0.025118339960730002,0.028569557994354424,0.02613932770825858
-0.26719751282174226,-0.3170836611582066,-0.06619820631079293,0.08708686855236307,-0.15527652831398175,-0.1547910620556694,0.05775551311114597,-0.003555288013344258,-0.06255587060518715,-0.015851173961525616,-0.041297697172191304,-0.0039958655311654575,0.04421592202557211,0.03270984280821511,-0.003480228065596048,-0.031772605803668724,0.010722243451667508,-0.013161323929583286,-0.029650081293394106,-0.018082462764444654,0.5902381605063861,0.46908372378449614,0.17566154140972412,0.2512088001884851,0.17636144297735792,0.11949591948116094,0.1075642572796491,0.06195727536404061,0.09110922685042351,0.06765249709220429,0.06730615625063402,0.04038292088606698,0.048875961926546654,0.04171802283913173,0.04876305020284483,0.035460751416117334,0.027054837770536768,0.039687613626038516,0.024569440650543364,0.01902774175826907
-0.051708747995194454,-0.2307260253748544,0.17081989907544612,-0.16205082614980995,-0.1387126571268733,-0.07969545874172328,-0.08485759968961042,0.0094624570862143,-0.048356179373301215,-0.10669765682424272,0.025846093280635238,0.017516090646115114,-0.009371585619964614,-0.06366510983261175,-0.04036355461483574,-0.03161408349871637,0.018134889785580255,-0.020755823868129138,-0.08254801828785538,0.007107886353892207,0.6322189230119794,0.4570752486386792,0.24728967593467363,0.20820457092131578,0.13427841958322612,0.13000094031052198,0.12863989804553363,0.11507104737637311,0.07466383847402605,0.11929210987347248,0.07938525772595087,0.05578169065965982,0.060106771904998794,0.059849092535505036,0.05208747630885264,0.04755363468841378,0.03916528123983655,0.040047535155699164,0.05449077355550231,0.03663010156457663
-0.5355121970453715,-0.11904864595973357,0.027382696647745706,-0.13220526873890517,-0.007566223933280852,0.008187909874641169,-0.05602339202751586,-0.06111823975375066,-0.1748907739434176,-0.10981696446856087,0.010955272584645768,-0.059515684830892944,-0.004657766409726723,0.020167443275812054,-0.009849776996580635,0.05799331734201577,0.027949787687551568,-0.038560030227675665,0.00918559602089161,-0.022986391338952836,0.7350246556689287,0.15443564382434702,0.09505131406377365,0.08884126296874224,0.07950150514200767,0.07175268798466418,0.05132587748830878,0.060869991886748416,0.09804729094802542,0.055963335189142184,0.03644630146127466,0.041275733244187325,0.04433882121633366,0.02322201299312663,0.02971985655417092,0.028536366435458472,0.026216641475237997,0.022088799791135084,0.019589576865036724,0.019053200747026263
-0.321143376744842,-0.35127851194251786,-0.007126298144509529,-0.0040685325518655885,0.13104865656029244,-0.036227985051406064,-0.0608732086484605,0.10911151962615136,-0.07275332711856775,-0.06166854649626802,0.024343830961787525,0.0007753245083649134,0.007314427178275172,0.0033450414826890528,-0.028938906017966382,0.002121153199683,0.00047098495049566614,-0.007808534829748692,-0.016603804092112165,0.01143569383772014,0.6436698165310919,0.4767895336688888,0.1684263562168728,0.11194313858730524,0.11564612403430771,0.07152497199567913,0.07117372381396318,0.07127563383818739,0.05799504366755568,0.06329117840076946,0.04262901202433506,0.044636313264313485,0.03152434792139574,0.027029824214931518,0.034402457559305204,0.03619266816600554,0.024051309949086108,0.02052824726058042,0.01670382664916855,0.019829547540757383
0.0007336698791340541,0.24600014250798505,-0.01267047283419568,-0.04191117283571216,0.20551615507778764,0.07848725144077133,0.018440288901632605,-0.05484089383565445,-0.0436323666487092,-0.12959679894695297,-0.06298797145935309,0.027569617336097228,-0.06589208093204768,-0.01483998735833988,-0.018638797270489678,-0.04233537401125992,-0.009299279822829423,0.04082054687201497,-0.028003610095378512,0.020645581644715822,0.5656665571597131,0.5627904548346865,0.2281583775485647,0.18445627771611411,0.2395259632745344,0.12867760040913317,0.0867406952266936,0.08904148955531224,0.07662611504810458,0.11762363928668115,0.06210855291278611,0.053805527417394715,0.06854368877183455,0.039665894805596305,0.03843500579682715,0.04716205427897362,0.039679615049052715,0.03633949574616543,0.02710143946403934,0.022201386922109663
0.19530689406264856,-0.14907379344149135,0.14064473152757717,-0.07670255389690357,0.009422952187215013,0.09826760748318507,-0.12077926172844478,-0.14753109295430403,-0.1368156044103341,-0.0036989803213553184,-0.005921651722589408,0.03948313819414681,-0.053591164205617776,-0.011669861205863703,-0.0276486079402472,0.0006157144524402935,-0.01848603397718325,-0.008835997772498156,-0.0021963227089946222,0.011235683873544563,0.6657052372210347,0.3186231386367726,0.2575697457501208,0.25392241075901506,0.13332575633666977,0.16541935655813308,0.15843872528594222,0.19392035594985435,0.18560276231610906,0.07323091950066937,0.06829653868591319,0.05694505629191522,0.07512670995686332,0.03145607307338768,0.045306247803085085,0.027702171415771328,0.030935845586931663,0.028181187311328213,0.022780504007667693,0.02067199782168775
-0.299596338210566,-0.2593004199645782,0.1301301557577081,-0.23747390401343849,-0.1862616270493506,0.13132724412472802,0.03152464118375239,-0.1589764893389397,-0.024361942730235266,-0.12371729665804448,0.011230833353651166,-0.007488136119278698,0.06809961645086327,0.08563063130836687,0.011621470854532684,0.040072859049332464,-0.14148205603806266,-0.030171863532669735,0.06343212133460828,-0.10312795676206514,0.20424026131050457,0.166979048331576,0.37652603112719074,0.32191561206450736,0.2830907922760174,0.25930278381376054,0.22680111539251194,0.1540261557455561,0.09952076368422114,0.14368839692016683,0.09730435724558342,0.07743103697973018,0.09207833756408106,0.07473698147907558,0.06753680832132226,0.054326244941426925,0.0976644952440725,0.053750443540524356,0.051604152283605466,0.07661962567443162
-0.32645451725342994,-0.18198117281194884,-0.14610820561723523,-0.2348542806423556,-0.24154748535704756,-0.026337196355486984,-0.0938831975242044,-0.10052620973385772,0.011961215685968148,-0.06644116075313555,-0.05707093275915,0.020642745945022262,-0.13079110397655494,-0.07733750134359602,0.05089290488679075,-0.006156169273181409,-0.03600133499200739,0.1307195188666071,0.017382880085837497,0.14931758849017335,0.5448095678457603,0.12793071449684176,0.10024499113365519,0.1656924587227451,0.33894245682648183,0.10958787636837702,0.10055497928626943,0.1293640426682364,0.12324970051573687,0.1322447232797252,0.09004303905075729,0.07445364633290541,0.13111088008018001,0.07552497911723936,0.08538399891974663,0.12589435198361235,0.12940193266876873,0.08715492577901,0.06063008278203312,0.07813080459421716
-0.4764928185010587,-0.09241805945256776,-0.06473785434937665,-0.1514863945057433,-0.11589891146698876,-0.22488567366015008,0.12575343359321073,-0.03235822566208967,-0.10625012946642143,0.03894591665861241,-0.02515561567267074,-0.05750036079496251,0.0511832148665462,-0.03978714852187089,0.0036687238476483925,-0.008239795654505912,-0.026482883730340943,0.01685260397970244,-0.04242692758594268,-0.0038007474602933184,0.7019719149469789,0.07071373056931665,0.04032741763654368,0.19751172528241254,0.11424788343660391,0.16205677805147728,0.1173410294772029,0.12403793418231575,0.07553238223162109,0.058819130850107676,0.044294957294328516,0.043308996629274364,0.057595092052382564,0.05744190717861204,0.03491190808271877,0.01967918929352207,0.04753770767333747,0.029820585420894254,0.03015198225126477,0.02057216696707222
-0.43664249035482683,-0.14042494707354086,0.3104524134446671,-0.06106079335492565,0.08216946108716802,-0.19935753683446747,-0.10214891863571883,-0.27332986640352985,0.08444372400974542,-0.13035421840072736,0.030359031518363073,-0.12944667457686973,-0.03025575799808041,0.04330045085032999,0.034406782261857324,-0.07248021918749954,-0.045576453269045046,-0.002310745954457018,0.006401802036459027,-0.07026950588778351,0.37556519269463523,0.1883571354119476,0.30385104193162976,0.12550730673717725,0.1464748621065298,0.13929324085808598,0.1710550744750585,0.2323830605144655,0.13575658728141038,0.11530658083405797,0.08770489499642144,0.11231860434757109,0.08628427190947918,0.06910879570906356,0.07270554166814427,0.07152407530078134,0.06833432147503615,0.06132312888068477,0.04814397536113844,0.07521982416154314
-0.10806347539447839,0.3607554929383367,0.0037860076949340783,0.24584500517255067,-0.07613238121584984,-0.11283071365148147,-0.05611779888967787,-0.10030901340574762,-0.02737163735080724,-0.037678073036305444,0.04847067508397426,0.03312442751052404,-0.057221532104849905,0.05862823876486464,0.05326903169317884,-0.12782565771542445,0.00021268906401593785,0.03374534063841578,0.06473391017198382,-0.08020814413594239,0.1291291451457902,0.6233556620050912,0.24353032124324706,0.3722107749047497,0.12739734555797982,0.12251558782478038,0.11020577272145225,0.07784669953673512,0.08758061471941736,0.1176828497962654,0.09388382006299903,0.09548388822871276,0.07974218922617535,0.065438431588655,0.0705117770480083,0.0749827662081709,0.039846087662884465,0.04556971970732737,0.05614300725381247,0.05173272944334233
