0.14166768784603442,-0.2808549418285625,-0.5401223444465738,-0.1956647188730387,0.17792626645997928,-0.13525170440375428,-0.09424864675699025,-0.027382208899589474,-0.08847396222310742,-0.003413581194547643,0.04606407316999672,-0.0529651103366023,0.03971361334997924,-0.1491447500770622,-0.03818237635147313,-0.018489111094584253,-0.10603143110205873,-0.029719269403653898,0.04727560138530514,-0.0847739370736251,0.29960299838607085,0.2787770641343941,0.5124552302450512,0.09946715354994609,0.07313057430902453,0.04349318269906937,0.022300103428178224,0.017192111106020584,0.024801793366078413,0.005194946395906513,0.010642179643790687,0.0074354968996796205,0.009381084681488199,0.0387041717741959,0.011302803946965605,0.0058222490438869096,0.021670206967494752,0.006460942753400693,0.008504093937700182,0.018926755350010985
0.10738948510832932,-0.4153445536747033,0.384978965299298,-0.30099815109721745,0.19141695747263804,-0.06432688986143639,-0.1308293553672763,-0.0002915980826302491,-0.012331687605384337,-0.07781149807285034,-0.02865462633073679,0.04426264665989535,0.03216844051656073,-0.045347312693683244,-0.025564621214051394,0.0022511005186345353,-0.042164606901390504,2.854954534277241e-06,-0.01687382050701457,0.001959264562001995,0.3906916187476786,0.4448205383912308,0.3222512652046556,0.20326475112091974,0.07919421761393236,0.029666015443204026,0.0334952280713278,0.003235853550634351,0.006594406945153779,0.013879408631295777,0.0036402759326809786,0.006875509805354208,0.005387699643304222,0.008879321169274559,0.005180920413724758,0.002837977787761888,0.006902304942726017,0.0012468501308929847,0.002411207253542392,0.0018438962997725018
0.33574668816778896,-0.4516209398070751,-0.09985962930630543,0.09524652883628214,0.026532523527176697,-0.094208233322738,-0.027801013957234416,0.018676647528875687,-0.0486590007543049,0.022340684696110735,0.023194413491743858,0.012513493932350798,0.0016435390769461613,-0.04122616836374833,0.00123344454329225,-0.0004393888286097227,-0.01826261445523446,-0.011739759896358925,-0.008733499403737969,-0.02005345691361663,0.5289304187457999,0.6003212794886578,0.06475803374969047,0.040765308236188784,0.01124326298133057,0.029829012885907686,0.010913275959119062,0.005462580251616444,0.007892236806306081,0.004623009373159876,0.005279234876431957,0.003039221760424062,0.001414588343799767,0.005399778110977553,0.0018552793596680094,0.0016276520207948438,0.0022255758849748816,0.002666618045166156,0.0019412262890925653,0.002325231587782754
-0.362697264783004,-0.029799541855107407,0.0027725889714009994,-0.00912442149189126,-0.005495607354854875,-0.005631669414215629,0.0070362332681009184,0.01133236856342035,-0.009217862458477135,-0.00679666264555728,0.008433985633228554,-0.00799888691318222,-0.004029276619647083,0.0019673500020940884,0.010392126055186999,0.0003662121806355356,-0.004794822955027368,0.00428159829820186,-0.0005240881167254198,0.0001683249331845447,0.9258091848610432,0.0779981883743664,0.02421373999887814,0.030273249071533524,0.019000665828496403,0.02282670658713676,0.01636018428020123,0.017173940237149177,0.013545801243755016,0.006803390019863245,0.007593785578539456,0.005927588578056167,0.010143019001872196,0.0034585035616673558,0.009041135786928072,0.00448667170409657,0.007560510445148711,0.0038319228674875416,0.004070508533098613,0.003771400241110909
-0.22196364850892494,0.0026472800620082632,-0.007232132508261759,-0.013678176333112404,0.02277987448192343,0.019719466098042166,-0.005100411896461719,0.006026222716941768,-0.001972946505752675,-0.010596179590706087,0.002571240828473176,0.00809214389982049,0.002493761745518285,-0.006186993602575082,0.009799816932469913,0.0025786361546855426,0.003795820337283299,-0.00040787996783750907,0.00017336977641390004,0.0013942019733681307,0.9714646966642532,0.03326033623013776,0.02439650689099612,0.03878170069097815,0.029402334124087527,0.026454149791548944,0.012457774575012253,0.008665499598664033,0.010095782582805857,0.00743290605191904,0.008137423220790557,0.005139689325560546,0.009064248457373435,0.0038097863021834518,0.004612521303165743,0.003349506883948229,0.003962739221585681,0.003290416529481069,0.002925501357128976,0.002416381268823753
-0.24576214630207074,0.014242243833567288,-0.04040641675951356,-0.01690070969218139,-0.014903489607066528,0.011324844730909934,-0.015226162918807832,-0.015473163168716084,0.011835424281986386,0.007653874491998159,-0.008303296090930307,-0.0031077425604626825,-0.004656047630701239,-0.003400642435140013,-0.011530703427468288,0.0023274007831648735,-0.0011728440021101637,-0.0013701523182692386,0.0021876518980289477,0.004588568993942056,0.9609321666161694,0.06844629204563372,0.0641548842480404,0.039242294577749894,0.017440277093409458,0.028983318223443372,0.010882549850381538,0.02096328616635989,0.015784900344619386,0.01130885222215728,0.007763373750252822,0.010603547690086979,0.008261677570257395,0.006295653007811923,0.005994149211669316,0.003401251474608291,0.0022080000417571415,0.0024256233465010154,0.0022490239938856736,0.005083280483309584
-0.40023503897130486,0.1742904541684038,-0.17139220921676784,0.032699757867602285,0.011920762791273255,-0.01755956788466002,0.03737576661614729,0.01485692644666949,-0.00779136297833231,-0.0023795870721631204,-0.0019216219694533914,-0.002760243324467684,-0.0016028605437417472,-0.011354946783759593,0.010640407574752514,-0.003699826174528619,-0.00194943579758309,0.008658310903517041,-0.01029830191264384,-0.0020642709727769853,0.6550708425070457,0.33737354898983246,0.32693354036899913,0.18866720161520667,0.18524674419556444,0.14414558923088322,0.08772945483956032,0.07036481517110033,0.07473164500569407,0.05882629990426561,0.04524215745813597,0.052899040342614556,0.03629892577904493,0.03189677571255464,0.03768123514977832,0.03139524832416086,0.025806946701150364,0.025451611500511968,0.036788288280412175,0.0440127525420807
-0.16286288968304397,-0.10397007413321371,-0.15760411907165334,-0.09520003408828222,0.01738771203399418,0.031526873040677326,-0.08246887558134906,-0.003348947268140015,0.04298976723825004,0.006185906590711567,0.013936964933660707,0.003536852869205059,-0.027761972490323483,0.00392285255507217,-0.0042356942505410574,0.02261660432324691,-0.0013929356278159994,0.013864903161271723,-0.006511414864008309,1.9137600827416855e-05,0.6378042033708544,0.4419371725888641,0.36418847864551107,0.17672689390947832,0.1661733109950328,0.12707791131021567,0.15092706194189806,0.11488470370467735,0.1288956824742243,0.13867930181306654,0.09146897977654858,0.07423142299586283,0.07115156205469579,0.061561886045888976,0.05258297446206633,0.05511286595186695,0.04581603751553218,0.04511824427435091,0.040635579365089075,0.03373454722204714
-0.33003496209932776,-0.14219729369581066,0.015254144784272663,-0.0754885607835932,-0.10354670072846908,-0.06543973163531389,-0.09537845239628528,-0.05505901526349618,-0.021454221552765777,-0.017003952454044315,-0.017537864206042267,-0.033279453189741987,0.005616395249070568,-0.02787837177756875,0.0017619714536038671,0.0006469343542575763,0.003663915643859932,-0.011279988660915851,-0.0025128892162753448,0.0062190564057742976,0.6080315009316111,0.43960995421958465,0.29856634259223125,0.19818473243250823,0.15611396343287498,0.16617119636653963,0.15789715194820567,0.12418050589107196,0.09075149818287072,0.08424865374389769,0.09803575523650142,0.07884230691599982,0.05971404217312034,0.0619853386116182,0.06790486197613206,0.04153966198605085,0.04685043875447757,0.04084154217554966,0.03304253796930067,0.03248400871234907
-0.6354637300598845,-0.17308106351851474,-0.02233528544288561,-0.009251343966046524,-0.008102698157438111,-0.07035776542419557,-0.03547719527936977,-0.07543954942866207,-0.005038264313276191,-0.013048771349802913,0.04168554355222179,-0.0024865690921122728,-0.05006146778141737,-0.04763021384583572,-0.015011827972685413,-0.007263171948910726,-0.027701400974794396,-0.018497910965407163,0.016643767992456763,0.012025388465042927,0.6867100894045325,0.2620397936931305,0.02557862604491483,0.013273798964017286,0.016405041336603497,0.03771718329928083,0.019348656730138247,0.02352205222687564,0.016465267148893528,0.01029772034932678,0.015627415804513236,0.009854734687010999,0.013248207330580877,0.014110962904554963,0.009583730954542296,0.00822069027793292,0.005453166479093462,0.008616810410754148,0.00647834199399295,0.008438298615461774
-0.4991252826420721,-0.0006099464426553866,0.0075455990477729,-0.0029319254488883663,0.016015237824311402,-0.013869032148553829,-0.005848455742144424,-0.013478763655463097,-0.003149607522585443,0.0007239083475593318,-0.0067044649790756125,0.008482233487780124,-0.001786395127735236,0.003928377659090841,-0.0019187605034995698,-0.0020762189689816257,0.004104483223785186,0.005380470478969843,-0.0025349888862615843,-0.0005130881986771234,0.8583391468651568,0.08647785972699583,0.04365774703110925,0.02617795516519141,0.03328204166603795,0.016697248999063437,0.016641139694298267,0.016895673587338806,0.012054916437750599,0.018114267703899043,0.011632073289468726,0.007332534169546545,0.010768997414614314,0.0073150784430921064,0.00803229523807913,0.009067583228346783,0.008466956007561852,0.006462502382079503,0.006327530794762692,0.006322612833498492
-0.4245221300734089,-0.009221220861555236,-0.0008748628944042769,-0.019880505629206617,0.008356600782906178,0.005044484660855514,-0.01904121803304475,-0.004172695401750798,0.0006909034388550027,-0.004160906636122464,0.004531662872007107,-0.001475560073835662,0.001887952679789479,0.005202204436799527,0.001919232049305134,0.0075111414566459,6.579982404280253e-05,0.0002737967068252733,-0.0023582250299658595,0.0020910103027894284,0.8921331687953141,0.10604973354816777,0.055905395121526466,0.04463881131199338,0.039268917600866954,0.03933385150688301,0.029098705756639122,0.020615149836053084,0.01860710857656368,0.022738719610964735,0.011959767567773668,0.01719404362357114,0.011764138604589188,0.010709872107478943,0.00999748349397277,0.0077481308562050225,0.008437570478959475,0.010617188917302416,0.01060368617635046,0.0067047994474642
-0.1566806305793996,-0.19684068983977326,-0.17044775050676156,0.07771366974715614,-0.05367562002142015,0.013226211400761079,-0.016075453242019686,0.01371033718735061,0.0028879059148664327,0.010234689768939176,0.012850702842934393,-0.05791286697494666,-0.0676169750989777,-0.026012491673505254,-0.03205226395137928,0.0034390854736774073,0.026289698335286316,0.007443579369164426,-0.008168124915477932,0.015190841776855946,0.5380321378085173,0.48732228898206487,0.32235948907361806,0.231912931688051,0.24361905669311865,0.13570383664303645,0.14526239387641146,0.1366687996273517,0.15393049433931377,0.10194758038810146,0.11298185699935125,0.07991556967580009,0.08644026104419185,0.07728892945178786,0.061684479271486875,0.05454278426178061,0.06331364134494058,0.05243883874079827,0.045526936829337145,0.051426101225329736
-0.15708440635302962,-0.027414121944164812,-0.07148688070237129,-0.017728626042026237,0.03275533205711078,-0.031694152344612515,-0.013397289483464386,-0.011357216455753091,-0.019941480512593413,-0.01582919725562384,0.0019567440293838893,-0.014131520394922778,-0.010056454343655109,0.007930569136867582,0.00757441580140332,-0.012404395567194727,-0.012787820625032453,-0.0013625598636972153,-0.013463241262577546,0.006878400910931274,0.7969633628916568,0.36768289559137307,0.2025908586509475,0.21519183266083358,0.16257372896640374,0.1419222575509554,0.12185620328966894,0.08272573678335608,0.0804506576003592,0.07192967124578628,0.06991887191837767,0.05822809726674151,0.061665140245574464,0.05839633764388448,0.05555537767134039,0.04642826184916778,0.0456558453897301,0.04297225721742831,0.04016431992595339,0.03550462679311082
0.08220443325807208,-0.24596789294661844,-0.08099305218401824,-0.09920408957440782,0.01375787594750981,0.03901732939877154,-0.02776156169922236,-0.019741083007994587,-0.024618605705218493,-0.047418191729424755,-0.0032259393664452445,-0.033657020843844684,-0.021930674261944613,-0.0026384905372425866,0.00954704174418898,0.011733310706505502,-0.0037540945990250448,0.0014236312361505825,-0.008085734910354409,0.008929479149153145,0.5413456614968458,0.5709837881302131,0.3457097446390612,0.3022875739613873,0.14855512858945835,0.1334712349246012,0.09292545046568529,0.06072036286975637,0.09210230460069944,0.07447477664453876,0.05020152146366309,0.03772588726893434,0.033146826679056836,0.039284306594506886,0.038588785329205365,0.02476397629948297,0.027780804844076124,0.044712437287378455,0.023624470401059795,0.019262388582946797
-0.04798472079122625,-0.06538987036838605,0.026682194535872058,-0.11629483818117331,0.03453261197282651,0.002329487623417219,-0.017207830441630913,-0.0028770328551847415,0.025810319046620057,-0.059091526266145666,0.03245449183960268,0.057071846275240645,-0.026670493727176597,-0.043986833933217555,-0.024109076850466652,-0.017076173321068977,0.02966407443010925,-0.0028885610122157787,0.012173727707672501,-0.021881598285956864,0.8520178403469773,0.3305295894145921,0.15878017490878474,0.2144934036694693,0.09646015132136991,0.12333580406611688,0.06986994956805438,0.06976165495550643,0.05253416989733243,0.05888470354890208,0.05528096936533731,0.0673305858627231,0.06661691988635664,0.028213755010868508,0.02932245507762423,0.023155569079882896,0.023220708807427052,0.029145069821909435,0.02677909916172627,0.030989425374334825
-0.23579793628592305,-0.06011846297894663,-0.07984923205475583,0.0035056371585688887,-0.02160311444136168,0.0180731072639173,-0.05488992311150592,0.024067016665715892,-0.027441290660396456,0.019438676753547386,-0.0012791597962770733,0.023382118589558368,-0.02584096356277197,-0.01922440142372424,0.015384337954383473,0.02360145333731136,-0.00924093061444981,-0.000718211313084004,0.01827222519087357,-0.0006478607371560065,0.8080335411493698,0.3699465423342175,0.1631263444678601,0.1549440900929447,0.21594156851714183,0.11121685763540096,0.08143013423622468,0.07228217402672674,0.0465013725547367,0.04252450411680078,0.05756772811525952,0.043446381331806574,0.0290703648137709,0.03734915178075684,0.02901204372483541,0.03196871365002412,0.016823289134951087,0.02133382088732706,0.02345325813603401,0.016267111480426737
0.580952022588181,-0.10118548501914053,-0.34216214180909577,0.01171866033335035,0.0941440607254111,-0.05830647832859903,-0.08489767503731348,-0.2695779629092351,-0.057980813436047364,0.096862475773151,0.004602620426410928,-0.004178420496503498,0.037560354179321104,0.017713276923759142,0.01616991751777965,0.007404416577806408,-0.028871333890425743,0.004760657440387762,-0.0549667686595212,-0.024111887998751785,0.6065653026841538,0.04603138481696336,0.1809612002151427,0.022092291238055034,0.035911040256907764,0.03046417184770316,0.0223646276308918,0.1253771164876619,0.020219809788793404,0.02712687736748148,0.010794043818702326,0.009546616220113347,0.010961532851111013,0.009249080378666676,0.007731048110907452,0.007426052760657273,0.00728393521945562,0.005624481923823762,0.010604296588728714,0.0060038591459823
-0.38120398751718254,-0.06893211222459023,-0.19618942562037833,-0.05275897944025632,-0.11293090420407398,-0.014815701549407003,-0.0789596508431117,-0.08137067575263815,0.012801421143293561,-0.04561477791649013,0.03576130777430624,-0.0432650224516211,-0.008713844174819728,-0.027045388521440384,-0.035789745511909145,-0.025211302231916026,-0.08020984385179121,-0.045496794784747184,-0.024930630344976903,0.0032923664383183206,0.6001197371333581,0.3067357741032202,0.39211928153836795,0.19832577892149839,0.21479657707756156,0.1098516706736506,0.10421355862478665,0.12300723324771728,0.0966869008194003,0.05905603333767596,0.06332821493352468,0.06804934192117666,0.04005001416209121,0.04352610693314617,0.040990749489596655,0.04729119489501433,0.049286461770727194,0.03187141794955442,0.034937489300473835,0.022335585869627944
-0.3516398599754394,-0.4271630569012937,-0.06207288525525208,-0.017861103627763587,-0.1475374844373899,-0.06251891569574841,-0.15145792139711148,-0.07429293132641732,0.1568837411225748,0.044157303925583063,-0.05253814431648049,-0.001555223269462711,-0.03150111232707559,-0.0012232440386620849,-0.037886745570661726,-0.005635112072162996,0.053802978939567876,-0.02228258633349363,0.00884930940215026,-0.05549675196528662,0.4543265071250014,0.36840173485025673,0.12111355547337407,0.17334295537663405,0.23252526838271098,0.1713166462110923,0.2122581943007765,0.09690158069680965,0.14854980297305248,0.09289631824922365,0.059892133136550625,0.08947347374499134,0.04602914453505408,0.0541421327786589,0.06585678393137231,0.07795357264817906,0.058884675926861606,0.04288348040263183,0.05428003633147193,0.08076618154126566
-0.3362754499348349,0.020757333992083193,0.005512854982237607,-0.012560771247528059,-0.009081486683136731,0.03128693931992661,0.010364236561937322,-0.010769187891734457,-0.0027489325745662626,-0.0011424484612920283,-0.006033234400090594,-0.017051550678062896,0.008056306923429955,0.005649600234468605,-0.0014784602933996466,0.002088256839624412,0.00244636789485002,0.0031250271256545894,-0.0031192058618941506,0.0013925061113483257,0.9207343122837559,0.09952249527960236,0.07861734329090204,0.06972556148857838,0.04080743321112236,0.08704271464176024,0.04092566507303526,0.04058486687302352,0.028552257725754378,0.02482573693147992,0.019612003870719225,0.021055814859258726,0.018327641480582964,0.012470610252543379,0.01662380318448782,0.009776583434332518,0.006061701071423097,0.007339348086044142,0.006993944515276062,0.0048352631653260664
0.41583351363294224,-0.3681528317654512,-0.27616141216230483,0.04754133083318924,-0.08130683312794666,-0.3509313660025494,-0.1754523428009444,0.1667953923865742,0.07392825236294323,-0.05110394601828121,-0.08539207771648206,0.07372367615346828,-0.007727662260491632,-0.044322534000936525,-0.021084813217743015,0.017896470355834596,-0.001342952445061427,-0.007866141528506588,-0.025040221057824368,-0.05227027234148473,0.4736609346610095,0.24297055701258585,0.15547214700246306,0.050613219998197845,0.029998590646600227,0.2714453954194241,0.06866438348477373,0.06586361974262618,0.04171197390716094,0.01657992029934878,0.02267331695329039,0.01966857820766375,0.018552371507615406,0.009826346108451487,0.010468388117919262,0.008215752467022134,0.009570066838868154,0.007697323848968147,0.009539070676816723,0.010175439213803872
-0.18108791030777,-0.048080750163140125,0.02027923206661199,0.11662903656910156,-0.01955376737156496,0.0007924981977071446,-0.022711125128891663,-0.012738103345027858,0.008425745426197426,-0.015888914684868423,-0.00402689318365238,0.012420662014399318,0.003770525292648697,0.0028349890547747186,-0.007482194455165427,0.00047583582511968593,0.0124780973683661,-0.009236181658395464,-0.000762993591600625,0.008557777119189083,0.830325003410199,0.2903189857811221,0.2605073077324583,0.2084132498172382,0.14966192541145026,0.0990104032172065,0.09209624575431212,0.06434920226783745,0.06174726073728178,0.05141429650743509,0.043813689327969585,0.042588658578484026,0.04090367439477332,0.03777912886206511,0.03856396848063691,0.042212661414186316,0.020393727159168196,0.027760071151501715,0.027810230692993373,0.02377875129878274
0.08213715848238169,0.059534743107831314,-0.10277657295776091,-0.11412479880609139,-0.039606273642648675,-0.01756537350140592,0.013427846133120747,-0.013199279219864602,-0.017425468544220793,-0.029495992660566434,-0.001596378699393488,-0.0026545027357044435,-0.0023272033080109777,0.004233352182246415,0.0065890541901164595,-0.0033683160788755048,0.002754153873099896,-0.00877728447794906,0.009657577663746144,0.004855642763453356,0.7976447166626168,0.3464485437627566,0.25781134237210734,0.2674895351836394,0.128052418815947,0.10544796836696796,0.09975777517676025,0.08520010003543588,0.07104726527237246,0.05025228113902852,0.05204127469642426,0.04615739248952667,0.050657200043148345,0.04524410575250689,0.03179713125088374,0.036615880964102725,0.03356291343643572,0.03354405895281023,0.02994320101586319,0.029893584300473966
-0.11469161340651554,-0.14622668706805922,-0.0374050929354197,-0.063415961790471,0.027044556828971063,-0.003821623086717603,-0.0020992593743333777,0.008979712414232616,-0.014683409891671289,0.006955126073560705,-0.019221019939892146,0.013143761459815185,-0.016640619116900606,0.013449434310168332,0.007076490074113632,-0.012921475462521823,0.004076923662572984,-0.0049273147209872685,0.002822431910352159,0.009686989499550781,0.6415798944015281,0.554599280914956,0.3135211817908824,0.1671819757756779,0.1843355198431973,0.1556149275509764,0.1185686564129759,0.07910079005391954,0.0738372617697969,0.07296567327584022,0.0693590681229445,0.06793104519867557,0.05709934823963641,0.04706232468535552,0.04255733249387461,0.04228818483823018,0.03047345462753271,0.033295835224915867,0.037651723026068,0.02993020165921972
-0.14214417065520044,0.2829921532138662,-0.014159078282026866,-0.1019296786648826,-0.017473340156266455,-0.049033846303555534,-0.029598961848113527,-0.008908952823649266,-0.054698603391187095,-0.03852051276734924,0.0006870685380453223,-0.025105678372206557,0.004883155326724672,-0.005877722834218675,-0.022222837918549978,-0.0029288108064203936,-0.024189983798877535,0.0108996340688927,0.018179457316814078,0.010360079642136847,0.45119476838225386,0.691699998766917,0.20104213077751648,0.22955884298493348,0.1785829479618848,0.11189272284861247,0.0937317897516555,0.10718978608985406,0.10244644073838705,0.08029733517595351,0.06370801947553541,0.06784411102756523,0.05197193252154239,0.03720798911669952,0.040208001943276374,0.03251828340093767,0.04160955155867591,0.04376298141066846,0.043108079410829246,0.030808546126407092
-0.3525299703218459,0.058013178275386386,-0.023304791600111247,-0.005430683339985193,-0.034575697887734035,-0.03780036419568182,-0.00303835420645994,-0.0386104253810539,-0.013146675520449305,-0.0009737901021992978,0.0054485046717265805,0.010702615104331592,-0.0031696282880389077,-0.011804602523030986,0.002327653365617843,0.007653558903981663,0.0018447933682896637,0.005128137241950549,-0.006021352103231568,-0.002667064085127017,0.9081228186383336,0.1712921540088914,0.07421278111777414,0.06090914286432401,0.03180659578773886,0.02762750800156639,0.01808760718497087,0.026223953929341872,0.01306370234898382,0.01410963359418061,0.00993406692237444,0.009077222243887123,0.0079350243457626,0.0091060821090446,0.007868723486282253,0.006894260165787494,0.007004618189504449,0.00599572697816773,0.007523575930412624,0.008519349022598753
-0.29895052266140215,0.04257580389670553,-0.026436466054122917,0.014729792117830614,-0.011818891473058946,-0.010042018309053885,0.0005808470697521319,0.0047139369990476234,-0.007574398377052011,0.0030323903850070946,0.0031267887467148103,-0.010978319254499297,0.008398016374342605,-0.005738859282356802,-0.00268838031027758,-0.0016094043829640262,-0.002890361537048095,0.0035497060979672716,-0.0021587282077017147,0.0050716807544845185,0.9008395415658307,0.2649843083876354,0.09080891693468825,0.051406357434798884,0.06046961093126236,0.054653158754538855,0.03292209212343421,0.04325179352737867,0.03240200139521341,0.022672191695497487,0.027188601481682232,0.022062607724941917,0.019613662170332537,0.027928301236466994,0.015953653007017347,0.013468052650791172,0.012569917735016442,0.014327301875743634,0.008506343382875743,0.015289897001726305
-0.08110430029891989,-0.04367575729514661,-0.052830701644134614,-0.08231851752014518,-0.1838836619744987,0.05916951793835771,0.03819065399890308,-0.04190779595869747,-0.055996505829339384,-0.003476722837115192,-0.025664702051086417,-0.032202523523737175,-0.02076321486389866,-0.018561002544950838,0.0005826841290753103,-0.004134360339161693,-0.0018720498969682575,-0.010996985413811696,0.0044302404424304866,-0.01973166662315544,0.7725166913242952,0.24755809181092056,0.2321478204079529,0.2413198732903392,0.255324734834936,0.1541648958564629,0.13547719499597588,0.10744396543452035,0.08154185453167721,0.10236604646134413,0.08791861110444112,0.07672336789016483,0.061597907865783695,0.056143652028620414,0.04146251834208344,0.04659741190787138,0.028727270416187483,0.04070946560336201,0.03216625704402444,0.033157167619436656
-0.1243121801135025,-0.10613405938513243,-0.014333062970406655,-0.025706791301716464,0.15247350823389516,-0.05790621364953059,-0.07448738133787344,0.020294132201685508,-0.002447248950687436,-0.0013588208469764306,0.009549744373009107,0.022843634084616964,-0.022739839206624087,0.011288766040493597,0.004762968313835218,-0.012955994092115512,-0.017380228462501868,0.003801717394190934,-0.013373374590295625,0.003947496857976279,0.7623739372579186,0.23565999698905482,0.19574489181903837,0.2122031996830773,0.3004368477084387,0.13871516153889682,0.2551838248060697,0.09907991936993561,0.07568802379705256,0.05318068371725444,0.04868051726612404,0.06744095806977748,0.06158117956251421,0.05019057145086219,0.050614514781230815,0.04438940169175257,0.04413547622390532,0.0492437099314902,0.03980035873133351,0.032804683598252136
-0.1917758012597153,0.0275622095914762,-0.0348697322981321,0.043828688774751025,-0.03838488932822007,0.0017106150699053074,0.010133280977655154,-0.01663448377074967,0.006959384688837274,-0.012388757046861834,-0.01683422550545055,0.007572293984757443,0.0014077421175908843,-0.007315959485177682,0.0009980219366500544,0.010733037711815559,0.00631579634817773,0.0096506902150363,-0.00037380248745831943,0.0005904211870687882,0.8449928165632338,0.3767606339700138,0.16217161841807756,0.1741661040081395,0.10279163043138949,0.08404207424997302,0.07501212266560459,0.07023728838599937,0.06095725756461003,0.049737799887142074,0.04937477438796476,0.04254989998140788,0.03450641340080266,0.035961764625840414,0.019528155901069707,0.02707681851126716,0.02426003354238652,0.022592527977986693,0.018478429025263185,0.018997089739337367
-0.5377191762213477,-0.21542129182406874,0.001309671756836691,0.0395284813868404,0.09248349511343545,0.014950348797466819,-0.058944797733147494,-0.04424832007282966,-0.09506302634835725,0.04871759301416443,-0.029223660356078013,0.0007692875362986346,0.024044830150001063,-0.015499776571487127,-0.02024402413032296,-0.02783762021977604,-0.019755246190759412,0.01609473556734273,-0.0032695769247445237,0.016247819444836824,0.657819954422262,0.29064429255784163,0.15750523540124678,0.1641446882044564,0.1674359588715562,0.08642372253284468,0.05552714810136936,0.06223275715367258,0.08737062800483769,0.05270409796903633,0.04217618760509911,0.035176472034738455,0.04196177609252153,0.027009206498430853,0.038219394160559084,0.045876804482252925,0.026963270791305036,0.03097735877866086,0.014430004535878239,0.02637377791435018
-0.5238416797279436,-0.06267466341896882,0.01645380184841065,0.00645585076468268,0.015598987703586784,0.03615901137163342,-0.027036003438644433,-0.024294579347215767,-0.007839469461179693,-0.016408863014098996,-0.010860670526017736,-0.0029211863670109695,-0.017011812773814635,-0.003364902685214128,-0.0010992182664677972,-0.0013266505559779128,-0.006745846261158423,-0.0021419771637348527,0.00499471614117815,0.0009163223719364992,0.8015947291988141,0.1311540375225927,0.18505702145649933,0.04866219675708301,0.0605175814614315,0.0812114757670275,0.05337171028922796,0.052850658417697705,0.020502938793990236,0.03136782929474649,0.022699536142593346,0.0316104646712766,0.022179904525620825,0.017578542683196075,0.023766929092848117,0.012762952198867356,0.017702953316216966,0.009030849425595453,0.01995734482391104,0.011439193443004626
-0.5818468023787043,0.17234982029063,0.10632903935612452,0.04484277363445555,-0.029781514035667683,0.026022596513505393,0.04531450374631583,-0.013621853255821005,-0.015083410739700374,-0.008264060226844977,-0.014090476075454824,-0.03481589501746186,-0.04568354188459237,0.02155088087821509,-0.0025798054520525505,-0.005554868029354329,-0.011108286686386122,0.011503344400501266,0.00015781422039412877,-0.006147125640433943,0.769400166263234,0.10305236635764127,0.058627315889700056,0.03431212958668559,0.028113711082151865,0.018180392641653022,0.018174774197697408,0.013346085393226747,0.011544448203835178,0.008326120206458109,0.009570552901743412,0.017415331621653485,0.01485861072480425,0.010135915493514478,0.006742607987692816,0.008170852086947525,0.007069431001564564,0.006352925144756611,0.00665035294548146,0.005747331232949683
-0.5631712849650506,0.030927611987021063,0.014098306526673174,-0.02358090780266797,-0.03314211136268244,-0.0715444261582061,-0.00284144649268783,-0.008272587600933187,0.00043264899433094283,0.0012086926567928824,-0.001407198430582483,0.01005704675728093,0.0044804957965771455,-0.005442432625626825,0.008277156365071233,-0.004794257979093501,-0.001073085551549093,0.0012045472560924802,-0.0013996054551597271,0.0012165465508886398,0.815283448553196,0.06850605069445043,0.05238745916066937,0.01756375565295893,0.014019890629701381,0.038498372685490764,0.010352856730154987,0.01040624387808941,0.010296885518076242,0.004888570497370248,0.004627850762694201,0.005693392054417171,0.0040893300321389985,0.00441356101189929,0.003259802145150776,0.0026002836618049825,0.0025262645490908195,0.0020463145530252437,0.0015972660931329596,0.0018746843013864333
0.011522793567641585,-0.358555082605785,-0.3807238177863443,-0.45185873030520346,0.043970761110521804,-0.14258460897277722,-0.09347738208015484,-0.06040470243104286,-0.12923259358543984,0.025210736318992465,0.07748717884596433,-0.013791696571438866,-0.06248051846498378,-0.004959213623287748,0.0622055332601758,-0.06527328441778865,-0.1354281197085951,0.06786197920169654,-0.07756783914651139,0.0693957916269121,0.19326568190740162,0.3207108684288122,0.31529654276275787,0.3762014451365412,0.087207639817428,0.07616981731237721,0.06681962282291902,0.043219398822217155,0.07918030687071381,0.031742778609251995,0.0421043720639085,0.02187334025627205,0.03331183157110459,0.024686390629637466,0.02810717648187947,0.030863702082247205,0.05310034652532652,0.021378166916001026,0.02291706370736567,0.02194456204816987
-0.2145660097110127,-0.1222303811018687,-0.060509348885227424,-0.005643769901423388,-0.0026686104497671685,-0.047315403284527706,-0.025426672965008966,0.040432666955140036,-0.01516167006082433,-0.00742451115772798,-0.017804784024845532,-0.00357462158574024,-0.008055021297491876,-0.013774830948020034,0.007971130632321112,0.0007774137072391209,-0.00503441208114553,-0.0030820174956047754,0.004681020052780126,-0.009862834533849552,0.8981715925292728,0.16609487252875726,0.15693447352629877,0.11536154647511784,0.15052366456102753,0.09718929824318605,0.06612330562156056,0.0824731960214372,0.0711457914230534,0.03924945416124549,0.03830222843041385,0.05631613622820973,0.022958961537916708,0.02113898064297391,0.022596199296450542,0.0202222912158846,0.019819322166257678,0.013444704557888912,0.017130060452423174,0.014076601216203853
-0.3230483644742653,-0.08435372140834617,-0.04397826996554165,-0.012819571466148535,-0.054637730787087516,-0.0034921948831498034,-0.025522428512463363,-0.021563574558497375,-0.025800758045016327,0.02174255564081526,0.056733168455827244,0.0032400403997526334,0.01172148181144453,0.02464695875229037,-0.002557462136846277,0.004793330285116041,0.0014050097022727237,-0.0025904695363737885,0.0005154683426652275,0.010288826720087579,0.863598606007627,0.15493124011242254,0.18783285009612996,0.10701833396156463,0.09697848433294635,0.07126009417072852,0.10125531839666828,0.09857672035086412,0.07010807005133422,0.06861422153669727,0.06747671879716309,0.049202282634948254,0.04640086679033822,0.04416051918378326,0.03321446480675284,0.0335425730497331,0.032294886960793814,0.026653835520930418,0.027669571224672035,0.02478828604404808
-0.3234300462627525,0.009268624846652642,-0.03131020680285318,-0.052944519733933916,-0.007058548856419865,-0.0045987382520987965,0.012296738073177126,-0.01045007357122757,0.00385297268489086,0.0022938637947350136,-0.02026030894664742,0.01385321058869669,-0.006864656912912253,-0.0035178111381092233,-0.0088085567328571,0.011207266148299115,-0.006488164046988684,0.02387820894250332,0.012695874284350345,-0.01320352181129288,0.8853604923321728,0.2872144092498116,0.12049889398078295,0.06946767364038049,0.03484984595276028,0.03123868128349755,0.020360418601976297,0.010180438532657808,0.008634644038684391,0.005104046763925799,0.016634252468066477,0.012196935131632947,0.008494642436130097,0.006243875555445467,0.007944676620268418,0.0058218333130224,0.0061614964284910315,0.010822805945511086,0.005574617807194465,0.005410243718732175
-0.3543262482250104,0.007381129096264025,-0.014049559861846831,0.019240058223640378,-0.013041115118984262,-0.003849483064233489,-0.0038952753324328674,-0.0035325141574736128,0.007388773710486515,-0.02486333012868447,-0.010558694025758628,0.012389007938640794,-0.007202802322752941,0.01928711754352144,0.0025929894238438294,-0.0026702585478540217,0.01107430708939444,-0.024795423130755136,0.035489019785552536,0.00801745140828274,0.8775048819544177,0.2872620002563852,0.1256644918464561,0.020932972738836025,0.01691103357156284,0.020564408008872465,0.014423961420962444,0.006319052098089152,0.005412913463511122,0.006797072238863669,0.005786571245943904,0.0053597246276791966,0.005807084362616159,0.005694699582467415,0.006331143628873526,0.004743628840998648,0.003396611305143433,0.0075415655612007595,0.01070994367481428,0.003344230255652604
-0.31053403524080964,-0.042639587992131384,-0.04505627701533186,0.003448429275059564,-0.009097150076941446,0.009792343542912536,-0.008677459393492907,0.0056674699377065535,-0.02075259873462231,0.02349536216227665,-0.010113534690262854,-0.01486039005433185,0.004264762700714376,-0.018193367606386554,-0.0052764316296577156,-0.010376264838114905,-0.0022338397499793556,0.014394082780997637,-0.019346201555866346,-0.00717465637672005,0.8626036240678369,0.35204285950955017,0.16466288162219497,0.0254504046560427,0.012489608733353617,0.01783970080275121,0.007351774525204557,0.004178031525150492,0.006903336786309174,0.011041615094524029,0.004645159907832062,0.014052395263660726,0.005027517914642766,0.003831086386406645,0.011214684561317837,0.004558220095570085,0.002874982972210197,0.006021403953573445,0.005877227771871772,0.0036469153659574715
0.13724134912606822,0.1916988989589215,0.003230955387950547,-0.06344651227012964,-0.047625335941566954,0.03213400693503309,-0.03627599261061432,-0.0481550607344786,-0.06871483713195826,0.015196627668488009,0.02580312560581305,0.029351085878429852,0.005870306064113204,-0.00404996164784758,0.0137504353371765,-0.004208125988121907,-0.015065328884930717,5.681646814581891e-05,0.013042393494707783,0.0035918088804256076,0.6768010151926196,0.6290252821412755,0.19797352819326555,0.08714195545044143,0.07690649653873653,0.06235774321972521,0.061099360698716174,0.059941984544682685,0.04326611238009516,0.02591526562434105,0.029567015780085266,0.036348042412998494,0.026696822036633885,0.027522378817735275,0.022808477072058634,0.019455910020899858,0.02008879179206673,0.017601370159600466,0.019419020022072693,0.021211959231414345
-0.022660735258398623,-0.1569667693166026,8.864598399959145e-05,-0.03991682572737276,0.015935048682391928,0.010593604128573178,-0.010193144508517346,-0.027652604198044724,-0.01980881234904107,-0.001381209577058489,-0.013741120666001683,-0.007328447207942327,-0.010659336577045361,-0.009910340557725742,-0.008464916726018564,-0.0018620406375637474,0.001101969890745346,-0.005937407297541395,-0.008514104815567582,-0.0038575819550332813,0.9089574336423353,0.3237159447107464,0.12775522959105276,0.07919419210999282,0.08225476954335292,0.06123939804229053,0.04111726874001154,0.033159361596878274,0.024561933420974052,0.01999359725710271,0.02172138357862884,0.02326568834560975,0.021402365435906973,0.02089025910999211,0.013316065647395117,0.016123200729522603,0.016164814622460846,0.013311947298767644,0.01234555826848495,0.011764033725751542
-0.010094865445089375,-0.14690703497550575,-0.00357553417891918,0.06592618149502785,-0.062019596140874655,0.03579791790422917,-0.06266368062560924,-0.001399893551053837,-0.08497379877646435,-0.026628680458763314,-0.02170347170781901,0.0006482730426335334,-0.021863571774778663,-0.014768765447989923,-0.02634490092349557,-0.020692859720026015,0.01470011066189683,-0.013192143777641824,-0.020283508684754883,0.008965704668676112,0.8991941600537696,0.31428203997788623,0.11125154072200184,0.08992443784583339,0.07379752725991977,0.06664309462372088,0.06401448343166327,0.04824082239154604,0.05626496215317196,0.044645597292350625,0.023669029230221298,0.02302719911070435,0.022674714372579768,0.018785592953829172,0.031465140823978915,0.022499735680112997,0.016706952839248678,0.016583486250619433,0.020360545766549564,0.010900522281667676
-0.05959263494093582,-0.1491280737658988,0.00900838577438704,-0.035758698006109035,-0.09346835333024624,0.05947352703199732,0.03790177800362812,-0.0018228084453845664,-0.10062582982373788,-0.04195477764316666,-0.060552892717491695,0.0038159545406672253,-0.01973282455181759,0.015030087929620935,0.004620833547374585,-0.00035784525558886705,-0.020385324122407827,0.014608051858430993,-0.03775914396324399,-0.011840048688337596,0.9045260439688102,0.18675930998668663,0.16089531565003898,0.12188758270530611,0.11371917417240383,0.08176035010040206,0.06107615457233337,0.06907467123233772,0.06408243725950732,0.05240840097148678,0.05269194880417239,0.035614531010599415,0.026667535199389775,0.022906286534723014,0.04803569795230158,0.035090597746740296,0.03407304856336473,0.0292477576183212,0.0301059688431593,0.015284468940847711
-0.08155375302015701,0.10304750184098392,-0.0006221456364845914,-0.019004799709593418,0.06422006008576596,-0.034430392424148706,-0.003425887204661599,-0.009423338937441624,-0.01534428185230407,-0.011292309071518158,-0.0013933817705349774,0.038415461493708586,0.012106937754805445,-0.0032674003595903217,-0.029804072583921117,-0.007913409105998689,-0.0038491235594408078,0.0019433880808753306,-0.0061556190190744245,-0.01658017313156136,0.9515461240332672,0.17289794160551886,0.07772441342025119,0.07957036218477422,0.09924042164322305,0.06517309638131565,0.044952121612060435,0.036765157010930145,0.040266759736761165,0.030690728473681508,0.02633987391251657,0.03072150554135355,0.01922685462691417,0.01926294801810427,0.035103899440280896,0.028489286633296147,0.02087439101671877,0.02564662544374278,0.016111889528851776,0.01283511556301259
-0.09581181197553984,-0.40040313812197864,-0.21270250964806345,0.08011038180390881,0.04721665081903311,-0.010875301201076088,0.05900288210781329,-0.1045039285797816,-0.01778802815664104,-0.058979448938639704,0.01993659108906136,0.017001160318692924,0.02720504154871709,0.04047694485779712,0.02120994443476491,0.030217635606010398,-0.045821503220662835,0.019676859291382298,-0.005191884218490222,-0.06714256069594822,0.4651295081317001,0.6002805162359403,0.2382786904961565,0.15792098066640192,0.13088582429905155,0.09015715500841322,0.09610891892535708,0.11128358826669267,0.0742096916096971,0.08661793334370463,0.0597695040152483,0.06335326647450533,0.048730765861061044,0.05977965204794939,0.04436535387783813,0.057523171947448624,0.04706250606264878,0.03989797277789057,0.030362957078163423,0.07081144997546489
-0.41284930732561126,0.006184960458613251,-0.19040777874019144,0.10781861673070357,-0.04166090057366371,-0.017395078255570774,-0.012624399510689773,-0.028967461462255987,-0.019902532615317162,0.010606998203096183,0.007705030304424408,0.0007768544866954787,-0.018402950339964606,-0.005896008039195003,-0.01598531249917689,-0.0010611121577835836,-0.006590713754707189,-0.01818776310010245,-0.020839388229323703,0.015967149775551453,0.5694231273167494,0.29963974315237574,0.4011746657223852,0.25462586703517914,0.13188925323978973,0.20951230163300588,0.16379788258244296,0.09491875912601197,0.07435175943637065,0.069356542505072,0.059020971112516835,0.05400266100632651,0.08426517364311763,0.04127647966984113,0.03911942258799015,0.04103727215138796,0.04340164576988337,0.04917417207194569,0.06168898302473473,0.05042213999921875
-0.09898097838563674,-0.3301504323422867,-0.0005623917704178452,-0.03390675290255489,0.019917257101292014,0.01970036072248631,0.004036017326314889,0.02549595664033064,-0.005485012441981076,-0.004649220074279684,-0.007379639929723664,-0.02418344474168794,-0.008634716199874068,-0.0017041332611473776,0.0069064033637861256,0.018028444864600413,0.014884130456117944,0.0009283910858139025,0.0071252371242056705,-0.006263371276416232,0.7024431371240428,0.5246117991373008,0.1589614048081077,0.1594843275201414,0.12734150843789077,0.08742477019777557,0.0838967195941954,0.07410534967116823,0.05761281159541766,0.07104449500670747,0.04580859158481637,0.041159554525956835,0.033720725607350885,0.0327162465696508,0.023137002009291648,0.040258078590589545,0.02942592278766812,0.051063066036504394,0.02787001847268552,0.02527921594297759
0.14188008795603335,0.0809097437131075,-0.0019595934760034883,-0.0530948180373112,-0.0462549669076947,0.027502331594788966,-0.017982781233831346,0.04303013191311145,-0.02563196357977138,-0.02591334367237492,-0.028149263511265718,0.005829318730909678,-0.015150126579440943,-0.0180220167171155,-0.023737813013868563,0.003099089165757321,0.00034218572465489,0.005625320516469462,0.011346504948437136,-0.009895073130715921,0.921598245004153,0.30542221887879567,0.08174158556984235,0.06290498346358828,0.03730170013141297,0.03961847442745722,0.02476732454651774,0.04607365773537266,0.025853497477149705,0.019292557962839237,0.017820600500468135,0.01813781150924612,0.01767704991992157,0.016423645105952542,0.014773735383519084,0.006916663995910081,0.009145396595221157,0.012954639888533246,0.0073526080082256026,0.009282937852232047
0.05941004382367635,-0.06800129700539471,0.02772275486408342,-0.14078476801963316,-0.00524082914917301,-0.005091459836662872,-0.03363934487218659,0.019762983660244805,-0.032359017554013526,0.019971891100072234,0.005043495595090719,-0.006699707969330285,-0.040785661765590175,0.02640619139791444,-0.008743396635790332,-0.0263426867176631,0.01398912322359469,-0.030134103989591318,-0.014454611313054326,0.013727333759864579,0.8440195238496315,0.27918386051987737,0.23667402731388207,0.1670332654185287,0.1458318687393559,0.10748112382246985,0.10147433492505223,0.08254873544109416,0.06654379330502501,0.07017746771068809,0.09082419358152044,0.06074560369713137,0.061534402344707875,0.0456276584638035,0.04960969458428905,0.04907668281723797,0.048372344163523165,0.04710101206841864,0.03993504746150552,0.03452886804297787
-0.17441775136897827,0.003715863241533847,-0.034811972959135934,0.03494007001334654,-0.0011223110489240315,0.029131695048024733,-0.009775191451216364,0.029642897462713237,-0.024503939764229623,-0.030235876461723977,0.0003989169729005266,-0.008697784619620778,-0.014836823345893094,-0.00607465690925641,0.005896289688785532,-0.014355963009757703,-0.012858578339069712,0.011842984319044398,0.0006038791766494505,-0.007039120937504461,0.9100016149314426,0.19678566142919188,0.191636242452908,0.12952498818582045,0.07703231025224822,0.06425501051674516,0.06810553603808636,0.09376749612716423,0.05720390776457389,0.06209279694496314,0.04133764555607511,0.04033493273216346,0.028572753737854596,0.046201291037482266,0.026054467990175155,0.03200203294107147,0.029258546934939227,0.031561582242891684,0.03385480899053193,0.030430906148903914
-0.24791425256315128,0.02045378258122699,0.0033377347313260654,0.027196229499914487,0.015402867664800611,-0.037558008737307275,-0.03186727646256549,-0.004299034548982888,0.02297262387756788,-0.008682029675299708,-0.05861279235433928,0.030136136395089642,0.005856574818098301,0.0013516435105419184,-0.027830942340530723,-0.009100901923100728,-0.00437385830984319,-0.006917789327987732,-0.008238234991339525,0.0161172879466779,0.855814569284172,0.2731473800287131,0.17823036875228485,0.14964141617399063,0.12025336372808648,0.12630046664986608,0.09176098933546281,0.06082435817395526,0.06378421982585337,0.04837287704732788,0.06759891579232076,0.06655005933244437,0.03683217392851162,0.033721766274949556,0.044403197689161636,0.03896995100671306,0.03297176034275857,0.03279854829221919,0.023632562690842178,0.024924925125792866
-0.37633055157066225,-0.013593324181013368,-0.01251773219663342,-0.017112348092070063,-0.01011468657662319,0.008714645863799615,-0.0023226361939263584,-4.908814710320306e-05,0.013011712432233726,0.010974213729266234,0.003909560901825476,-0.01524886437605284,0.005952149747902893,0.021603387463950463,0.007286555858082313,0.0015454027818440365,-0.0007117441728571099,0.004187574647426932,0.011057493759733555,0.00013861527362234947,0.9065462913836779,0.10264771396782896,0.12611746215260985,0.05739295821464856,0.033424055409654846,0.02325262912126036,0.016586364024130346,0.018708147590836798,0.01632885034619085,0.016664879918865796,0.023937539181510863,0.013796050540568466,0.01740315896511658,0.02178709867830942,0.012611551982076533,0.006581288802182048,0.008023454472616877,0.006106175330899345,0.008002224363148,0.004828885024007374
-0.3534790617400344,0.011952644210686548,-0.028829364343051053,-0.017977226801776332,0.026753087382415098,0.017142479077467045,-0.007278118326008498,0.006580257664181688,0.0014342402843501743,-0.00620069473917447,0.009283562866900364,-0.003600679748846901,0.010281573297136198,0.015306082989616863,0.010360816891681739,0.0008422886470527702,0.010878980984299288,0.009138777266015584,0.013897072494876098,-7.917480065917961e-06,0.9197910994503931,0.08179060935197527,0.05622891482134632,0.047986888861464135,0.05327166141284443,0.03989532948057179,0.04290371978676446,0.043325621458527884,0.023413134293109622,0.03137585698758727,0.02955180777772242,0.020635389301958473,0.0239101986960915,0.02058293074215895,0.023168505361329157,0.01682075000450701,0.016241974253947994,0.017056774988792992,0.012169854547966088,7.705567459284052e-05
-0.5776215531135495,-0.2955537836908121,0.2293328530896025,-0.011297703537051394,-0.0005802005010686379,-0.03464286180473431,-0.02217264125895766,-0.00196958948047356,-0.018933353584314822,0.003286431203937354,-0.012995464002811761,0.005001893312977032,-0.02236897376399326,-0.006391789328530107,-0.006330034782138809,-0.015559525387573596,0.0016781401625277387,-0.01200152092715919,-0.0016785193861099108,-4.339144170136829e-05,0.5593592058394401,0.4100961272104825,0.19392512276433813,0.020733016987066987,0.03133998305683398,0.029098997366700588,0.019786151570056983,0.014386757251464644,0.017423600696078276,0.021039688408616353,0.019469194177422364,0.010851339330095825,0.011583369220461485,0.00640056532159832,0.005940093927143732,0.0038943392967100672,0.0030293415349151747,0.003138073312331772,0.005804540994887638,0.0008681872116452575
-0.46668357915467223,-0.032090446177162925,-0.045403375238018184,-0.04404081328396234,0.039635318344239424,-0.027472337999793876,-0.0020872236598145862,0.0047662374083248865,0.00657740617395755,0.0011348995525265406,-0.002468845536348018,-0.0026959674296392843,-0.010591645896534024,-0.009381133273758674,0.004940375868116658,0.009550052517750806,0.001236524662371875,-0.008878234772791605,0.009751555273800238,0.008501755209739004,0.8700093083868701,0.03349985630565324,0.04745869345135751,0.07761020526893275,0.0541086155847361,0.041462731925277184,0.02902899155947992,0.022773272170255016,0.021302219258330347,0.015331431044767621,0.011233060675053705,0.013592042416357059,0.01534591285103739,0.014188239816937067,0.010690724353716485,0.008056506716341944,0.00739440983529161,0.009473183472260855,0.00879879651909816,0.006439410212935923
-0.4550972440321307,-0.005406238415405898,-0.056888698317463966,0.022076102425656313,-0.05374077823038716,-0.019827829009815078,0.021557492153204235,0.004707543643014213,0.0031553831344407115,0.0013432126860616494,0.004676132433284508,0.004750847413873424,0.0030108071697189337,-0.007092813290040604,-0.004587729295728761,0.00442884981970122,-0.005998889243744372,-0.002385048384246529,-0.00032250240236998635,0.0013750013283060222,0.8659383581573571,0.09378803842741987,0.06430349668001167,0.03656116110110312,0.09948867977365623,0.06332743965728133,0.05044286612125546,0.031976179523418774,0.028265826522266203,0.020015163024347034,0.02385413373742598,0.015096839616621708,0.019829290465505894,0.01570823162783284,0.016876362600188054,0.013440394469783765,0.014100448248849269,0.011392339077189485,0.009283686194764476,0.0075151137139640774
-0.4781389509165421,-0.259702378437564,-0.005343831843208053,0.019422770248763762,-0.05008106829749867,-0.05500347163404425,0.01953970522549661,-0.011299868262815118,0.00884532390619164,-0.018058876529960206,-0.018752332912841653,0.009681688506368937,0.0026567766916494834,0.004667574560585411,0.005266991423878167,-0.00878942180502549,-0.016322238142650793,0.0020380449264129005,0.007396780413875188,-0.001007423652060062,0.7581400286516087,0.3367853632335393,0.04139714997382391,0.028574107076628812,0.020037293448256752,0.04402653579107045,0.01696369306815515,0.023571171393450358,0.014213975631948804,0.03269063404369915,0.010935986162568996,0.009032181374081922,0.010078705213264335,0.006621716196975725,0.01220788858166835,0.009506117046098814,0.010524413745168583,0.007890264166830512,0.014738658081812614,0.0042547785273236655
-0.38555511595047215,0.456647344281555,-0.12562091137320905,-0.012651683224296386,-0.01627646672844642,0.011380897084700234,-0.12484824324043044,-0.03763352559337491,0.029799866745413177,-0.03131869076476608,-0.006166004291805225,-0.0244858590895812,-0.004289848327317983,-0.02988212014805612,0.0002063737050884929,-0.010504021261512229,-0.00021535426290912593,-0.012864346265913719,0.007919163516135681,-0.03131450953156715,0.47096593347662075,0.6099015655459561,0.06482746977947326,0.0391987737884633,0.02559226160690007,0.03088269199177712,0.04310258290009997,0.026223021158436007,0.015368615338202905,0.009442917161748821,0.010218638750242887,0.009190471638995504,0.006563452251345557,0.012902339541609386,0.009062564452408871,0.006987865279522997,0.005807654325968279,0.007780800932082816,0.006317466606791896,0.008592211518149245
-0.21739447520795085,0.03187761797907541,0.03814969851524237,0.000101712696790965,0.009237633349166718,-0.025993660249444273,-0.03799733154176307,-0.011773259034669862,0.0030453860458166094,0.02876132527257139,0.01646679984146865,-0.01276086470699974,0.004286307673820131,0.0029512130060559676,0.005309870505684529,-0.0009356431919604921,0.003757739927005934,-0.004270814063622547,-0.0024167555810119218,0.0007592813234451858,0.8877746853511905,0.3318660651035168,0.1140214432769253,0.10646004894516756,0.07438284303361067,0.058212505071378845,0.058410920324404904,0.04501500226319019,0.06007741554274542,0.04843930465195971,0.03483455289031353,0.022730412217000163,0.02233171139634159,0.021400430060338236,0.016758557372775217,0.013843440665916322,0.01124191910259436,0.012256502337862503,0.011042629387840978,0.008510682327602364
-0.1805158067757007,-0.002741844277146502,0.005402626223135663,0.014804522762055771,-0.009133802321940781,0.003371078733889707,0.0028433282430271323,-0.004523653290225302,-0.005221660877215642,0.006277391283621377,-0.003937656548270307,0.004070516908161533,-0.0009657997734093459,0.0029930484595420692,0.002785844476599794,0.0011509163889863573,-0.0013074511568611788,0.00012724298917557032,0.005423574197523435,9.140941375006158e-06,0.9819595599566299,0.026024202924994577,0.024498166226631278,0.024603819410932634,0.015524555283085745,0.008316488317876632,0.008675820945825882,0.006377528074377507,0.007519019908371132,0.009532514265798547,0.007415788229642682,0.0062544195085800156,0.0044055990478461616,0.005118339060913105,0.0033450520127263025,0.001983156941699308,0.004137219554628692,0.001680911710634703,0.0032096653155926,9.816774173648801e-05
-0.43975606266610867,0.05948056379433193,-0.022285618726077556,-0.028040849314325943,0.01816553694461887,-0.004532197020183663,0.014029921971867148,-0.009016078675025387,-0.001525592926706733,-0.0025217844877136473,-0.0079160045217584,0.006107810626614234,-0.000208540369086604,0.0022975091011284165,0.0031686235770341156,0.0010679228446474251,0.0002799653496901952,-0.0009075276322289344,0.000912734765993083,-0.0001484826171664075,0.8689193018355792,0.17188921602307367,0.07073799696840836,0.07396811259280939,0.04727823601877035,0.030099993653369794,0.02756179249077954,0.022619394509102168,0.021087425216227074,0.013244102128661214,0.015926739368739073,0.015499978485820996,0.011232910576168065,0.009427420923586368,0.006973367582146809,0.007926793504823516,0.007460596939064705,0.005037339635374557,0.005958082691237847,0.0051749394506571825
-0.46719070385680683,-0.00995624815646879,-0.016782856029328472,0.001136363430244899,0.0636877231869221,-0.014435889453959523,0.0014993231952393278,-0.008101943245425706,0.009826426868088779,0.0029643104504120457,0.003726978379870726,0.004012743175169202,0.0047112987072559336,0.009040572458595256,0.002219787081476235,-0.0037527150801607355,-0.00876155027521315,0.002280575254430696,-0.0024560807733094736,0.0048301398263630455,0.851164906237271,0.15977051924221486,0.09349470894869787,0.07173754593148825,0.08228932940797137,0.042543401808568866,0.03345135919539576,0.02053328509838155,0.031669311372274175,0.016095089336359215,0.011074919394862177,0.012521671663377,0.020058808995943582,0.009900732564688557,0.008987367415766502,0.014548939964849763,0.007181731154403171,0.008802077669697974,0.00780032777880539,0.010326885427075643
-0.32137744213943636,-0.013891149754148062,-0.018462878120977286,0.010861536945308068,0.007016311599420706,-0.0021533996442980054,-0.005378378833083565,-0.00529804565292151,-0.006007047697109497,0.005135898658883383,0.0037119939000707716,-0.004830991728990424,-0.001013928401432975,-0.0041407468387266964,-0.0035551111235815106,0.006080828018192845,-0.005920744440134051,-0.0033374162242379487,-0.0017402130422878657,0.0027171921627271167,0.9389825533795667,0.06406979243165807,0.06241940646277741,0.04261816123571226,0.03467431740471503,0.02892070438495878,0.0193626182785446,0.020116978690211194,0.017793489038328555,0.014275957114350828,0.012384377037857839,0.010432467023254908,0.011988793099957085,0.012051701500558691,0.01024708898916549,0.008752409766618164,0.007552857289410455,0.006833629558848039,0.004716712447066627,0.005168368400830706
-0.307046819618838,-0.008783472283253492,-0.022573586518874325,-0.002814030573809068,9.737853609253372e-06,0.00650721248726837,-0.01266370645668887,0.003972434109374869,-0.007712163044784345,0.007374568232022177,-0.0007042668632221158,0.003537796812295989,-0.0011485813750932408,0.0043393148810964306,-0.00048556751346797827,-0.0064541464713470135,0.0006981227385824396,-0.008353428258294875,0.00037407234544802157,0.00030015645575835466,0.9398834820005899,0.0966943203164845,0.05996574000560742,0.04572834181573771,0.0416248398885535,0.03125321337196714,0.026607245589387814,0.019483674107803522,0.020191692129968346,0.022122339865588588,0.016883084520129356,0.016068808617493765,0.013432988499996997,0.019484306161284548,0.006177184981254849,0.010585896590101666,0.008109384656674988,0.009240437992598577,0.008555770654852284,0.007748514165212915
-0.35121626991375665,0.01700975836683544,0.005200161199707712,-0.014608920965758275,-0.007823183611795743,0.007896460166505933,-0.0026331805196298207,-0.009109961073318107,0.0029874764568407343,0.004911932844588455,0.010349540802045995,0.0016514767406132654,0.0036287944739382036,-0.003963600007743495,-0.006432201951340975,0.006898126294770747,0.007331244102118461,0.0024938598540042603,-0.0010809685893769852,-0.0004368143929621873,0.9227395490555791,0.11376025907809578,0.03843688181700303,0.05582522488888604,0.030137717607760336,0.02477857677073087,0.035420327455185474,0.03210379773211005,0.018668359301261695,0.022625164126489773,0.02249685255463566,0.01686573857643044,0.014315997562994598,0.011780745589710815,0.009839574579398555,0.01565790660433893,0.014273051173307984,0.008913870086666494,0.010152501585665791,0.008235834109856004
-0.2179027328746234,0.13010112951394368,-0.1018756113471215,-0.04088490482582985,-0.010459530859826042,-0.06185246516276579,0.01490454958383962,-0.05637021344995165,0.006876839665700896,-0.01831461858065213,0.02915397009652535,0.010387945466489815,0.02612880705403111,-0.020529581849020265,-0.005662908259433026,0.012334525466669227,-0.0004155779082079726,-0.0012972766607686308,0.014853252357693077,-0.01061948312598522,0.7317427162748162,0.3463771925118105,0.29830355272686065,0.16667474771110688,0.24776395441840277,0.13088196775160166,0.09933824480111654,0.11339059542988844,0.07889127814884149,0.08342129963667949,0.08838719717210285,0.06863216222341303,0.055917657912999186,0.04821378879965233,0.04866266026296766,0.03485000149271045,0.026861136244577203,0.040937979008032636,0.03900157513175201,0.033941930724584915
-0.09400037130421553,-0.1507359748039368,-0.10249948518433119,-0.11268973777106608,-0.03751587294628657,-0.00705921989744889,-0.005030406286654804,0.0021366681655051404,0.009707825766279201,-0.008338181087502748,-0.008218377491051101,-0.00875666365100219,-0.003145214813285536,0.01648475364650077,-0.0018136601303749271,-0.01062324578876883,0.006305371087799415,-0.0013780241558815074,-0.005461956439273676,-0.007316193434799186,0.7575192159448081,0.34070688575986297,0.29507054923905385,0.23334284299201105,0.16557784471095308,0.1605229799059689,0.12105352447207354,0.10675438814138608,0.07094608500953845,0.06715703018869762,0.05806635680077796,0.055991978230815434,0.06098211750624011,0.0592720177030107,0.046866494507132796,0.04409001774501219,0.04230392439292105,0.03411215756127486,0.030309080392352958,0.03096572506344827
-0.5855161555152937,-0.02797326769705097,-0.12215613399560082,-0.17608095852755765,-0.2261987613757773,0.07073556625491521,0.001019688745630438,-0.066268150604984,-0.18146880721126135,-0.11609858685213008,-0.022784336286516733,-0.0809886889794882,-0.05077312256170907,0.0045593105166624615,-0.06767885279958256,-0.04253632867672042,0.034400739851368094,0.029492713714940964,0.012203353161784057,-0.05698856326227841,0.6528221679709676,0.11315156711365877,0.0965305052069115,0.08403017230555941,0.11071570790029227,0.03943942953758611,0.018466104026390984,0.025203140877552474,0.07611869380295826,0.050363790946853726,0.015992137554524787,0.025873663487292243,0.014418482346434197,0.012800004340189065,0.02221872064759804,0.027520729654819536,0.012522720200095505,0.010086569884411352,0.01594342577595618,0.020812774225558193
-0.38982190253442667,-0.017958525100923235,0.005481822798171939,-0.016428110923945558,-0.00021464984985030411,-0.005790108468517526,0.006015631902236126,-0.008028627275352957,-0.0012271274466676796,0.0012738309243933417,0.006075865173002388,-0.002146195019173167,-0.001038265484772474,-0.005300471843120985,-0.007369757633346315,0.0012000526534746093,-0.009766190443082872,-0.008554704417418282,0.0002657495717644478,0.0007080556737258172,0.9181137963750057,0.02135472875444759,0.024213091532496497,0.03569504699855444,0.012214182780193296,0.01960683537514998,0.01285453289865604,0.012149081666865253,0.012348992643446037,0.010874511412934685,0.015067689305676224,0.007423345183267215,0.0032799336147304944,0.008258437215617273,0.01026895466035647,0.0033875775464741738,0.006564592794083206,0.007057123793944477,0.0047969938941149785,0.00479517764639753
-0.28814595587290703,-0.023265037728787175,-0.02566333539512543,-0.010062639687909412,-0.00018500963009495752,0.0020217942026048773,0.0009406815789637563,-0.012634580080151055,-0.011968638493257244,0.005116066309180888,-0.0015510197710344705,0.0021703124478302804,0.009227731150512775,0.0011049926568163094,-0.0034590255019428928,-0.00645643134707152,0.006050191134217546,-0.0026831165697170536,-0.006788877633291507,0.008967882546386296,0.9488130238042046,0.0715080147874353,0.03340119090931421,0.04443123752077848,0.039563750062047105,0.032069641855479614,0.030905364976939645,0.026800312392331806,0.017998093129349187,0.020406354881105395,0.01903563752620876,0.01229415438896298,0.013415417376693793,0.014090023812830194,0.01549695726980097,0.009542614371275323,0.007972409358227272,0.010970542357737804,0.009512488605651107,0.008051096708355812
-0.2608151702936168,-0.00012603854675694772,-0.03105573029957024,0.012578610228491561,0.0052347548656442875,0.010037873993380582,0.00233292929515024,-0.008830370749252575,0.0022607101403783413,-0.028805418143388915,0.007478381680991654,-0.003358138120304903,-0.00522150607701778,0.00042969468882144226,0.0016280786904234088,-0.009259892555689115,0.00041365096296268084,0.002567897482644206,-0.005782548158498025,0.009035708224262706,0.9585659426016728,0.05128830707900926,0.019302853112364356,0.039952968583863206,0.018164438065845553,0.04452758208962027,0.026497225597355855,0.019279736630297813,0.01970208323368691,0.025434126365487166,0.012622859881960113,0.014501102762535517,0.017559993953888214,0.01270033725992677,0.01205294960265815,0.008826087642430912,0.009153045871144554,0.00934467571868134,0.014570720570195103,0.013639473657892967
-0.3497976836280035,-0.35073363813119585,0.05109258480786969,-0.058550102946419956,-0.0889333140123448,-0.00872685656535852,0.01264394862029526,-0.03812856817736209,-0.04426484257591445,-0.023995500167850816,0.039267435609324,-0.019159944571439654,0.0028738196415213067,0.014106043090952262,-0.02759565518357008,-0.01696223153548089,-0.008916132025704744,-0.006908580606024473,-0.0016779889509062316,-0.01327226887290445,0.6273082780102374,0.5486302441949812,0.10388416368227243,0.07156165498560253,0.07318895177508593,0.03826430662033711,0.05655932462500017,0.029930015502056092,0.05450515922535228,0.0439116301640963,0.033620818632750356,0.025229307742285677,0.0209131506157153,0.02651891387209869,0.021669245428220636,0.022695489759993553,0.030696951030243145,0.022416536201100394,0.025136751202501095,0.02785541182682904
-0.061241771213727814,-0.41388284421507837,-0.027703666161115,0.0628967818960648,0.017864577583851293,0.029276818464461205,0.031224051166131424,0.008224577392758564,-0.022748808582355586,0.006477207060919428,0.012860343888341154,-0.0155468681458157,-0.05285159743207157,0.0020821934185067718,-0.02582851767108171,-0.007532927807373392,-0.01901215625746912,0.004445490609876032,0.008255014079567092,-0.009067975792832058,0.6084812222920738,0.621492768770345,0.11334556187643575,0.08350328997598393,0.11193924153874449,0.05394249084029937,0.07634227685275917,0.05615793734133791,0.04032879411755451,0.04542590224725047,0.039138487164995926,0.030915526983065867,0.041110773485035515,0.035245771094919255,0.02549075157075973,0.025518250499563848,0.020410236777092573,0.01985315026543593,0.023801240498838066,0.021346244249717188
0.022611060529690315,-0.3431616377766326,-0.14322946606352788,-0.003108587961772161,0.06628561754865933,-0.06846614024575179,-0.12203634271160406,0.009167259283114907,0.019976900341080826,0.01808057367710898,-0.04805803485955341,-0.025318246789834756,-0.036340393993561315,-0.02059471852152303,0.04996610942594399,-0.02611803522758993,-0.01790390001731133,-0.01719115605830143,0.03530522699815467,0.0012449089386964002,0.6970864651605445,0.4757277463953358,0.22758779045971025,0.11488433086467507,0.07428639990093558,0.1199252366210816,0.06748856316244566,0.07824095250900333,0.05847689978886341,0.03740607901629623,0.043013392218744145,0.03428186766425551,0.04845004531288076,0.030104665574001106,0.043208056442924477,0.03250320556070878,0.039742405652901734,0.03441925625268033,0.032012933865447006,0.03246285748361808
-0.2555232205259894,-0.2020505034188977,-0.05584653499130356,-0.1718606915896004,-0.030082401039834613,-0.004089867394327301,0.022160047357223184,-0.17987849300505762,-0.05374770750557075,-0.061137557107304966,-0.0258199125150997,-0.04944827365530427,0.021886966980178925,-0.052007213961140795,-0.014774373575994659,0.004506058646047226,0.02092704268232923,0.0016589006513768626,-0.04579541845359934,-0.03536922340762672,0.5576646657000859,0.14108476706912595,0.32409988898774794,0.3439813585850201,0.2197817656800849,0.21326940333337768,0.15312005668847364,0.22079640514785323,0.1534084232840152,0.12846706216878642,0.10477475052271043,0.071937134041105,0.07833365004120665,0.08790914525888884,0.055790435758175154,0.0649135409624816,0.06529349797820154,0.05769654985062114,0.05296740394133925,0.04987624771179361
0.12330761764729216,-0.4210019575689057,0.029770342643415736,-0.3288389730751914,-0.08281061971920987,0.030667392991770567,-0.07720851102256564,0.02113896886953842,-0.10492276865522916,-0.163691884218414,-0.026612382049810587,0.11719449660227493,-0.12743160911643076,-0.07744317865011496,-0.1179227761076771,0.004631309502296515,-0.05476988316318198,-0.0033431926531259384,-0.033894375908252374,-0.018277308519965074,0.3178164234765593,0.4056389389525694,0.1599628473464065,0.3322486215046928,0.14057070123068463,0.13527541143287547,0.11941645049153934,0.12466785639199196,0.11703340551087656,0.18337407620741075,0.11225056465937659,0.10982936989434805,0.13007234711834836,0.08415839128223145,0.08107215794552995,0.08545580236679856,0.04763064478742698,0.053192393187752054,0.06431061221372893,0.054180199636708164
-0.5238072862230209,-0.22785072701658143,0.0006721185243685874,-0.10489419741618987,-0.022275647571817426,0.09198494488479758,-0.09464633411927263,0.08090704680268479,-0.23630935125149102,-0.0799176208435835,-0.0891612252486379,-0.03199163968479755,-0.02656801560486803,0.02737246022143233,-0.029803844945777258,-0.006431692526628397,0.018536288942546712,0.053025861000830544,-0.058477563862240824,-0.05173264054577943,0.4273634799719223,0.295992659455742,0.20320065140755236,0.16600635490996435,0.17580835681747584,0.16168070897818632,0.10226229529772993,0.16359472880497067,0.23324295171577122,0.09312422566322714,0.13200696060193207,0.07684775024072693,0.06975918808952836,0.06997300387139015,0.06254026278306843,0.07516524656580442,0.06612659410112876,0.06668869392986909,0.06523694168763994,0.05685085155172803
-0.18870725645460282,-0.06295197026204546,-0.0348578511447927,-0.018075683488321604,-0.0629853451268409,-0.04209414155172687,-0.0637421565155105,0.0022949341868465133,-0.01511869195108269,0.018112345131983964,-0.0018609356096847298,-0.02752856850297945,-0.01284770218284877,0.00883020407138597,0.0380233186990916,-0.020608144549210755,-0.015137331743693413,0.023687947884615916,0.0052845924885279805,-0.029156144297594506,0.7407858961076824,0.36936618956600076,0.29454250692204653,0.16215597879536767,0.15277959447680164,0.12828398355537093,0.13162649037151156,0.1335800606112282,0.09228604507545152,0.10323883604913107,0.08176542675961762,0.10178897758842478,0.07085591237532139,0.07031506979185574,0.07461670058479267,0.05594627096158032,0.06995322932318804,0.06046188948732591,0.06524049923503547,0.05546018363246301
-0.3581732124822246,0.08548942078258788,-0.06474281509539322,0.10554564458829979,0.05586594093619568,-0.04381016969384289,0.004962455007765363,0.006149940181052103,0.0541716172345081,-0.018101427557296608,0.002891876809525098,-0.0353314755442683,-0.02532557883295073,-0.017795860822804613,-0.022654314239524388,-0.020015016282751902,-0.019998478592792635,-0.01251148150863171,-0.0028909620287096783,0.010665988448985577,0.6782203667295226,0.4026536699590154,0.1938046785777579,0.2132805327436853,0.1871424891509241,0.1334102321922729,0.11011456264835913,0.0934344447417061,0.12114281282958894,0.07889054041896701,0.07370698899909663,0.07275186185876345,0.0704927410809345,0.06820883057671204,0.06877780571519959,0.05183066873967994,0.055579494828265644,0.04711136113380352,0.044628507422421436,0.045811866570692444
-0.37855089610721254,-0.19229263144549955,-0.009255469785120528,0.052898486464229955,-0.04895009276683085,-0.034979507727785616,-0.02468504493508825,0.0062815646513444895,0.050213131145700224,0.003189944175911562,-0.025365207613679507,-0.019499034949603457,-0.0140348803444065,0.010722944925286231,0.019398617317476732,0.010620488004712788,0.00713911076064668,-0.008166716837796975,-0.008188104421104136,-0.0036646518106077815,0.7739741572768448,0.2453591371952913,0.18822013327413775,0.19762283319242857,0.1104069947965799,0.11027708477217972,0.07413768177337533,0.0532245153033477,0.0998519605190093,0.07969371550224125,0.06178460740801496,0.07137088251252949,0.04975288511003711,0.05492371073434331,0.04442507476145918,0.0550016214387291,0.04769024495721784,0.034777872080137794,0.03361598270332912,0.03577804245617654
-0.43715347295607937,-0.14449263458985614,0.044581584211927545,-0.014352447730779082,0.0423675660010654,-0.01854284112494143,-0.01338243704871761,0.029476003971148513,-0.004447039762310816,-0.0027947892823786927,-0.0218330663659858,-0.015929366845800787,-0.027028414786838373,0.003289709720677684,0.00962720029795042,0.00880848397106455,-0.0028687511165158414,-0.004050788728206682,-0.001981830341728403,0.006341118280777125,0.7950033020122216,0.33625928084195367,0.13474654713517362,0.06217842556919722,0.0372069023488317,0.04575042079977331,0.060391479181285616,0.04401230266454994,0.032929569139348976,0.02446368001942986,0.026636490316605334,0.021648134667428907,0.018130969317111566,0.011782302393371412,0.02051560424028235,0.01356583592986353,0.014931662152491056,0.01310871457097246,0.014916401084479005,0.012816586333922868
-0.2009144509247159,0.11132306584062861,-0.029349124712308213,-0.039984043185919034,-0.016002876653307515,-0.001762602189032785,0.05650224654195636,-0.048231665771995946,-0.02473145901087521,-0.027409780552812485,0.004538270184450966,-0.02119427344835517,-0.014437478403026054,0.004415814133682272,-0.012132334485693829,0.0013678472135185541,0.009130825338692871,-0.009282083768675389,0.008151628745185982,-0.003761422866481833,0.8733240617576048,0.3164249762588117,0.10881985858803513,0.10808734078522612,0.06577525419218068,0.11924037028819309,0.07880621865552746,0.10986465131507653,0.04650686939922003,0.053176143398965654,0.04177607096449527,0.03672353975190431,0.03884794199457253,0.02819309292033587,0.03285434715817864,0.02354808584649606,0.018059810034491617,0.020760811957686916,0.01724856246930835,0.0172019999557556
-0.40913306052913534,-0.05750275582944832,0.015155699619018897,-0.0018272767680790935,-0.005277968307652201,0.0029135520689414825,-0.0007940146163794515,-0.0030766398041900517,-0.003497894984594402,0.0066850795680422825,0.0021885096658493643,-0.008536701848909688,-0.002853164574851698,0.0035376146866441757,-0.0026570085332797847,-0.0009703533162862918,-0.0013359826873196006,-0.005649213367680834,0.007100814214006027,-0.005069020346643105,0.9010219730535896,0.07338588893163332,0.05606491467721711,0.04546640292488001,0.04517628476026484,0.029387272451144555,0.023545195029496827,0.027943359358927555,0.019111922361516195,0.024898966841923158,0.014191104506519578,0.016687779630833236,0.008055879656705723,0.008067036004979789,0.0089765975019268,0.013204380450715987,0.008236853030446677,0.007529518204556165,0.00859705964249645,0.0051296301722857296
-0.583063789738919,-0.037886488670743436,-0.07138436218107153,-0.1493842902407234,0.004313752593211846,-0.14075522060428441,-0.03672017200245239,-0.13150977954101187,0.1032858374051524,-0.011903725490776854,-0.0405035146985148,-0.05359128890106212,-0.016012039770821936,-0.02308219774933307,0.02918431679240234,-0.09563835190989937,-0.0595698792860993,0.03991902358934059,-0.00871271416278739,-0.02103300443258599,0.7120060094954483,0.06774620651102854,0.05846407882302228,0.09633272249951978,0.05421958865738568,0.11004289373371066,0.06522395278531472,0.07539733555367263,0.05170649842066086,0.03497074804314431,0.02790055400330381,0.04200318236853742,0.02724482138072714,0.02232746432364622,0.018052713390032116,0.04096040939714841,0.029805489443763267,0.024808839683693396,0.01940815714926354,0.012382277903969676
-0.5078044669223227,-0.009152037512582513,0.018496945383354384,0.003728948724615057,-0.0019106197487916792,-0.0004042413668131493,-9.770626293748379e-05,-0.0017078654391894646,-0.0005243265614421008,0.0008245467243918452,0.0022139407765898785,-0.0013870510498681875,-0.00021851648420521253,0.001065125655272641,-0.0011393836326732004,0.00025937841891560576,0.0004974830682597187,0.001812517851480311,0.0015076793339810794,-0.0008750003974342322,0.859634417264152,0.02614562872343053,0.03073413358339424,0.01868883955731356,0.010669178347142127,0.013189129997624161,0.013544964650781586,0.006229318921940052,0.006177396335835613,0.004141406775198645,0.0036464604147345148,0.0050864873588482564,0.005173914861064616,0.0037800881034959514,0.002961535020371766,0.0028313345793524493,0.003119400948179763,0.0036125449461334043,0.004808625544336788,0.0037565743780454256
-0.5188014013066491,-0.0048577944418331095,0.004858509665540561,0.007546289980398706,0.004530676192465671,-0.004446660799232112,-0.00038564651655012577,-0.0010423757235105634,-0.004191746180542635,-0.0015811268313557219,0.00026667395892924177,-0.002835652790308868,-0.001288148526899164,-0.00023207422881566723,0.0007639781775899636,-0.0027115584812770523,-0.0024155543929512886,-0.0012123116788217523,0.0015201230147013072,-0.00032285255445861286,0.8534404033692186,0.032405364311945496,0.015404225458497792,0.019118138921241326,0.009272117856965597,0.005622390825969059,0.004860964999230784,0.007487595421284123,0.00737558222685801,0.0034543084434334272,0.008618080347264048,0.00874972861185079,0.005539550932705358,0.0030469727027505906,0.011115409379026784,0.004033178585713642,0.004566244975250006,0.0038877390448420006,0.0024447729010069405,0.0015091965882531426
-0.45581964049242,-0.09409869859899474,-0.19120643348089805,-0.13676377312910212,0.07306047097499291,-0.0656080616091529,-0.060088353719954066,-0.029213250102220173,-0.02709654276959431,0.004778598023204754,-0.014671745041757034,0.028252135676665832,-0.037104839121881776,-0.027091004943669787,-0.007419888290790298,0.019741094094358903,-0.0012431574875496783,0.013885437763433092,0.0043006697653959584,0.003898278323324315,0.7700593290747627,0.1314127616572044,0.21560236087552195,0.1314989444273704,0.09598164101568804,0.06396655084272258,0.0748455030674466,0.07969171546453666,0.05573162200616657,0.051495647195733,0.016234288321718828,0.01992961230790264,0.027298427162038705,0.035544844828359234,0.012629355502082116,0.019677267287480673,0.018520901960235692,0.01896078678661591,0.010140291941166233,0.019398015151567607
-0.5893979998028961,-0.1314469696698553,-0.018885043403031782,-0.015630167705106168,0.00875016899717157,0.016374270738241072,0.008007050693315245,-0.02772312579231525,-0.008256922963840715,-0.019629684643098205,-0.027644491980338696,-0.0005180397211536673,-0.027345103009296833,0.01652886996404337,-0.02911467318026727,0.0006953436377942622,0.022352407877308012,-0.0016618878505599334,-0.002301679463754239,0.017753479974473105,0.7867197061074385,0.07748733439827646,0.034774606730655584,0.028506399180822987,0.022522566999454225,0.024026536377096213,0.01861038362140643,0.01570524007670099,0.013519779088324347,0.012506676000602537,0.01246542711546442,0.009173922020240205,0.010387742693100645,0.008193492787072073,0.009122707032063748,0.006121547496915608,0.006493708000935466,0.0059548454118443315,0.005690573869840423,0.005225005559967321
-0.6014283916743384,0.08697189887876278,0.08864873236931761,0.014145936071346954,0.0031773423722458454,-0.05850359782258524,-0.015425223653649773,-0.0024972333578750935,0.0032935611796857203,0.04610296219078204,-0.04329327593822191,-0.02606974841302801,-0.036904991611267444,-0.01580916453642462,0.00018666323887327324,0.015537138268031244,0.013156975185556525,-0.01648372730876413,-0.00018816080348437478,-0.016209831824537863,0.7746253238650662,0.07180342359998272,0.054363944666465,0.03528730686175991,0.020949978543407594,0.027256601097883287,0.014638185375650287,0.010334506621637155,0.010739473219257238,0.014150710089853247,0.014289849622347845,0.007758971414210528,0.009330166894405053,0.006685544856410043,0.00547900352350117,0.004648051182221427,0.004028149264167626,0.004838423899352489,0.003811387330064033,0.003424812082936825
-0.5474043209733213,0.07089916295748759,-0.05196768544962285,-0.027595230577931024,-0.007903349613263572,0.005026249873666262,0.0005091867600051631,-0.011607401360605353,0.021455186296834582,-0.010944367038217466,-0.008459911707976032,0.009660615220822137,-0.03194698469749441,-0.005312006459773851,-0.006132695920132172,-0.007683850810597768,-0.010939316337384049,0.012880091762459531,0.00369887416222302,0.0019284515395362682,0.821768450636778,0.04822014192693578,0.06739037581212655,0.02441237924152869,0.014538025017863878,0.023321392718317645,0.030441064214343887,0.034060552505874024,0.027730239777783605,0.028885684735484484,0.017379602392745018,0.015285952087787782,0.019939768843936397,0.013063676877277861,0.018033427423364373,0.01816865128076153,0.011053223031253463,0.011291595130641739,0.009995133010907414,0.011104309851965125
-0.5185410631655756,-0.11489454330161705,-0.12047573591067078,-0.10721255933296772,-0.019047385070505164,0.0391415162731838,-0.0025500633645928724,0.007413373122580153,0.004862942722721863,-0.011875856290204993,-0.026269442624422507,0.02585594302795275,-0.02054855297256449,0.01169627756131117,0.01585311404668559,-0.0007243323582159845,-0.01836666322010281,-0.010357458512620652,0.006645718122920803,-0.014749426857241305,0.8032111909160214,0.13907916103869994,0.09412135140947417,0.10241655974402107,0.021494179702377353,0.02343640220053941,0.021997779667490138,0.012183184347120507,0.013327000903991143,0.013682695134726856,0.012150673925299518,0.018234245323893863,0.010117299119830088,0.008767942789441603,0.0072182313102034735,0.00936756976085922,0.010814216695185059,0.005532803397996988,0.005323978792727656,0.009267460282465877
-0.5185202338688866,-0.11491755594413404,-0.12048384182888064,-0.1071872520740521,-0.019056301487373525,0.03916170507237791,-0.002544396309090112,0.007406969348923411,0.004862494841232609,-0.011881670026390248,-0.02627196686670354,0.025877648520166274,-0.02053538974438778,0.011676792224259823,0.01585179909647508,-0.0007608425004101561,-0.018220882629664148,-0.01036641113586711,0.0065145941102541655,-0.014678713853207157,0.8032300090377249,0.1390934291628657,0.09412069692408236,0.10237794843705522,0.021498386893916775,0.02343493733844425,0.02200215453224549,0.012184770418046253,0.013327276145849661,0.013676500830685147,0.012148076206942833,0.018265102532208505,0.010115671011660094,0.008767026180587337,0.0072210340526306935,0.009362588873914645,0.01081223645160529,0.005528957834920277,0.005274999224993178,0.009258341928172585
-0.3784153913391159,0.008807912698468612,0.06707357504016838,-0.04836864861632581,0.010133825987004824,0.0008692674853540691,-0.00715984441520361,-0.017417887283061723,-0.01978735767345626,0.014449375583608199,0.0027203347729957317,-0.009154973364359737,0.03446979912259733,-0.006733340252342174,-0.0033763930522684774,-0.005437071994405729,0.0087449803467804,0.014734242409833708,-0.005338546084629393,-0.0013089535908686939,0.875169584052066,0.07531936790153901,0.1757050670628875,0.13480703623991291,0.06528475797189606,0.06933004165388537,0.06780486879927852,0.05713998073503841,0.05641626077669238,0.03931397198741638,0.021427923053233686,0.028373627797522595,0.03551353632926963,0.023562967773406388,0.02371412596138424,0.01702215123301181,0.017520442047607183,0.01642940220488771,0.01254604655663806,0.013086379189347458
-0.5073706923898348,-0.01588588275310795,0.042363627091399327,-0.06581384550386617,-0.09656405284983476,-0.08099862473657371,0.15163971199985243,-0.06530136535970187,-0.17280078573381188,-0.05313479578738571,0.05851882084117636,-0.018580884672256166,0.031269762988020255,-0.010432925340284182,0.04867541474022822,-0.09321596665807982,0.033768290925491155,-0.08249841905381898,0.008520582423583545,0.03291267701683769,0.7531203487855848,0.05085328585128996,0.05637696168762196,0.14795825124867323,0.07484892691928766,0.07592405288416398,0.10224875753494143,0.015767378327394988,0.09821451162365662,0.03405266397542486,0.021034645336033077,0.03734476487920261,0.04214087017959906,0.007691344208222147,0.020129183079770366,0.04201776588071773,0.01953727367814927,0.031273279426709204,0.015171421415050255,0.014032121173709854
-0.31244404077636934,-0.5652327622029919,-0.2624401962523484,-0.2214672490737237,-0.17015345572418947,-0.09734123361326062,-0.03252114238157389,-0.002596028768935903,0.020160128669813555,-0.0302710349465138,-0.003211583824041055,-0.014841179388058857,0.011923992097126489,0.0003932466567266654,-0.0006843481386632057,-0.00047159166729781633,-0.0002611638540469873,-0.0005321513909739542,-0.0008434986272456053,-0.0010872908309803465,0.2320604316986062,0.5782214302723453,0.13357935161075413,0.10336250148579001,0.06318259515616885,0.03924081882420943,0.010529918213059092,0.008554217653414863,0.009637687451290212,0.023431268569879198,0.006125011912686382,0.008027118320601958,0.0052000267476969625,0.016707390139583354,0.011748404577853033,0.006634782523887337,0.005851416489864868,0.0057249837946843,0.005225373393793293,0.003987693480555045
0.07886352455981292,-0.11641320702462074,-0.27882319007808737,0.12771326868666977,0.07276517365182535,-0.04084130499920868,-0.06465064797772153,0.037004167445327384,0.05646239517029158,-0.05642615343366079,0.05209701737486634,0.000527818272083153,-0.05138348710202022,-0.06736269880240145,-0.01545061407609958,-0.0018467901204239324,-0.015901182178187485,0.014387016697789442,-0.010820305756499223,0.014594184299163655,0.4949885800164631,0.3527853011771948,0.5081628406556707,0.23906910660959774,0.19333969694100275,0.17186089385137224,0.14087663348944124,0.13983194960224446,0.10323549712242908,0.09281941446242506,0.09010194527951683,0.07267893277864287,0.1060680151334717,0.07766150536835187,0.06531604387245048,0.053855016417179116,0.05320012292011431,0.04455348096110078,0.04308846889795763,0.037460627910835646
-0.015798140241951336,-0.18080903746970495,0.22333648098373504,-0.07087509323706156,-0.16662322180839065,-0.06189889372588456,-0.005015051458020069,-0.036141869051565814,-0.005202938958775028,-0.029381954348570914,0.026303835990868125,-0.04521475811865291,0.011446787027047071,-0.020106813468096642,0.008257781546747929,-0.0011297162824115306,-0.036012048859928196,0.008648763377198847,-0.0316073163708933,-0.007956465217195556,0.6301411332275756,0.3823859817180332,0.4486614306839093,0.1790613025023653,0.21518170102033793,0.12499562317066977,0.08459652949930717,0.04938627740768916,0.05674950579621664,0.08532718373680587,0.054237265931507475,0.04934958496761064,0.04033648449980344,0.035234361675205404,0.03532620819122448,0.03105703507842619,0.03483606116564486,0.027636925135139403,0.03098973206038654,0.022089163626406276
-0.6541477393178591,-0.033882280779600905,0.009118062454442709,-0.08629180260137045,-0.007131550990676721,-0.05570020074915434,-0.03992699377280549,0.047156262443824766,0.012992750598259961,0.07281720524503127,-0.04435461754355367,0.05897867507938831,0.08625809995483422,-0.02951990720297316,0.014792583081663545,-0.014178343510981357,-0.015373734174367002,-0.016332737932390453,0.03477879739128229,0.018105690386132276,0.7257691082009957,0.02515975902068707,0.018916129951138585,0.030265778254155846,0.02194299265549438,0.02231914023719667,0.01740881239172314,0.014043599215237337,0.0186317725913454,0.02071001140747348,0.021089938370220183,0.026608288613807686,0.029634561834890615,0.02213088653133553,0.020631875322385175,0.020029298929758098,0.013193988636542982,0.011332450224959595,0.011430213084792182,0.008274681776788834
-0.5931680466551404,0.09405048854559334,0.09054607219578895,0.01490421508359309,0.03574301696717411,-0.05472717828943311,0.014443070531600493,-0.04535469837850536,-0.009140576480796308,-0.00024899469033385876,0.016616098601512606,-0.0022395435651937196,-0.00026037073248608107,-0.0033068831173933165,-0.015532674350069798,-0.02063222185620599,-0.005621803708990047,0.009757855183371815,-0.0006482336005273231,-0.01826334991572039,0.7742192828605005,0.08103209890481514,0.07877540774487812,0.02878595236503723,0.04260003468506433,0.042572056491640295,0.026664993158994704,0.06163194508956808,0.02977645496914998,0.007131009728525633,0.012892189057066565,0.008057371044923937,0.007044791590399515,0.005435664663212619,0.009288779293462635,0.011877812729717411,0.007099305183487506,0.006960489375967693,0.007404727517871075,0.007893508925889324
-0.5734340571003882,-0.013821427438309952,-0.04326020332691333,-0.051481130636198906,-0.007908798352747107,-0.03512147675017595,0.00047081034739774057,-0.05490884332969771,-0.03144086692776529,0.013735824479961961,-0.05199151354183045,-0.018280248968719038,0.00959615979687445,-0.005192892370254834,-0.010263568472994505,-0.004162312146002754,-0.01651470605962528,0.005191292999648282,0.011156192750624285,-0.002339266992389869,0.805511790659836,0.03294635432953714,0.05392403314345575,0.02668218738324426,0.018658784832386654,0.028701710696993964,0.008667882503698375,0.03255703375884162,0.009312722889002074,0.017134525072852187,0.019203549459057723,0.011912964004540635,0.00683898885010641,0.007898215557387052,0.005512496396603062,0.010346564245069936,0.009383644321239193,0.007490172356886025,0.005755633920376865,0.009334804005239701
-0.25690232301475047,0.006060413299688814,-0.011746242342089437,0.009152348420586069,-0.01618206683028869,-0.011078440773440324,0.025168931731546745,0.02117553344752458,0.008416617650779694,0.007387388152867069,0.015950671047211967,-0.016301546218693966,-0.011879642970617187,0.00451953993775365,-0.0010088173375549176,0.014353506782711151,0.011115647510021542,-0.007172195283544636,0.0006205049954958151,0.0018955416800476646,0.8133793400128294,0.34495748130434767,0.2627040083146832,0.13423882271295753,0.14195342577531533,0.11171885493812629,0.11243113268237989,0.07221353147706035,0.05283876379990552,0.037611346337114146,0.04585694630304079,0.03561708374471297,0.02647080170585364,0.03112943925818891,0.026562715659912816,0.028682075887024275,0.03283932040372529,0.022567777634418515,0.016296132424956682,0.01874433343220889
-0.47967010574224045,-0.08987135117210282,-0.16045615743540614,-0.07230757183465489,0.03258620088037195,-0.007403150852370211,-0.053486165028455754,-0.13357660331942306,-0.055095181660724524,0.014364518573744588,-0.038113833183536124,-0.022548231032379448,-0.0097360034738665,0.056662113159067544,-0.016846607851913064,-0.014492112779164127,-0.027251675243658534,0.005951439111284376,-0.040275917999968394,-0.02744197251699492,0.732712407724099,0.18849336625023047,0.16909801095636137,0.12727266144126015,0.08201164208905437,0.048783345729202496,0.10872875850192486,0.12995314798321694,0.0714123817125531,0.03409167599745205,0.07323933129852968,0.07863970573621101,0.07390454088498058,0.06646304509676329,0.07673141313918827,0.03339895231268675,0.05905814709018995,0.025981145489598862,0.04398841910846573,0.033075402539950664
-0.09214232158864473,-0.09795831122501374,-0.03415629907622906,0.10541118753922483,-0.03063087875793943,-0.01814402455067251,-0.04352436942270985,0.06201316007007043,-0.032969330563283016,-0.00603409023982371,0.010225246205503167,0.05500593247786048,0.04364804073859764,0.005351513699027877,0.01623120616271935,0.021824913572584658,0.02245177352073654,0.0383450275371247,0.00044586604696207735,-0.014567652279922285,0.6220591184618655,0.44285898871823653,0.3187582933913519,0.29004121004160666,0.19855056398298665,0.16019316099742925,0.15966175628079704,0.1426447663598043,0.11468065927101369,0.12025270499504304,0.08830164266271913,0.09770919811362332,0.08929261981721143,0.06176202037390659,0.050186339092190765,0.06834075863583522,0.051722885830379615,0.05445276731771492,0.05225861522029855,0.03838696120808971
-0.29761099878326586,0.03646893848389088,0.02717067750246283,-0.0718891737623965,0.006249105392972096,0.00929675397737282,-0.04911950667411659,-0.03689730102193877,-0.01757347237541647,0.031528997246230976,-0.014611379323510525,-0.04675960810258011,0.0036981717263508823,-0.03280328314795651,0.0053971300337137765,-0.0010893875754029083,0.019999036529625022,-0.013078862481537286,-0.026079414128221977,-0.004472277443306668,0.7310357274358571,0.33666667996992145,0.24628741860853273,0.2230385729960918,0.18508417223752482,0.1509422967216339,0.12840943019293802,0.11066616552669502,0.10366696269291957,0.09064853862335781,0.07840041583928374,0.06311763715798382,0.05389512789110389,0.07143748567198256,0.05766274897975913,0.04420614636862782,0.05081274375674628,0.044017572955203935,0.04267838617787074,0.03921832970272759
0.054455754571834374,-0.1358468949015708,-0.1458823906890638,-0.017427884361814673,-0.007715070572591518,-0.043640994607674594,-0.016895673867979792,-0.022540457814500963,-0.04876950078942081,0.008562949173779394,-0.00937943889870146,0.008920352230942955,-0.02493184927422327,-0.005860898188741222,0.030142808766298997,0.014528635137712654,-0.006020237882660287,0.021938606002610855,-0.016239355694996266,-0.0030500361710538186,0.71686647381513,0.394274094996908,0.3990931573214253,0.2018858171857205,0.11004623765408222,0.10140806320021546,0.10454982103316758,0.0988275256620182,0.09019507994001777,0.07060667502969477,0.06939408556260626,0.04472481201423827,0.06639343098568744,0.05498263036168328,0.051895521463809345,0.0330006709778288,0.042439573762096304,0.039537698552856694,0.03264947401259764,0.03158358162240374
