-0.5017588578813731,0.08415992410053043,-0.009536020203643865,-0.03982483449723272,-0.005166547843016972,0.005068303800106861,-0.03217870058226332,-0.023563129663414967,-0.007758751929167347,-0.02346736623973114,-0.03708883275505926,0.03451044427667606,-0.018651277870123308,-0.00994442613453091,0.01803714650940196,0.004219284448408424,3.077062720112601e-05,-0.02201492259391081,0.008380594471731773,0.010492735970002833,0.8145674015744292,0.25981694885565904,0.012996705032057002,0.022828897711640834,0.013501613722757629,0.019143938461528693,0.010714312174902867,0.007400281217587765,0.011280793251352134,0.008129756900756157,0.0119221115770155,0.007943340631798714,0.00831443801289814,0.006510888914135974,0.006446406861839897,0.006227455662220123,0.004476387310248866,0.008033865502902866,0.008149843495491593,0.005292722600604136
-0.25201744278961064,0.0612768813363454,-0.1841560681967876,-0.10767111257048094,0.03081656709025762,-0.010706328715596063,0.0015317211864131596,-0.05603198673394348,-0.07290012035591718,-0.04038177218256452,-0.04533280431479095,-0.023164870839938546,0.015435827495870934,-0.008429233963265005,0.01460456762341194,-0.02680997734566432,0.007627192545303494,0.006297969325971489,0.0010554208920637688,-0.06671724620577332,0.7555589917307348,0.45099977515962975,0.15071844279881988,0.14623140877879817,0.07221452738460549,0.0823181183707117,0.05762571496814944,0.06462187165525211,0.07642604626112401,0.04596475567556857,0.07733051690795699,0.07825460949736168,0.04710294243587297,0.032144240863074706,0.05084559737193265,0.03368424404449283,0.022953993892919185,0.022441875571714794,0.023493665388234636,0.03495284142306583
-0.0898674426070968,-0.23963125531062807,-0.09099159833714993,0.09974805820199911,0.09496929998764606,-0.04164784303908735,-0.2127450432327172,0.003969228520531785,-0.09398811629907709,-0.03886298242477875,-0.15456135146841163,0.01932666021130713,0.002036144072490895,0.034040932681146524,-0.004304364866170891,0.00403237029455696,-0.0007739667417458071,0.014926997614409595,-0.01706344423417803,-0.06563813667159638,0.47052131413413134,0.35358325202775526,0.22248548838822785,0.3068374526338884,0.2171838390567488,0.23968031272552928,0.24698804513904668,0.1576052721136588,0.18817699904074867,0.1319614712349556,0.13948913004630503,0.11295890654986097,0.0967729494772366,0.0850338011336405,0.11264217283573144,0.07251795271323509,0.06150212268382837,0.07433044623137794,0.05951870140498511,0.08161810153072617
-0.3735122475008608,0.3187400668429188,0.08336435888395911,-0.09672318175534127,-0.029126976086363505,-0.24431288473353252,0.3696062448861963,-0.04644088675226481,-0.3093940288372763,-0.04730232698199993,-0.25764607670376954,-0.042086971565401636,-0.23105516218117134,-0.15567065076583095,0.11042497944920357,-0.0483555248992188,0.002227179640746609,0.02020723103274193,0.035288527484072435,-0.11131580068150558,0.34682908332950074,0.19451950189092543,0.06906988316590347,0.05092230644153428,0.05338268532057715,0.10316793990911023,0.22799500060328207,0.025820291506148084,0.13144592630486762,0.025442164214463183,0.0901064598968936,0.03286749514529648,0.0780360664162086,0.04966812827087668,0.032159796420995826,0.01864109962336823,0.016896657726457848,0.018013313622916128,0.021960476906008372,0.034352632944747365
-0.33636754905405375,-0.38486582532664304,0.01640790506280223,-0.292081656819408,0.03977877345863037,0.1729209134143855,-0.1987429929512887,-0.11102977644735533,-0.22603220973599553,-0.14111976703471912,0.20091977615336923,-0.12286145361389153,-0.0293131881121119,-0.06340522395476463,-0.028599668313142326,0.018229214357252745,-0.01897766275830846,-0.06030447764632497,0.019309219023740724,0.0103183277740739,0.23390667152785352,0.3376884633616365,0.07873228018470983,0.2935239031184344,0.060796895929003926,0.12116195183858,0.15833551738838134,0.09639214970330438,0.1628995149612966,0.14365968491704134,0.1514601130565609,0.10296048097489474,0.05939338168737808,0.07123224734474749,0.06188435915946401,0.05576641635312654,0.063088829636185,0.08276334738748045,0.0793873821794441,0.07510773989546647
-0.506965289358604,0.06285690478448391,-0.17717905726028157,-0.11878077599461719,-0.07810651290490081,-0.14477637601674306,0.14303977467217008,-0.02064669119677211,-0.05472798190398339,0.14175798443503856,0.012735269136230389,-0.017739345515877584,-0.20986084537359018,-0.019602574045265928,0.020458714737163656,0.021331597685397448,-0.06020324295644606,0.009296671443115011,0.029903766020669388,-0.001801938927012986,0.5773659170634049,0.11749988301960416,0.22314259778014203,0.1365633688788127,0.13900242518156258,0.12199459828041645,0.14601625309657804,0.10974939246061535,0.07303747530468375,0.11971105616388575,0.06763207649274268,0.16016830895394385,0.14840401110660267,0.050956525648358654,0.029029473647043114,0.03593877978494893,0.0961015285052465,0.026635274143292396,0.04362123108194272,0.021116376570954422
-0.24748626831023435,-0.342299284559079,-0.17480321701637555,-0.07847994843901855,0.03648284162343441,-0.1501939264559571,-0.289445752967723,-0.15785208919745936,-0.33059153727160995,0.10259947672635632,-0.018951570969583265,-0.22103963173220129,-0.1694644291665619,-0.24741244819914232,0.0055748340925790224,-0.0424301587376673,0.02347050860997808,0.016414600382834786,-0.06716111076673552,-0.09450067610666565,0.18801340099661262,0.21425302186121709,0.15685467492563032,0.17616482531934236,0.09128115991861555,0.10012231544250906,0.22150844158633315,0.11696875294808444,0.25882368228129005,0.09266941670533613,0.10983065588835333,0.14535739272023393,0.07746518142734939,0.1548913322922902,0.04587588943903821,0.05159564249500678,0.05122781074408742,0.0728697536089983,0.05862232961675679,0.06579043125668696
0.22736473098741333,-0.04555612120975032,-0.3448246900062739,-0.11024866928725105,-0.08156078407969072,-0.1103725226782639,-0.05834916505019176,0.02738914511596788,-0.09370393166831387,-0.07792868999459136,-0.019952591683965595,-0.013187053455312596,0.023731747852465703,-0.017902844081371817,-0.012881956919187289,0.02011667865122313,-0.02844703078597006,0.017529883351542114,-0.014708671000305441,0.040887075542766056,0.5240233268282468,0.2071688791946063,0.35254509108591603,0.35964700121603554,0.21911686106604658,0.16059661456949317,0.08590867850427691,0.19550600760841239,0.08291480941693744,0.09758015161543603,0.15355262240448203,0.12128532457436077,0.04884938126513212,0.07190588662502904,0.0637062070178786,0.06494405423958716,0.05877444612204997,0.051780802611160276,0.05109421709798735,0.04973398429283261
-0.20691698523821678,-0.2726511135380623,-0.1348769035680681,-0.1619120376349136,-0.050213891374989376,-0.011491025847924516,0.04600226353580549,0.0755940632027368,-0.09164997960818543,0.0641472885680878,-0.1330649545201481,0.024402242052963763,-0.04662800255143017,0.001999148763558337,0.05066818812197821,0.019771749013329204,-0.04725572269090407,0.02501627609636104,-0.007923442757763993,-0.02626632108265307,0.690824928125992,0.30114037880550604,0.20228733048236405,0.2123850172982547,0.1404015596135158,0.1418203056406601,0.09738598023767325,0.12742236499936288,0.14860090055318687,0.08938542757327303,0.08963385718394135,0.09116624968225248,0.07233238748117446,0.07165819558407541,0.057087055574870746,0.042928112481887534,0.04960824933187588,0.04545969420461168,0.036384485957036125,0.033988365792952765
-0.5211076879092635,-0.10734584297675488,-0.272577564561279,-0.07418265496439705,-0.1854914836452217,-0.23728134404340204,-0.1882378662600761,0.0660981709612274,-0.09028747750857126,0.04289238912827775,-0.06963073259177616,-0.0338900681436742,-0.1420986937970767,0.03355870099002808,-0.0064078341044947655,0.10698043914631415,-0.1407279599705754,-0.09216774802558156,-0.11400039878885622,-0.03926834606633946,0.24350239262030415,0.12555200566786381,0.1876076922978987,0.16734014399446198,0.1754238468211731,0.14811330255422608,0.18586974217166014,0.1273763937643294,0.17211951723187072,0.20931935249080144,0.10575050939775801,0.10455446563967546,0.11584855520313365,0.09397039021090775,0.08742246766266236,0.08039718790724353,0.10547154336675799,0.09645894016879639,0.11660821767565042,0.08545342309054177
-0.34781431512600164,-0.26331964801671287,-0.20698997347016584,-0.2898305573531273,0.20331814003890786,0.16892148155980014,-0.01955394336977683,0.1598923465294575,-0.10295973507385918,0.09259005473152236,-0.09535860279627226,0.032640435970789944,-0.059924776465932666,0.013563631704227582,-0.06413992204337672,-0.1525220949241878,-0.13345742720891235,-0.060004993147927024,0.11013728261679635,-0.045488264999652306,0.3062428951093034,0.3658541159300339,0.25612650815798377,0.2120395640215952,0.1339422109431481,0.09573662164436424,0.13812793681111452,0.10778335006427991,0.09607588585756431,0.1382733556333259,0.08241362875389141,0.10043863845355508,0.06067101231182728,0.09124957602135374,0.043379479234005903,0.06917882913412784,0.14226852360767892,0.05245854791721196,0.07914275366170645,0.04203316732503851
-0.08098065681707717,0.07741544530560168,-0.12506554681642035,-0.14307523236378933,-0.09978397102525186,-0.16909108767447337,0.02672080999567706,-0.1364212437718723,-0.24248790822871993,-0.06240529318454473,-0.12461735829375874,-0.014173548675225129,0.10571805203110678,-0.05675413721001808,0.12577680270175715,0.016543086079175744,-0.043004065886544394,-0.020987123676969206,-0.10350097921332287,0.06554057661787711,0.37250297519622483,0.3762221457449696,0.43192998197643123,0.20090419927021974,0.16370141653660525,0.16456067770074478,0.14591117190313363,0.16060925443212765,0.1825226600761788,0.11737402998046567,0.17037583253396008,0.11981792037743959,0.08831895005451143,0.12142027561372466,0.10384744390505297,0.10498216817952424,0.09883332556418409,0.060328081598636875,0.05989311556158385,0.08508642215838798
0.02552652894154336,0.05217649601828996,0.025017019163203005,-0.0390600227237949,-0.052077395758655165,-0.17374030873719057,-0.15100606540609957,0.028672213220649497,-0.09992650531021151,-0.0036020589446988296,-0.00851615434038977,0.03682221493631527,0.005083419367727738,-0.025287639628426162,0.006188218624655384,0.010953155282643347,-0.027488024524138246,-0.01631366565949724,-0.008999647943418884,-0.0106798911079868,0.7774629012025666,0.4214810303169575,0.24403820594155984,0.04940979240008194,0.07919995786209148,0.18083781859785933,0.11669007263169502,0.09544371489798985,0.08040677130883185,0.04413140066115758,0.03720709591740196,0.04218053252514169,0.040537207008616974,0.04246597010238428,0.02568004620669029,0.032775707116459156,0.021692191965271453,0.024192339378147742,0.018029927821009737,0.02356504319739821
-0.10184900405787543,-0.021936642327343065,0.03141667577032739,-0.035178451174996135,-0.02584464087205021,-0.03559790219423557,0.00936569158606588,0.008489444260014847,-0.016872943562024876,-0.04401145616700423,0.009936395936336892,-0.006643871195944605,0.007550584429292726,-0.04266986387146173,-0.036724726415027636,0.0072587353688200445,0.01917889874741728,-0.001846518045952735,0.004159326263127138,-0.003972428602131025,0.9357764353167067,0.05410074971913414,0.24201176730300988,0.088040772123954,0.06298903814929442,0.07521811827982405,0.06423672377656282,0.0637536210161921,0.04294077505737835,0.04856709030531407,0.042657488722397705,0.03907847442819068,0.03997748713538295,0.05422256568762876,0.02667877147447373,0.026548720413860232,0.023165554526566892,0.030443424666134478,0.02485680381344844,0.021233440869999173
-0.49969281305156193,-0.06288923640977098,-0.2964805610626676,-0.07392063450925641,-0.1106483860124764,-0.22535390044732784,-0.14426685529827965,-0.1202885807592789,-0.07043901614167745,-0.17479667299422785,0.19872967755748278,-0.1503792013120074,0.007498436505579737,-0.15704887058297823,-0.1902660659664671,0.014145945869507761,0.05154313587212822,0.009997367046569876,-0.08837143448999821,-0.07261907536503892,0.40814685607805157,0.195180611139714,0.22304327531815435,0.05077098361485233,0.09257584446704109,0.11692571545734151,0.054844436392549586,0.07577770280562356,0.1029738911210694,0.11814994472502606,0.12071875952634954,0.08149816587127354,0.0579157304727472,0.08891322190349821,0.07957245069455152,0.06494042480399649,0.07069042369714387,0.05238066594743982,0.07099327234161351,0.1082946434445515
-0.4606856883991193,0.004215119238754112,-0.139514495063305,-0.37405509028802325,-0.02061693240967838,0.06440904939720127,-0.21477202902061712,-0.06604281520891798,-0.1405630869581068,0.01069854910825396,-0.1463516529657564,-0.06338266655868198,0.13586543231306905,-0.013315266322247254,-0.09076132032481994,0.03752944933702077,-0.10556972426870745,-0.0032149641694118134,0.10576878149699924,0.15555323152138553,0.44620888278417464,0.25060014474588066,0.1493437952671568,0.36359126806029834,0.05557774923547961,0.06935601416226654,0.09748730034955824,0.033689779136831834,0.06792099104298636,0.025852944388673957,0.05625418304466616,0.02681852861443737,0.048266030264105045,0.02312529699646208,0.03292342367769666,0.01994976102293062,0.02872762533040457,0.019778912614216347,0.025615692110358072,0.05337921640661839
0.14640374440640855,-0.4300615326419176,-0.46608408083397124,-0.006560605830686599,-0.0914327780665198,-0.12226268980671406,0.08460267690740779,-0.28956218638688136,-0.15055415825314866,0.05808998096114337,0.03277482962181122,-0.05538586502827916,-0.007677548168703998,-0.044819178096872414,0.017508640631887184,-0.06886948428637478,-0.040952967784052455,0.012604657938510845,0.045579254632814925,-0.05948110734983255,0.3463357060615378,0.4337400893377579,0.2852452490533017,0.018588706324999604,0.029916111326820705,0.05350757830712571,0.030477129400267144,0.1383408526847353,0.03592733615818196,0.020551751781402828,0.012218403845269397,0.026955363121341384,0.008407801982319201,0.010346888341439776,0.006409716687715641,0.010420345677740082,0.007905549260049929,0.007105329803921044,0.016642057618906088,0.018743842584685453
0.11488445940131578,0.12660909564743636,-0.31418208311025986,-0.04541066199216321,-0.18005341840469197,-0.07209442630886584,-0.10175652691404659,-0.09468013202810442,-0.06093033980002497,-0.045328444665132354,-0.030361558080656936,0.007797972851017492,0.060892140159451776,-0.08726338077302567,-0.028193097577002377,-0.07675389614750742,0.03421092296077495,-0.026893122011773577,-0.0237428512844054,-0.027002700073836757,0.5653326533354279,0.38223776316877967,0.23969390967740822,0.19776551692556016,0.2564989698325597,0.2789828277511843,0.10081170732236015,0.10457315181668868,0.11716665602584336,0.06877272199153112,0.10313431274981107,0.046917744262048255,0.07989624830701825,0.07409797239896013,0.03287913494341144,0.07597270282451807,0.05288002761552902,0.04969474955620855,0.03523104486113908,0.039952726160384026
0.12182985496115345,-0.13264898938710082,-0.3207621446598316,-0.14282226169475581,-0.06727787664407307,0.018435686410636757,-0.016318937136995903,0.03529969867942341,-0.033345749709460956,-0.007854197902839515,0.008104646717704765,-0.06280601737543046,-0.07243034848003979,-0.008492832111908887,0.05376224098116654,-0.059489221259453495,-0.10210374698045997,-0.08769035720705003,0.007816391046946109,-0.04048042957499482,0.43353231065022474,0.5086422688861302,0.22930773343438,0.22579029821338073,0.4019030159954124,0.07651950711749561,0.1797237419659598,0.06162783173369868,0.06745259206021983,0.03223480681909052,0.05084519125746078,0.09410757631809359,0.07431181944522045,0.06133176286071173,0.07271022430379769,0.037813621459992175,0.07302079902831891,0.07576638783232907,0.024869444529415613,0.052136254270711856
-0.1169672858618179,-0.17972879314729484,-0.15690376593926217,-0.05790423759268239,-0.1267300921512718,-0.10687249582587174,-0.013915919912147476,0.008757237529558405,-0.029923936156917564,-0.05189426001297324,-0.07922550544436369,0.03343805472420697,0.010536832287212727,0.0262754367354274,0.028988061330839067,-0.017063113456203986,0.01526710444367944,-0.006409779599067555,-0.02762495195560626,0.030619995840652947,0.8268601553678063,0.23256221821737516,0.18436724855598155,0.1857139290695602,0.16785378884157046,0.13838929997814478,0.08381887487587877,0.05941998108689006,0.0497336181971274,0.05025619809323722,0.06395978549778164,0.05375691979572032,0.04289420098132136,0.02925486534611022,0.03562702344625025,0.02156104392104984,0.026156695898376017,0.02141052094217022,0.026041999841414483,0.03199642867155865
-0.4429656904052394,-0.24422169674425187,-0.30727807349406794,-0.03149858586533708,-0.07158243786568028,-0.09279512128830218,-0.015014792120871348,-0.0347184817433703,-0.029990769893239934,-0.004674273267413729,0.0003777731438080931,0.021046143736656964,0.006429855167583252,-0.007088515167408093,0.00017336209435678032,-0.010759553096410237,0.004024168341507134,-0.003508638634052991,0.0029217712063093525,0.0035576124384494702,0.7225887622285414,0.1477961394257011,0.270927943094652,0.022706610933966965,0.05155916411289443,0.08939630048133707,0.018690364776664654,0.02681025111091683,0.013754139815437817,0.027910580002616918,0.011911727111052582,0.011956824496123997,0.011355934476542338,0.00904742284452967,0.015342300939611121,0.005900287517962085,0.012574810518343763,0.015114008922960163,0.013003818161711556,0.00585636525161253
-0.185009710670218,-0.24862331509339217,0.06810255767942851,-0.07688054713228683,-0.08323938582056688,-0.11664482251536683,-0.04711426855746016,-0.14735889357163878,0.04180594533128258,0.06212391989933632,0.024773410119389883,-0.14125248041835414,0.019481514037363534,-0.031125835400204367,0.0067013779149346685,0.03022151099294736,-0.05027524127302549,0.018394393277881258,-0.002712111646495963,-0.06067054850066463,0.06807125015261627,0.38956968420459614,0.6271794862641799,0.29490531080290466,0.10978672867287947,0.08095391673212979,0.22554359562298676,0.1275012174821857,0.11953213622165973,0.14208857907238528,0.11673822056945488,0.12868083659854895,0.07132024088243141,0.08116865395356965,0.05608787445361984,0.04350503670792334,0.055636471363685394,0.051160777917388024,0.05216090598371655,0.0405066956333814
-0.45215235713925606,-0.20227432487318853,-0.1106204891322384,-0.31055766162163595,0.18389675613303147,0.09379436677597723,-0.1699317316525248,-0.06757389529426744,-0.16382355046298153,-0.028452283081640398,-0.22893049140565122,-0.028126673855648817,0.13232362313848664,-0.13691176322023532,-0.27883368322517804,-0.1736284057673238,-0.06095353749553054,0.21169928690870515,-0.009191178328819155,-0.055526765976293246,0.23663358290329248,0.2426267742077233,0.200617517066929,0.1420099261614217,0.13990447243680804,0.08135491407590922,0.08764341910839124,0.07215980377097957,0.09968534917733682,0.0734481452113614,0.11471114242522093,0.05024903369988833,0.0686908224556145,0.07258421322940435,0.12943981376813798,0.08324055697920787,0.038847350178501494,0.0999237420141062,0.028661459820728603,0.04296443715400115
-0.49545918936673483,0.0360633926883962,0.10004649784528814,-0.012862692724888825,-0.06288659742993187,-0.015734423892135068,-0.006848571171857775,-0.021239291794428763,0.007147118671047093,-0.02668619156920716,0.0027261166928729697,-0.014034027705159522,-0.023942866597272027,-0.01844204326761784,-0.022373156707954093,0.005448658983598662,0.012171272637277419,-0.00533812173515242,0.0017414231237814627,0.0049608409854277075,0.7922117079041125,0.25608577587783615,0.1391099936771819,0.06403140999994282,0.08734630776161605,0.042316113953849516,0.02625340087003358,0.0276937430419586,0.03230480989070231,0.04322099392752006,0.03409481521830575,0.02994592516968012,0.023232516804680945,0.02881682131698063,0.02235928028437908,0.01659337340719139,0.01934582609635948,0.018642334386661658,0.013154260044629936,0.014517988855015596
-0.4980953508915228,0.27125459085090614,0.09420198898727493,-0.1269027406933489,-0.03023924303166239,0.04321661880177096,0.04403209241240835,0.07542236928034994,-0.06405124155077146,-0.0648104078458268,-0.026965576657960465,-0.15159790392080577,-0.11281178426301318,0.015083561271585342,-0.00132456363490642,-0.031107198055170322,0.06140752659559938,-0.00502538708489807,0.03893473944138763,-0.03329166833484873,0.4418103675531955,0.4841702616674879,0.187602421045846,0.15165431769801482,0.14508969566971003,0.11777530494837578,0.07402097938199359,0.07754236857004175,0.08056204850595108,0.1061378487658838,0.06562440590489005,0.07959445606950724,0.09526702343321863,0.04043766141684118,0.06107008690270844,0.06172713778084607,0.06568017515719972,0.04950746959683923,0.03736613684242596,0.03929663941626134
-0.3359307978948263,-0.7156416597839613,0.007489983537651595,-0.16504152544104767,-0.0897928241163887,0.07801751519257083,-0.054076611209841474,-0.023490054183623203,0.013988855601980052,0.03236694901078845,0.004700302914947259,-0.07100647733074429,-0.01906397505023344,-0.013883339004188066,-0.010034087864563949,-0.006865899693854659,-0.024540857612735296,0.03484445367330525,-0.0449206005583588,0.005970191197583489,0.14218042953947063,0.4805655485625108,0.09759641533174707,0.12067934111364707,0.10062955110026293,0.1034805442077524,0.07934539304562041,0.04785191176526003,0.03839922506935386,0.045195888035325635,0.030214640793795502,0.057884611663257445,0.029663670805917662,0.030280977080471592,0.02479762076209121,0.04431098247824051,0.025979256915245847,0.02258378003898107,0.02370848742542601,0.025215337384891658
-0.578098774095372,-0.029924278757479036,-0.4285135766729333,0.10503612683612785,-0.06702562284870744,0.14912744420984056,0.1720593446608595,-0.10436863902659818,0.01987747587375437,-0.04936777269267362,0.055401705379965416,0.005680852748650573,0.07731752544695057,-0.06518216006809806,-0.04395576419242466,-0.005477957968395869,0.034078588014928995,0.05492375789531628,-0.08882040718941946,0.01970391433055608,0.2790099462149585,0.2987322046102744,0.3158096130070291,0.12490489321124999,0.10496154149301458,0.1298851515324702,0.10183331277117207,0.11498934779254269,0.07030474756955153,0.07152966285706634,0.054981852251141695,0.052612535081138063,0.04272403104353776,0.06316080265319676,0.0837039721134968,0.05552750076744111,0.041543412450218746,0.04132530109210258,0.038279109422812256,0.0434231261140086
-0.02999014476178805,-0.7412568787149403,-0.24365548211515614,-0.015171693682883968,0.022600978560905136,-0.023042227943597303,-0.06264879468945096,-0.0029370564108758936,0.08983863805903611,-0.03578363842502072,0.021042920665643755,0.02520565707595973,0.0013625063329023906,0.00788800606887365,-0.00587907715139853,0.004057110068909451,0.013725715350120193,-0.00044466416084631245,-0.003521875078159647,-0.002605116490980315,0.042071253167201096,0.42884728663862626,0.26263978907047186,0.21117446929098205,0.15237248426493222,0.11619195390431927,0.082311094057127,0.10325938157189707,0.1014000622168944,0.051057298106827624,0.052225165789840905,0.03430195333626504,0.025606185264575938,0.038632560565106375,0.025396468004994763,0.01574321053088856,0.021450398112215625,0.014824664145309306,0.014382279936494583,0.013507511138454024
-0.7487205205319952,-0.1826163289721337,-0.08006042501052954,-0.03286281400174572,-0.05828762494848622,0.04682770581494964,-0.030147678883297144,0.004940433845112877,-0.04140647717843141,0.007307513791889053,-0.046116344743730345,0.0033841333024766055,0.0031832367475859193,-0.003056392483377272,-0.01811907397438644,-0.04431088940433952,0.0008081053806556481,-0.01168778475981083,0.0030310783654605906,-0.0031036104208665596,0.5813211550740893,0.09983167180903633,0.12756909856756324,0.026366339643440276,0.11469080382876416,0.04283285577290423,0.029793959999799308,0.025931966919817827,0.025682342827247115,0.025499666252883732,0.028756505790565632,0.016796796974259384,0.0125477730104151,0.016922352901214105,0.012360971242364557,0.02583672400558437,0.012225443050822347,0.011592295153089339,0.014666793420833248,0.009044600318351428
-0.4025014724581107,-0.21744836276716287,-0.17842002230596746,0.04438833745883285,-0.25027140278417304,0.07227097653381327,0.15259109427125264,0.2239160805738195,-0.10253461022374001,0.029053118814770486,-0.18527087059559963,0.1833646086183385,0.027315386472084275,-0.1058673476686505,-0.1530741097648598,-0.10339611701529133,-0.06342023928530467,-0.06637268673456122,-0.03927246594629887,0.07243854975131864,0.5106298886440997,0.18200670779908903,0.0885547151238842,0.08045858291011986,0.16249375051277198,0.1093883290840918,0.13638232440349338,0.18395621077601454,0.09934516330303561,0.08567295241203188,0.11545663093698244,0.09586814033573339,0.06251121247627064,0.056289821217207,0.05897267460839194,0.09789813431210413,0.06538264861541472,0.0647020279749296,0.05109259732447252,0.07134185859728817
-0.07177828140515635,-0.445291452162713,0.08312007786938942,-0.09357430771309047,0.0206044822530748,0.06006960107049426,-0.01511136370409461,-0.03149754177894486,-0.02096904677951603,-0.0036602440024883754,-0.013397733942128155,0.024853217434209218,0.0011339567682156358,-0.010058480809924308,-0.04838964123649317,0.0032901345854591223,-0.014402978793818133,-0.011071857441630096,-0.014468570775341555,-0.0019573832727501944,0.6636077173159992,0.5457528497752709,0.06224754291942638,0.08797415201464903,0.02896664272557819,0.02409063588783932,0.0843410188137545,0.05058212129890004,0.05440541958354188,0.029747224834976542,0.01918395647121872,0.02243737172302855,0.00789091495757388,0.039904489178109986,0.04420435562038331,0.033551101213475404,0.01565424005200729,0.010396581252367997,0.02105590919442355,0.014917196237696325
-0.46911856122097984,-0.33573075843267447,-0.004378849597927288,-0.05833422836139281,0.001155181551782559,-0.1569955819857953,-0.03035311851647855,-0.2113192275469667,0.10765406878200201,-0.14548811798414754,0.034996005032250664,-0.01730141116731513,-0.07517127246402776,-0.016426043939181564,0.06103655718081971,-0.0685065814982468,0.018250460570835025,-0.009286932124386835,-0.0524375012293464,0.01841740565758306,0.2592797944343682,0.512300665484169,0.3487664829916363,0.14832930241654257,0.05750594893046984,0.10683704390194848,0.09350399110757945,0.14746750683191098,0.07325896164761406,0.08667428546560867,0.03626834614520773,0.03015761120096155,0.04543043981734272,0.0324323625907007,0.027655184883440032,0.04061565355225216,0.02874186283447635,0.018713313659542586,0.027892554308625462,0.017883703492921718
-0.2503877986545189,0.06761309300274079,-0.18883858220283575,0.07620247518803555,-0.2505001094866671,-0.13253696460267222,-0.12310125640463951,-0.149854253327976,-0.006496203593712675,-0.05062420613013957,-0.1046764124972758,-0.1407700199339869,-0.1537824998458772,0.014918163970722011,0.025162087383076504,-0.05004362234249244,-0.016134052359765914,0.023718461652245244,-0.0017858554851941752,-0.007444745127652309,0.6636223659941833,0.21676960869449716,0.18986687982672842,0.17811397679084987,0.22161222185236865,0.12241364223741827,0.09985523827027444,0.11776946152432974,0.09854233736201609,0.07534474415714389,0.12126868767210944,0.0957941915528236,0.08608806904527934,0.07035341902009473,0.06213834836317841,0.05406604465396777,0.05613918518538076,0.05750936468928747,0.0519360943258651,0.03748526277437181
-0.44381080766383546,-0.3060141088033013,-0.38589808247536955,-0.18503496963843918,-0.3289685079532952,-0.33236169513694874,-0.09164773095586008,0.1753208069290242,0.07660056028843494,-0.12782534569707849,-0.003689682466996262,-0.011600153360023364,-0.169900093668449,0.027661423835988307,-0.0749142018844144,-0.0663089506378596,-0.02461362163873469,0.028799787268926118,-0.046028176980357806,0.015681778725796354,0.2729268005935491,0.1465306193920335,0.19265428740206209,0.06256456022968868,0.1543775195217938,0.17345376052430164,0.038128732273027086,0.04726401437628476,0.03140198006940563,0.04000798106617184,0.012317524861989752,0.008595538719276777,0.04873275730746517,0.018158285938808885,0.025922723839939616,0.025364256899016044,0.01446293082264693,0.015618845107088799,0.021348564293863084,0.01667178115690819
-0.49638733165531895,-0.45800665904076004,0.003393433648789394,0.1684846376265137,-0.2536949630150773,-0.25105534291147263,-0.2225339395139834,-0.24920814782448086,-0.017249356756379324,-0.06596850196534622,-0.12585213819710472,-0.10402312311210507,0.023155669638866318,0.011349880899858129,0.03704428721165715,-0.010211470261189444,0.02705174330819366,-0.09213216117145727,0.04180175244540232,-0.028763946233984608,0.3293476927014751,0.27155481866050124,0.031216113438331108,0.05482100224175745,0.11227729331682577,0.10900089221810098,0.07157206832938295,0.10690758303271158,0.019100990637735255,0.0168480435838836,0.028864231745304732,0.022339356822137942,0.01116053334619394,0.012695675995475653,0.009067298673406748,0.012890892596839102,0.012550942679992532,0.02883776684111798,0.01701637407968283,0.012039395792913877
-0.33867878222498493,-0.5745401599821897,0.01602099553308348,0.024397359725619766,-0.16645640600737374,-0.3338152190250271,0.16173248471421037,-0.08743137766024318,-0.22246513813208216,-0.18131310046824775,-0.02570222680471836,-0.07489593884138011,-0.022452227779881036,0.04835236659125266,-0.0341213082553758,-0.025601626464266482,-0.005806297395910985,0.003243865535899109,-0.015124148895154774,-0.060911831258046376,0.24526632492258613,0.39862547254902053,0.057635006120731115,0.019468627288630348,0.05880765543101415,0.18534644796342709,0.06273089593903665,0.0408653713106352,0.09387292784246129,0.07287287177337495,0.020678153987199903,0.02701255116028473,0.020628977875872742,0.03201178297387939,0.018466708592622325,0.015675281065528658,0.009884868808300565,0.007914232152045269,0.011093861411601298,0.018721022359909016
0.03353631925327613,-0.4842991424587874,-0.3168732235899492,-0.3492603818375216,-0.000682484993914797,-0.010483443602214936,-0.04501362841092105,-0.22376632371056096,0.06878290633338123,-0.030410579241833918,0.05204361318132121,0.027682853125740547,-0.1332411661674429,-0.006900985300719669,-0.03312537721299042,-0.0011764409883513918,-0.03824498029848125,0.03509056364500994,0.03908270446030051,-0.002137415299413159,0.24706597083523843,0.35163235645823904,0.18060095403730764,0.20445569802318003,0.16879780673652373,0.19630749598699468,0.08956379277248791,0.22266320250184032,0.11161838873118239,0.06996965384121674,0.059557253621944105,0.11939684673089712,0.08684206724646876,0.0671814699740385,0.08337969466045927,0.07033737476074114,0.06647693872938537,0.05504021263633917,0.053004720449417626,0.06609572035327656
-0.27895025707672055,-0.40233200121479135,-0.24149457307079744,-0.3595198684709488,0.01801301662165106,-0.01013530774797525,0.07419281115272522,0.05326359339869419,-0.002414027008491834,-0.12888478390190494,-0.09244410441970055,0.09404358767089237,-0.026570948988766517,-0.05985992611984153,0.06716012186141893,0.06214557191297325,-0.02919508137381449,-0.0685837484973772,-0.055999245487119105,0.006912017289036153,0.31219713979053726,0.33658682251797756,0.1397946415550842,0.2444844793313991,0.1674416605267252,0.23876369841249445,0.1261105420624273,0.10777017855885775,0.08713223778462689,0.1644506969446416,0.08963509392512839,0.177355787414657,0.09525432207905819,0.06384710232800268,0.05287794564615619,0.06923169767706851,0.05711692736279364,0.04042684422876695,0.060867387333784335,0.04961769798299646
-0.29372906181431185,-0.46398984675892546,-0.24224224121368157,-0.2861965669592718,-0.06313961733445286,-0.03686848210592927,-0.02109498271617343,0.03758762644865247,-0.13517028212448745,0.03902131957960042,-0.08138844077681251,-0.051012110173071314,-0.003139343362217825,-0.006387179392663928,0.0982829260219185,0.05698252792288868,-0.08105600356310252,-0.008355360788406312,-0.006530054101949622,-0.06642302088209641,0.3088584430420212,0.3473424920933338,0.15288185494047013,0.1709774805670713,0.24167349968026616,0.17913870367881626,0.0849811863961679,0.11236870287516057,0.17237410041334866,0.08431350407311451,0.12129294337057113,0.1750402535902386,0.056982144564047266,0.08586479824069392,0.06995936433049847,0.06524315131427089,0.06937221692502486,0.0664814294163991,0.06039485563748099,0.06128986441159251
-0.506358796199413,0.1506122965495058,0.058945937849115615,0.18267426057389713,0.01175645564878621,-0.21080969873427338,-0.05454075303675344,-0.11107307309216832,-0.16241628382323403,-0.04903193484577333,-0.040075233518051916,-0.06013003615593302,0.028178591440525414,-0.0025345162556063374,0.017731984766463295,0.015706952478821045,0.0036136364906661275,-0.013553885988970508,-0.030600756496158614,0.0618297796305128,0.3231476284716042,0.44902037923356514,0.24512436060500548,0.2654838557457848,0.12487424572468513,0.15964332624335809,0.10345739118279537,0.08288916802996157,0.1456518368148758,0.09968151046728452,0.09067769790720448,0.08534302229943057,0.07910157056457798,0.07931779569671125,0.043963856700468255,0.062384340392023244,0.06907662924718787,0.06367124147605546,0.09361566443686749,0.07729587899100517
-0.5181338463516686,0.15335262887311873,0.01131781923128416,0.10528312963787143,0.0275649402698836,-0.0825926926902439,-0.17093123340043312,-0.1304653651643411,0.10520558872286177,-0.16465967085746455,-0.06886082281551954,-0.0179463267961926,0.02767544829832522,-0.0011829227129154642,-0.018764008675711628,0.019641058518760468,-0.015515274166202958,-0.024573680611915796,-0.018158873480198297,-0.03500191786851027,0.33128536924510094,0.4427669231340526,0.25484935779229345,0.25027884244415877,0.11733788155191258,0.1152760610777624,0.14342942055191282,0.11453546751096133,0.07883656674702574,0.10047325599628858,0.15026219366979854,0.10887305887894567,0.09337592755106311,0.07077977337442987,0.09682716658909807,0.08333290033455229,0.0420158946264527,0.07790082650326205,0.09283063037825175,0.06684606356108504
-0.30323832188491023,-0.33062349897709653,0.11056111277983997,0.23375579508298952,0.10988246727373305,-0.16012047109636632,-0.06991187769628757,-0.08682018424407044,-0.2112333137525955,-0.16892258964969498,-0.16898013940310036,0.054198095854567974,-0.11888112090946364,-0.05308562944354835,-0.01082261430756536,0.0036688037863498745,-0.02441172298537834,-0.08441136139739491,-0.041983274183625956,-0.0007899895397271775,0.28078076205739194,0.35295133856973543,0.2818229019369893,0.2844095027232527,0.16100902295874622,0.12430162095720733,0.11246191540598824,0.07096765090655516,0.14730104476752517,0.11314734822921714,0.13842703128865388,0.12573437318207617,0.09267802745888591,0.07122003539839054,0.11510664331282584,0.06767858384721989,0.060850511642521546,0.09137060833342257,0.09421457348724083,0.07644916472546141
0.05278156129383917,0.040025025945344815,-0.4167143257674226,-0.40767316712582014,-0.05390911946577957,0.16977910053655204,0.01706883225525673,-0.20708764766390722,-0.2492015063542621,0.022591271748769626,-0.028715284328308534,0.12124726880843234,-0.15962653080052874,-0.14247041948547923,0.041680296277004,0.06282656561288334,-0.15061345682200866,0.13156472066819097,-0.0407159714860716,0.15275788294775464,0.23774440775560657,0.12095431743832954,0.28213418712504795,0.27615700695478723,0.09971671072876556,0.10239401098176858,0.05689528316960755,0.15627146829969737,0.23050221457471395,0.08214849937847558,0.04762922667892239,0.08731050723286714,0.09077047619108469,0.09076456558903094,0.0480993793514617,0.06042393716060228,0.07979764376645465,0.07619344824989797,0.020905504803239973,0.0796583214365443
-0.04915911707114723,-0.34406528010672216,0.06098679250133562,-0.1532205555484826,-0.140557062022529,-0.05998090149062737,-0.13314561292268348,-0.5622825865316299,0.02893479086803633,0.28029126234386353,-0.09860562029326972,-0.048183392868803195,-0.057235351975570406,-0.05895988942806252,-0.07641369144025756,-0.01380667467810291,-0.11342199645421899,-0.17628838032411095,0.0010007092543624985,-0.08240276132295195,0.17524457292709877,0.232350848259358,0.14274130381016734,0.07348692706191977,0.0769885078375979,0.07712745823007898,0.06841369317367599,0.42352427539662174,0.06213300700429706,0.13716182665157634,0.02532100826137621,0.028203304608515837,0.039335873687313054,0.021867594511169132,0.03159616892033976,0.017485816380617594,0.03633882330381021,0.06018025455906359,0.015227237447172888,0.028046197363443732
-0.035374096743345386,0.14493070146586176,-0.12485866617687719,-0.06750814611257805,0.04135143298902871,-0.025836791157038342,0.046678463265367856,-0.01745791466074617,-0.0692034558498088,-0.03438147593307975,-0.02042401345332127,-0.03838097479896812,-0.03849010364006597,-0.0248482354632091,-0.03331607317249809,0.026462800222126305,-0.08263191693960177,-0.02881673038735013,-0.056557344542465124,-0.040195499407710146,0.8448056664754577,0.2762814266703248,0.23520362042185888,0.1376723275391851,0.1079313668913784,0.07543243619763067,0.07293846487460667,0.08648976515400221,0.08447574431212906,0.06567306960533281,0.049227247911630245,0.05320669153132873,0.04985961203185978,0.037577514800997185,0.0530243871655164,0.05048231047161627,0.04003082867477099,0.048264402702296476,0.03932237947579442,0.05109111734907701
-0.1230960804735687,0.079581176705418,0.06591738060746974,-0.0274554993421795,-0.11368058982440327,-0.04010947879895514,-0.13291270542223987,0.016718370576154898,-0.052984750555178595,-0.02790656126003007,-0.010719069476741228,-0.019126369371741486,-0.006771799774991352,-0.01004087667327203,0.051703980448572766,4.2399964645194587e-05,-0.05108030294560573,0.0038594307838530468,0.03697801511623649,-0.027729543172352687,0.6464330199046188,0.586230862014504,0.2498417600709351,0.15623416089279932,0.1516868430696723,0.07110537704399308,0.12745900318565057,0.06860428026056614,0.05962489677492828,0.094036280720683,0.06773465962896838,0.03436976373414201,0.05538229702063333,0.041805095938088566,0.04639386770173954,0.03800232663276127,0.033240954854971985,0.04116848687337151,0.02821006887108776,0.041556322205863305
0.004598914793976704,-0.20027834268180084,-0.3425952486071058,-0.11624332232692867,-0.08926352309639524,0.06314228756052533,-0.24896668159126187,-0.2276749631486825,-0.06940634934166179,-0.011178325835307501,-0.06281379728866825,-0.11699616176689917,-0.1660471833602524,0.045102035247617384,-0.02535401374787468,-0.06468448183060752,0.00956050522958129,-0.02201904909251329,-0.05843375614909423,0.08323287701832938,0.42058228525647845,0.3279815956693545,0.33823805868033485,0.117791181894455,0.146659611860971,0.144778903340374,0.22480336622689526,0.22340897126659773,0.11802233687186757,0.10174755735133884,0.10074792863258313,0.0945998437524553,0.10718282969080559,0.07722558393600777,0.05494056077812101,0.047192922731620984,0.05004000609342395,0.02898127807868119,0.04679890061822686,0.08949368758768089
-0.1362794172534682,-0.21896243787082062,-0.10986572052539441,-0.07160743172207908,0.13160642087099117,-0.07963941486544207,-0.09853558172669023,-0.01645516633715209,-0.25518639804675775,-0.005259872671620252,-0.05604500403453808,0.033551903944850796,0.0870249026475361,0.015916362891676958,0.012245446401954777,0.03007994430281622,0.013260887593851124,-0.030731628971479696,-0.1857454305155732,0.12853055955271517,0.6027921331449391,0.34475804162082674,0.13749811439040804,0.13646597244535097,0.20362973862427716,0.12395433132129736,0.15840106327602171,0.13262970007209307,0.2449113950511422,0.08812523231906852,0.0919196543985698,0.07690628790417273,0.08662164059453283,0.061699842735517485,0.06625944170723512,0.06566584300893837,0.08397076195790903,0.05412724759373339,0.114203053606227,0.08832483062792917
0.11720951578199809,-0.1808547524911971,-0.06732517049025859,-0.06223753392690711,-0.09706202979612916,-0.08763205276323627,-0.2635593729774113,-0.1098105518010564,-0.060313840811608226,0.02578227505116947,-0.2300004880286107,-0.21427819726803277,-0.060481737065975344,-0.02261091251956566,0.1602105142846299,0.01958260638190594,-0.21464708054358225,0.015281022980439034,0.03384188193196121,0.06476540307479478,0.6000216275365489,0.09148792831124297,0.24632072537360725,0.12716195432273655,0.15789071405411267,0.1223728424991453,0.21030489395933197,0.17052421186810046,0.08608634172989948,0.09456914984172947,0.13456421256506898,0.14829004439665233,0.07448486052205004,0.06404450275193568,0.10302432625136715,0.046537733055053494,0.13396915435462428,0.05318583699825329,0.03668172718901118,0.04567063616217724
-0.08291483062794827,-0.3464186285428112,0.046206104325255175,0.040337399740038214,-0.11291583762317664,-0.1363247250100634,-0.0003485554611483458,-0.03785476766598054,-0.006912343599489534,-0.029739156648360947,0.009130031603712207,-0.005514037138546619,0.016138476585027425,-0.10748153455435008,-0.0151196188434974,-5.2248288864001693e-05,-0.022443153210138192,0.008503421295686892,-0.013860724744383043,0.00938965856302337,0.623843001382241,0.42794172304683153,0.20946446903871402,0.21462583124314155,0.1846732984824966,0.1555733140810738,0.14564002025091427,0.12099055331436064,0.09479300771357892,0.08508891917583102,0.1394365852463694,0.06842400565258168,0.06777013291740948,0.08663773996479948,0.06045768571526803,0.047863955170453075,0.03885102292977414,0.04177042597376689,0.044122851488952716,0.051371154132198144
-0.1729410847583603,0.059048482756231827,-0.14482000714863494,-0.3939070683658309,-0.37771187088824687,-0.2926791897156135,0.008281132256148542,-0.006520513970807453,-0.2956292828034435,-0.13805754536119672,-0.3768805311810624,-0.12329828611569583,-0.05794471796533376,-0.04314110701864158,-0.049039087564009216,-0.08160327145092375,0.08153747657941561,0.019207105478577256,0.03165795995923874,-0.09524486470294638,0.19850915413459327,0.06969727388517567,0.06956190323547021,0.21865050001650438,0.16304157168003489,0.20390608626290216,0.04369936892915457,0.02494389273655605,0.1885376836063579,0.043689181187203815,0.20744663346900472,0.08316056094831273,0.03446995125794125,0.020224829601497806,0.055263102905794545,0.0457168422768832,0.033824403680230125,0.052063277677505945,0.02262201731604415,0.029045085577012787
-0.03897852848082864,0.06825934705088327,-0.025019439545895306,0.03448909118064628,-0.0015797600586251917,0.015148003210098593,-0.02427980805594496,0.012276903202858425,0.021875121130162687,0.017898552520907662,0.003329637967653946,0.007020089188197286,-0.005678623454621024,0.025789137695410493,-0.017032022323296026,-0.006645318913315311,-0.001614386605353563,0.002588345297454836,-0.00563503249785721,-0.004032237153217755,0.9719786795947181,0.13568840270885968,0.07427977741138642,0.09446490205366029,0.04394772657099101,0.04141574191755626,0.02968410100088245,0.03180506072642541,0.025526305991580924,0.03403039978861784,0.02169490052535587,0.023069700404151683,0.018412901093591734,0.03167019142019783,0.02298285054728536,0.016616752388445573,0.015225026717066159,0.017509925712038743,0.012339704410836566,0.017366358500206024
0.11268125846700264,-0.10651181198878831,-0.06775047068964767,-0.04272926850596402,-0.11539934131008554,0.006981770507641133,0.00836697273109881,-0.043213839925861024,-0.01885200349667509,0.02142689408228076,-0.01770548051463027,-0.047632161890675664,-0.021081991650768368,-0.00561526189230976,-0.007973665998593076,0.017739935934757332,0.012374717216085329,-0.004074262352897283,0.028979029071431118,-0.017359723565143016,0.8040853454185765,0.5062505184880133,0.07824298063089873,0.06052176983688881,0.12131844141466318,0.05974958625427577,0.04745487676179009,0.04585989675886158,0.04162132289808237,0.04169480330731177,0.04031322103443921,0.05069685880549885,0.025103606359185904,0.019771316958218745,0.0333021788217678,0.026688360475143766,0.033413798399731263,0.022165461966087402,0.03057877965388798,0.018835459426875558
0.02717436295802992,0.017784469962827967,-0.06792529331044767,-0.019709969459295016,0.0030102226996010705,-0.08340387172059315,-0.017862576925672627,-0.03181201051212267,0.0017756009457601694,-0.02255383480245035,-0.05110531561085446,-0.0103021895441073,-0.0029609492937689554,-0.02372459663075803,0.011133499763868711,0.027448955993887234,0.012030428024545521,-0.004198562339648908,0.0023592015041116287,-0.021773635096849098,0.8448203991434757,0.41886480410766264,0.11040046616805606,0.16800495228766907,0.1069810197312038,0.10067390318913504,0.06147562219028753,0.05616550162836841,0.06481626595621356,0.0560129932391418,0.046613548924752196,0.03190114064803491,0.023802978061622338,0.04168031846242584,0.053046418523324736,0.04513782576292167,0.035563780581786705,0.02939538264596844,0.03853302095760556,0.030508051903084536
-0.22146766919531968,-0.09969829741504888,0.0949930557171219,0.02319674439435475,-0.040217742018750925,-0.03214661080534621,-0.02374260541329973,-0.01872917316828623,-0.015359736789886738,0.007422520121362887,0.012653588379605502,-0.0029113714504271633,-0.012295422015720621,-0.009014992014971695,-0.005958355472417089,0.00376560281712371,-0.0033550826581594815,0.005902000502512264,0.006866448741821865,0.0024175377212695215,0.818017556719274,0.46345579270375353,0.15722634767972818,0.0671518843030595,0.06670706204722045,0.05059878933136181,0.04197267068038928,0.022415536838715017,0.029332945629408292,0.026486969561066803,0.02163722555119779,0.02081188486687409,0.019941347760029697,0.017294066271485598,0.01888166739596834,0.01767987641183832,0.013089034874628059,0.013573929903478337,0.0163570368564283,0.012016419855779954
-0.03994448472451139,-0.15915760803082143,0.0011135003760593064,-0.06747506345957192,0.0016106488586653217,0.025353281644178303,0.001767011431661764,-0.01884110166808899,-0.040978513733699554,-0.02095283396894504,0.00011004183707315999,-0.0010196234164442854,0.03636415182412711,-0.012727730842480947,-0.008744107596057347,-0.031680610583584345,-0.05218989360679765,0.015415843791828306,-0.031069043092669408,0.017584937649686314,0.7761275711245686,0.524933714818785,0.09599343047721796,0.13382570663666907,0.11445370968550549,0.07556698422864334,0.0866404455898977,0.07684091025594361,0.06765308826165395,0.056697120452890576,0.04398930911536945,0.042714407568155484,0.03671884513538143,0.030179596614683706,0.04146704826200459,0.029068450765482003,0.04201450482024032,0.025693020294415194,0.03395471460831897,0.036992403251205265
0.044539437298056074,-0.17383775302289792,-0.005976233453976612,-0.02427007831924453,-0.015584615957466708,0.01069313074154131,-0.0114335382483146,0.0025413382027009357,-0.02399060564625484,-0.024143246562049078,0.002625030025158723,0.01776032169399495,-0.015023556035525933,-0.006522215888509141,-0.025894419285613465,0.010006789290713922,-0.014119093284514253,0.0018610752733184146,-0.005766684721538088,0.008005148138959979,0.8050332068785286,0.49830477967377895,0.18905294104759376,0.10648678244595178,0.07528966873394967,0.055877164076303755,0.044908266392824046,0.044085892257734814,0.041132456923060425,0.032927535368886415,0.031328900688695226,0.03487691736326977,0.02328499959743468,0.01689722337469244,0.025719108943773855,0.016692356590665567,0.018816553449223974,0.01066947226100144,0.013958279008575053,0.015345031679939648
-0.12515355883611406,0.093450585621218,0.07376869246173079,-0.1272749988214846,-0.02687684788300511,-0.03495421605927903,0.036828157973523006,-0.08990410672044247,0.06257425512628734,-0.02700653897901773,-0.008243810491398135,0.012026614615776976,0.0514615603282589,-0.06854978380593651,0.013073126410661103,0.036764494945229445,-0.04110838242904915,-0.006045143657268518,-0.003728007958999417,0.0032828811630895276,0.8078427313714215,0.3989511223169498,0.21558959618934814,0.15132336501250696,0.08721777751745058,0.05503321228915161,0.07646080757814548,0.05985653775467211,0.08186170734362082,0.04910637780650161,0.041925308398921064,0.050075147286726976,0.05872254481997935,0.042919557178472095,0.041459037950783276,0.030813176909927072,0.04969823629309701,0.021487980917077876,0.023743327958097898,0.032477378544218734
-0.13843448155768148,-0.09889217550785503,0.153401331575752,-0.09231360020119968,-0.0024473922322845137,-0.0004478439436115572,0.017826902784730786,-0.08712505567469638,-0.021403842952569585,-0.06639307117476047,-0.07213804814434993,0.01168372848543484,-0.025692266386963536,-0.03047461524959544,-0.015819380016841557,-0.04284018133172907,0.0023661107702800193,-0.01175451432649436,-0.01693564941772598,0.005496098933434327,0.6694035106189019,0.5872193448678384,0.24001891219191018,0.1477344792255023,0.08084297289988689,0.06584774533171862,0.0609075301472068,0.10033952605317693,0.04794547656479456,0.05225405031301283,0.06680809658671136,0.044435976866089924,0.03429941947937757,0.03421783473554976,0.03499977902604288,0.03314222831365009,0.03783337534295046,0.02222375101979708,0.02690385558188926,0.030784137037774304
0.27210108210227557,-0.17165898877731464,0.06803892236379706,-0.210143318881692,0.04403874310115732,-0.052594414748979225,-0.014236888318447986,-0.03531227252344401,-0.2465676659797794,-0.17151304362770847,0.047047181694323766,0.025430962667246496,0.06096245988368578,-0.01950220208462812,-0.02826891176287615,-0.030093106629765533,0.16080606472130649,-0.0074050785784027405,0.00876532639352701,-0.03498269121072683,0.4283414888380917,0.233284092684737,0.31462922342554434,0.20610586339236492,0.29482397566230467,0.24576165355016924,0.12589952497453558,0.14633010802565494,0.23174666286340764,0.10110945535307839,0.08175361692233181,0.07723612494734668,0.21127175056058076,0.0774326162924533,0.047688915343922465,0.0496593845031617,0.12370419599203201,0.04980518848168714,0.029029056171323658,0.03053936219509764
-0.5665000149509636,-0.042806668869917894,0.04087836721014604,-0.21883876436244432,-0.042944959984368286,-0.07610294333864971,-0.015254768086150332,0.023855091608297702,-0.006897139558626059,-0.00016599933332848057,-0.001502762342003599,-0.03560146609203937,-0.021158949718558917,0.014380858275361168,0.010094902130201856,-0.01001753115258155,-0.005276388570826429,0.0009313291780053966,-0.015964226138831517,0.0019484601096588857,0.7587305835820037,0.026098682892577024,0.029980176414188514,0.16078834801701308,0.09124482368479846,0.051072818811205185,0.028565029639392128,0.021985798367889112,0.017604376725593816,0.01811830360612973,0.012748117992813859,0.01478288147892352,0.007476991474595181,0.009005926564204986,0.005658773882315584,0.004553457148171444,0.010579315319125152,0.008400801046800329,0.005365592044252803,0.005109556749170256
-0.36354273144700516,-0.1334799170178687,-0.35352776434869154,-0.326496935720291,0.029136699339687915,-0.03158335295883793,-0.11655694023822388,-0.05486617972389724,0.041220334371620426,-0.0808196085198165,-0.16110472265595674,-0.20132155165324594,-0.07774758641729602,-0.01968135245959004,0.06049726642936308,-0.08621839312781245,-0.06915963188223488,-0.1273978507847283,-0.015388370497435005,-0.04045087597979779,0.22452517345899892,0.26601517755551696,0.32060928932167726,0.2819535568580469,0.1130248159700832,0.08323710561108892,0.10827851394432329,0.1693468191106222,0.13041954533425626,0.09852467247158053,0.10638225395017865,0.18839159294821095,0.08050523195284981,0.048795694501276715,0.06502285343940566,0.10173117373100013,0.07108188540959716,0.12397565168836434,0.03307267178929932,0.05307950426139838
-0.14919549431520301,-0.05567536768164088,0.011575257536382395,-0.2543113930984623,-0.2691678831492575,-0.22524726964928735,-0.00970301753594309,-0.012568860358940732,0.024999714267124787,-0.013156053212847485,0.023096453560989792,-0.037689021018250744,-0.06808131443157815,-0.06108629203541152,0.06698984993890116,-0.003091549158113996,0.025956168281538596,0.03200214856106156,0.07188805576502068,0.04242571568116852,0.22600671740556771,0.3671007041747253,0.29082708024577375,0.3273735359423696,0.34655079873561484,0.2966717794863524,0.16315543080325248,0.13649483327405743,0.14870434200562974,0.12464415627631405,0.1548000616650579,0.1254206535981582,0.09654321929292739,0.09929040030227952,0.11354049224359408,0.06624854181492876,0.06821543685838652,0.0725685328369109,0.07219484345018949,0.047114985700981
-0.32615430254758493,0.02892925613328112,-0.012972531921124958,-0.2529352701455889,0.017026692925554997,0.06968510843956668,-0.1517170213059202,-0.24163503587335014,-0.1289042135429399,-0.018348704361944697,-0.02546494415295433,0.04242731390438369,-0.012352805203058072,-0.15445948793625394,-0.10852591768749544,0.13679334483494315,0.059056826828418674,0.029487411918405832,-0.015945898642601555,0.04398299382576065,0.4160743492342913,0.36597802558228365,0.24848238438102874,0.31033518697782636,0.1704678994957809,0.15240737996036657,0.1151772356667936,0.17394449911726223,0.15076747756922326,0.07304198797872674,0.12355303938298372,0.09201672233672856,0.07788748410811988,0.10505215953065553,0.07545849035446119,0.11885353769893114,0.06660685744322378,0.052777724219931633,0.05323373477558363,0.04412016658638549
-0.14235936668974158,-0.49418458988311964,-0.03615072626631878,-0.42029514794137907,-0.03578859936832147,-0.06441350024276557,-0.1701054981469334,0.005825964319713468,-0.07665317335163521,0.10215623766051873,-0.08438698282402914,0.08070672930788673,-0.059075721355425354,-0.2744882184423008,0.04194768259076141,-0.08530527591371402,-0.03962977093944575,-0.006339873665578444,0.035198323380001804,0.031182010048433285,0.12609965411342303,0.5239515501298532,0.08561591464235292,0.24598466724470563,0.02390736131912288,0.04867310263759378,0.061474256369886314,0.029132474458194904,0.03150837210518464,0.06326064193133275,0.0350391110248471,0.044649415974895065,0.03769269976197631,0.14691250697266686,0.021274418038409428,0.052808834398315,0.02100124282320361,0.01624700672588713,0.015518233245002934,0.016781403599436633
0.3462746435941486,-0.1491110657356849,-0.5323120290772143,-0.004552695754451262,0.18152764330672105,-0.06423880372060131,0.03144059168323137,0.05270820923620757,0.05978518162522431,-0.04788295919202818,0.007795231815352048,-0.04713925812998641,-0.01338627950830152,-0.010697098348779696,-0.04989812508250865,-0.04722929940435027,0.004249280933151576,-0.016712342835785533,0.010142981699085386,-0.01853037890953953,0.39850526848045575,0.08716822964988573,0.5721528961617773,0.10548848684286645,0.0959062587391764,0.03919708273296408,0.03008746677681201,0.025940501297780912,0.02461121742006041,0.022611885114821654,0.012669036624932791,0.014359707736898084,0.01744708345250696,0.01150807920428275,0.016738180933530595,0.011915996983003168,0.007486310585219087,0.0077773901381242416,0.0056076833996730815,0.005915736897143693
-0.14935436654640447,0.21859057194952794,-0.06081034556636778,-0.007176374061521464,-0.19406395110988328,0.009670542363551447,-0.22727190528836758,-0.05163954041148907,-0.1844361128084336,-0.019675504186262266,-0.02243777494115935,0.03536131061284548,0.052457921747997856,-0.09674917851946041,0.046891802046396376,-0.09332070668187073,-0.1468722052902342,0.049653968999998944,0.0012316190520721068,0.011998586157596424,0.2786881187266148,0.6169216047679587,0.24997072560016254,0.16783469272955273,0.13228227212893107,0.09070377568782907,0.20109421757300514,0.12652018700249476,0.19322838309316037,0.06351267044489561,0.08900251209949192,0.10217472116143862,0.12904140659025465,0.12123279634280891,0.060004242053330104,0.07442487386021757,0.10582297386461186,0.05145626609476988,0.05324053308868494,0.05236167265819156
-0.24125752567522107,-0.21451594052793455,0.09651090291223204,0.07220326447924555,-0.36298437310914117,-0.23743486240842834,-0.294702678726364,0.06370577967650848,-0.0939429986897351,-0.021312264303683746,0.02768727250634995,-0.08931518705214522,-0.1589363577099542,-0.04152697745112194,-0.08264314394667525,-0.0479473538921438,0.07204222591197959,0.02518005726079618,-0.03947359702401553,-0.06259752115896743,0.26394919849686893,0.2707310426979825,0.3103802167864222,0.16166497026027132,0.3064333129484939,0.16235106900159624,0.1900669700652712,0.16264781889254531,0.10849971776045426,0.0953889006567494,0.12357380115189467,0.06887708745546882,0.14622509080817417,0.06738435895150938,0.07603486632354403,0.05432237086336707,0.05335328357650857,0.04577049183352292,0.05873555042479145,0.06755849954071977
-0.1569063260317216,-0.3343723066427789,-0.2461458957230255,-0.34094837588627896,0.01700265228881514,-0.1409904905166535,-0.15610859403215002,-0.1454989769594761,0.038384375838965416,0.04216250752012148,0.05583418825460662,0.13785946362436804,-0.17319511693126913,0.10923299938908078,0.02148475370149634,-0.046356961029354764,-0.08699483655391113,-0.017620463761870216,-0.058422020822489096,-0.055983989159871475,0.21929225747277994,0.3346974199755211,0.48007369036790304,0.1966958760893657,0.08800426407826438,0.10821596588604374,0.14712858363318412,0.09185932980838286,0.11283407337433304,0.06456163370853625,0.0711923235997914,0.08031846445943534,0.12436385884070625,0.06356847582516936,0.03771577604770273,0.033272371089324196,0.0453297729718899,0.03852248278186146,0.034881171783288804,0.05169893537602359
-0.3295393229385419,0.0022755466805876434,0.012387126784609266,-0.010807930496195547,0.003577162133794123,0.0038133748972545103,0.00536060411948078,-0.002654507248456065,-0.0024260039130548964,0.00028446717917742913,-0.0051349860976000455,0.0014982958793826001,-0.0010542607176537776,-0.0002455591552825538,-0.000499284500906482,-0.0022610573328866535,0.00044147832353200986,-0.00037310222933145063,0.0008498279392807103,-0.001119312824226883,0.9020291067251767,0.26582921124405284,0.04656303700823982,0.05067981189219023,0.028568761804959163,0.015381923218271362,0.013770322918207565,0.009283582543524122,0.010810020151352032,0.007110595732581921,0.012148863977007082,0.010644912828439122,0.006745977536583801,0.0053417834576618296,0.0032153742900290607,0.006058881098996484,0.005850468607813583,0.0031096789928877124,0.0039177525413918385,0.005135580277874028
-0.2563391823556153,0.06298039622569528,-0.5566226206585894,0.02531459609368226,-0.1286801481089815,-0.12680279303607017,-0.14087271771855867,-0.088842507661299,-0.050366817974916045,-0.15226417505629353,-0.06957413452186388,-0.22746271950817323,-0.12108180069845134,-0.04975269168793105,-0.08868367730016065,-0.0025591625308797428,-0.1174345197272802,0.10625891786687501,-0.02952401088179288,-0.10981443273078297,0.3928029029467129,0.07617358030057467,0.4286298046415512,0.11422486176365332,0.07020741202492037,0.10355662193541433,0.07655922805378827,0.05289167949714369,0.042773056057986696,0.0794735107748596,0.042379087800326995,0.09582472605425123,0.05641932808616336,0.038434096385772436,0.045009222164919295,0.016334701752337213,0.05264381077634337,0.045875143071908764,0.01404468343476751,0.042754308478433624
0.027033318676354542,-0.32677864168017434,-0.21144119957083135,-0.04656301640121779,-0.036825997740234616,0.08902884137560726,-0.19202591883537518,-0.14437285802085273,-0.03831160103191479,0.11062156917540629,-0.23802607608797463,-0.32026793980996643,0.1391040555458014,-0.020794188405829125,-0.06231308192675495,-0.09092289048729789,-0.03255460650499628,-0.07512488855872845,-0.016551445694278057,-0.04614302517690058,0.5882979038155532,0.3684332631253125,0.12293263046063815,0.049048555882683385,0.034175377364486156,0.060438018072562966,0.07989705376196361,0.06117217940629441,0.03108127206743572,0.04035421163474217,0.09708724248682654,0.17778306589088477,0.05286390598314346,0.023505148255490063,0.02360348517001182,0.034585883645650656,0.010887143356512266,0.023085815638037282,0.0192989678707687,0.02417264172608851
-0.07977640820630641,-0.05555267345766661,0.01892211607135864,-0.07847243450602687,0.011241442827141245,-0.011146738566872273,-0.01894802101247025,-0.005311424786811565,0.0036784689655658693,-0.002877829179829301,-0.017617517898675304,-0.0044161532393498576,-0.0056787849503682885,0.009079679970445082,-0.01725104573159859,0.001895701428279604,0.01169715485894582,-0.00046904632671258763,0.004255764813168189,0.0007202145027738896,0.8853282627962116,0.42069570819894314,0.08221640540934672,0.08373727006922294,0.04712346393390982,0.03549430454471356,0.024504450799818105,0.02687047368561553,0.02935517750836762,0.019986491112743227,0.019073308266363918,0.014714439568865225,0.016165728610383793,0.013563255638115099,0.013242624531149457,0.010932574326131563,0.01164852729709928,0.013399344088571902,0.011803433428617062,0.008419527412789063
-0.251397877724533,-0.3929727876753304,-0.03033754616164263,0.04955164352030716,-0.12455807984673715,-0.27795861797181826,-0.14702197065282674,0.04419160144314123,-0.09895985617172541,-0.15382385656942843,-0.030314652977603957,-0.09158640519025375,0.05739600701610493,0.019597813269835593,-0.07372429329432106,-0.02936749847167951,-0.04660506291126958,-0.0049158155050057955,0.016457235353188736,0.009818893765606131,0.5859118120340144,0.44165582936892017,0.08105188363257418,0.07561958571775623,0.07518060190901926,0.16973193444645687,0.06432469818791943,0.05357400468848528,0.04806616218697322,0.0723102144062701,0.029107459250317422,0.04328526988263063,0.03597611895773637,0.017632154912854494,0.03164713550005088,0.019609639871640695,0.02514834948606105,0.021601875620823097,0.024142389229732768,0.017548652230582315
-0.18881237166192433,-0.12195979206076939,-0.13851178437557654,0.03239175700005194,-0.11534523316002038,-0.0971672750464246,-0.11141566752690321,-0.0042810759321583805,-0.011548270112890505,0.005737819047194959,0.04245504490847334,-0.09822696516190264,0.061527850386407804,0.03899134606644918,-0.0365836912165054,0.012806862303049619,-0.06779518616343422,-0.017961966915530755,0.03786274288017031,-0.07954242114303071,0.6548523696785903,0.5224435360398927,0.2793537744437965,0.11371368686336565,0.11977716711690468,0.10039257794268146,0.08053750927903955,0.07302606948342133,0.04909311981340121,0.08100137410047158,0.04626470709284821,0.07083153803841918,0.05923080007560855,0.051793230683661415,0.05681967645736688,0.03601917467038291,0.044482052761649474,0.03934203389957785,0.03557134832683791,0.0482519650793839
-0.32616107754641005,0.10888653856984876,0.06624061988767942,-0.12291664748501706,0.013608601492119166,-0.1904367744880821,-0.10556959071727127,-0.12980630508836807,-0.08848529716182746,0.04047491544031302,-0.001238045852386251,-0.04938447335048181,-0.026789420099093478,0.02065075265826564,0.03533500541686934,-0.011434028956416395,-0.013535759659496206,-0.020625564918170237,-0.003175203420717117,-0.00046389846738522923,0.20783623633321802,0.6988789356196395,0.39043985347100113,0.1576015284298086,0.11372902938183953,0.14548023748190667,0.08046072870572797,0.1109694812578958,0.07505117149143553,0.03307292446400309,0.04159704820836336,0.057787656278253656,0.043704815741092175,0.04685747455923705,0.0430621771221908,0.025801794895998712,0.027564594492486695,0.020734591544122136,0.019289925645725833,0.03146091135159301
-0.33110604869877563,-0.32450057346162103,-0.2509495921842243,-0.19534830600773398,-0.08728619832192357,0.041720653098734996,0.1160390046344764,-0.08361190156548898,0.04496770847736611,-0.1360076368296751,-0.093315089480911,0.20093609976858123,-0.12068312788306558,0.1452412916386479,0.08168824334000294,-0.1070277535602528,0.049621075373416076,-0.007324974449572092,0.04301006714669307,-0.13637071125601638,0.372943659578413,0.21908888842512012,0.2513005304592702,0.17321051702060353,0.20368667619827605,0.0747969900955544,0.11397553331721721,0.10057259717463594,0.08649749720666773,0.15872480177640017,0.17456619156244435,0.1745290681065965,0.09665592548852253,0.1070744617630939,0.06462674108799635,0.1421759711300198,0.06323474963708015,0.06813133936319907,0.07266387368871861,0.06786917633724307
-0.42083600645758684,-0.12345277182391794,-0.13163246479394813,0.05851665313825814,-0.1179493294250976,-0.35327458377127324,0.12187370791729701,-0.2581035523666527,0.034167320342677394,-0.21128350330435783,-0.25968569638232675,-0.2175874869497788,-0.06428570061104004,-0.022893977158085214,-0.08832129312388079,-0.04751427218473332,-0.026623103588455817,-0.031461191018744256,-0.13370418812192805,-0.06699803316147433,0.4151520915349,0.25331508785109313,0.15144693822553937,0.10377016808313985,0.08359957427326371,0.1920934069098803,0.0642365676136719,0.11446260964076388,0.040327187002802245,0.08747639855115305,0.10976620600759217,0.09533128408502162,0.024918693433340976,0.023042104630153718,0.02920615209779556,0.025668500259035724,0.02155298810929909,0.016974424219199653,0.038161048039438525,0.026879303595621185
-0.30514118325599743,-0.18202542206753985,-0.08607386058587364,0.035383117556843036,-0.052981531977379696,0.06401800086967196,0.004274621206514096,-0.06958056747072001,0.03222349671497953,-0.02090545054094148,0.006320459858369688,0.04183762233581772,-0.07972820085509849,-0.06593683417135311,0.009402684713933384,0.0021819379649839587,-0.021627296704152414,-0.10003962612793837,-0.004172821500386034,-0.013461539012261567,0.5029560222947765,0.4479867415371858,0.4339967857818981,0.07771029501021616,0.25461280723600377,0.13429067698065772,0.09035780168410297,0.08904049845713027,0.1069866771768461,0.0931611354392972,0.06723332093910937,0.12146969796492324,0.09172966589457225,0.08126858111332304,0.08380644315650508,0.06019406172563297,0.03990135682596308,0.08425771148251245,0.04684740481633601,0.07507828996400959
0.13715801112481973,-0.14462636018399397,-0.29859721247461396,0.0739765980866831,-0.19901577710831936,0.15584506512105137,-0.13718594027691675,0.06196716769371446,0.09341493292980846,0.017204902744550714,-0.09078019820025394,-0.028112116117873568,0.03790264745665495,-0.032978248032577276,0.041437970213323905,-0.17467783943574766,0.09346268083607942,-0.15175761427625675,0.029998306756608594,-0.031164389234696895,0.5268314801658708,0.21169486411280747,0.27659467364103235,0.23797453876484892,0.22409853151729586,0.13571449776424213,0.14770577752217884,0.2194436844969498,0.11186498372617568,0.12334672699814775,0.08335519299533546,0.0509406485557636,0.10570056507146267,0.08736649325159915,0.10642653118313919,0.08374661667539021,0.12178655291794371,0.06572481420168709,0.0630251478356952,0.03137914039682675
-0.020086654712023738,0.05667424902103566,-0.16356209895264584,-0.056917755008056285,-0.02679272435001533,0.02055256908331893,-0.05750747094372687,-0.02979851734509037,-0.050399728698731834,-0.03111189012037872,-0.015301943693623862,-0.008267499950827597,-0.009703062298073585,0.004832799102774193,0.0017640229536302252,-0.007978183452171507,-0.010112229683009934,0.03466394819508878,-0.044613258612633704,-0.008165295672161932,0.7575925702755261,0.505447364587123,0.19400287343042902,0.14208457805531974,0.1143698412950182,0.09790337721433977,0.07644188123798766,0.08766189320013079,0.06019981259087871,0.06805973183711624,0.07624046396664949,0.06760048749012965,0.05097071718601664,0.04813495885833144,0.03841496202272536,0.03166026066891986,0.033707380115073786,0.03573510597507588,0.03514704519572311,0.024062421569013635
-0.6553520129551662,0.008510156621958408,-0.08701829388930278,-0.14850870593483223,-0.01540572547393855,-0.03330854134916583,-0.025218805434978668,0.003250771007738671,-0.004912309384403272,0.0030359484496880434,-0.013510340873573551,-0.018674108710145385,-0.015470234760024912,-0.014263939813537222,-0.005080781419507188,0.019716772689115668,-0.011369779233572047,0.005296546760666498,0.01466554399618878,-0.008244657659877034,0.7090786574239958,0.03235853836523454,0.12917719089703472,0.09289783998335498,0.024216573007035332,0.02875787083342012,0.01823427559854293,0.015312332655212353,0.04359443963382399,0.01605457374462718,0.02763252827890941,0.0195811942480971,0.022950062547806606,0.010805384216902369,0.021164203687377488,0.02389033573906213,0.010594368518831257,0.008018056515984287,0.025060699314679802,0.007065586299233779
-0.5774879546806904,-0.10768589854542993,-0.045675410218262526,-0.00341091733703999,-0.007273059364028715,-0.06315057796121983,-0.013862501237108896,-0.013673029789910114,-0.03525030139695168,0.00437721424646769,-0.010866794738617557,0.02495282857826266,-0.03839682893293284,-0.044685846653489826,0.005401268986566401,-0.04729465321052816,-0.011495914354995699,-0.017907438023066727,-0.005020850677406558,-0.0054061497530304,0.7390787461934032,0.2404191081386201,0.10096686412644669,0.06304795130417448,0.06563056791888112,0.056014236135683265,0.022991410618804012,0.03702375087392237,0.04362312016100458,0.024081254675368747,0.025522075360227357,0.04253964024738379,0.05645417905314023,0.030759153051935894,0.02220518839930904,0.03458131463216223,0.028550365583899527,0.02559093499873742,0.011995161513524448,0.014640134848797278
-0.11302528463619292,-0.11977246129269248,0.12130601386512034,-0.10313773949155834,-0.030618453315104086,-0.038730766198867436,-0.07462285326776903,0.020708222601574795,-0.10073586690478933,-0.04578921262855503,0.061527483520810285,-0.030631045015341883,0.027460874346490634,0.019900906656983325,-0.052834143388862685,0.007085776927129356,-0.0021171276175478656,0.043988222987805956,0.018951022394393793,-0.0038905871449615758,0.686876176568679,0.41178886016495186,0.31172656059330867,0.20523154240286043,0.1732868258759018,0.13926046527155428,0.10355420649534275,0.13303794490900842,0.12304466922065518,0.07204606884705562,0.06369855742070006,0.08578600589695085,0.0814982087008883,0.06421981431281393,0.08009489996237969,0.04327006058724836,0.037017910067966266,0.06313225555279313,0.02720922260093577,0.020357993915983322
-0.1049470493951063,-0.30509677900075594,-0.01495449115332058,-0.24588010177513392,0.01659307037121028,0.01273505125168572,-0.02088829464460506,-0.011464104752289705,0.029814531641499335,-0.05350178599963369,-0.034978310884453204,-0.04229053669909841,0.0006781801816122933,0.00961335969283848,-0.02639328623505683,-0.010961901198844012,-0.00793742068928572,0.021555789547085962,0.002041704274518982,0.010501162642195203,0.4776387969126998,0.5998812732489136,0.23935612215746238,0.3045056863100944,0.17999854369799684,0.09610470996931539,0.10485713020417006,0.07303982337565552,0.07265721947509578,0.06622364603932358,0.06272064360832781,0.05481299886383086,0.04287234055150297,0.042389676058405545,0.03776983210703057,0.0372726625741995,0.040069936932420856,0.03622379977467845,0.05216979220691032,0.03508655348793407
-0.12795392782714282,-0.2306415312374505,-0.007501997170676963,-0.1299853711189541,0.1051208880719025,0.015021274492728717,-0.058427430556266424,-0.019196811410875324,-0.006161320947693646,-0.038152026274148924,-0.03430945386005856,0.002019626153129339,-0.05965379092150094,-0.008324028771153482,-0.009647853575873867,0.013646720744797157,-0.005935511969975468,-0.007431004906604263,0.01041274731675658,-0.023384146664937135,0.7630060707502395,0.3874776167161516,0.18967978094321994,0.19078290740581413,0.14629784857616368,0.147569218117343,0.07898491617503291,0.06263396605282084,0.10160959537393212,0.05204905314202047,0.09358565129177208,0.04524408910784043,0.04741782925035545,0.043567238135753944,0.02720378703152749,0.034857905628144496,0.030224787422009586,0.027340784687147728,0.03156641384584898,0.021463799412722487
-0.13789458307874755,-0.16962272846571452,-0.2200997885084674,0.09429991620920443,-0.0798264472314383,-0.2325949737249503,-0.06415642306240017,-0.006696594424941401,-0.010293061228076978,0.006153521117351719,-0.010566056979462838,0.04753384127782394,-0.1106242900554178,0.03497855279320997,-0.06115856649750211,-0.003184755611829317,0.043147189918005965,0.02025788191358396,-0.028716801157744606,-0.02865525373796491,0.41662861186032385,0.4493132942947853,0.28386912438402745,0.31598223988090873,0.2299236751356604,0.25551649116904857,0.12136002067246034,0.0961409705773676,0.15946691405428295,0.10552647790512058,0.09987563819683516,0.08153789509970388,0.09465165141720581,0.10761847774170984,0.0704369364317404,0.0584586379284369,0.06792968657835828,0.08529655472153562,0.09751237137925324,0.07126272730916358
-0.1239049479059758,-0.3271069032248032,-0.03241568588866566,-0.006635406854521554,0.029769614415949767,-0.0025741272313244408,-0.0906402489852362,0.013556565020751529,-0.05130354410781824,-0.00027916447749164446,0.0020744798722262176,-0.01726647192077075,0.023575162525038315,0.020055743449298648,-0.0301269511881071,-0.013526296758797969,-0.022570581111816847,-0.015364824948430963,-0.011733047115043903,-0.017570263169764642,0.7545159416053837,0.31113065804158513,0.26995328460971224,0.14473655202384528,0.11909552598664541,0.10112962132443472,0.10252738566015109,0.11846798904052656,0.0708290444634552,0.08579349494903643,0.07117047759991224,0.10293468884195758,0.07096466537538743,0.029060362549968126,0.06564585340766635,0.0531153911066877,0.07642101084413519,0.04967393672183592,0.03392016646243192,0.04124968619183065
0.14335211179861904,-0.10275698104443104,-0.17259915578330984,-0.245799713724779,0.06877393002018327,0.12332320196985623,-0.13562529354790467,-0.18372481832582255,0.060494252973748636,0.026283035582175807,-0.12259047094345078,0.007261118143231242,0.00782771538876415,-0.04758973687035203,-0.06268278921487605,-0.03644632046323524,-0.03927930523191629,-0.04409648751055973,0.05258443043915335,-0.10401419339085324,0.41388212582619,0.21861982372227193,0.522769603440207,0.3227920244346767,0.20695703298795576,0.11911122764720895,0.1346717527018903,0.17597228830635675,0.11037397732027399,0.05495899874076219,0.12010469895363364,0.06137977793486977,0.05936353099072148,0.06783229353321936,0.06113789833045549,0.07076724443515404,0.044314515053095735,0.043566032483552966,0.05985584185373893,0.04583580659144068
0.12293682825684094,0.18056227503535707,-0.016676974308037083,-0.15635936987936253,-0.2155918869650449,-0.21249693061867103,-0.24888948754719942,0.1009273972704801,-0.22401552784046988,-0.09584847192904149,0.027633737509603042,-0.07636079866030032,-0.0950067697858747,-0.11225829448951052,-0.026533101883608953,0.03857618911520351,-0.00028939324755354937,-0.18625616090761066,0.028619540932220033,0.029896109439305527,0.46476916220854275,0.28803136812656316,0.1838730141545887,0.19702079483069748,0.18384537873747558,0.1361272184373972,0.28117125779761754,0.1668532761773669,0.13859983029597062,0.09056893010216992,0.14346484023668335,0.06489040421032789,0.08327035908867304,0.11432115706601907,0.08972681126337598,0.06657375455032281,0.06109877228407872,0.10489382389748883,0.05755781242928469,0.06351959793150586
-0.3200510279341351,-0.058463144862071464,-0.05623649293255721,-0.000584698386176149,0.020673144963064816,0.023523263465370047,0.03513459726180414,-0.003277629194859492,-0.024529525315321026,0.01711941600399729,0.013431598136705641,-0.02875448056494038,0.009380923649495696,-0.030251736604281786,-0.00603619819314534,0.001162257508557227,-0.020537729285112598,0.009592127599870454,-0.005895082757105774,0.0016809496766773714,0.9220441995698372,0.0917434395475963,0.09332847354562888,0.05474557551585455,0.06149767537580145,0.062011268062858296,0.049604048460276315,0.018479379248064916,0.026980219178632227,0.03049421589681231,0.024550194453907017,0.01901764676845914,0.016927205584950387,0.01810513593269436,0.016763876233714455,0.010752744613618798,0.022816249448060072,0.01171263653025043,0.013800954300038961,0.008111142166551098
-0.5510179161112397,0.03358898950667325,-0.05722863700222733,-0.020771607401783704,0.007246417339844799,-0.005498891755664141,-0.02356406422257742,0.0035433223823358308,-0.026589499095291007,0.021760381948222912,-0.010964052551239402,0.00645219521500947,-0.002196180784234307,0.012446361468360149,-0.001056185273590007,0.003813102323663153,0.0045746177364368815,0.0008780787182036704,-0.0006737848674623061,-0.0033841672078789293,0.8165134365571678,0.13761066100003735,0.04359155972254673,0.03307447319654607,0.015858759069225358,0.01173801846296797,0.006366028066175699,0.0062725771884314325,0.005934550759184929,0.006234065372546089,0.004647126825128304,0.007489989564416657,0.0026939599364900336,0.002932571587205936,0.004153931973566878,0.005054535321948783,0.004175660021397802,0.0027446492719843006,0.003320085017871799,0.0013869209295505232
-0.29818305432346137,0.0884743922519044,-0.01830800657937557,-0.018870396280639686,0.012133893033808277,-0.03314654496803143,-0.033273372109499405,-0.003788166549325097,-0.0357392408190594,-0.011055612679650172,-0.043276156228688696,-0.015063182706719103,0.012333168152996989,-0.008899204470077474,0.019975253412219993,0.0223283835560393,-0.04409753427585181,-0.022530081485003003,0.008705937412291581,-0.012239063958820268,0.8723253490375114,0.336597936667372,0.11225145677966324,0.06114691681155527,0.018868913732809404,0.020084963078505023,0.015474094247073952,0.01338524401882293,0.012930998739639425,0.011089574595969567,0.00924576929313052,0.008904134504394283,0.01099047521237039,0.009286120658298681,0.00917720096595359,0.008602570909652702,0.011182303644117247,0.009148811687816628,0.007720011298094457,0.006241583953860231
-0.5434760834179606,-0.20483097701239336,0.09589024156050575,0.009126257795676338,-0.06400136414375376,-0.15089544621032677,0.05486390640169878,-0.029737623416158782,0.023314937929264635,-0.008020450426421797,-0.016246997851931944,0.13321713137245647,-0.042861436427267655,-0.04860897522207462,-0.01841862008625573,0.038498399656302,-0.06042086918392534,-0.1163090290679619,-0.00017064924718478722,0.014315158814874114,0.5574346792694029,0.31986934369270503,0.17422612545244265,0.1044287309479905,0.14170998844967023,0.1577176944057503,0.11934610999128609,0.12991756489394055,0.11532718591397702,0.0813596673366975,0.05980516834379839,0.07564557122021469,0.043723655043890225,0.06026090972640973,0.03464902394050297,0.05799249083000155,0.045155833852839576,0.07658478985056988,0.04155444085319959,0.03565492811440667
-0.4793152947353059,-0.22240854648558803,0.06095076401643207,-0.19913837585993624,0.0809879225386258,-0.06359429822605174,-0.01054700714431695,-0.17470678306926704,-0.12729685360901496,-0.025332633641913745,-0.03307155881183972,-0.06937669197056263,-0.14034862319976454,-0.08713631663537857,0.05969071956541306,-0.16300670864367542,0.086856237405101,-0.04661418952570086,0.027752211881777858,0.002372354271575558,0.22813768440964902,0.48328443526687037,0.22199945078402208,0.23737546605078738,0.18025172075994708,0.11006142598366947,0.049347228358752514,0.15095033497591587,0.12188473245228923,0.11009336815157547,0.07187375130510067,0.08805232408095698,0.07993615738428915,0.0766156529053963,0.07424283875563376,0.10955691337955288,0.09442928012396128,0.05237977352841319,0.030428307235770183,0.0467927425535034
0.2728384930463179,0.05320346208019345,-0.4222638034917773,-0.042069722669987826,-0.1950237877031597,-0.24732136046921824,-0.1970776070763231,-0.14366947268815763,-0.06524336383402528,-0.015305434324808263,0.012430258275331542,0.046410464400873534,-0.10987231747922162,0.02442242320363903,-0.04476504923721196,0.059371977020923984,-0.16546604955339642,0.010518143436654446,0.08463310738959649,-0.06475925980407485,0.49038624043381746,0.15320440847263309,0.28701772755654303,0.08647804122169925,0.24897158714573672,0.14598580761392924,0.10908986725993243,0.08192762269700496,0.0824217072618724,0.06169863720036187,0.08381050747915206,0.047180927121718924,0.11390627554768813,0.07163143862137449,0.03715309163228151,0.0528671281582381,0.11897836362671753,0.040555827315723304,0.07094893376129904,0.03796650223877211
0.04743838714585139,-0.24083517378232377,-0.03806472076154637,-0.06535219204605874,-0.15764776511490058,-0.005593922601186907,-0.07213212276572648,-0.06597168931053977,-0.08075109197866776,-0.10697251742637609,-0.10812599878845344,0.013514885182224105,-0.04366307731933174,0.010380234985133668,-0.014985223689008904,-0.008114959950726083,0.05490185197182239,0.007520883386913867,-0.01452476202362936,-0.005550434457877148,0.7058367717521781,0.2375513097612263,0.36527622052739916,0.23369484589235254,0.13978205533116211,0.09677447642691814,0.09808277311886196,0.11975444470886891,0.12390112775045709,0.13190783149978133,0.08990747587060761,0.07149799088278568,0.03712086476679786,0.0775113965116214,0.04724353621394965,0.06002768466898556,0.056534802315750934,0.04672775871416187,0.052228246965958444,0.03628789230888188
0.5061670824624479,-0.3697976937002097,0.15512405862858417,-0.33186499122970076,-0.059576865069807076,-0.26409398560219793,-0.15274240718233725,-0.01247491466019175,0.04485754982675528,-0.13278121347545896,-0.13611358176991561,-0.03758756525530572,0.03650928071658768,-0.03761409177806243,-0.02111154672405493,0.013712901284248742,0.01221555564005954,-0.044458927688050855,-0.011742070622217023,-0.04304447804356362,0.4855129868578018,0.21191938670104823,0.054948993582985786,0.15494906747779028,0.026946848980642948,0.10760472077823259,0.0646100500699863,0.023950701825413277,0.016057166515277034,0.03271504699963631,0.041432329355693784,0.009450892693531741,0.011459319172053591,0.013993343291989294,0.011862644419103946,0.011036950199317089,0.007000914367932927,0.014116489028867512,0.014416675950829466,0.009531878486964485
0.13346468939179293,-0.07401809694582652,0.04071764624975813,-0.06505192502941674,0.011139122818395299,-0.06971314792212537,-0.10585179586963392,0.052954531387583145,0.031863187709794766,0.13692658114221687,-0.029020104827209483,0.02702139179413727,-0.013696715533555155,-0.039862636058785594,-0.05586491806291649,0.017138765318118344,-0.013460186587465941,-0.036070558438821926,-0.02112503824363336,-0.041955023661307364,0.7968644880657691,0.28904422226267223,0.23690887177578876,0.1890311877087641,0.0912418983858481,0.06679320280791826,0.08584172359807986,0.1070155765919736,0.05892102923072839,0.14601475713523143,0.13071064242137306,0.06952398660133888,0.06257244979399591,0.07393621373546919,0.0705504064040143,0.05143378922803128,0.07948038704263456,0.05889865091842275,0.05711838906259129,0.053287910911537895
-0.14029036069990097,0.011045291895584734,0.046303303756004346,-0.010899201800292677,-0.16697464622355193,-0.13718482406340674,0.009421867291343993,-0.04010752334726748,-0.05910394388203162,0.002696416648023886,-0.10862518595598,0.0704103093980982,-0.009167593903151862,0.00975477500366915,-0.05161563384075274,-0.01970751054579118,0.008080137220974488,-0.04793112771299622,-0.0027125446407120658,-0.03547230694748251,0.680315272835776,0.17317346652273807,0.34798000152717723,0.3927453785128777,0.14566841798459937,0.14336878242074094,0.07639075203641253,0.14440588632691054,0.08265242533170451,0.11213190122835337,0.08242358103874461,0.09638420629099008,0.08041209312644598,0.07360466859497676,0.05660005616765524,0.05615369843702886,0.060393144403682646,0.06143792345618365,0.04481148162130466,0.05138093064301911
-0.49650442492540336,-0.5925168190384054,-0.15791747229701716,-0.09799084647358272,0.014480287018382972,-0.0962744472703795,-0.09649180683250447,-0.06041937958692949,-0.0032825907269217573,-0.06240548341494512,6.0775914313359615e-05,-0.045974298618284205,-0.018853766343224138,0.00017103628459406523,-0.0071504437401736076,-0.017775191032587886,0.04085326926254115,-0.02842135759421519,0.007650616986865153,-0.0002851880010047388,0.3220623043007536,0.3202015525169531,0.07666889587898258,0.024367367117332273,0.011656216229569943,0.1698487786672492,0.21538346609656797,0.1530536907057357,0.052284362978344275,0.09993553286931563,0.03362593015384993,0.06388653341939066,0.04818241263896896,0.024174373098799495,0.03277225857655887,0.021357974948274478,0.029503238283356575,0.02939196804640276,0.01591158771474545,0.016401756411734015
-0.6450868662417232,-0.22630895204360935,0.03617655317843907,-0.033156024393451146,-0.08688297860583724,-0.1338854936279327,-0.022625684185659644,0.05016375581329056,-0.01619638051303395,0.014587238423801094,-0.15608447022260888,-0.052103434786998734,-0.04575977425907869,-0.04643403856494564,-0.1596920926707873,0.06914093424824747,-0.07202003279588398,-0.16470729633167558,0.026623852554116763,-0.11128403324657445,0.4521749694244365,0.19003991462744374,0.17476140098707152,0.1252789090455878,0.12524803388819228,0.14542433340170546,0.1135155314974125,0.1000581082873801,0.06238555274198451,0.04268858446144151,0.07492242980493621,0.0413010178417079,0.04792421523344667,0.043032579194763096,0.09239505773186897,0.04281449467472531,0.041585277903566135,0.07984740751461082,0.0433689102071579,0.10079690647868375
0.0015002606353856566,-0.24538560749592403,0.3458813632104229,-0.0868891073687213,-0.08745683119567867,0.015058853783414974,-0.012885620032262733,-0.06830335998330965,0.0256382714478046,-0.01677930698228881,0.02193774318475283,-0.03640061486671455,0.016672590707093204,-0.026605736940846066,0.0027506701263567304,0.027871193634830472,0.07277086939891635,0.0027957735175325425,0.00016941360010800844,0.01456026872004341,0.4857482315803975,0.46082170972271636,0.49822829943108043,0.15259235713739225,0.12540138028806488,0.10781541220371847,0.0878868333447825,0.0828083077608238,0.055804687495865146,0.050057667041517956,0.05923518431354444,0.06249939497376394,0.04886124139251862,0.05735410785688074,0.031080706811776042,0.04075118150549551,0.0592877292830574,0.03526342252063064,0.0314664016214359,0.03194302353264004
-0.008815835447909164,0.010860959341298436,-0.02757553522206426,0.0038102988803178518,0.008415916530747697,-0.0008543834709416063,-0.00042284677420662204,0.013914739105870478,-0.003972975251308772,-0.011775396411679687,-0.004290703606859167,-0.005484285701072445,0.00214141441993803,-0.0020284301343335776,-0.004159224917023965,-0.0014678923138728328,-0.007412143099857278,-0.005255373282613144,-0.005119220512210591,0.005233670757040026,0.8627116989305295,0.5022196315128594,0.015255989065995014,0.016608844228340334,0.013204903911111213,0.01071787527046199,0.011602158486591966,0.015180847662653485,0.014358698104954095,0.011594232736904079,0.009335800155653542,0.007795192919340163,0.008097312243529586,0.005750617806601871,0.006022643786457369,0.005155324324378509,0.004297849422202306,0.0053383175387674755,0.0055649434641868185,0.003147351897613898
-0.15312724948933285,0.10603347472879088,-0.4996114284671783,0.0009261020553488525,-0.03157242215841609,-0.018958389502327505,0.05232517288118535,-0.0707808212083659,-0.06967250624165876,-0.07922857126278149,0.0044017997713581515,-0.03436398648500244,0.13015747125376448,-0.0883544888692655,-0.07077505405553988,-0.1127826812718861,-0.0823937691168956,-0.024798907870181377,0.13487140545452836,-0.054142375457263324,0.16668328497255833,0.41626563743222567,0.4782408234976008,0.20069204328697338,0.17409143711259675,0.07213104758200183,0.11200778052024687,0.13559791032909013,0.09659615483508302,0.13070707724501052,0.08666866109249256,0.09810656239250969,0.08640983837135403,0.07240132584809188,0.06660316939724695,0.07299430473628721,0.06692744608229192,0.07089390441857425,0.07639095926500947,0.07347441100980028
