-0.6334456873809677,0.03754570715600047,0.14829480356062183,-0.07649790633428366,-0.02296288412121837,0.006496874124070738,-0.06126251749447282,0.023899618056051876,0.018002818024744207,-0.010966280979189636,0.015775234233844977,-0.03186999702280347,-0.02021219647402684,-0.02538993981666571,-0.004489416715405414,-0.0003825832814619218,-0.0013364045519111245,-0.012052598114809862,-0.0016251764355711335,0.0034609118243326725,0.7383610301352804,0.07060143562313557,0.07038019244773806,0.03348848694917075,0.01945575588669413,0.02850092467827407,0.02797718422746639,0.013144650899132911,0.015454318219338578,0.014898264743501031,0.010966971673333128,0.017632416825983953,0.02001115578457556,0.03488246296512425,0.005182568091644192,0.006990617601930321,0.00588670905525788,0.02046474043830381,0.014168369498585144,0.0058182542230554475
-0.026364224513488143,-0.3508452061370558,0.04311823046073943,0.06503365699325526,0.04871613026357886,-0.1265716940580565,-0.02038735962356517,0.0981570150029088,-0.05267238667963467,-0.010403786765465653,-0.0332312534974862,0.009379643740606979,-0.01933048630667626,-0.011358863422988646,-0.0159363456821656,-0.1270723079028042,0.028978997110703588,0.013003374056520073,-0.020152334443398517,-0.10925331908241159,0.608524253319216,0.4228314021195609,0.13232314785055246,0.2336294375769821,0.15980621069273687,0.18534455404397085,0.12234715087044779,0.15659015886985625,0.1690938854857738,0.09078459191869769,0.08752112552294371,0.07059738725082214,0.060269821438526563,0.057987448760358794,0.041064757545174725,0.12039926694414228,0.06283728333832393,0.04675369292787709,0.05519270392236352,0.0703774720742695
-0.11537680140041925,-0.48464010817218356,0.01460537242509619,0.052455645329378915,0.03613991298522149,-0.1381250476760784,-0.050247263550917055,-0.05606270633754119,-0.03725166858233266,-0.049531722880160965,-0.061802533013383815,-0.08845228599507936,0.050734438624320574,-0.027855734938316806,-0.04160287535208659,-0.04907542523776223,0.00596210213754197,0.006661717280720517,0.022127763104617393,0.00514537709555291,0.5040755937161474,0.4830278733516329,0.145641596251998,0.16358655269721273,0.09161421384750322,0.22073050751202236,0.10937340886403832,0.16734465616575908,0.09135135861772084,0.057428345240907126,0.15099175479661908,0.09032139859997539,0.07073080968597423,0.08206594960047234,0.06347964149406553,0.03435231775957225,0.05586367596233548,0.04429922848904989,0.01807408988524791,0.0425010631854603
-0.18530946935682913,-0.24395837864564718,0.12443606023891958,-0.015594374270121631,-0.02330939114672818,0.021982513695046252,-0.0370337961294696,-0.06693494621441179,-0.03898699685219989,-0.00850543337231074,-0.023622670992777504,-0.08175332046169054,-0.08698509745449652,-0.09306711717186533,-0.008472148395035595,0.00029749799426825613,0.0038185033443299634,-0.016726390062787626,-0.005824519232931726,-0.021407200799326186,0.7322812111152797,0.5045308701422114,0.15593385254455153,0.07534315541940532,0.08862227976985554,0.04716345264247567,0.06258346175895012,0.05273456682669746,0.05141055674625682,0.03833074010613672,0.050869315731997856,0.04191337839357354,0.05995870685412594,0.046462474333782866,0.03126053633785345,0.032273473170295164,0.040653850382729353,0.026737593100892677,0.02296137422424217,0.03064874179640621
0.18266418254409997,0.1151841390057451,-0.045475444659528096,-0.0046254361731363726,-0.019875036863250265,-0.013175468145747745,0.012600098563203892,0.024070822150652833,0.03349682578388511,0.0038270174497640522,-0.03272256826389369,-0.03103723504955961,-0.02750940142147517,-0.016979211521212515,-0.016531148672529222,0.012525567314227723,-0.011231957470489305,0.013149197550761422,-0.007682700976691556,-0.002028708566817334,0.8832793870674395,0.3645882639703571,0.10479197374186337,0.06516790713102932,0.04964830941465299,0.043282979824576844,0.031532016218912405,0.031813981271942,0.032237996999090766,0.025558453449392764,0.03430605751549751,0.034487941509451496,0.03393955270987705,0.03735758763316677,0.020747190908909578,0.02241593208753307,0.022076112947683205,0.028451506494040775,0.0256437587415337,0.028076341119109113
0.2717281544519908,0.0025170755932111006,-0.1506325242446781,-0.20392581426297124,-0.09209380786419762,0.030449347721859345,-0.02150958825216515,0.026679056402892254,0.0013932768491696406,0.05561512492617242,-0.046993296276656646,-0.01912886089550381,-0.05476299625787892,0.04334430687616671,0.012090933409191236,-0.02523824647707331,-0.0008333794211490082,-0.00515001012327599,-0.009298936346684493,-0.004525327697122022,0.7523999167990502,0.3215952203132064,0.2638260548562567,0.193914854415939,0.10623077617930404,0.09982038664692827,0.06650762990271096,0.08166197408042322,0.05951394994601717,0.06610299187719192,0.06173509166508665,0.06323440071781339,0.06124447030985658,0.043715223482236824,0.052783533681184464,0.054080486329013945,0.03174212710426838,0.030423897388043523,0.03297899640204304,0.025343115636286155
-0.2906636120598259,-0.05106888537537522,-0.04614658737886662,0.13393886466732183,0.0951459863869849,-0.17377885741044138,-0.07180979366754935,0.055636113234293745,-0.031553096152636996,0.019094577295183008,0.0027113818484196684,-0.0011582075677176293,0.013836347559917762,-0.018906628483657033,-0.012964837527343712,0.002839188963054022,-0.007727190464527671,-0.0007365685787207789,0.009270192718287225,0.016914383025865433,0.8389154975340853,0.18620848553597943,0.12160369943018295,0.15109885984300067,0.1269982231987787,0.16127752088637773,0.07667032402905674,0.06111338846783407,0.045955328330948696,0.06868294305958834,0.02735051096350389,0.0325710480095859,0.04215917758545235,0.02528639865562255,0.031869245267776736,0.02544634750051885,0.02396941255885803,0.02752959830570105,0.024523933414807478,0.01822445627114762
0.007396553491658413,-0.1991887396065353,0.006876107075885026,-0.08479386198605705,-0.00810876559550037,-0.00980489031653011,0.013405357423820095,0.02559791402586246,-0.0495663170283414,-0.03632364663797634,-0.06482042340687735,-0.006762323239884399,-0.040860728537210275,-0.0013321662909740923,0.021738826112617002,-0.03422519714476841,-0.03904388153851286,-0.0028952349233206617,-0.011086440422590934,0.021494471656921282,0.561563894381461,0.30561773407851617,0.38679327544023384,0.327668569881368,0.23398950826413004,0.24993252827807935,0.15367604641191648,0.19251144064001263,0.16350995236950114,0.087994509029232,0.0885543630532616,0.07906642375500327,0.08332855770437009,0.10899366399079016,0.09606105539840974,0.07123912654466219,0.06166332705447912,0.062007944533031635,0.058016126734836145,0.047338221119395674
-0.4781873814743065,0.06712350168418199,-0.04552248861171762,0.0014328318907087226,-0.050313620825578304,0.0027332122272353803,-0.02174904831244507,0.0006047139929154273,-0.018233706437081287,-0.008812957008777373,0.00408617775019424,-5.070165839442845e-05,0.0018956830944215953,-0.008393820596065055,-0.0007338423784110591,0.0064223736051053325,0.008244859009514976,0.0016024403667094435,-0.0012767939952912592,9.44995578601836e-05,0.8552285618619514,0.15900557503550367,0.021110049216074848,0.02770234147581603,0.0375020348146891,0.02188921805443002,0.01886156862407212,0.00807553703770982,0.01133568250411754,0.01138177481283809,0.009153554359264399,0.01233734379669029,0.008324451137156328,0.009099154398535796,0.007491049613653839,0.008384344071466841,0.006919530711351524,0.00370347182576242,0.005553010873951731,0.00682138818304337
-0.602929885903324,-0.21603144972242916,-0.05036062556951129,-0.057019926655739704,0.027422248431589302,-0.004341582703646257,-0.03737297889405482,-0.05419801193934514,-1.3272585064878398e-06,-0.0555263006599958,-0.05480861388430537,0.01278471087156613,-0.04156449828669596,0.008806331424597918,0.026658033190222533,-0.0033017259447292832,0.01611118747807645,-0.03194306392146521,-0.01531052836182739,0.008076734115818556,0.7401632664513379,0.12214200784040032,0.044149657861758694,0.03969168828196939,0.0213307619946285,0.019358458804701544,0.00976452538819274,0.018161053424278116,0.008700273750617177,0.017514029580588345,0.01592862667695959,0.006969148792201442,0.010676623004468972,0.006564919668040032,0.007236196379628665,0.004369271031526946,0.004624616005256043,0.006602509577099916,0.00516434744781362,0.0034387299451103517
-0.4736684207274408,-0.025396453245772194,-0.08692429958937545,-0.11417352385980468,0.030484564928166834,-0.26289932206183947,-0.0124870218707544,-0.08551560891010673,-0.05729994312917067,-0.06785005872947854,-0.03142128603772211,-0.047308370518465814,0.007101009423079528,0.0010821698284698923,0.04237239391027375,-0.04896079684295983,0.004247309632329029,0.021851828265617487,0.04180784185203153,-0.0006729515533274584,0.4853976604947707,0.2877468516689537,0.3318183683331796,0.24039388877412401,0.1776987441515316,0.2743038166821362,0.11933168040024668,0.08892017289326257,0.06728337023109135,0.06488926279029833,0.0755090669380303,0.0779239795897387,0.06721477107825,0.03903539542382059,0.060313843837484026,0.06315042412365503,0.0583963504267872,0.05455985810975424,0.034843959136914564,0.04732248882175589
-0.17378586206136595,-0.054912891429192257,-0.15210011909958984,-0.007914654162328592,-0.03682226781447119,-0.02214615584980347,0.011908760946548597,0.0022328326891900767,-0.008716414883274074,-0.0105301039396648,0.005136013047463674,0.005346712700032279,0.00910016371319213,0.006462463259880111,0.002656660259438852,0.005330083602272748,-0.0010494412586581484,0.0009677591291913454,-0.0023635249004843833,-0.0030655652636409213,0.9198612212166091,0.15040446213247693,0.2028830037149592,0.1293357141875397,0.06806319355274523,0.053341981666150715,0.03776815593789263,0.03328834790664302,0.026382841952354925,0.027535950060505934,0.030162532543357747,0.01937766235067658,0.019401881822594846,0.016910799730701413,0.014427553568059361,0.017036050904183593,0.013273384729469899,0.01263889872801735,0.012035283090513292,0.01117564880515211
-0.0579079970733463,-0.1345123001766703,-0.1897931354876527,-0.0528317054826558,0.02277874557987976,0.016603166932869055,0.0032011777459776754,-0.02224410395043149,-0.010307854056623112,0.0007605511519935051,0.017296722585033366,-0.008187193477787336,-0.009416541568387856,-0.02114405174271359,0.004600970525770567,0.009936161578092153,-0.006506028049134203,0.021055300624386212,-0.020083145217245055,0.007831865502497565,0.8350487099388345,0.34953298537710975,0.17596054326190913,0.1674711351473378,0.10391128531725881,0.12300951269400094,0.08105172617462403,0.08703541454365374,0.07378898171306728,0.03775924701655596,0.050336903091540215,0.03312729691383797,0.051988865216798116,0.03353143239898791,0.02390868658338202,0.029963575329307986,0.021301572139848086,0.025704881814895785,0.022684958834073145,0.01930193228428352
-0.3742071227468979,-0.23356039493704023,-0.060773390596012514,0.05409365623157309,0.022597777887503664,-0.03315972456819973,0.019776718344170365,0.027588163169500753,0.04737681301016715,0.059766443409887425,0.030672134242395007,0.02540777230948249,-0.004757120195831872,0.0038559883493620092,-0.02042432071120496,-0.007456762088760822,-0.01794558184955327,-0.006165357928690558,-0.0018469403343107293,-0.009927394636836366,0.5958211502959514,0.37492096594762486,0.21918875864813,0.2684992647282915,0.3099709297001223,0.17341627200097873,0.0830235223024907,0.09284264772928875,0.06372467227155353,0.10487429882447301,0.06159608076715776,0.03743972069666305,0.04600070081280585,0.043518672911821106,0.03340677542471298,0.03121503432985061,0.0224924316384323,0.04065509065490764,0.03429284633721173,0.024475878375302882
-0.16817276233654252,-0.42578525020859254,-0.4250108738263939,-0.22574892508766092,0.24686118797957396,1.958778614121091e-05,-0.21497640765109774,-0.2199995745140686,-0.04022248280559652,-0.16846560475869515,0.013277220712659275,-0.0604264405978655,0.03579168638892155,0.03163885107272289,0.02359783397022172,0.005570977114563909,-0.057525529366997966,0.016308624161928586,0.0028583378111575832,0.015542501212886264,0.1282727037477868,0.3666491920065413,0.26667664419229287,0.18438605555561563,0.1926105529480073,0.06673750368632925,0.15870499326369827,0.16639775490080574,0.04018355816580615,0.06678609880154196,0.023382011868197907,0.028816331882262784,0.030340018950869033,0.021988757406568107,0.025674527474492507,0.013974022318168484,0.037217857949025816,0.0253283533762426,0.01850511717662859,0.015611610455565543
-0.5097527698561874,-0.0031286300015994145,-0.04843986570355117,0.016639451109080387,-0.10906221749193733,-0.02233417303653355,-0.026034792901810568,-0.05364337088892279,-0.05815805540928976,-0.024249705218045117,0.013463254528254013,0.027095610007299344,-0.03226414868514297,0.0008306890803948426,-0.04061881115479318,-0.021799316622629586,0.012571062209053352,0.0007386126381196465,0.007340311572167419,-0.016554689671468545,0.7211693360381124,0.1768263831452069,0.21596851573418085,0.11677302387543236,0.1750931986139486,0.1395850873303554,0.12438267854674631,0.07056094424171418,0.09773226224070819,0.06790858113802728,0.052714602189808994,0.05273900224585014,0.048166668999328,0.04712133731596553,0.04515720484040381,0.03447190283382092,0.03023271538388267,0.035626501092940084,0.026183345056902136,0.021173131018643827
-0.20149023375760602,-0.42484475154674556,-0.2317264236963163,-0.19233705842750976,-0.12557805438182537,0.06732053193638138,-0.07453307857440197,-0.0687177165197777,-0.0012492914954409077,-0.12068097909851666,0.03656720181102666,-0.12099592779404712,-0.04686281504943764,-0.0695942960779317,-0.002159333424793343,-0.02234900119901093,-0.007336051141084248,-0.0024727115032450583,-0.0016387007011174112,-0.00985501944072657,0.21970761895247723,0.541637699309998,0.2778231472032966,0.23898000028472113,0.06720894388392205,0.12375932277612471,0.149649785103141,0.11037715117265309,0.07637101103689559,0.1645926897012192,0.09454353707639065,0.16697918333278006,0.057964555561811355,0.10345184265987853,0.030957557845922072,0.03611356133771392,0.019017016483153855,0.026141942543538365,0.03660518029049897,0.024241250784581423
-0.3951267114513106,-0.04083990754944001,-0.3999708005114676,-0.18511605117995794,-0.14986160794048112,-0.024508196888028334,-0.04104102571014553,-0.005856893458845505,-0.12205788858151997,0.08749344063238323,0.025980451958730756,0.029735210015168767,-0.013716338683645095,-0.04073108405030481,-0.10934055724942116,0.01625915298847265,-0.05164341188380571,0.05204705844124412,0.001894463800914744,-0.01144351263370671,0.4214941358489282,0.2722999568259346,0.42656819941251156,0.18643123038415968,0.13355523511619147,0.11929395005886849,0.06835138726134797,0.15856069295403147,0.125471367205329,0.08230942898459534,0.04280877563488489,0.06606899050829734,0.04104563339514402,0.03777937320975295,0.08501253788776965,0.03476225438544878,0.04590375004669546,0.04983453187069464,0.0410549264301709,0.05052161050405683
-0.13366340633740423,0.5387652002253301,0.18047265974314208,-0.20815147896295866,-0.18501953287085163,-0.06730541610448225,-0.09133812831011719,-0.3269376614132559,-0.186593949348435,-0.28516458553835633,0.05084862376482946,-0.02599771469347206,-0.016790697186942354,-0.16560690897489067,0.006767273934442599,-0.03007762222460907,-0.07974579647622194,0.03542303860435689,-0.023999247122393496,-0.08828931028575865,0.14338730378031223,0.4313011284065637,0.14523860104733488,0.09396114235976051,0.0843620035249686,0.03566887684355593,0.03269585885463387,0.1647344428286524,0.0640452789893056,0.12656306297255301,0.01642481118376884,0.017306985836796046,0.011278523950810707,0.04829438190323068,0.011343151547427353,0.006969966814023477,0.022280102355909777,0.013548842055109879,0.014367362571018947,0.02496192018039083
-0.5941040045796713,0.31217576336528924,0.19993555213628234,-0.18120383784769162,-0.1635211109988462,-0.007009491825464069,0.003615885393685089,-0.0022069120953981006,-0.07993969927453279,0.07326779805348113,-0.10696644819782526,-0.05595297718243876,0.0598624083701103,0.0027322247807660444,-0.10568788244969227,-0.0026308412485000696,-0.05478204516147752,-0.05302630989203274,0.0057567468754596215,0.011966118447174412,0.5743540008150024,0.18991164036008998,0.1064701055005724,0.12622047377719214,0.04352992270832761,0.01727363360895428,0.03785100268135231,0.013109350953549165,0.034506343208794185,0.01642028145256013,0.029785915402404866,0.018906570081264326,0.019131133639458342,0.018837745675584806,0.033628363507566095,0.011919039664191035,0.014935702059262862,0.016263716052977186,0.011733774609522433,0.023347070485028862
-0.5821696957470593,-0.058595174159766054,-0.46095808956962414,-0.0405518881675436,-0.19462199507209618,-0.0015976295268134214,0.05602485124677994,-0.05517226738147918,-0.057712804121987364,0.013649713055256267,0.002683631361490122,-0.009710918558412239,0.005071070665480208,-0.035177851952321815,-0.008133194522243845,-0.04357767958106918,-0.005317584801666373,-0.003025182854055738,-0.018775651405367563,-0.018714801734017263,0.4417851854798805,0.029469682384832042,0.4207569950880462,0.07155019133769079,0.06905841568794278,0.020078398505058968,0.03951260515560162,0.023752184900252826,0.028335653757230794,0.016539542907901095,0.014297875338569355,0.010926359183202944,0.016993671951615708,0.02731101588559894,0.016727131808362522,0.028739274876625594,0.020992789281966732,0.011474476214416501,0.02275176078796535,0.04172818742935048
-0.037253376168092996,-0.3330403834544952,0.11224319448805287,0.05862124755759218,-0.13504364263672905,0.02556548366068643,0.022394320729168995,-0.027330548914068428,-0.008490809587953622,0.021321490833891017,-0.01912525563902729,-0.008602640595862623,-0.01837134204869508,-0.0026414903086216827,-0.014617837075289155,-0.0007445057250741806,0.0014884139047592428,0.006462605390764454,-0.018809115337608453,-0.02418971877864605,0.5672082030408332,0.6722798573484792,0.1925280940176683,0.08336789718162647,0.12433390849399893,0.06005870144088705,0.05354294089112192,0.0404919554068351,0.03327327667807252,0.038405429536121825,0.030136391536862938,0.027098644881791735,0.02854314169745614,0.018893565561276228,0.022242720824337942,0.020521463165306265,0.01897069332048332,0.023612623497059185,0.013888452884774704,0.017799139084848432
0.1415566384392932,-0.18989237044528215,-0.003952340964384534,-0.028655125044976738,-0.006591800073706188,-0.011439930005662293,-0.03478343090693137,-0.001839423243522143,0.0005099266220991021,-0.004611508079859174,0.004996197712909243,-0.0029620942075476706,-0.008586358855934948,-0.0013469414670737585,-0.0016978476997238999,-0.007964962267794458,-0.004645993007061457,0.00523021766757817,-0.006366829557382365,-0.006202513385663541,0.8536693368428127,0.449304540682437,0.0858421495744354,0.04123529065713191,0.0260746585214521,0.01995389551163638,0.00747403139650707,0.00974760126890496,0.006657079871442002,0.009415480366799784,0.009749815034990164,0.00817223971682011,0.0046977680357877406,0.003449828655802729,0.005244191177743824,0.0035161801995826796,0.004155671923666936,0.004092173766214635,0.0029268255681941025,0.004232957052182526
-0.2199237532654775,-0.07090011572956909,-0.033969122914708536,-0.007944296169168488,0.012751997471601328,0.004153886700785759,-0.01767764731522653,-0.03351582338902429,0.007057094878238307,-0.0019349136714441337,0.00920756987218015,-0.01977309433281414,-0.005933392789339422,-0.005148462511936843,0.007775230108164884,0.005584006363871251,0.0014810532165265265,0.008666181723856655,-0.0027571336552889873,-0.0018986446550192573,0.7174154552597356,0.6424571101957313,0.10705103730838068,0.027892128843216967,0.02368078161266605,0.02811835333420585,0.025034879375571334,0.01526221456155752,0.01214763034657391,0.012902599678537952,0.009406348017274717,0.009754171585646497,0.010125958685659606,0.013518117689589968,0.00881584708419529,0.009344184753120573,0.006614736344072173,0.0075446269315149845,0.006644095632712639,0.005001045050379031
-0.05472589412275186,-0.023330076577982455,-0.2177720518758593,-0.015213437989948191,-0.0013620533091519235,0.015121151736668401,-0.02121814833531204,-0.010777296344970842,0.018836284092055386,0.0019845141945260963,-0.04143252413168914,-0.0038085958734919005,0.0015897264195258558,-0.009451208751379597,-0.00930441396957585,-0.01869570569031715,0.004649454744815427,0.004122961084101304,-0.0091671752783053,0.001403043976880972,0.8103675955249103,0.3227224016034596,0.38505448221611654,0.12444101214589615,0.08050874456869188,0.07565341762614161,0.05254741824984863,0.03412062105168314,0.028923733285349168,0.029224374452659293,0.02287996343893675,0.02212564059703491,0.0171818828156644,0.016725308968046696,0.013213687256953304,0.021020747043602156,0.01304978832467113,0.01111511342645168,0.011973016091175695,0.01430266027206569
-0.1954117212355147,0.07925564756490143,-0.11706393785101239,-0.16106593612275036,-0.09260652657451117,-0.03716938893278131,0.05823196110474449,0.08850408203568709,-0.06771267273631498,-0.026624329137897272,-0.07410320350423913,-0.07094537323973325,-0.013156265749671698,-0.06515827509615212,-0.018528902651564823,-0.02946020665405981,-0.0060151528041727485,0.015148568223368495,0.0010651567001822048,-0.013470045186924273,0.67586638606572,0.3938899081842137,0.2987590672177897,0.2372555947952929,0.21221078567228144,0.09667436481258582,0.1063953533376791,0.10855087955551714,0.0819286796357214,0.07144403239557796,0.06117522473836936,0.07139109344527744,0.06319853158995954,0.05196488634333673,0.049267121760039036,0.037238371094209875,0.033623393869561854,0.033366340881093165,0.055878204559961044,0.03610990454993901
-0.4510003382902409,-0.03296061070260423,-0.0016009188151936747,-0.02923324258081462,0.040182886115998157,-0.07622910189803064,-0.004248533719574199,-0.05993847886642611,0.027980799471970064,-0.027158214372160854,0.009122989039752128,-0.0048873385883107245,-0.012419821503712167,0.008643465219771426,-0.00773839545968969,-0.01581624904756542,0.01731840177319211,0.02446643087411143,0.00026213444983357194,-0.009366359981736388,0.8670645023855326,0.04328709535806885,0.08904472491994306,0.05664236892893203,0.04222060009273896,0.052199530394698664,0.03842149861904942,0.035379232383038736,0.03750955085499612,0.0343394710821759,0.0247652735279563,0.02633355236883213,0.025366954019268625,0.016890630184361145,0.01221939414713463,0.023514467103874098,0.04197564113233246,0.02777092462041883,0.011502007057122033,0.01514421287636208
-0.3845524047421452,-0.4902012189409584,0.007714842820116242,-0.026977449606173695,-0.046751273720081345,0.06184295212694265,-0.033107150072450194,0.004330225393512525,0.08550502952508776,-0.078605706464558,0.0043548449602333495,-0.020252928639175116,0.03744623874102914,0.008127203373938565,0.0168081633356631,-0.018839705028029476,0.005809781117334482,-0.02943638605300857,-0.010435801819209964,0.026708583743686603,0.4747030187776364,0.5860058979315749,0.08194117458815854,0.038366526280586975,0.03980771860858161,0.0524070107997208,0.04216857321435988,0.022728494129737438,0.026714039388610052,0.026561965650093305,0.016494918953813983,0.015067232869912208,0.014837046415307862,0.00991762575308959,0.007282171347969951,0.006799152108013029,0.0059861481966210555,0.00931300247617894,0.00622701034726708,0.010343389525598998
-0.5795968370914678,-0.02572269558807151,-0.030995076898194196,-0.40609017891507043,-0.06196538662806228,0.07080784195318042,0.016840251257964272,-0.0889439069305376,0.025200572189151345,0.03416383048477705,0.04427363623214167,-0.06764263016923075,-0.025835832607414354,-0.01725013077342161,-0.039739625314967136,-0.03829007054910599,-0.019579282881674386,0.005075820862609739,-0.017142652716783023,-0.014197622790355933,0.5559981462295762,0.13067210790998726,0.04954034122666826,0.3595193047930054,0.05136204511511794,0.046760840340366865,0.021617985948955698,0.028947821922981464,0.02360007752830519,0.018624437939447624,0.023526022564324456,0.01854324329803907,0.007080045926062193,0.0066626178232714805,0.015608802136868272,0.02881178820397065,0.005921284438994191,0.005310001973948639,0.008205877503267985,0.009352228939700575
-0.4759474739758438,-0.050016000962354555,-0.47468005133382424,0.010149327224927234,-0.045349409183467915,-0.04193370130845237,-0.09264916467512942,-0.00777585021529159,-0.03480857887899975,-0.0760880074526113,-0.04618498771870979,-0.08477209412764072,-0.0517349437519763,-0.02658643853507991,-0.015756943150332763,0.04099661527398635,0.044673576097580596,0.023286685731367576,0.02273433132454467,0.037292974971262015,0.4976092256953691,0.18776081766634772,0.4638997628749278,0.06618085858140813,0.021346183774803556,0.035708783711132085,0.03174253847388696,0.014341269474182556,0.016959098870434286,0.018063583183628655,0.009590823458037025,0.017132184732235243,0.013768055739325253,0.006705159991642361,0.006642635460630453,0.0071143177256070365,0.010145273099674315,0.008039670844749396,0.007139580871108502,0.008207889655930849
-0.5378193206066411,0.020772145121200673,-0.20683360449385152,-0.14915415684244596,0.020299158061617598,-0.03542965914251112,-0.037901114862764186,-0.025315523090628168,0.041630099047817934,-0.039469131250004105,0.00438490946372057,0.026611028640767177,-0.006286388862476167,-0.003670762643520826,0.02541848597477383,0.02217181873092625,-0.011737193191682933,0.0029174418833906417,-0.0029385685479729586,0.005564660923588594,0.7552099600934675,0.20966317613408564,0.12603496594939165,0.06967013848936991,0.019048709220409778,0.009797703612353966,0.011761825595677594,0.006134492060559283,0.013083804258634023,0.012703018971569113,0.002290960685420702,0.0050433266688838276,0.005111129178789782,0.0037580167766218184,0.0064755022381867,0.004296052566237069,0.0021860373058144675,0.0020638653772331703,0.0015329999569540234,0.0016574968129274602
-0.25226918027505746,-0.5010266737023161,-0.1436365135824326,-0.08731615829166761,-0.0940096811102992,0.08951064821770631,0.04559704517813959,-0.004194190219881633,0.0025855771956708995,-0.011368927622643151,-0.023790906313906523,-0.0055106645780113725,0.007853829675517456,0.005673998135245972,-0.00016765183648254002,0.0023153127657178085,-0.009863951793147545,0.00556254699964326,-0.0047461931165086,0.004649800795833286,0.3602689364854665,0.6983341353860762,0.09388176877886809,0.05008892835379777,0.06798375309492277,0.044122883132995755,0.02908573013175798,0.021877457924797495,0.00883251104626983,0.011225107266414767,0.00752105602097812,0.004455188578470466,0.005910656958668497,0.004498159293520175,0.006156237076349994,0.00334009540431433,0.0036582230001151786,0.0032542876882243428,0.0034542054961423482,0.005060570877207665
0.43091831323935337,-0.15476789852884887,-0.4856793304799537,-0.16222434966217766,-0.12759967061536392,-0.0009853223927172514,-0.040405888838341134,-0.10072636620956574,-0.02638880882224004,-0.09648864928879826,-0.04110899405506313,0.00027280837013087244,0.00906719362692507,0.0606226200605707,-0.009024243952655664,0.0008884267529817891,0.005136812485737405,0.02711024989181468,0.025343270385059333,-0.041294172135847594,0.5258157764861086,0.29720985113067244,0.33002761425619426,0.047068200892599846,0.0516668401364561,0.011121320322945574,0.021560049022829614,0.02813195384813507,0.013162502076563328,0.029226869858931387,0.01336318112386147,0.009808062431537054,0.0025418830502351316,0.00972144154110716,0.00277229933439469,0.0030153070413612803,0.0014390784569994865,0.0025083372517207144,0.003241835139718025,0.0033799404531556893
-0.3561736203230057,-0.4400428741110071,-0.21176138784631204,-0.18525222695139562,0.07763696671158374,-0.06245546966937962,0.04969988262065342,0.05118123231795128,-0.03920626965016561,-0.05289368753643003,0.006727723922533605,-0.021021200030822685,-0.03703019988851303,-0.018274669159573265,-0.007094639430694176,0.030429912253713647,-0.006062575152455221,-0.03930978307910017,-0.028102085373488742,-0.029026819126931096,0.506237540693723,0.5359529527519455,0.13939554827883374,0.08838644640694203,0.04075929890879747,0.028371334564641523,0.017317465987252423,0.013154531849489953,0.015767147718437763,0.015082071174343032,0.005381535613207164,0.009598906469091366,0.009516346227217929,0.0063658378763162,0.0051234626833883195,0.005044106398569553,0.0052223498596961305,0.008055988157363773,0.0036785383468633274,0.003948398305575381
-0.4558351912981213,0.39156681928624126,0.10017147948321758,-0.24745113639046337,-0.046387980849705836,0.03551616765868949,-0.008300692112631928,-0.02711651825918557,-0.05582033828275018,-0.04843663949852316,-0.010715721631286175,-0.009278020200089263,-0.026459812175414092,-0.015511216950133732,0.0034938832467262507,-0.012079077284067733,0.016704221283399958,-0.0011557702487582163,-0.03414285573021284,0.00449997154851857,0.5377593920975531,0.48996990164463056,0.05779518906590052,0.14152649510140697,0.03288700564964196,0.01689698690710378,0.006378684846585901,0.017301529194576268,0.012838121595391754,0.020037220363244197,0.007874705881846286,0.0052419630052191885,0.008920482773874106,0.004627398798105446,0.004261009376761249,0.0029225028513040303,0.002405884045889168,0.00173692484247477,0.006715829063815031,0.0027516334422379818
-0.5345187394164028,-0.15023451454377842,-0.29713545068245345,-0.1002377333829214,0.02529695519123917,-0.06914139229628702,-0.05864396213627314,-0.059418741763525414,-0.09697346265814484,-0.02157346701563953,0.03256711237907317,0.08279217246964062,0.011106255527808544,-0.02231282018624395,-0.09443904418493847,0.0256102966979279,0.024957212533288965,-0.0015231745665985833,0.0024304003755853698,-0.013514515131666715,0.7002853162746294,0.12123304384621625,0.18261497988152112,0.07442177366661977,0.04798842433602691,0.03234735514700477,0.03730811678267359,0.028451239440288698,0.026263453376105094,0.01426332800302429,0.01321314833375794,0.02658930630456802,0.005944118314533164,0.0063233851040100176,0.025185498334556345,0.008671447164927314,0.006777164873023803,0.004226900613977989,0.004304002455423064,0.004660653569657446
-0.5823473749061143,-0.09974447752654031,-0.066581683758154,-0.05696064225334348,0.043415939385499834,-0.05053112948564282,0.025685901349214738,-0.08641382939609811,-0.0033500104823058143,0.009923936974200988,-0.018332993301600504,3.992057012890034e-05,-0.0014735655845248886,-9.614093961152666e-05,-0.027979557021292692,0.033437334593736066,0.023395042523229118,-0.017891891739160608,-0.011206162728994131,0.00946107232584269,0.7703603297465156,0.16099168277933346,0.04476886136448343,0.03404782567725121,0.03306266875187858,0.029689202846128103,0.016818075277854446,0.029517863383329856,0.007548739001290681,0.019660247733868163,0.010382657365239939,0.018533860088350236,0.006174535822904314,0.0018757114074200226,0.005813847119507852,0.022417995185941123,0.004381410929891865,0.00816335708521408,0.003993179280466893,0.0027993901199679983
-0.5954146000822411,-0.04537250263344939,-0.15796990740838718,0.060238151301972735,-0.03129364541722914,-0.07681178720883404,0.010176534050268735,0.05264425842797336,-0.03433647307492051,-0.006140405734730904,0.016477476000075948,-0.004645282413005225,-0.02254410354731357,0.02303645849870267,-0.014878539787650283,-0.02791455091919853,-0.0004875434011644165,0.004999498058058772,-0.014059018213981703,-0.009683521023453955,0.7645378623546205,0.06655349117353644,0.08641846749985552,0.03936816392758756,0.01032615423142708,0.043707914408598426,0.01843920820664679,0.020800715046388096,0.010332946127934632,0.004188690531778013,0.008790776020940404,0.0054359941890492125,0.006425595128245816,0.004449280107558258,0.006202540998573078,0.006223546194447787,0.004208864795465981,0.0022943393062630213,0.00805378710947862,0.002630034899145458
-0.6449902839328439,-0.3159806246126446,0.11917579704757017,-0.10995358124679375,-0.14668071128031374,-0.06654596037414788,-0.15918571555778596,-0.0847172051528029,0.011449034778030958,-0.021823279364210166,0.0026331758203048212,-0.09414647058662948,-0.012155674604803378,-0.0289606638465443,-0.0007566547985824427,0.000247518899670343,-4.854585386896166e-05,0.00026254544531065813,-6.885832533350289e-05,-0.0001899412878514267,0.5954942421898781,0.16209802331193152,0.03505466502098427,0.028742919740128024,0.043192038595699624,0.016838908873705382,0.04647302893003942,0.020980365807229045,0.008701892817081825,0.016056334633409417,0.006143229447069611,0.025435806573723015,0.009380875210294527,0.009059686570762287,0.005746715547938723,0.0019181026357479032,0.001560489016316726,0.00136339655939402,0.001249780403451507,0.0011482785109466031
-0.11769497006128803,-0.30858101968364077,-0.07162389278721727,-0.013926766776126255,0.01312996103678279,-0.043136536445808095,-0.010924864607507587,0.0070715122589866545,0.00043352288142179643,0.01128070190491507,0.007843026501666194,-0.004461994894631513,-0.002681502064429865,0.003501221394094333,0.00026482298092355273,-0.0067104655438453885,0.0016115305499502443,-0.012601767437354076,-0.0005785960351550692,0.0025671448586017435,0.7737212795082178,0.4728300271757241,0.22188684073299078,0.0565066436943121,0.0516354522063727,0.03845579429159492,0.029683686511517354,0.034741598040510774,0.02495108204082636,0.0173519136012357,0.014969311247671018,0.016391143766946274,0.013802360034881122,0.009126952560693052,0.01129321770471144,0.008880423509220699,0.006660023177045677,0.009010181014500959,0.00635174542022255,0.004709468330600231
-0.19610216488486581,-0.11061242842123634,-0.03226625392235747,-0.004839273337291957,-0.05181238734091017,-0.0647577917787599,0.0298824732605847,-0.024948450779768903,0.00956494199199111,0.0006975519623416128,0.01343402952002059,-0.02353083555802569,0.011158093888380098,0.01603799260301612,-0.022817904206136077,-0.0031190464393336587,0.010579831903247813,-0.0013893269353809818,-0.0009177853861540519,-0.007972693527328677,0.9179847473365393,0.19889100533321957,0.1677033542749481,0.0831672805579882,0.06113495252837848,0.06117569869801424,0.03959214126784341,0.06134207053981528,0.02747907941763807,0.05629591571620324,0.021026355207543354,0.022742944351440274,0.031772102498021974,0.021874884507236896,0.024798483176301796,0.013258799006016012,0.01461577409922852,0.01343462526631339,0.011015544399725002,0.012298456098407958
-0.3655329714380568,-0.3496905772847637,0.16495191126093336,0.05464055333772597,-0.070605515898347,0.01102837809666582,-0.04733145970012496,-0.19236894915421449,-0.05598890387366333,-0.027996442297928102,-0.03414552925866555,0.03420208964924214,-0.01388879656617605,-0.038473709174586986,-0.003407771130633883,-0.07719172652096588,0.005558035832453742,-0.007028493360560207,-0.011870358115232285,-0.010759521407299927,0.5818397686636081,0.31408433656045587,0.26656468869256145,0.13779700346913365,0.12067378286501478,0.12200465295014047,0.10229537140134068,0.19340025839260294,0.10811595583071344,0.052198308814607214,0.10589397834191923,0.07103575852013859,0.05917581266416789,0.054153679249433616,0.05368607097279525,0.065307193532165,0.05724969231508007,0.038597951479748135,0.03508526554098954,0.02280919278912667
-0.3426988781740971,-0.3147303592993865,-0.23575311788053885,-0.0060575460510883805,-0.061798790150101805,-0.00679787529154527,0.08288220230105514,0.033679052339135165,-0.001429704741589811,-0.0015983946062561288,0.00903686530448398,-0.0042867508827819974,1.538373076056768e-05,-0.004826615723692826,0.010197214858979795,0.005555238455694388,-0.00616933215072795,0.020373153307279082,-0.003326984090857217,-0.005449436580195145,0.5997804995268978,0.2671266252558044,0.3317210186606428,0.1742946547946535,0.19088909672272886,0.14595468492105604,0.13303737717662636,0.10766170133529639,0.1073408482518032,0.07734776535475085,0.06693734942833075,0.0652484031113482,0.08679512083644791,0.04192567633313178,0.0846552995869979,0.06310078588456647,0.052306490548370894,0.05687817350026559,0.03561745162844601,0.05288115625480883
-0.3352630145292164,-0.1659277234866942,-0.2528219489619025,0.007155289221867385,-0.17212583171362789,-0.047361579923258276,-0.17239186017217017,-0.016472711093167402,0.01058983001278456,-0.09216197012479378,-0.04622731075117184,0.02292068752283822,0.025332500465752614,-0.01606019693357914,-0.04720943993782149,-0.050787321937266545,-0.009162541149614458,-0.011879264070407389,0.02654067097949145,-0.002285096212857156,0.4415331915789206,0.25993146563606867,0.4006218836696321,0.2951010359549628,0.14933288867903058,0.17511250960886768,0.2543269301686443,0.09533722213410449,0.14918585045827762,0.08275198077385977,0.1008778886646279,0.11344122902471344,0.0815516587907618,0.05709492485990927,0.043559589586212824,0.0635485298081365,0.0641045397530958,0.04424884232500693,0.054385288109492086,0.04969450316943255
-0.22609403410797332,-0.08847833054735309,0.0371389962145181,-0.014886158669200063,-0.06766731640413517,0.0058825844437562745,-0.001250762266808925,0.03888177022093068,0.004236410967187907,-0.031456655353534486,0.01375526533332944,-0.015917714804029655,-0.0059924509151502905,-0.016368897772901656,0.001871785566104633,-0.004054410835553727,-0.005395205356681615,0.0053513159514563995,-0.00187209018950522,-0.019165002877287687,0.8926646998546631,0.3252509451469166,0.0942259923755624,0.03955718792871932,0.09281788839863178,0.03362058121303854,0.030183865927866867,0.034663493271168286,0.023224636706843108,0.044487024718691585,0.03301547564236578,0.02984804118401945,0.015759151215274176,0.0177325049201949,0.015310925342670914,0.017350157404467836,0.012527962135182329,0.012496016101796374,0.010402889493519472,0.012810277960191224
-0.6255574170398022,0.1959940105451846,-0.15487890030409104,-0.01064840381187992,-0.005562881367427686,-0.011640971198628927,-0.04343993286761189,-0.024507476502075028,-0.039335954691452894,0.008182869543102857,-0.004389737207438889,-0.019232137602802207,0.007246632649322173,-0.0014814815143439936,-0.017624330704110985,-0.007212347526145044,-0.0049203629893628965,-0.008230028075438352,0.007198574801235123,-0.0028866177982994827,0.6933246346078263,0.16398163581738032,0.11446025199987199,0.09854525106920761,0.021892994720550098,0.016986164697943576,0.03336743379014655,0.01709792632284995,0.04774475364536425,0.013827015079585118,0.010914425991900886,0.05621619255446067,0.006873636968654426,0.005118208918498823,0.045000930207039595,0.009504769147180351,0.005443707203943292,0.009214017172369263,0.012632347105850159,0.012183321324862051
-0.6002134285736528,-0.0914546149370331,-0.163793199000711,-0.04325134915584856,0.06758581135139723,-0.0019433602520795767,0.07184528843235953,-0.030206709377726747,-0.05206668768688075,0.031680971994577777,0.01097104944946893,-0.02622020456910149,-0.010057517702906015,0.01842280218712429,-0.0077404951121093826,0.007288741531683691,0.0054206990196505305,-0.0012436704634035448,0.02083431932577101,0.0002797692179577306,0.5701304239020852,0.19582066508196572,0.3881637558754275,0.15993242210438482,0.05872391056863309,0.060731168734861445,0.09227127259245443,0.08423656339241736,0.09652793742662255,0.03212794475720996,0.028097812392326813,0.07308925546916643,0.047365704282710905,0.029204641469803647,0.019908987593323393,0.027044663238415093,0.022446160716007094,0.02452392055829298,0.04464486234584456,0.01730802700063862
-0.4643149871241336,-0.401578952807768,0.1191578279486897,-0.09138480921272074,0.012332815977482392,-0.07406525449697478,0.04519390096218023,0.05027381163444274,0.015744401406920093,-0.04452537123609446,0.007106495635302583,-0.008623066161607544,0.0004107293362959088,0.025624203624991636,-0.0019626419664276243,-0.022528556626264216,-0.01923814810460669,-0.003598382276255611,-0.0015647426726290191,-0.007270696875438726,0.5926429382177205,0.31813444156257825,0.19747407540404302,0.1761802588797069,0.0866420058443586,0.08198997891833681,0.07057699038334939,0.1429797163741879,0.10490247472619199,0.05772285616590155,0.03719254623620047,0.04290276939840457,0.042827024545567804,0.03828756388895854,0.02221047820101471,0.03145698084203399,0.019589681913281424,0.030325421377429815,0.014168395375384793,0.021331923023077203
-0.6388053703539747,0.08757074903339482,-0.2047942282076381,-0.013569191187132805,0.06194779038326243,-0.09274581723974679,-0.09216239341083286,-0.06261660198907817,0.009375148038291783,-0.006788480244830511,0.003291097051204912,0.006072321251322371,-0.013494158290988777,0.007556187337694078,0.004252067459126847,-0.008201636908963774,-0.010140654472600444,0.003915049710642517,-0.01691666497825757,0.0026824495921890933,0.6562848673113473,0.09183058371909564,0.20582960751696838,0.052192459075116236,0.04764107448780829,0.08579279818453428,0.11122015203133362,0.06067104032173426,0.02506987400878284,0.014628657193259712,0.02638147171780364,0.02146352905465685,0.023511360716913204,0.0189339476965862,0.018534490496595807,0.025106164403889256,0.02925786755484511,0.004848130423692313,0.03289195271537942,0.024560653158463088
-0.424706001485461,-0.13729769267177983,-0.5151421492483902,0.12752853799150685,0.05519201524107316,0.027588035865009436,-0.256166666057141,0.010694126193099365,-0.12264938296299593,-0.06366189352779668,0.09604739461794627,0.06463120854342069,-0.03335423549389152,-0.05663731511170398,0.041919434580750405,0.013815619304130616,-0.013686076310676804,-0.008378894202681455,0.0538009653133681,0.016675136758122183,0.17624027338701334,0.04806566932786526,0.4768475881806608,0.14950630146115024,0.12740206573393048,0.09153478035050328,0.21637339484549956,0.06436333828479367,0.1067323945536879,0.0844952810149464,0.08189059412959337,0.07889632983724656,0.05006715974779525,0.04730951792340303,0.07720905113025243,0.04066501837030385,0.03263782289812051,0.025959898006149514,0.051758553488505,0.02198091625249439
-0.37547683974754437,-0.49246253111021804,-0.24682106960441885,0.11437283751227878,0.1456962110914296,0.09991075026874478,-0.017735426086528804,-0.0005834748296386555,0.04370220184283692,0.0198975515066675,0.03275836888408369,-0.03743576345473515,-0.01455544230329299,0.0012636131575790184,0.018990901773043623,0.01990526957808168,-0.001249205766435564,0.005551079317991869,-0.002085428123598849,-0.012299755235547013,0.15834987307835613,0.5305129725976807,0.3126764881529955,0.15247307153871442,0.17960504869619195,0.13257014398941083,0.07296641105232635,0.04194659111500291,0.06851254270783541,0.04922857813313138,0.08544809565333414,0.032875791001852436,0.0419780871089056,0.011126397461550763,0.031815254237660746,0.017724528469862205,0.014391695778643611,0.01913399189437655,0.03091692378593124,0.01849652021383057
-0.36843189093275536,-0.5710065175083892,-0.05245066045179894,-0.08953373134033102,-0.16121556236733503,0.004867051125706439,-0.2483460767217263,-0.03172761459530044,0.15282344210792354,0.10050163123383321,0.019956124117142336,-0.029084846140611263,-0.042449673879432104,-0.05528732041221814,0.017337120986482372,0.020155918831180168,0.027526005844026702,0.0003067582217385226,0.0010362767319593844,0.010321615774464336,0.2191859846762552,0.4719055164574238,0.062398141389688244,0.11070072633557973,0.1287559468557174,0.06405196770112095,0.22480242170875364,0.08377452608363946,0.11769121492335935,0.033719094953138365,0.0725067541586964,0.03341414852017102,0.0508374518906695,0.03859301820602994,0.034310207113050245,0.015826169035661516,0.021781091653336176,0.013665128899706074,0.035670818632457954,0.060806059050930374
-0.5373315625301253,0.23978173187644392,-0.15507005634841187,-0.0618664505728813,-0.18474023632479686,-0.22215856228275807,-0.07225695708558272,-0.28576849698111756,-0.017571823358966638,0.09292455146586706,0.03217787050691825,0.03897492143200365,-0.0033203343307639747,-0.11810502082018476,-0.04966486113393063,0.008052612193529861,-0.009974643147934767,-0.09626882502738904,-0.0727825759876311,-0.049888755850752274,0.44144051935561635,0.14389136482145556,0.1384956266818953,0.08234228783482953,0.1354707554782302,0.2736297714934138,0.053999021265695696,0.17594856144558346,0.09384498835434268,0.07605902174351044,0.0645654817949207,0.023990347700827072,0.09099257686716392,0.07385917603916033,0.03394026609194732,0.02946942988400251,0.016984321952103823,0.03969872220523051,0.060969612216242024,0.032958113211318106
-0.4206662406968447,-0.5154863564320493,-0.1658773336597817,-0.07408858362907365,-0.1758250250915284,-0.19239607878042148,0.1730669735455455,0.15269766757968448,0.005488333465803314,-0.02307460810576767,-0.003487287685563684,0.02744330768531731,0.0361894359180091,-0.019007315575897257,-0.06422554311290501,0.01809950227812987,0.0015684686195387408,0.025384113449549394,-0.042519712267584435,-0.010571522570918169,0.2497618546418034,0.43171222991808983,0.07656596552939292,0.05684491676242052,0.11707179459371873,0.13477675306829834,0.26070935878824825,0.08961886122798032,0.04418162204184508,0.05599996129149836,0.04366198676688189,0.02431120823394286,0.052135636949271126,0.08689749460259308,0.05134401924756171,0.027810990701046732,0.023134122446572696,0.03899933121428522,0.05763213894365058,0.026990231025627302
-0.3376508266943237,-0.6098434932763946,0.03294282895017783,0.15506229039660668,0.03643283448813428,-0.010192263592101526,0.04267364299393295,0.05978496039144157,-0.01049400935779943,0.007891425101204833,0.023119111388586095,0.018973740706270243,0.017239961503320595,-0.029203411614479848,0.022030695245974046,0.0003645360610526871,-0.0029180082421550895,0.005068117563481829,-0.0011865524521468772,0.000328850084657041,0.26077850543188513,0.6245439007374389,0.06363066570095481,0.11066559403936307,0.018982237125975517,0.018027151103317016,0.029568527971272792,0.02272769858507451,0.019141781612357894,0.01356510908381272,0.024536494342479977,0.012734779786516494,0.018840290769801146,0.022367649956438227,0.02081398509627811,0.0063483923869015095,0.00627272905861117,0.012786671532128244,0.0070419399576927165,0.007769375286093986
-0.5307756825166637,0.45819849612636776,-0.08210540303101159,-0.16228919637968708,-0.07279828019491048,0.1264199079115479,-0.054033876884710806,0.09626874807628984,-0.034559705603041946,-0.09172124097760685,0.07498308271873959,0.024829697884328514,-0.010157252152489792,-0.0065284050737789675,-0.009537761448731629,0.004478364058894851,0.015080690235292687,0.004797367461828316,-0.005604231721903117,-0.001203326436689322,0.35454048122559906,0.3332040645255566,0.2095948522890983,0.17476985175407772,0.11733050000525058,0.1537867242196827,0.11277938736855757,0.11415892280408445,0.0625773482249432,0.13124094057207703,0.09838786099491284,0.06965670945932231,0.04370754945561423,0.06594802504148058,0.06273393908930688,0.024539553628678566,0.039162074294761214,0.025943195818715938,0.042212777553234986,0.02392093188764993
-0.6309758911545069,-0.05519802244175577,-0.22648427936591736,-0.24220730695493767,0.030962590601447185,0.1811551307624632,-0.1906097700914415,-0.045750295906081706,-0.05193489302376881,0.03530426072938548,0.0639159664772157,-0.03475791220413683,0.0013719063557300713,0.02607055542050589,-0.005652916973323145,0.004338756170644111,0.01191735068055275,0.012565815486227766,-0.013718046510335454,0.006181086889376208,0.5582110090607895,0.06290335515782972,0.15092845928076826,0.17308257394978027,0.03815080071517846,0.1135346110642203,0.1192484012697464,0.04865605861485491,0.034867579815458856,0.04386513666160169,0.03265886187007559,0.031246250892386748,0.02081657050182314,0.025625068002233176,0.009246127285382419,0.009425435634794728,0.015706890253280748,0.011081923775055394,0.005089930576799123,0.009866181095329983
-0.13295723954885807,-0.6025293277035065,-0.047050002037778565,0.12815477039697037,-0.19743061872662174,-0.06579877259648777,0.15108504273341358,-0.1894619079924512,-0.060508648954109824,0.056137083473279135,-0.052315752655545014,-0.04094476069480176,0.043815120596609795,0.040381988336011414,-0.0274030932561198,-0.014805671400184548,0.012789806358593272,-0.007345043358981761,0.002940147422187798,0.0006154129753901449,0.049184218051813944,0.5469963969459921,0.14026302483810857,0.16111955475033418,0.19408577249507603,0.11528175811186148,0.12916678984642854,0.17228908807940232,0.10694680942198158,0.06855346251977742,0.05313651738808384,0.05352396919945448,0.061652724785599536,0.07070281175205902,0.03874503832960214,0.04817186713899094,0.050191251924997654,0.01171854989464479,0.01458666057299479,0.027181196096291285
-0.1542494094406989,-0.024327600558536704,-0.15687118995720295,-0.03158263445419818,0.01952585078883071,0.05060679160923203,0.011212851041697112,0.008266816046674065,0.02109294780231141,-0.02543480468839509,-0.026416609129677603,-0.02075524776521773,0.019856872109972095,-0.021306201209817445,0.0013445667012876572,0.007096511774618954,0.022941313430592854,0.00875232662618683,0.02445393553493846,-0.0009414140227173203,0.8506455453689438,0.3902642850724277,0.20939042450861736,0.08137000478332784,0.0635227308251931,0.05500053352479617,0.04621538727507458,0.037715734515776,0.043276232016707265,0.02318028430202879,0.0212056359329945,0.01740777024679847,0.01180021101768492,0.03287941259810075,0.01246844809034401,0.019305750440225432,0.018455660393806247,0.006550455161986547,0.015511045945354948,0.005171224802381123
-0.21154637211646532,0.005900198892991192,-0.0763747535071456,0.006917653243850875,0.03673119575559402,-0.03777061533987759,-0.016309837107637636,-0.03649236895565672,0.003784140537315377,-0.03860763272538728,-0.02933105475843424,0.025074688452696236,-0.022836677175986756,-0.016102713271353666,-0.0064914611540421285,0.03152527151531247,-0.028815983122342445,0.012431141303325453,0.007211694847507673,-0.011371889353323568,0.9547223675330976,0.12064069644353494,0.06737446413854052,0.04954171162985907,0.03925854843712565,0.0366622523111074,0.0215738072271954,0.026895276875223893,0.01365458164528898,0.012825675996826113,0.015668358575799218,0.017321505299483415,0.008407541680655613,0.012240097119654033,0.01260026100590127,0.010332172093652931,0.008758396740698525,0.007240368880917202,0.005868044527936917,0.01786160940719893
-0.20466033002259115,-0.030451362503551124,-0.02698804083757258,-0.0353056075121252,-0.029890552909410634,0.06814506565179604,-0.05251031579986684,0.005715328218364311,-0.018802136039695567,-0.018073294120737455,-0.0027941700393351496,-0.003909465023541154,-0.028856235443945135,-0.004701342558619717,0.02435912477982459,-0.004324881779849801,-0.017369309391059785,-0.0029928917090829145,0.004167316059327925,0.01493057317952397,0.8943104863205849,0.3245840860394129,0.05559415358048997,0.06027328144254469,0.059335776891667476,0.09415452513053361,0.08016314735452679,0.06958300466359126,0.06910440045132195,0.019850510000742814,0.020363144594994737,0.01588926741851503,0.03098838578276458,0.013366539198809582,0.023826986227786957,0.01619333022511848,0.016823934426138873,0.011831135596200896,0.017567883504181703,0.010161702049874995
-0.52318971478384,-0.4872019097929718,-0.08104112369509087,0.01805064805413425,-0.27284221813728077,-0.14361381056861397,-0.14734000257458427,-0.14780759436022353,0.035129539918481945,-0.1404883191823434,-0.09670949482649488,0.050006228365817286,0.0010582742138517968,-0.006580829067933849,-0.09372812143903471,0.05510307520192169,-0.025565387078100174,-0.010271933331562675,0.009925063439357541,0.005103364495417956,0.3460863360756588,0.33270864156781926,0.08582262987932704,0.06699954174231978,0.16959714068720222,0.05957316017706224,0.08911966872066483,0.04953035851284959,0.023037358407635225,0.049997311085047326,0.02937592588660688,0.021451423483515985,0.018639039349593288,0.0315374093078926,0.05114694790431694,0.037729327986102075,0.025178277409078516,0.025611540989598287,0.037438937727844825,0.018866208860720945
-0.5460538312925438,-0.10943961691557341,-0.2846736444352979,-0.18085053127332942,-0.020433439968360674,-0.10586414418582321,0.10612944983068075,-0.025932361414535216,-0.06455909162418338,0.0381595129040308,-0.013846866773892024,-0.05983336844481635,0.017796273546121167,0.0406151703806973,-0.01558592919774015,0.0032988511554224186,-0.02184991035978051,0.020993215589291403,-0.0020867417529671943,-0.01091061600113182,0.6478901208193951,0.15805784343351803,0.25502394138755496,0.10459879564957736,0.04155061079682595,0.04975990088249887,0.05026010861018712,0.02889791926993226,0.041831486923198546,0.04774156785399581,0.03944101874502805,0.03982414831929664,0.029783465187914235,0.016095965608966194,0.044542421991225406,0.014560503335543202,0.021896437754315868,0.019795139141918976,0.011721764824762898,0.008765400985329835
-0.5385432937551,-0.08239984508117568,0.012066488616759725,-0.3392041636648471,-0.12997365737176625,0.22928826272458605,-0.13112051241257075,-0.09604156833535903,0.0532844231517942,-0.06478520115316289,-0.03799668372477014,-0.05851910737584329,-0.1489737923236837,-0.020185716097734743,0.03071677100944298,-0.06108971383789057,0.03595427101963115,-0.011543809840191523,-0.008030008650912185,0.02103808901740616,0.5757082893645562,0.07416847382134333,0.08571366924651026,0.22880553636766768,0.10455563954384389,0.14603605350623347,0.06766723554018966,0.05259426761944782,0.05424375471640903,0.040588540835589645,0.03556276486103593,0.03917652289619014,0.06264744136240047,0.023947922172464473,0.024979996080690813,0.029058264752731083,0.01659826353302437,0.01587776238021516,0.020241469226183247,0.021053861653112335
-0.5519197177869342,-0.27338422848186494,-0.036585175964871444,-0.049288109756399585,-0.0351492761811078,-0.1528262998838229,-0.013017487432557756,-0.08416615859298439,-0.16626188832996341,-0.059003753229263926,0.04155184159891034,-0.04687014960177439,-0.019472391797782734,0.05315694131344015,-0.005298017043412618,0.09810699085786302,0.028526051627744502,0.034906850526205284,0.0009684611266402935,0.016616041944577043,0.6427531055993383,0.2787122630709803,0.06511235992922153,0.06621564873095034,0.049947549071980776,0.08312526151280358,0.04472945742194465,0.05914631794713293,0.09600461891315228,0.03667010036810903,0.0423929358156629,0.03713142130699873,0.033617329504470536,0.03584571954676017,0.02202663101158275,0.0433127308885852,0.023434767879767296,0.023496598431241834,0.02002952781265313,0.02149981301317733
-0.2069064539014397,-0.642685183864106,-0.27892971262714583,0.053125632402453715,-0.04813094832601734,0.14431518179182068,-0.014276016495200522,-0.09951662309708177,-0.006966978682014196,-0.0017925339741334618,-0.07647564978359397,-0.09741275565727908,0.007936968413338316,-0.01875636594665537,-0.005297057967860124,0.005320547217462193,-0.012774501430926248,-0.0006561608111472664,-0.031560332120393914,-0.010882622768563647,0.17387600422988958,0.5810045856449442,0.1671011319927206,0.04584886884038829,0.024304061934345658,0.06985697212338206,0.01748305388211285,0.06732522284763502,0.028112755514026137,0.009156403521076136,0.027810651518951443,0.03714735864700547,0.02511917179946666,0.007583160884841864,0.00723392644824916,0.01309480900867901,0.013951126689153917,0.01908654110359547,0.014541366932070521,0.016983185697712594
-0.47429509445439166,0.05959051790157464,-0.3807138864110229,-0.05126637405919911,-0.13412561664614034,-0.19591033667505692,-0.10318989124014077,-0.1732034855971391,-0.06317389705581387,0.008841078643249217,0.018541161116602534,-0.05521903046115506,-0.005354427286444237,-0.06519284599646949,0.04144079048676665,0.09650282882139848,0.04157618231801805,-0.042550077021406736,-0.11362612947859886,-0.03556744929733151,0.39115229511834054,0.21101475752088342,0.342007513432313,0.10441020876909486,0.12316208282980164,0.11947213649483046,0.11366256633706026,0.12888252065921696,0.09685303828256578,0.12643838463389873,0.13459610564911248,0.06571265886938549,0.05650702736695294,0.09807086137963045,0.0650887950932489,0.06624924289399556,0.12469151956696865,0.05576349727668342,0.11431739433365701,0.032916138084449174
-0.06729067601831333,-0.5899561378952743,-0.4204875040088158,-0.26264293624437646,-0.10049214396390085,-0.06292411039047185,-0.08698462956525096,0.02450333844095848,-0.049342599428315655,0.06297302383239939,0.02078888817632848,-0.060472977931576556,0.011202057044507843,0.006996290462112194,-0.028160551153638164,-0.006983901808951065,-0.01709799808409303,-0.0003773479048519486,7.340302386190208e-05,-0.0002660960522955541,0.05837350239910234,0.5295248195559252,0.2547026270946999,0.1260916374818504,0.031217316561605514,0.022258812536489054,0.023575368807702314,0.01460652454214761,0.012948195408411493,0.014035638424343909,0.005273445003570036,0.013992501719389646,0.007920649539207505,0.0066077378477914514,0.004369338394870471,0.005067865346996843,0.005870451991457989,0.003156681644367177,0.0023047114271825377,0.002180562532729232
-0.4795068494805687,-0.5627613661419265,-0.18269412559646586,0.0025204145777451893,-0.18409391235819092,-0.1683645298622761,-0.002928969462265253,-0.04242979550126857,-0.1762197327830524,-0.018443692104554918,-0.03983566060128213,0.017325701923190596,0.0048772145013031,-0.06672001508726916,0.053308431708889256,-0.06033950325058257,-0.006365962205517312,-0.002281951123017107,-0.0035394714848163917,-0.0009486726618289277,0.3514687772612973,0.4144169535880546,0.06393047695209138,0.019192298099123678,0.054763332374467774,0.06499661302457165,0.009931144212094602,0.021225216479829122,0.05239324878938519,0.007285630229217945,0.018778977055475005,0.01214125952601119,0.01103580642323488,0.019427972666261777,0.007867901054295964,0.012476510481557646,0.0021571864971854948,0.00788149583109168,0.0063257992212292,0.004882445768779857
-0.5095557061100443,-0.017789747463708757,0.016186729593315588,-0.04970257850513398,-0.06573203901141349,0.004120978212285163,-0.06761300362449899,-0.018668889270167337,-0.013927772689436787,0.004523057071592953,-0.0019243146590278014,-0.022617268829322912,0.0019726671239494436,0.012146715267730621,0.005982408620385321,-0.0026039103970468018,-0.013116520070380748,0.0007087754847700279,-0.007016930751403946,-0.005943229480203412,0.8430428650570627,0.05135911186123859,0.057873731441621924,0.044265871198206165,0.044773745889997565,0.03227884629327976,0.03769469489086947,0.04274634787241193,0.01764393761671157,0.01710633617361636,0.014884713460961034,0.02304005539833837,0.00947292947320525,0.010022603996504748,0.012991236783294616,0.007137361235079717,0.0072555354877769885,0.004669916887708235,0.006209589186070293,0.0048746217345291155
-0.6053776191064822,0.09641018436435402,-0.199096978565089,-0.05694517437056045,-0.26700107637149584,-0.05338955267879841,0.04856203771330602,0.057413565461676766,-0.04481293238283288,-0.017063237324918157,-0.010018378730550729,0.05724193900986242,-0.03296565916940492,-0.017919214480542556,0.015411820889735006,-0.03320325915034785,-0.015704229301430055,0.0018146559559478925,-0.003515778183558102,-0.0004186916906345947,0.5543089621599169,0.13661930678868076,0.1733757183081534,0.08102344117218566,0.20586387128395794,0.07194211548484938,0.14073191984871541,0.050662037249914964,0.12671677532784623,0.12736036530300915,0.0404375555816085,0.11966493709885732,0.06568528258637334,0.03847420184286021,0.040197280703749186,0.0370323777060241,0.03704251398379913,0.017841828728926624,0.03790270929211363,0.015578063030219384
-0.6146042582266956,0.0893465921597796,-0.09372455650911268,0.04074510992548689,-0.16772599157128817,-0.1973775827329776,0.0367246439298827,-0.032280802893744916,-0.031236960069073477,0.02881688166730094,-0.011553001895921374,0.019067757322489404,-0.014358820953986799,-0.024448793944963944,-0.004832451149890341,0.0003695031080202185,0.0019869617321828822,0.011020300611819068,-0.0027964013641401677,-0.001234727055150837,0.5833598166799726,0.14819745679769186,0.1485064542771492,0.12464199958862089,0.12320503012212287,0.18130884586971138,0.08562662616388753,0.19659007500108053,0.0861159616875568,0.12286229280651921,0.05093851948244614,0.05532661304357998,0.02798683349744211,0.05535130328349531,0.02301852814897862,0.021719407557252778,0.02139715071140493,0.03304705089147889,0.03151920038911829,0.04045377960172981
-0.490799029946211,-0.5112673700929722,-0.10350989782237759,-0.023313011835519308,0.003817094599027019,0.0423327652355072,-0.05332038752525403,0.0832966849036996,0.022305451042188354,-0.08935938376624182,-0.02696028842600253,0.012377542375982944,-0.03248679062017603,-0.01506631280557805,-0.005451176878324609,0.02557174741259405,-0.0007906873727153991,0.009929465932551635,-0.013983819036462463,-0.003294925698032827,0.4206847961695869,0.5193466125229765,0.07731680607294521,0.038640477503590155,0.021665215211198536,0.03083634180226794,0.027498666680341087,0.0307024595829866,0.011862951598571606,0.054772382733652196,0.022096273805424355,0.014889309811968949,0.017426009386866982,0.013037148129472534,0.020530315004064752,0.026302329821223783,0.010511728279006455,0.01777260635763312,0.008547898550461553,0.004257068481639394
-0.32864289905577504,-0.3243827432419746,-0.1254781216554608,-0.07083529943453054,-0.09833712893952329,-0.13961423612830756,-0.03431203375807657,-0.0911900417438219,-0.04474135916154716,-0.038592781356666744,-0.015267270065957583,0.011305971635998568,0.022002067826430105,0.0024833523842350113,-0.00898606083720058,0.06475554436063405,-0.02205181848213132,0.02352174875685932,0.003107531045493531,-0.043049078786752584,0.6238428765945107,0.3607608493635172,0.29987991578917383,0.14843804128308216,0.16580351156143402,0.11275390301016018,0.07385140179071413,0.09546598029856658,0.0677081383331578,0.05597096165555219,0.05496047273350584,0.049672902331733465,0.06019721902351392,0.0360621756599685,0.03811617331364841,0.059646351001353716,0.03486029184647709,0.0477004755622051,0.030146810808929808,0.04724091127282725
-0.43399382356147903,-0.11503940676463825,-0.06777339249408336,-0.04971891226849953,-0.003986493443637142,-0.14555223252886854,0.027056851136245855,0.04941937128439066,-0.04729987357578771,-0.055921901868642016,-0.009303730585990978,-0.01475345583396803,-0.02851542470053201,-0.03354079953485357,0.0048840582306331915,-0.0015376791613582878,-0.05380907966792805,-0.039421790555701976,0.046815939097869956,-0.029955300747409697,0.8142356436461728,0.22268014269719996,0.10118918500150921,0.09407790238148803,0.03871985571519001,0.10447292391564111,0.033756010306162744,0.026466202859013244,0.03735302530839022,0.03125999085798738,0.024323599660899167,0.024730731746846396,0.022922369204881367,0.017716416523538735,0.016527974402889462,0.013052427046702604,0.02161416317397255,0.013828395352359949,0.013422095796242317,0.013996539187315367
-0.2964621509616186,-0.08293869371054217,-0.00767835538580689,0.023568055376535835,-0.044873827998652256,-0.11756650147390392,0.0209417750863369,-0.04033283609826124,-0.033118998121334974,-0.02922060947349143,-0.006469154232921575,-0.007605273802310145,0.012973358927366386,-0.037192875417702546,-0.011179616551852366,0.0028037673755400886,0.037127144736687254,0.0015239145331953881,-0.013929548922673509,0.010292016101661786,0.8883362934460974,0.2751297116454161,0.06183971682262416,0.03440845130675187,0.04109789927266344,0.0822847594076157,0.02004983489008816,0.018915211627464047,0.01852741820209921,0.013946529474370167,0.012932339888992068,0.016349197236684373,0.014151366000991122,0.017296731597796756,0.012330146761785548,0.010341865949276812,0.011842212416055929,0.008800549108808186,0.012597946407120997,0.011313409110633879
0.14814043282731598,0.06074183242429202,-0.4091575351824554,-0.4103880163074646,0.13037385407203053,-0.36814835037614196,-0.09883645781910869,0.0217637892168294,-0.09917167888239982,-0.0109384296168612,-0.09317930654885243,0.012431228810361532,-0.01332931661882398,-0.02965625699453585,-0.11270867801518299,-0.02599574461065852,-0.001466281972444022,-0.08645983521313935,-0.05412677732227667,0.011939677426224107,0.4544342116735093,0.12400752967251377,0.24868548967387472,0.29490517225166085,0.06730547213444746,0.21726726331663318,0.04467274054548731,0.02793261335472495,0.03406026043761827,0.02194424982292023,0.0274289559967798,0.026282575811606347,0.020204805892279725,0.028786470506111748,0.027137278506140425,0.021323925958391096,0.015347837268290303,0.02482782559410374,0.0184104004165263,0.008349728469292342
-0.3757052899895487,0.4000323786273941,0.27882878242401343,-0.21004721699968493,-0.021520881891387532,0.026100090603526964,0.018417790949379738,-0.07651623286191216,-0.03485576697333981,-0.044158171527974285,0.054890569822694066,-0.08191445606061676,-0.011398498255028318,0.005831183314609088,-0.018453986330855352,-0.023460163388212645,-0.004921756065440384,-0.008971067899642441,-0.0225140381626637,-0.005781390976524844,0.2298386050409115,0.5954771731508914,0.3610776088196007,0.10114977543963471,0.03520346130800933,0.03243917372140613,0.019447601552295024,0.032289910901133693,0.01720965781405828,0.02851928056764155,0.019433407527411666,0.03700962602589622,0.008694105462902616,0.007360804651980933,0.005677020188751837,0.00735751057321622,0.00580765197923718,0.008570074160214955,0.007741946239830565,0.00696967710621364
0.045476536171415734,0.1630676335357343,0.08035945771413192,-0.06555166444807504,-0.14023664744752196,0.11583237811324558,-0.05272510483714061,-0.063411946437607,-0.00020726859819653604,-0.03916856770605529,-0.023993900060415737,0.07759426311701083,-0.005646993465677727,0.014664223710864774,0.01674136341856215,-0.0019268294685589806,0.019584532463519554,-0.034559720148589615,-0.00998949457831942,0.007491568940257058,0.6552864066711418,0.5403264534885945,0.3188052807070191,0.1279544178432617,0.11722547380168818,0.11907479861494757,0.0941564149403234,0.062392265568183065,0.07734235692093865,0.06826958410117188,0.052746649581679086,0.057160745450102086,0.043909707108653245,0.042686330852174194,0.04700093318197331,0.03273475774897793,0.04615545439972108,0.04613541011053145,0.03201417931103674,0.03547574416715728
-0.12379457368262277,-0.23995404416701438,0.11166942935789138,-0.0654511388296748,0.007137446230508192,-0.07833569869798362,-0.05718581917742278,-0.06080511998930441,0.023572684679791716,-0.05447652578892693,-0.01501188850728429,4.3893832299793546e-05,-1.6833160373545705e-05,0.0008439189283543499,0.030732125096378977,-0.025389008860741934,0.002388929872708716,-0.016136158933232624,0.015076050520569123,-0.023963559265185796,0.5393924171936983,0.502762922662663,0.44751857514469984,0.21228538358040505,0.16145184715058633,0.16035812524177967,0.10986384267646591,0.08723483182418043,0.06703725956417825,0.06051707581265179,0.04414521420705709,0.051412038910186045,0.054561860292363304,0.0467391751023381,0.048103057702597485,0.04623690666696552,0.05572400884294958,0.03845775936646031,0.042216933367902214,0.039241209755468666
-0.41657997746844666,-0.5089912980770028,-0.2114233733964078,0.0014042388426625306,0.07495140332209786,-0.11759430187915444,0.03399164360511795,-0.01961501985912072,-0.02927948054785358,0.02901599718825821,-0.005572793728370345,-0.018300361059289467,-0.044865408971351564,0.0018349249257051028,0.014188586384615573,0.0016914370112114244,-0.007555031876690615,-0.0037567155155061884,-0.0027747759530713724,-0.020512564607782946,0.41105434864795637,0.5493398747660224,0.13337061869573347,0.021416643841475284,0.037935099263989726,0.05319792684556253,0.022972179107823343,0.023266162763732483,0.015408539607247057,0.025022565974134346,0.01161315499840475,0.01596882404342336,0.01679039077498968,0.010382849936712436,0.01153598907578551,0.008489687500236895,0.015992544189377275,0.007775501675708109,0.016921577744336405,0.011841486732555242
-0.39606083553877575,0.18458841839532925,-0.10488265990094822,-0.40141237177355643,0.05118790025484121,-0.03673378037520902,0.1580856566855091,0.10315414232178155,-0.20715863235881843,0.060405312633091214,0.041560323670997754,-0.14346379860714684,-0.003883251683563362,0.003596113131797414,-0.04375184276843561,0.03146521718021704,-0.016041464182251657,-0.0047762763473872495,-0.10988581745151231,0.006754676781738032,0.5970714323539613,0.24168877289976898,0.05727484722728192,0.26365806602290554,0.0241645865622025,0.026852664883499987,0.09810552856292297,0.047794988632785584,0.08479897713910398,0.01941487148761556,0.026011640934611394,0.0517941676722982,0.009298136519827275,0.00658876700923314,0.009423392573334912,0.01922196709031137,0.005280338333399163,0.004479122330116694,0.025076334637174683,0.0037295781112114683
0.272249482193769,-0.19662630155868438,-0.15985328186406367,-0.07814912766895497,0.0036099761869681575,0.03951855440083325,0.006062256014918326,-0.029117294537337073,-0.060607417403413084,-0.04047282604167093,-0.02926542942094244,0.021011677566570144,-0.0063595758204379035,-0.00010765632768456419,0.02623442378263304,-0.022810213573158253,0.006725162259940299,-0.015317221009911173,0.013643752552105825,-0.04530503340257499,0.8547610597970304,0.2210319698350334,0.15244164014790726,0.14423252587905813,0.08482786968137772,0.05403887770142277,0.03227338615791532,0.04516218678734567,0.04318158999309983,0.030239294549752077,0.027055113104756393,0.01773779726415846,0.014638268511284497,0.014658718549333202,0.019201025489797734,0.015464974204853018,0.018607985002415808,0.014639925147979307,0.012674939201051316,0.020680346388057484
-0.38669365878822315,-0.12450096265930355,-0.1789686731141023,-0.17771966862614577,-0.08687286071544914,-0.017244476900440224,-0.12448384052980913,-0.018350586367470074,-0.053115680374659996,0.0009889638180767292,-0.06716909625942737,-0.0013577816799809305,-0.03204826563383276,-0.012265136072196233,-0.006189241435221629,-0.027044944786456228,0.007634135455414021,-0.026611119427262353,-0.05497285492083546,-0.004075036815948299,0.7522684713812778,0.32401699023660174,0.1719210006565642,0.09914998643845814,0.11070699753496409,0.04525385615966989,0.06553401751459151,0.030661679365483367,0.0308926076877424,0.01989798251316553,0.024414544808580088,0.0203195948094661,0.022369384206459283,0.013962031449165227,0.014669452574652228,0.02571742577896949,0.010771539907356967,0.014781611757603112,0.019253679683916263,0.011425501115574258
-0.06056397723982629,-0.2603573960053738,-0.04584324788768261,-0.04096564210932684,-0.13395036179482592,-0.17529928931700922,0.011664626575907793,-0.026384847106771477,-0.06984275298128814,0.07475145179863153,0.009311478685521556,-0.03734693666079677,0.053442371421998945,-0.07530740008419182,-0.047316475459394276,-0.018100848164575967,-0.008259089260982263,0.1214171001769764,-0.05622199856726584,-0.02150076465993199,0.6969934132791935,0.5453354541169422,0.08640123190813612,0.10841875245684,0.07419228119767289,0.11121030451757587,0.041641539190338916,0.028463785080863318,0.03261065312802316,0.04076035328929285,0.01563419112677448,0.02721802940893727,0.02537139673286977,0.03623328978250997,0.019728960220228773,0.017214892119460805,0.013769835154981046,0.06065074101980477,0.023252379813727173,0.014108074058119896
-0.10013217252081544,-0.38745603205626894,-0.2991972074168596,0.05648015346996178,0.04830440430518439,-0.23341534955786347,-0.12424934753332066,-0.03283022435723459,-0.27936059843511785,-0.11808494764217199,0.07468055254716839,0.0530620404218578,-0.08853690524076784,-0.060331872458722846,-0.04438178527625031,6.205529430837639e-05,0.06185132916199773,-0.07453865842399539,0.06102022762836133,-0.033047927801189717,0.5310592807912042,0.3201580706304414,0.11234699909354953,0.21363268266943894,0.09763890106802811,0.21644495762236457,0.07521252142931033,0.06869587188197387,0.12774475101193847,0.05273834600432415,0.07220607810770256,0.0388936239465777,0.03470789478657775,0.03160059960638896,0.04563870895937953,0.04524093615679254,0.03361618776271657,0.02632982559984427,0.029186617873757884,0.037516712882863214
-0.5663099684033519,-0.058430577558395626,-0.05335249980277924,-0.05305337312181956,0.08221266375744879,-0.043754188736864395,0.009022356172255882,-0.02913178332761335,-0.02001002068129929,-0.022914524235410516,-0.01735210608413181,-0.007233039099787561,0.011058327846312511,0.0023249114684416664,-0.005622223485404843,-0.00025857910295734365,-0.019343314598143695,0.0022911848714150937,0.002788184681376623,-0.0007844045566835101,0.7948097855263058,0.1311553321305887,0.03661438919028742,0.04466904135347258,0.056285204480405644,0.025047482447492553,0.01131644775653407,0.018089078460821174,0.018631449624879726,0.025864584655563294,0.009965998431173404,0.013021257087118905,0.014049434960021654,0.008451368154962365,0.009694993984629653,0.012992953567535995,0.01477361683148571,0.009136990614114661,0.007384719647086833,0.010220105689037655
-0.48261692324600297,0.05363985230685513,-0.06727009532998345,-0.029804747481894083,-0.013782452120521154,-0.02931100721552969,-0.013260734198339183,-0.01794651598374253,-0.025312651164197012,-0.017363426882485496,-0.019001135111486402,0.01216525662611466,-0.002603803914591647,-0.010982284487866159,0.007225569818790006,-0.01839698588785346,-0.0018324399840334252,-0.006489308315942824,-0.0067353996843945215,-0.006037265026763193,0.8550750864301454,0.13900566553458588,0.05021501801432719,0.019117090594069484,0.020467686477556486,0.015228887886433267,0.011928477228721028,0.013365623117706471,0.014888144993656599,0.009469132586952847,0.011268235314329689,0.007862776811823196,0.0030330827135250076,0.007085927792901431,0.008324957745277133,0.006879732389582617,0.006707858756914661,0.005827632049553279,0.0061191417272068345,0.004376428454943009
-0.047830208711793616,-0.33388842443548794,-0.551201333645942,-0.2860343345495815,-0.03180695612366087,-0.23274966427624755,-0.027391398456437583,-0.009543732048862308,-0.02467742779402098,-0.07376825083079439,-0.04335863653342258,0.037813333550491504,-0.12151812275889975,-0.010010370298165282,-0.011159627345745285,-0.02021912682107134,0.04713045054266719,-0.016666396243950606,-0.013189838759984711,-0.009773584483440274,0.27469399233647124,0.25304912221015846,0.4656883638840824,0.15795947564195495,0.04750569514239941,0.15054085317684301,0.03256971808242689,0.030687915999244694,0.03894907654043648,0.02748683485303942,0.029447171107684335,0.027833754512527297,0.045675755896510656,0.0201167932371125,0.015716701934547436,0.016765128426851676,0.021628507430716457,0.013424643678822115,0.028228105914242366,0.020731887524531534
-0.29851321307724665,-0.05765171476477526,-0.2895934510293545,-0.19482496398241114,-0.23323432567154237,-0.11595349776099542,-0.14059382613787733,0.0825003293987855,-0.17484705999621128,-0.023178632423286685,-0.005870489204319668,-0.05924738708537639,-0.019507293247783938,-0.0027836284827943525,0.09580308541715653,-0.07378831876237212,0.006921315830391277,0.05615395128718933,-0.004814690872355258,-0.018547909667537325,0.44577751302099444,0.2924678942690877,0.24767662972666613,0.22946642649942608,0.20792164499324384,0.14331097633249207,0.15916943868599337,0.11881965649490273,0.20650350984505234,0.1110628596144374,0.12444799808225925,0.12149601949294866,0.0669817584335668,0.09951030247429633,0.1180967154683623,0.10241881891929831,0.05793259415383681,0.07696420767586037,0.04166570451060649,0.03938542497986896
0.3419592808381908,-0.14258899944381054,-0.06823163100851576,-0.4953242814907663,0.0724285798800501,0.0825005310805048,-0.07167230214228887,-0.0992476916057607,-0.33735591439827406,-0.028114770674432698,-0.11992124429442731,0.15980307832972426,-0.11569282720642234,0.03260597752539507,0.015226909819294272,-0.04064297902421038,-0.03883010885881961,0.0057022967012768655,0.02180868068537376,0.07281881574396103,0.3025817101170787,0.24417180528785454,0.0963022888863602,0.36548324377210517,0.0674485390598728,0.0878160471200352,0.03867545967859277,0.09670024206560754,0.1704393857606132,0.14008303055175012,0.05427125952244364,0.1296417036053812,0.0842848307977404,0.06252027341495933,0.05153389545294088,0.054554399276481855,0.03601784590738722,0.049332443444423515,0.024722251864856572,0.03124308351157171
-0.12705012781341277,-0.34611458816077123,-0.46861510401706774,-0.33944093000062925,-0.2572962486619738,-0.28005637400212224,-0.09715327783000235,-0.03162301223513791,0.07204973339066437,-0.08480170887883318,0.03160949494808235,-0.14417061712903945,-0.014113407851384043,-0.19226646819157694,0.029378015648717108,-0.052920882856624336,0.038745488437727967,0.05909880046232138,-0.011741201391360602,0.0070879042259781025,0.15532931475111966,0.20355581079959598,0.3384813174989437,0.16537794578330417,0.14250504185696894,0.1524150510308607,0.055906673344697407,0.030187055812449765,0.09665919435538028,0.035812875848504504,0.01861390589187213,0.06868737167358649,0.048901015338270314,0.07939449351381041,0.07780178861894263,0.04869539058236763,0.01610615001482271,0.05810339828844322,0.03988560977785778,0.030016972851784708
-0.3105480012201883,0.0038754114984392565,-0.14308014474919684,-0.46972573673697293,-0.18411268665951747,0.17485164540025175,-0.22875184397284543,0.10655571785812486,-0.18656784163893844,-0.03963955156840333,0.08368551578904465,-0.14954398121424145,0.04369646616725198,-0.003225283907885006,0.00042540887160062723,-0.0013304055436362781,-0.007917836016472711,-0.010509400748450285,0.01320548601000671,-0.04529702250977813,0.2512807167842287,0.1531218476608318,0.13220750429368583,0.439810854944232,0.23361900044423195,0.17446733234253164,0.15162448453295227,0.0938373301714225,0.18295137548104454,0.05109341005012265,0.046850077352545254,0.0882120645438581,0.030645575624901264,0.015396889490240403,0.012289372375630141,0.01640330854348662,0.023132945404119146,0.0212628951132204,0.024199959448454583,0.025922092640085995
-0.01644021001241802,-0.12812560358763309,-0.2451071829289928,-0.046634131598242055,-0.013290548935438731,-0.08412782239948118,-0.010649210213783575,0.013485502426320607,0.055967038266655854,-0.04396327421917439,-0.13553570131131246,0.025290960739208123,-0.0046287942606313024,-0.030273778292185867,0.015644004793857007,-0.022083164917742818,-0.0016420157901593502,0.0642700015468891,-0.07607421334538671,0.013222944075364599,0.8638535779910457,0.05591276387498934,0.16807165929233883,0.22435875826995857,0.050230914062145894,0.05275489528021245,0.036728294098024056,0.03484833102159392,0.14252252943090774,0.04671201808212538,0.10035247675492893,0.05654153477363196,0.0352018235971424,0.02483469249561962,0.014782499225190916,0.02887262918389608,0.007730626465045363,0.03715844767087745,0.03786185584970808,0.017416010176385575
0.029657483640778057,-0.04716458040704793,-0.032804511967243107,0.029200287729791233,0.005390528562284163,-0.023524983327911045,-0.08675704663438966,0.02890919839935975,-0.0049784155777944815,-0.020034998555723053,0.03990355660713258,0.04983759938696142,-0.055260744090284995,-0.019921055372960465,-0.025968452706081963,-0.006604579539507372,0.014255932284161525,-0.005248994665218648,-0.007006250419065118,-0.03031512386047935,0.9310090373202472,0.28348904849512685,0.07536817272382144,0.05711607595156361,0.03545448680836062,0.09972124264606705,0.05031369849991934,0.03760738318935695,0.019869339466158577,0.02083487361035936,0.016252614837880926,0.028137161048150373,0.025941063033146285,0.018075755372386523,0.019064985591632288,0.02324823445118169,0.02259875817458142,0.011697814619932852,0.013835340876960912,0.01707305945643283
-0.21149814721615134,-0.30915389435558527,0.03379574100150515,-0.14654413094090438,-0.0029418911203151475,-0.009655716999473613,-0.0063661986976319964,-0.0010380939646413869,0.027738303403274548,-0.032945749800543836,-0.007091147591616414,0.015492102806098718,0.030409077035197678,-0.005624292662720379,-0.034122905858029844,0.03084113896471811,-0.033590073205104286,0.006966016550031589,-0.032477095104519904,-0.0022674894751400524,0.8427677280551252,0.3264556154604944,0.030961390602186847,0.09331238066837472,0.020122278408216683,0.013448027956025567,0.015424523001568342,0.01812164937305967,0.017357859836174355,0.015805166609409827,0.010468998684648333,0.0072076836683911405,0.012002868687489057,0.009909680554605258,0.018094485016390553,0.010938252833175248,0.013107856897220336,0.009310982270364317,0.011559475731287632,0.005928018925907131
-0.1744951366889688,0.008830509034797445,0.0005326074140464083,-0.03607205795271061,0.031601128092554887,-0.007070388813596837,-0.008927968569793854,-0.002769412075159378,-0.02142989022353203,-0.00852914347355162,-0.0205814225588918,0.015013364842085165,-0.006582106066586824,-0.014577353162663282,0.009677806678986682,-0.0033836681588511205,-0.01279099873036744,-0.005667917939452636,0.00456327060128907,0.0030425420380182327,0.7570744650745348,0.6162151653731988,0.04412260393861483,0.04720024333670486,0.051872455745686025,0.03824248533223827,0.028448185761989462,0.023485408031969652,0.02587022149620821,0.016849469821578072,0.020894191515287545,0.020774835912936752,0.011694376172903781,0.01508385057273139,0.010494426640056809,0.010310508667214969,0.008427641446379938,0.008741484503395383,0.008562284653634405,0.00859127495388321
-0.4498881519430687,-0.37244003421052474,0.03310745407109407,0.006641854279915364,-0.11116638303686088,-0.016195298380197093,-0.015362346341234968,0.009969324108627334,0.0020677961523213784,0.008347136137519624,-0.013124322481361153,-0.004832203596680037,-0.010377065918594882,0.0057451689338092115,0.011226223943499149,0.00408802890392976,0.005995358346183065,0.01727516106101173,-0.023071686365025528,-0.0028743642897796516,0.6301319100785385,0.4883025922931895,0.05705908300959347,0.03697438659694926,0.04891099233796512,0.008048580225727936,0.013200362995909178,0.011873427156629774,0.009256832692789022,0.008759640557645394,0.00868760589521101,0.006417265095046237,0.005392699777145971,0.006433711738016606,0.005096901974286566,0.005352270814150907,0.004218817265777831,0.0032077139413525936,0.004095296763576884,0.003933970070078952
-0.14984675021590202,-0.5541995219249837,-0.0866454808264056,0.29505629057936067,-0.17759482526800874,-0.036399986057921704,0.051586054812222774,0.006571246292509126,0.020473326438755168,-0.09845904790316776,-0.17613793263157657,0.15001490855697203,-0.03882852377037948,0.09343099594016072,-0.044532936888172024,0.05253889785793562,-0.12270108395714502,-0.07008722603646125,-0.0053625723565237015,-0.06479980179223863,0.24438506785938116,0.46727376748444865,0.1955947234510516,0.17533413761937744,0.14524970963751066,0.12676900350450823,0.07022306549683936,0.07859226609930095,0.048255619198234984,0.05968803181508959,0.10170623317953481,0.06678267756088561,0.04305452316993522,0.0488069905395917,0.04674797460568188,0.04253348707902756,0.0796209546154488,0.04872065305497304,0.021461435779792187,0.06334074245628778
-0.0161654584306129,-0.12992008764395474,-0.06466555777485551,-0.2048762056087895,-0.3426118866028403,-0.11402901070587376,0.04041642077836406,0.08482070084744286,-0.2053144951505419,0.06193981206648893,0.011367082866970527,-0.2633475113915449,0.14578341283324076,0.01693455889666396,-0.07585277607930684,0.11692426032896867,-0.06440125623706651,-0.05704685102687737,-0.011081011724359694,0.010213152108161885,0.4033955853908047,0.38989701523650994,0.17918642566697332,0.2650709040054763,0.2840048653690255,0.13331675679868804,0.10539068904236207,0.11680376353054503,0.11683488976525036,0.058602890129049706,0.05617560967713923,0.1809805248588156,0.10029138356299391,0.056917870873370774,0.11704475067207755,0.06912848343067507,0.05074089640577605,0.061905878312445754,0.03368472929454804,0.02849805328344621
-0.043298440972401014,0.0027012196229443865,-0.04653260353006835,-0.04760881618712373,-0.01392977803257137,0.0017193729626929295,-0.010389303956442327,-0.07464727800424008,-0.013763990764161965,-0.03708728354218933,-0.020589631071539063,0.0021139059118313024,-0.014536886806186288,-0.010682030923929095,-0.01664609827518802,-0.012982849868611621,-0.00715842052774234,-0.01163364985983315,0.008171208176129895,0.0038524603402789745,0.7516584002430874,0.5424987922573444,0.212626340325951,0.14080348327863737,0.10887417637163499,0.10139735577711168,0.06770609635166187,0.09006727288612684,0.07329071079112102,0.07767284609278455,0.06437335455533069,0.04995138121411845,0.04558682278761513,0.031018031003729025,0.03156468531577748,0.028404556534112415,0.029227116336782075,0.02863438371657482,0.023503697919568092,0.02237302932396018
-0.47862027732333257,-0.33797386594352147,-0.07963112551167295,0.006525507415746838,-0.0037949039991358427,-0.0032742618437315665,0.012250617038095508,0.008616912450361206,0.021570821287213465,-0.021203209603634043,-0.015935534833939613,-0.02806068129390602,-0.007162904195861692,-0.007675472561181612,0.007933995402300074,-0.0004240745667582859,0.008400042418107502,0.0013952273402883452,-0.0019414778157411643,0.0044673958184932375,0.7514255111124223,0.26437702442058547,0.06480338005266689,0.046047416498462536,0.03525254136253993,0.021135506540921657,0.036515094797570986,0.015662350120866714,0.025703014850690088,0.02117415847208392,0.020743436149584467,0.02622112023826666,0.008735333007683097,0.01675888574409621,0.01184768088567046,0.011967925506929409,0.013165331929787204,0.01913063711159759,0.00652803392831595,0.016259300077868362
0.2103097652592637,-0.0886554120746069,-0.33836497516872144,0.018966022254443105,-0.0842632938339171,-0.09183180258148572,0.05513189123520425,-0.10971874639074211,0.10413017186115661,0.03414691579936281,-0.0027723041204282175,0.04778305413592831,-0.03704787932339212,-0.0279195088394249,0.005814475155518734,0.015752433080839633,-0.0482723652632385,0.023144860260922145,-0.0010731205365604542,-0.0019696229439006567,0.6912091986677416,0.29334298929047947,0.36990869722224834,0.14860115401059878,0.15751506065727777,0.07279115703206135,0.08215665590542999,0.09399143482509541,0.0754695510358941,0.0464845756426263,0.03160289331421588,0.034485996843360185,0.034140557788660375,0.025838889145095165,0.02336326816022028,0.0186451628927509,0.023084188735110367,0.022225025787027848,0.01612261973828814,0.01888813522399297
-0.08922655291288079,-0.13649929511993802,-0.16426439259918835,0.026373621217467863,-0.02091144314279879,-0.10826359539817687,-0.0672732358981289,-0.049814477334227725,-0.023206450961610888,-0.04942839368525876,0.010304906128913658,0.014724972515746537,-0.02668851737405583,-0.0010368283282483218,0.007921833640058096,0.007495965452454061,0.011755407118343095,-0.0018019337737136903,-0.005941256556848886,0.0026517228207862467,0.7818368360128252,0.5091886291236908,0.13378303261251612,0.0817899861045102,0.05498909584169206,0.1101735219359352,0.04757491323915335,0.05222540976266726,0.04456288736271436,0.038424162501576986,0.027377570112023766,0.021648750178011912,0.021468839946246317,0.019990043699743113,0.017354950691907765,0.015734448907406696,0.015905726810700783,0.017715845081921748,0.012855982718355839,0.011739602409612153
-0.5008363656070738,-0.5838584878779727,0.1289167110465196,-0.02232276607510449,0.02186729189387847,-0.0013473340686309353,-0.07341439080345387,0.003943696789644192,-0.04152055927081958,0.005419222849314449,-0.022285786366639457,-0.009937161896031374,-0.04887879885079754,-0.04093654451400586,-0.029547074721284924,-0.02845748197076388,0.009850754182419786,0.02726989550308334,0.0008265733173303182,-0.0295541326542563,0.3154885588770008,0.5154841849394177,0.042128839313756675,0.015726486667033135,0.015140740159441205,0.013451874765430466,0.05779815903750057,0.01872824790346754,0.026649699562246294,0.011246265368167542,0.024740672810041785,0.013304360266485788,0.02647912662774242,0.01654631914280746,0.014438593083743448,0.009149330367317715,0.02641139886111799,0.015759970915583166,0.011091898109319046,0.01073516220115578
-0.6629111270062875,-0.1622928705144478,-0.30804093424115125,-0.020709939738266982,-0.17538898723134067,0.09527881310874452,-0.010077134548322457,-0.044789752061424,0.04080795940867043,0.06121172215111884,-0.05588585810281462,-0.08157793013833523,-0.005217987931576019,-0.014288352304352424,-0.03151192094507386,-0.021636598150665747,-0.023616498988591698,0.0037930161753813463,-0.0040467843085091534,-0.010400020601354414,0.5706678839402614,0.04778078373182251,0.1788490416691266,0.03500124303250747,0.07199666273076555,0.05291900662516627,0.01741489958689527,0.03471368348235745,0.03436923390953029,0.05969796133344137,0.039552756534315885,0.023359162897641544,0.008253263377829726,0.020787028602274823,0.017074424930810753,0.007510572939433363,0.016872025024089382,0.007622323775626431,0.018527714781453226,0.0180735329050893
-0.4808879738282083,0.2920295631876388,-0.4475479067782806,-0.3891309230385366,-0.21465385424125186,-0.15012675503273246,0.01612686725155048,-0.09864875697996799,-0.05269221836274307,0.05565062860329856,-0.052308432577157095,-0.046095159571228846,-0.007736249363057078,-0.019384375363747316,-0.002726699621989929,-0.021488058535545328,-0.00699507933920975,-0.0022192851293390764,0.0019436256268354647,-0.0006728798707366432,0.267433687657182,0.15348962000210167,0.2681464865572402,0.24355251670402717,0.06659095518875795,0.04426240431834168,0.023293989784357424,0.03651354956692355,0.04570919853046045,0.02353101983881172,0.02686881542635523,0.028237628707134452,0.02767568610354879,0.030568134387111846,0.015288363265639655,0.021274461481419864,0.00851784939636437,0.007695498047623207,0.005877809491048084,0.012463163799997182
-0.6749256088343761,0.012363171572622537,-0.06459590855065984,-0.06533752718354238,-0.056756500743239756,0.10032874571971243,-0.15248941896765716,-0.062465742237219166,-0.06122798042302589,-0.007371546288577028,-0.11311495823136335,0.003196583594775311,-0.02081248195622267,0.019234133152685223,0.020326334844462477,-0.003789558068523861,-0.010549928265906065,-0.006753337550399663,-0.0016366513005882735,-0.00019336601443047612,0.6819603167598959,0.03495278475827051,0.028625585640738947,0.02357826201162259,0.018848962344323338,0.026837774878563852,0.0632836236927563,0.022360564384074053,0.026249228399408464,0.016506000348074975,0.03534499339347586,0.005489001485297537,0.01401506357834623,0.016074846318815873,0.03088008834581674,0.016022778286946194,0.006215125420493325,0.010076318347297839,0.00990215238485748,0.0069731214615773
-0.6429908590118025,-0.1363619751039012,-0.21813899206476164,-0.016964353824785415,-0.09913533973527948,-0.08082545241509158,0.006987292690054555,-0.09364674601774015,-0.043173435039500885,-0.21210403171937706,0.021424146779258614,-0.027560435588554623,-0.17519257457764378,-0.0282048410630955,-0.044589837190516714,-0.04300949893461449,0.008702166884960366,-0.025243374884221723,0.002733324718048514,-0.017588775283297886,0.6136215435598348,0.040802904804201665,0.08828021854299108,0.02605863534403279,0.0640074374266772,0.021198254001218116,0.014051381975257848,0.02484826860661621,0.03341261108759038,0.10357910998256115,0.032223894581147015,0.01244337883554451,0.05309387263892906,0.019612038437539434,0.0068999884352197805,0.03265688805832806,0.017960660739233164,0.012256470177968583,0.01060601405437936,0.022782931724181294
-0.6619112701700479,-0.3235447633034418,-0.043986743420733394,-0.02724261676048853,-0.048186193706440436,-0.035365494148555374,-0.046179903094504024,-0.04775379723050921,0.02980029497333839,-0.07553151947590567,-0.0564432266962507,-0.06338813617320144,-0.009093889842030868,-0.008899591547060935,0.014255083157274579,-0.007982804823397513,0.001618402169493601,0.008362426928463982,-0.008338199018604192,0.006735191648676045,0.6181788379723759,0.1972562988692249,0.019826425540875693,0.03969619505499116,0.023810560759735522,0.01996138129694418,0.019399980508991995,0.01721570375816845,0.011328576505171776,0.05861883323712923,0.03584578400455712,0.032800152042174895,0.020042162299315512,0.022065578778916912,0.0199112682041211,0.010460714260620205,0.005809794482609534,0.006003142995532823,0.007064581791346647,0.0038494584191831045
-0.37687370660372776,0.2552787149213222,-0.20247480067822404,-0.01484816292683233,0.04825931951341359,-0.20148115903196004,0.0455436917652115,-0.034265437329720365,-0.03302636876184853,-0.07530724869877609,-0.0053108577002130486,-0.012322361493551552,0.007978454545437896,-0.02614940974030444,-0.013427334385505262,-0.004051336391648106,-0.016020191365218085,-0.0053826787254338815,-0.017920263401265735,-0.017462142132896333,0.7262932496912549,0.30871929860510194,0.23550267582421527,0.03181200855669389,0.04373365865168338,0.10643177521794178,0.037006913162576885,0.017904719782882984,0.02269099869570636,0.029664044680864046,0.010522700462044272,0.012428925178454807,0.009305807497504788,0.0127688341972109,0.012565179827002055,0.009419392834573227,0.008708247474179009,0.008939635403707801,0.007725542708870093,0.005246413328486477
-0.2631870901162029,-0.5617038152120162,-0.2084962165625792,-0.07827175465114221,0.04863398449083627,-0.08222116631210016,-0.08871001680254484,0.15167087557405445,-0.01042409491732966,-0.061792237366426556,0.01723223011994765,0.0018041113841576887,-0.03771873671797221,0.05698313301468314,0.00023776960390012826,-0.01351316940875392,-0.06590487560876632,-0.026321598793039584,-0.011008648864093352,-0.0016331779178294624,0.2848821557074297,0.6290639214891705,0.14564055184311747,0.057574757451648376,0.04288736978572834,0.024672415316936407,0.03811975408464235,0.06111333680276516,0.014211624584183903,0.024716088288985406,0.012699688393660091,0.014465449793614256,0.011030162898790451,0.013820467312381582,0.009720220756346518,0.016116206944533296,0.018875575566235595,0.008972113360849717,0.004729121526979293,0.00588996921841188
-0.5691318975978567,-0.006131451744402557,0.11370597323830607,-0.06692544624451723,0.048997591338201495,-0.046565374010369774,-0.015654411870732316,-0.01945421291226126,0.02430595412647739,-0.0077506697778505235,-0.003967225089150816,0.008075211415592053,0.0037739909602185766,-0.006576741871042027,0.012319084009608532,0.007576830832328825,-0.012401085775124877,-0.005476970126013022,0.008894144446214187,-0.0032941875764624386,0.789682714606367,0.08710448590872369,0.09751119783893801,0.050160988277559306,0.04948206647841437,0.05274820075335944,0.025255661147831593,0.03039452515013608,0.025531712568063497,0.015059485799798347,0.010093045305939248,0.00804595216593229,0.010198607933734394,0.01868265681174686,0.010886009366847528,0.01021321788893151,0.015102348170730135,0.007291954902457376,0.008954916607589855,0.009630919775181861
