-0.35094345801937316,-0.1254182930472514,0.0632505611499587,-0.08479502317422424,-0.05625655361364991,-0.08391548117559716,-0.0007132519714580179,0.04482460344246735,-0.004856179347569177,-0.009606590969283962,-0.020543979467036975,-0.01588199146415435,-0.022696523562285263,0.015419203631043767,-0.0076750476371098345,-0.018355091432463676,-0.004793112731347839,-0.0069344041852555886,0.0017367757990976625,-0.00034462670555685616,0.724545683116729,0.07306515968698575,0.46657161063611174,0.2674972707628765,0.06438600933695766,0.0502111537432886,0.04772502922617178,0.05907910685080458,0.02608553049015411,0.031251335541232106,0.016935839259289202,0.02180962384052741,0.016471916518948956,0.016904641786197307,0.01220948164205569,0.009335428318856216,0.011011672552874848,0.009826561744237166,0.00724058463107686,0.014899449287839922
-0.2656250022526579,0.024388530906489833,-0.00909781734263493,-0.06733593804733895,-0.016160086956506003,0.04493854208024671,-0.04831151715679412,-0.0790388248716213,0.005278880173210227,-0.007400107058227984,-0.03446770655775918,-0.0544033150500579,-0.018523973258119362,-0.01172730064524423,-0.017503049980364088,-0.014321806713302122,-0.00543324060236546,-0.008138498903280906,0.015709107683985903,-0.004516514136754159,0.8771841829817401,0.28895359235748797,0.16108683865642603,0.11173993227558837,0.07218515179569625,0.055617430825132506,0.03432906464131458,0.05601877565846471,0.02735476448327809,0.02293816290362735,0.022923799397977306,0.03825081025244906,0.009673508795327572,0.007595184916549287,0.009492285187861372,0.00927352056942777,0.008324406914998984,0.007868130577859166,0.006909157768772131,0.003667813547259911
-0.379705964840395,0.18238991190223094,-0.14239100417373102,-0.1550726063368445,-0.12393786674105285,-0.051895856813808504,-0.018556411270359112,-0.018619206019899283,0.019172044726619836,-0.05620447542317693,-0.020466518027839678,-0.009990037974157163,-0.0042392039832535484,0.004427700371999973,-0.007882047640896454,-0.0026015796566015974,-0.014113898092248106,-0.0030371363682527,-0.0013585146997230366,0.002683171792336817,0.5019082236988647,0.4528286468962275,0.1370243156885166,0.4056958006570038,0.1954290492936172,0.09018981929221798,0.119415407811283,0.18253712621263823,0.051587674149593796,0.09696224843851604,0.05520194634499478,0.03364142264092844,0.03354119762731778,0.025819640448998347,0.032208845064656585,0.023841414171891673,0.02071510595483596,0.016791704711551517,0.014162672111024996,0.018237380910056066
-0.4274380036787576,0.030970412765588415,-0.05768504719322908,0.011469078193163982,-0.05174417622423637,-0.07225673671133949,-0.040350403203032535,-0.06300206611925034,-0.061199340157644375,-0.04909977056239808,0.030743197597690574,0.0002644768827462584,0.027761362385083907,-0.03269191717044622,-0.05197478746822825,-0.037044209809464046,0.010874127442672892,0.015298589977014953,-0.0021672940915670553,-0.008379960013553369,0.8421974998953018,0.18342731510650764,0.17019924544241194,0.09053154161829371,0.04703932804274819,0.027856739826075456,0.014580667238564486,0.024440279420468548,0.027314191935623892,0.013793076508748602,0.008396835618763865,0.008279117272600871,0.006566527806052559,0.01355547978781446,0.021504884791633608,0.011815425103682275,0.00883034264302346,0.002175313730224372,0.0056603490215081445,0.004155937018102988
-0.2850132604823543,-0.07099956512461318,0.01213670799895413,-0.01770338606693952,0.0192456647949617,0.005530371890262796,-0.014102359545021582,-0.0029015188256161723,-0.029011808545859406,0.009043981451954688,-0.015594607499059224,-0.003298254313840193,-0.008312225648856206,-0.00372271022108328,0.0021333814051634667,0.0006535034014217538,-0.00377491620802941,0.0019566808078831568,4.517913209875667e-05,0.0036739910312648776,0.8729126932474649,0.351400708262562,0.09971452025832578,0.05566406069269808,0.04990137229452369,0.05264484030310021,0.04437353212000928,0.035215642097412965,0.030084931394601114,0.023491981236021447,0.020519077589207478,0.03225261884449803,0.02037445834009351,0.016063333432769722,0.015779968762169635,0.010497506059239027,0.011810512628175705,0.009113256208380724,0.01092470080091523,0.009833490297929286
-0.10165107411769406,-0.08477008304837634,-0.07640627669492675,0.05289412814064777,-0.08427466822499302,0.044829215171714135,0.003826040430095349,0.003886870232644816,0.00011923746335347366,-0.026162356723277762,-0.016079290356222756,0.03233131776278828,0.019304120812043562,0.012538120450388482,-0.0019914038298386927,-0.0014687016379734698,-0.0095644169760925,0.01939135165116066,0.005281544940489206,0.0032374022915992624,0.6040058159346675,0.6646849500784513,0.2505795154474344,0.24041663028987698,0.1318181552528755,0.06905896882812178,0.04947924143735116,0.045950857370332165,0.04348609459112107,0.039150820687621,0.036099600040956165,0.023551997265323952,0.02471764013463212,0.018677558929404557,0.01631026845377134,0.021502104677496,0.01531527946728015,0.014584263483149094,0.011272217614030477,0.014323329236751597
-0.44411449421039534,-0.15122525831141526,-0.016964552309162217,-0.1377923975618428,-0.09212820936830965,-0.041308301705303294,-0.0540262587977758,0.00404578264310853,-0.02151188023404435,0.021066443631267105,-0.02860651457068922,-0.004260764965288992,-0.004000348220305341,0.014632146504769234,-0.000538779147197968,0.00499619725416971,-0.00574838808228949,-0.007475371790990614,0.012259653428099222,0.006013329644816209,0.5650097701991967,0.47097905448307414,0.35737343022914814,0.16489529403047276,0.14064380902334236,0.06647205649333593,0.09247202010458995,0.04054559477781244,0.08555958856333357,0.03468937701739573,0.05657831675565863,0.023080855588801553,0.016977577269837427,0.027175025793121685,0.027849926495480147,0.014135879567349565,0.008389089077145365,0.009745891446326404,0.017791446995425786,0.010782878045669037
-0.06908650882617076,-0.37490421231782844,0.21723131720657995,-0.09789801041182394,0.019107200855781516,-0.11326890228286539,-0.10009673371510325,0.06193394940333084,-0.05955470016685782,-0.01574881022375385,0.00804600933356336,0.005097462795275848,-0.010771616572509569,0.008283512305866476,0.002106630459364726,-0.005400989879604064,0.003469955551261785,-0.01109991772277807,-0.0008653077014389812,0.006030381948384906,0.4826192157817,0.5129246362278681,0.3711316696048872,0.12418723417296215,0.14538288623174306,0.22343870362555632,0.12594432813538034,0.09501501538110615,0.0960709001470701,0.06192178744944559,0.04347682388970947,0.03616283785984275,0.03684311679812426,0.03116219887819641,0.03838367796923667,0.018873320598729107,0.017302096091065186,0.01682467783052189,0.01049962257001145,0.018345657170127535
0.3188636202015079,-0.0982385644531037,0.002346516566411598,0.08073331764232998,0.001904363415232447,-0.014457359154783671,-0.014618585667795758,-0.009145058514593374,0.00015451222612573423,0.0013064718274214272,-0.011409834992224546,-0.013875385710830463,-0.020250681556651058,0.01391573223837193,-0.018429152648597083,-0.0031057462795385485,0.0021442377969583285,-0.0014693311482099733,-0.0036191765620726297,-0.000777487814571941,0.9137690262697683,0.07105576391044434,0.11688955418966386,0.13222014384341466,0.029011469481332715,0.05087750306463412,0.03278632163269763,0.0332383524562335,0.011718532030603034,0.018943869134391386,0.020080211478063426,0.022841451849532866,0.029577646883920346,0.01849249666252079,0.02005596087147529,0.010312324098059888,0.0085256621646293,0.009892490172490068,0.012804306094558236,0.009212261621806538
-0.02999069017238565,0.01775594091670829,-0.24251027766490812,-0.013666906792501933,0.14739354794540918,0.030111472512503547,-0.044826422789647935,-0.10176757285608927,0.037875215598110856,0.02085952650217732,-0.11796590982082747,-0.012156504569298027,0.0030836682219006744,-0.029855923415451978,-0.002463508198802467,-0.008337216998445661,0.01289055681452581,-0.005574831072952865,0.005476999724885058,0.009171036309869115,0.674684571128636,0.3990027086584251,0.38132975564800414,0.18939576657442425,0.24380226187578352,0.06031888355696646,0.040534164622776994,0.09867800003895465,0.06460281013581745,0.03832673947974514,0.09428203270993354,0.026389158376148667,0.026175443669973535,0.018803353711595697,0.019794785247593275,0.014150484462712368,0.01452124749456845,0.010224618313133411,0.010392344793265847,0.011935611630525573
-0.316503633272651,-0.41959378910110895,-0.06590969933378818,-0.05755281688078784,-0.061834493161156495,0.011068322820531436,-0.06438901662282245,0.035428289676989015,-0.028723086443225243,-0.02367541915785751,0.02805928945955763,-0.003842462408134175,-0.03199241164947461,-0.040628602965110186,-0.011371573175051717,0.015777765435034816,-0.01426183319944508,-0.024622036386849174,0.03190369297078896,-0.023453386252781445,0.16378455183208532,0.6509497409527367,0.26730030080897915,0.2700860097297289,0.20989518665572124,0.1005306205650248,0.14647396539430535,0.09028499883547514,0.05766927000549489,0.08037248360706825,0.0525200865250541,0.026716010648257998,0.0430727038597377,0.04001682689233807,0.04005066938293531,0.01398899299300438,0.01987423246634012,0.024647885159331223,0.022613604189121752,0.019805890656321195
-0.2425820510623423,0.09133884003374372,-0.1883942874654292,-0.047478022950373025,-0.15599594927793725,-0.028910510249109893,-0.014450008134066503,-0.1958963655894405,-0.14922454490120798,-0.03456319903853005,-0.04374895887333809,0.0387571363461126,-0.04513035036905121,-0.019777080959811705,-0.023780725399431855,-0.04614789428701136,0.016224488843946384,-0.012226749915603014,-0.011111047090124596,0.008011581188516668,0.5608246968307857,0.5399584344585235,0.10710402748732428,0.2614239798035145,0.16545400576561903,0.07778094538828872,0.12582484146152845,0.14956143399449923,0.17051477620201286,0.07298285712256745,0.038837242070254775,0.038785207146439876,0.021520077590856567,0.02723733144525021,0.02527245118051409,0.020786133129196315,0.019497008078199405,0.016440527146057458,0.02041575361897671,0.02077891173843202
-0.07221174869704618,0.06897593821564746,-0.011881184953923174,0.01958628845914307,-0.03690630178177383,-0.018295672654131345,-0.012530234359213572,-0.038991611852836346,0.03105620724620707,-0.011323111327680224,0.007330169405850632,-0.0035131155374801665,-0.002818809710483614,0.001060990056652813,0.00015130725745116043,0.0016905147473468423,-0.0016767244595449658,-0.00039886704539868423,0.006127769161144644,-0.007007252716401693,0.8577946655580945,0.3630262889923818,0.2067843770057867,0.15406995200280388,0.17049866785355897,0.10197197974901512,0.0588775114569301,0.04503992949897327,0.048357607756381225,0.030345476959076113,0.025397096025338354,0.02031806176352845,0.018026173060497707,0.01938407126737549,0.013900056193739291,0.009944032467556428,0.0123334047900516,0.012287753517214091,0.011833306050607964,0.007422843541615004
-0.5012910138606308,-0.265357797027728,-0.02279465936331204,-0.00551881365678353,-0.09562040536448387,0.0541573124729658,-0.04677196044732979,-0.016008805721797168,-0.018600247051856533,-0.018426751916394712,-0.010548235441936057,0.061007744301722164,0.019148802915172743,0.07039149635658047,0.016136670274088577,-0.04101124584102675,-0.06747543016639279,-0.00011317647070642748,0.007637955104629116,-0.02658560210391809,0.48796978948084646,0.5013656905479078,0.16769694506133312,0.15554559664786427,0.07251045531187574,0.19569875895928726,0.10195050387805571,0.07917887660766003,0.09034253054050077,0.06510613278689464,0.04762169213878842,0.1127584343533845,0.06709955396121872,0.061981379264617546,0.0436431238533087,0.03126054131731737,0.05015173723949572,0.04132850082569413,0.023622444629977053,0.026715457592582415
-0.575446868544197,-0.48708837224950624,0.07794758583346224,-0.16072970503381281,-0.11909370626872759,-0.02809239574646926,-0.03336750354044041,0.023983537509892943,-0.07050827547810844,-0.04646803031040983,0.020309488812933183,-0.028510879187519763,-0.02947469417115309,-0.03140554711441739,-0.034059773908264604,0.04669167746088978,-0.01130460965224476,-0.03952202940741014,-0.010655143084932983,-0.025705526784102612,0.323503888887566,0.33299469227451034,0.19340387994380448,0.24534571742824818,0.11005705574656949,0.1531620097156523,0.08305512235093293,0.021097394651412076,0.047941060847548116,0.042234225748468864,0.024823476019825097,0.03785734436918569,0.029178913966326544,0.028447258526245477,0.028508119993554033,0.025063515099138112,0.017713801443960026,0.023899878515776643,0.022011181486162434,0.019046716084076733
0.18239178693636499,-0.3612787713737285,-0.3679130834751485,0.24144489332206337,-0.20942806668671826,0.18126945468203284,0.0360132204195707,0.13648739200492574,-0.1329376166385643,-0.08177765873848505,-0.13151281205086882,-0.0005174091395804416,-0.19190365774511364,0.24029386533949987,-0.05753436896771068,-0.032417428456554834,-0.05220592300422801,-0.08663316288115061,-0.020691695252754508,-0.0189636141723783,0.2417589498225618,0.3673175999203394,0.22688040862276482,0.1490388678443513,0.13427011429039984,0.1826366536663484,0.10378924966893824,0.10650443410284337,0.06459589527260885,0.0861157363008118,0.06899236610407015,0.04819315050253778,0.08561176942249853,0.12832681397676204,0.04836155716557866,0.036649275053178,0.037211913646340314,0.037477585036567666,0.049813571264450296,0.04826194295647082
-0.2965868695508674,-0.4508384714335396,0.1213131438943442,0.004957962350475246,-0.024748269854815843,0.1393151260273434,-0.19567143156145692,-0.02194051009820884,0.027006685665743393,-0.020412167671006037,-0.09503980328239216,-0.16594754272118395,0.02090146748812615,-0.04993782555364129,-0.012652269010848418,-0.05371948529935875,-0.02880927652263716,0.012068469677685968,0.0477365413003826,-0.05987117001013749,0.5849707680651809,0.36191634552764457,0.20237330636881057,0.15570356447789802,0.09432444185454825,0.12038228520205081,0.08288652295748752,0.04222587914864327,0.036843305366176235,0.03641510411425559,0.030442773714658193,0.060428265103553286,0.035083853831470495,0.03002242370713354,0.019450735712283004,0.040598359581855585,0.03157941550851282,0.01951625494355235,0.02498756179398992,0.02964452879297735
-0.3617544315660902,-0.1572446653300951,0.06927316548093847,-0.011783568620804702,-0.08838995356683611,0.03740718429913657,-0.07930954208327874,-0.030788346447253513,0.03255261596489586,-0.03912188540885636,-0.09311282996426339,-0.013423499828456644,-0.02439239246804727,0.03561673409951865,0.03580311582506063,-0.010576089442941873,-0.005127085828268771,-0.0028965856110732898,-0.006554148719503077,0.011524074147368463,0.792450160824939,0.27888948480271114,0.1878453296640282,0.08569927096103468,0.12480958388452539,0.08076951785901038,0.12027020934706337,0.07895033536499152,0.029980151845018232,0.051514076258592445,0.058126348899277654,0.04535573966013943,0.03812914632755315,0.0414631272847293,0.05025686426894395,0.0179237771523261,0.020720189768109215,0.02636019188397721,0.02168697333754802,0.017977812845808402
-0.1339567783327906,-0.01487465190353972,-0.05605215121332951,0.05467797496258588,-0.06756849278417977,-0.00170412748018836,-0.019149959479368636,-0.06627259080267682,-0.09335809405153148,-0.05836878595860429,0.047481771452174096,0.03954434273018339,-0.06273003063642592,-0.05195966652183965,-0.03645253436842692,-0.02290722844016001,-0.017194587878332106,0.020525912143451445,-0.04938493562368891,0.01046477715191468,0.4999568515660333,0.38396535483976185,0.3563990645785663,0.2889116809556147,0.23735045140898411,0.22279443002528476,0.21158536872511796,0.18035965791684008,0.17468725320716158,0.11910415374818105,0.156716801040741,0.08544741146566467,0.0953979768233796,0.1159988298387159,0.08776794857986207,0.07998244334113541,0.08293829730995926,0.1429960551845561,0.06578387498002239,0.0515749520297933
-0.43317664746243245,-0.06666475364434181,-0.022353756492335872,0.019691894420988558,-0.13271328258588233,-0.10571885278021226,0.1621979499890961,-0.04340441196457348,0.021255600544421747,0.05123262833040249,-0.05267217021615701,-0.06562035412291249,-0.042571346640667085,-0.028831704965721253,-0.03884797239239373,-0.005897987096101199,0.034169066058400005,-0.03948876931897862,0.024649114429499883,-0.02282981206628386,0.49151692084223114,0.23644627644304053,0.28841715119783684,0.22282415124639013,0.2309960381430359,0.2634932964920398,0.3008091251991514,0.08104765361926458,0.11669781422051473,0.08022713967358529,0.1252312553367383,0.08788180074039442,0.06932653634514754,0.08342985577711322,0.11231942510805842,0.03943369172101192,0.04019020306506619,0.07350800186289334,0.062291908833419,0.037068115810377604
-0.13811481148501134,-0.041130752282466786,0.0759306875843549,-0.2622578818609753,-0.14913146991854684,-0.05803078010370555,0.003677274261935703,0.030289650501421184,-0.014483170858620224,-0.0023448269406198203,-0.05347505798571733,0.0032802325785095256,-0.02043707139948948,-0.03220345468146573,-0.0021117272495881556,-0.007958304420705805,0.006986637529606184,-0.01933644899537962,-0.02258063087382845,0.007689117953999168,0.5660878242781207,0.38153006387424826,0.3658132252541189,0.32477914795335994,0.2178947390396687,0.156817773856909,0.14989739884974984,0.15103547674011852,0.09256145458786916,0.08500389473462486,0.0744047659789688,0.08142863766052982,0.06954717472818474,0.06476504247083897,0.04704255175077113,0.05272082028756678,0.052761626117509675,0.0504541517850736,0.03983057223653493,0.0312621102049422
-0.07847773989618581,0.011978569295159478,-0.07158057814236304,0.00917597394577782,-0.0862359876406634,0.007496736806044653,-0.029548991240851988,0.0065967120558549355,0.00391068408711771,-0.04425221101118387,0.02011969592468002,0.011029194758888868,0.019686389425988694,-0.0023742916037525295,0.014449352068888931,-0.012596275062255349,0.0041873621110700065,0.0027880020741910634,0.0016248328806263697,0.007187959905322649,0.5078443090721074,0.5374881421507935,0.4815472254549297,0.37354883227021785,0.1371412729098613,0.0944406895658628,0.07034694616623671,0.06266190097193558,0.07052532149473839,0.053900611133300705,0.05344015503420397,0.04816517966547475,0.033250737256276267,0.04456087198460461,0.03396977766604247,0.03944523143073775,0.027130959477481453,0.02565050145552435,0.02932406680422781,0.028325132657223747
0.07705842636005375,-0.04491452401363162,-0.0017260101608369321,0.01084599837349212,-0.0386216967952821,0.014878093407457434,-0.02901677043389391,-0.013830383799454584,0.0026842074336161552,-0.03398276210977441,0.0093740866115205,0.005089515766680811,-0.011048987578991273,-0.010780202937472769,0.012994143805332122,0.01438590088903478,0.0023384118042855287,-0.004496857923131609,0.002786066169752454,0.00494957153438055,0.9691471268633517,0.12639663673985882,0.13325480714982071,0.055600221536889274,0.057360000642069364,0.038601920081280154,0.047113604769440535,0.021930062406287785,0.029790898134547775,0.020639896041592613,0.024747708558602196,0.019184686338095957,0.023157719005277296,0.014459366103117146,0.01224872534297315,0.011750214255225232,0.0096830911665441,0.009579013378059617,0.008683155664928246,0.00949774429053264
-0.514143169732921,-0.030728130553882387,-0.08669802567213021,-0.1339618205786213,-0.17360605425422462,0.011057393644752892,-0.006526619206341082,-0.009194506622680818,-0.022046969317722123,-0.020365915320899507,-0.05483350888969927,0.03653549197809824,0.00299118665494329,-0.019814538687377592,-0.007896732095857771,-0.007846267188211417,0.027161205799630866,0.024937660726030642,-0.01829399141206261,0.025251404561646047,0.7126812230549675,0.32361900909841496,0.05834384583909645,0.10743761545940642,0.15309555145048512,0.04630701453015287,0.07763669900223623,0.0488741997374974,0.03891213695903089,0.024032471321485723,0.04108418932740311,0.03217111482384037,0.02618476035645871,0.031787030338946115,0.01726655655333003,0.01604367084129661,0.026058461861953385,0.015037989697390942,0.029828637563204752,0.01764953155458995
0.23639595149446938,0.028726638723249882,-0.27738847558424556,-0.08286632995226145,0.10824899505480098,-0.20850247134056707,-0.014459338584524986,-0.02862968852854403,-0.027826794656333607,-0.11605311979402796,-0.030405475635041115,-0.06504643426364747,0.016682128877690265,-0.08757675040496479,-0.06108221034536543,-0.04833985821953863,0.019543124829450552,-0.11318784801364586,-0.0099657467741794,0.016002884885433843,0.8049781965659314,0.06347496113550741,0.1978763959448753,0.09582391035526311,0.11285724084028767,0.14096147702900624,0.06877415627459435,0.05169891080268767,0.023309536700336184,0.08245484983859114,0.020383833336990207,0.044155393377592785,0.020970701627251058,0.044554834530148565,0.0307884813857808,0.01882257998071962,0.018068670919840105,0.04291794691628372,0.012470792863435725,0.013178834992824141
0.3469220606109714,-0.23057153772666372,-0.08860088377872531,0.01735946146675572,0.07135447095645989,0.03700212983770121,-0.06910683816571908,0.08853672359732505,-0.12105774207736555,-0.03530700286171327,0.10964177972237704,0.03184045026193618,0.0062758864409587075,0.06984738622727021,-0.022195730603796548,-0.0021299037248584656,-0.029630165660886495,0.060594204398794184,-0.025310099048116767,0.054049129831571126,0.7739125376773515,0.23158663188247186,0.1865106234471176,0.10977565541273782,0.12149096150648879,0.08387940374946766,0.06177542889762731,0.0899362622645953,0.09261036413136285,0.06009070301303834,0.057524978959409466,0.037413182205955756,0.029944961180471293,0.04646055774423992,0.02681080383018644,0.01973491062970805,0.022357502355477923,0.023863291209839398,0.024945560202497566,0.03049222748967909
-0.3897122739804003,-0.01559327191494027,-0.12854939342505525,0.0859894594589363,-0.13504966218228226,-0.0764033548339691,0.04419778664012686,0.0605927232369514,-0.07548276216885105,-0.06705800117425884,-0.0122395344856403,-0.031216606425524353,0.004657235358159253,-0.00015807232871200693,0.00358829932215202,0.014874362370864182,0.005369077603183767,0.00465772571246314,-0.004258191051232947,-0.008381780634248687,0.7672141465888657,0.19266347107712858,0.26582816874580567,0.14725285308286504,0.1323747396781075,0.10788561994707975,0.07089051169254428,0.08713250119212947,0.07729740481982422,0.08555557450953503,0.04863277275884375,0.038014535180072466,0.024482720063770565,0.046484083738497294,0.01965408079955678,0.028558167500065866,0.015963766556479013,0.024270345826532477,0.018738915186930237,0.020521891670377292
-0.21874141649294995,-0.0791612685687613,0.09325806634646361,-0.06717476232064377,-0.03094830014295106,-0.013281143336222928,0.045042133678346336,-0.05720499430982515,0.015120481643102293,-0.009276226297798278,-0.047142907659355186,-0.05887110629804941,-0.0111775521749016,-0.015354486439518986,-0.014668235871984209,0.014714871359490657,0.007133096262300579,-0.0015827192330252024,0.011307278054505179,0.005633078343730279,0.934319989510778,0.12304436763775643,0.10634270250390254,0.06606359848189311,0.05223032179242412,0.04650330254103441,0.03355434574141033,0.05248157377984195,0.02488563466848565,0.025606169618288974,0.03894176319097243,0.051392970900716504,0.01276560876064641,0.014847760475525254,0.012929354188786874,0.010961963069949093,0.008888514417054374,0.01521239481683288,0.009071905315676207,0.014094100834172382
-0.329482456416224,-0.20943202608236502,-0.1671835970240766,-0.030103774823742647,-0.13227143027152696,0.028724958363280317,0.03358551552715582,0.09398032319092725,-0.004388287616930104,-7.292255481953557e-05,-0.003955021372618886,-0.025705831602740422,-0.014682280799656548,0.0002475149971067004,-0.005722963757349448,0.0008372423412124388,0.0013261967378218663,-0.0036603773789850897,0.0003723366001289218,-0.004378091768166576,0.20778017756155653,0.5745976078793232,0.4631393780603001,0.27171891124272485,0.19506881539048024,0.12441494608738933,0.0937139839667362,0.19439258030468404,0.10840417311971202,0.06126634498505774,0.054366104326348405,0.04178097285003256,0.04805089802740482,0.030041754174011365,0.042650655933897476,0.026443908846277963,0.02202725362944658,0.0270283239353816,0.015131878777115445,0.01777015545986562
0.18026043652687082,-0.20803186257774978,0.07367575566188615,-0.12809810532586344,-0.18296463945623273,-0.07749601111975696,0.06693039758064223,0.006823471577493627,0.008299465261708853,-0.0527994639683964,-0.06324842235691526,-0.0036923490936820757,-0.014212416302479373,0.018836119112317362,0.004149421771362199,-0.01271800808346288,0.0070191553636859624,-0.000775477656434557,-0.01033503260324927,-0.003949008613294628,0.8151785623646366,0.1892599690509449,0.24965353842896906,0.11073013967441468,0.14655856964770697,0.14681593997676806,0.09201099327793465,0.03218026233585185,0.0517012984984415,0.0530995731175499,0.07620099960884207,0.04822041452834849,0.06581123593045894,0.03526689673133304,0.02283794107982312,0.020731954276380204,0.020418978621362913,0.04125073486973371,0.016228803481801366,0.02476022435382478
-0.6364002658747308,-0.07763325182408745,-0.07912795294037751,-0.01924551725973338,-0.04740465486494765,-0.0016588377377854853,-0.048239068593933634,0.02108913399806671,0.019941504134596867,-0.048759602202551586,-0.09363538297901637,-0.01669060190324106,0.01484343626896454,-0.013483025170653052,-0.009319578139672076,0.008936229284250212,0.014269671015173043,-0.009353022631808788,-0.006753877051642287,0.0023512900864366398,0.5892494299196733,0.24405646722420016,0.35811861112286,0.06761683574810808,0.0965956189201363,0.009811383305950066,0.08026682827302002,0.035083865069595495,0.013967474423532121,0.030013291599737386,0.044139268237147644,0.01795247667592426,0.019006180838020657,0.02351284419366966,0.031138709368297466,0.03619868221700257,0.019323143394904086,0.023137970812405047,0.009542380837232129,0.01793563705782835
-0.023687348732811437,0.04803328196928605,0.011237065756260703,-0.16610275173349834,-0.16912823227822676,-0.04854210632755185,0.032663867623767315,-0.10879467612790472,-0.03241446120355921,-0.0428471795550255,-0.10297242846671283,-0.021196044677598398,-0.003669548114195783,0.029440613410269885,-0.025837546375506837,0.010800124008200634,-0.014486352399203194,-0.0008075390476217428,0.005838449614379645,-0.010790966302605669,0.4590429750320919,0.5279681085462414,0.37955246238244594,0.3560972406933458,0.21255802146123975,0.13937672379405847,0.11839695109282845,0.1359538915685931,0.08754720902478867,0.09435632260480213,0.135035297333442,0.08044734524117761,0.04854036529270227,0.04315192473373137,0.04123997772990377,0.041182662263602066,0.03847097513889854,0.022044210856117033,0.027705730112212484,0.022805264647032607
-0.47423434727466013,0.02087873286000579,0.04630926207074285,-0.003753913191931773,-0.08495488393602452,-0.08254093722874928,-0.08645138100885734,-0.04435968765454255,-0.011245444722672285,-0.045662261424395015,-0.004852358926878108,-0.015439357000783503,-0.017459997694826736,0.015278955055557705,0.00748536996342501,0.0004816696931222827,0.013766540621229352,0.006150855357336927,0.010859601855564668,-0.005978284990205516,0.6218959980069435,0.20576491876504002,0.3008986605677011,0.18443790639989016,0.20620171761213685,0.2249691712707765,0.16636419948888875,0.12283500413344707,0.12355788155363483,0.10465553749695818,0.06112566939805472,0.10983547507118985,0.07449231437488237,0.056338032051677533,0.03411145823197104,0.030333742812284913,0.02789975931341404,0.024284172574081903,0.03361576474569357,0.02673691017476992
0.07874794237258403,-0.13481314885666823,-0.2386264789403698,-0.006508867223729552,-0.07519297940477264,0.08057564675851853,0.015959967920009276,0.055753791400778,0.04432374749265027,-0.005879239732869857,-0.034231326808742905,-0.02123058756394682,0.004648311499704344,-0.0031076584965023368,-0.025056627963323714,-0.0018145743181411749,0.005365777750027661,0.023876835228894226,-0.017989674037766853,-0.00043137584554297034,0.8710709903027385,0.06711308636546352,0.26530826939973473,0.14879543169439297,0.04874135974302913,0.07588596442421033,0.09171312181987167,0.08887618486012071,0.06491540316057152,0.05865645342058887,0.04239941945291655,0.055743830715831555,0.03319179466510104,0.032942720557337,0.019740667896102956,0.016529158808105078,0.015817013810962007,0.02666114801367489,0.029286180031922,0.0212735759105848
-0.13225467201004873,-0.3627654665616059,-0.010369012336243195,0.06415820543308226,-0.01754300861122727,-0.06853999156192199,-0.04532387522171871,-0.06901490076339437,0.015637299728298325,0.03548403642657258,-0.14638041625192802,0.04540284563179094,-0.20106551667125813,0.003276550513008328,-0.07558537918491237,0.06267030329962538,0.033961020120938996,-0.0392619268087774,-0.030694464277189224,-0.07994470222612085,0.5839305099065719,0.4837705757105537,0.22694964774664003,0.17307886495505515,0.09506250793396062,0.12108241706861343,0.07615523893861954,0.07371886032875194,0.053768212646633805,0.08197140820813088,0.10516593035545548,0.0814051136248851,0.14368611258393998,0.04851565879977972,0.050350139767944696,0.03497719296363335,0.03131658975574942,0.026823160218859825,0.025376096533463222,0.04429175235796947
0.09607747299718886,-0.29718476915362096,0.1339542587684248,-0.12876553733747664,-0.11184086777649184,-0.09646652253486931,0.05076490353669396,-0.03717413170582096,0.031139798492297106,-0.010584973705442561,0.038343890233446414,-0.008432094768172962,0.005307805109209184,-0.033522930328175035,-0.05303642572987958,0.01613552353290896,-0.006331028911442628,0.024457679856115525,-0.046003289484096245,0.005512306604216535,0.5142082559476964,0.5160437895233793,0.2752111818676383,0.2388670474725337,0.25560460975675126,0.23138988360212667,0.10201956591493837,0.06446163951854589,0.09164602949026932,0.08302135314220456,0.06316380417811805,0.051293589126148106,0.06661916528258933,0.03992317822744158,0.0402225288629635,0.034777416703531086,0.03529129237403306,0.030357969057459758,0.04539044749857697,0.023926459445532754
0.11362713046034845,-0.37863251696070555,0.022808169117187353,0.031008402467133066,-0.10597570200735833,0.09543191687678237,0.00199894437247839,0.03380792356506172,-0.08762454538538766,-0.028661015146769383,-0.018776236445855354,-0.015636807085106643,0.01978986282388359,-0.03946451945773777,0.0074598009688002925,0.04732548650206487,-0.0038190654052891564,-0.014756260699029184,0.02217171915145246,-0.012732517031287987,0.5569724783852664,0.6201330742220098,0.17374616815645474,0.23696414349918113,0.10669460919011721,0.06232282204462155,0.055472229987624196,0.02845640124718078,0.050609413636534324,0.018860187882046662,0.015077847750126789,0.018040725957068047,0.017171819261074063,0.02617701206759392,0.00943410752851138,0.03203539186839567,0.017147628394369053,0.011092783224115898,0.008619412923689932,0.014069011262820213
0.13726368388451357,0.17894497675715132,-0.24811331400712114,-0.03597926339953865,-0.1477002083676701,-0.04194866384796316,0.040155374891561665,0.07713898869871551,0.002864454504442691,0.018726138275660203,-0.0051878926520428055,-0.04434113570525116,0.0024507122515620362,0.0016457116863052826,-0.010805797987340559,-0.025640040016119258,0.0027406075400057744,-0.0016937041770802971,0.0002687935457285783,0.010146437490936475,0.704411575863477,0.47778549503967077,0.1842697236513752,0.15516116682468106,0.1036957090293953,0.15535894555625052,0.09756091366740063,0.07270491023991635,0.055681424296800036,0.047980462570712826,0.04478625686265456,0.07646171639966685,0.03274984820793385,0.050416692057359005,0.012815237022201947,0.0419184672312906,0.012640352673572074,0.018784748071151644,0.012704116833799874,0.015285264482080898
-0.01742965376942214,0.05110670195425042,-0.1486718601243406,-0.02612979954282088,0.03524273505825071,-0.04637993993709899,-0.02135755113297207,0.04615955910542003,-0.026989019210158397,-0.02981524992204542,-0.02401470952898857,-0.010489787506762877,0.0048005166573533604,-0.011032761449354209,0.003306881547568932,0.010297293891429832,0.0036119633856929586,-0.002886831722007016,-0.0004444990252326644,-0.0019053887408745553,0.838680177182915,0.3890509389247633,0.24857581547661,0.11528093901102349,0.09842032291374035,0.06387500157974751,0.07895057077455232,0.06856287703845801,0.0637418929136166,0.040136746990745306,0.04472981166116645,0.02666005626503315,0.021920727924328746,0.028147287669314913,0.018182409202341272,0.021087774558405287,0.01592822859732369,0.014161850864859967,0.013085822424289031,0.011947888863670566
-0.359860948241429,0.122305651595413,-0.2039782142394573,-0.1291061593038194,-0.043297775493942835,0.04273356289367256,-0.058344435400954214,-0.10341967745716676,-0.03516736213927068,0.06492372741659735,-0.0034974109634211747,-0.017426037519501995,-0.08455549170057104,0.0009804595899363868,-0.04150928360008154,0.011382372716937964,-0.005693227395887611,-0.04113352707613155,-0.031968253255846554,0.014287658919424307,0.26523684268664355,0.6106676069021796,0.4464952304057761,0.20008457780293112,0.12457062940277239,0.11304497830791645,0.08975016820353228,0.10684677844224214,0.05146906824754425,0.0792989389793749,0.0574136980357763,0.06000709338999164,0.07001458989391142,0.0361345691971608,0.04654777305093164,0.03520775934346681,0.032270718048947905,0.051794279585949926,0.037234289495504176,0.02755450876342484
-0.3950022039451014,-0.1333056104891119,-0.1641908084944332,-0.007844568547862594,-0.03890422816819083,-0.004242251018442935,-0.028063450430434636,-0.04106222709652598,-0.013151224199794895,0.01559114634304845,0.018702256903289326,-0.0040345640027035215,-0.025385077544832598,-0.030935206596438544,0.018696502488072485,0.033611503448775074,-0.004242530535403012,0.016345959457076533,-0.028983331027317503,0.008073466125342686,0.7076142183474494,0.39727852181328693,0.26438034922195713,0.06579663748607312,0.08499709533287156,0.08405410647923685,0.09741482620510951,0.08732871208754499,0.06657204309279403,0.06879310820085023,0.04763768708117478,0.05962133026034215,0.033873800465058446,0.05143639011626624,0.034612187059625356,0.04131626330928721,0.03805755451902248,0.034485658973156974,0.036435428907051384,0.017110868463744655
-0.2650695454875573,-0.37633922632462846,0.02253221876919617,-0.04929336437000709,0.12390498351240437,-0.1476653363802407,0.01034504819020028,0.10979141949530256,-0.008308629815490019,0.0017923479853560334,-0.015071656083595014,-0.05100304979360283,-0.008227966147629148,0.024998906411238968,-0.04003121620279556,-0.015300785373691011,-0.007034482157288831,0.004810190643895354,-0.05279176062996102,-0.011072981680807316,0.5301954312101776,0.5262519198496292,0.1330497017925324,0.22859219976528036,0.18975963490956532,0.14703128794923934,0.10963895934476271,0.1109309111702335,0.06260576013880814,0.0510098232603696,0.03459331777457247,0.05910063700634725,0.028363644969513248,0.029867526424388592,0.03583795263431504,0.02609755754854246,0.020024220064035186,0.020868339124526028,0.04023840314819152,0.012316680443898564
-0.3647737738744255,-0.04060879009724732,-0.17863108319808194,-0.15645137240841675,-0.018826334107930498,-0.09668605879111404,-0.055053408644166975,-0.008176049811613146,-0.0003773719835051833,-0.0858547116638818,-0.05737049014825509,0.001682733439748368,-0.013296762388928187,-0.024115589537981798,-0.04531963724404622,-0.012155268708679081,-0.027474255987238554,0.0021481577866111798,-0.03505377187085895,0.006916152129863127,0.15457317739679652,0.5951646024390073,0.4511136925189208,0.3001949214563187,0.08029646173906033,0.15922451981587346,0.07990397798298847,0.1373303843030596,0.09509128097617756,0.09803779515130433,0.10921843745103653,0.04393722436832202,0.06824659633340946,0.05002530618305146,0.06793615346962542,0.041223839490665944,0.02761735083938919,0.04677284444217465,0.03307738612494157,0.04040162823463506
-0.3319589394150762,-0.189812782433472,0.04633870791799292,0.04624277184362332,-0.16570564759335368,-0.06483639689560111,-0.04416868169386056,-0.06572493632503223,-0.04517027549936686,-0.004399143253379633,-0.007646506273435286,0.002815608363772481,0.012699263365152827,0.007046796344295844,-0.029293656102283107,-0.005971731555558844,0.030268316009093417,-0.04208072002373299,-0.004337825803490198,-0.04631667001765265,0.7337001093728027,0.3781999185650287,0.1324215318305037,0.11483691152990425,0.12703105845865995,0.12131941832686827,0.13281570772114598,0.10869727025194793,0.07178690730553756,0.06753944563600382,0.07406258890732935,0.0667785473764239,0.055287550905998,0.03672450064327261,0.036850787921961545,0.044854406862579535,0.03341131497241711,0.03346922232361315,0.02309800999246312,0.029745785833645472
-0.48382986478474216,-0.08893464565029859,-0.0436110367413376,-0.05475991544190062,-0.008159377044730326,-0.04269689271241538,-0.027253169951034443,0.0640924788104582,-0.025576774315955612,-0.028181284717652157,-0.01896983797848921,-0.025316127836392803,-0.025926301616202845,-0.025630541573581384,0.003898211614050864,-0.008185767163410759,-0.003203439691695889,0.013501235916906468,0.0027647773371562065,0.009989418547665389,0.776791007703645,0.18752179213520107,0.21095217579752407,0.13735760769628538,0.0721250909075933,0.08673919670136208,0.05098568434442244,0.09775258470120057,0.051206650683622644,0.05443611720991551,0.040160873519376854,0.029689656005748098,0.0560915511040168,0.032740853890880516,0.01987519755478883,0.0328149920837303,0.018470801557983155,0.0279026591324273,0.008153858486534304,0.020606372878241942
-0.21834566700196686,-0.3795757001036147,-0.06112424366443818,-0.03480868415809897,-0.029798609139586284,-0.051161958196575506,-0.08472746192531648,-0.04794049907753749,0.04688170348398857,0.03943173798492695,-0.008658771253818528,-0.002690153013468705,-0.04584681733734864,0.01821213358612934,0.0006722522062907655,-0.013420337234224573,-0.013133993856837604,0.009155444660794638,0.0020020950100139573,0.0012206397857333611,0.7353225034830635,0.4475964548925249,0.10972484938418572,0.07121423342821137,0.06662779100182889,0.04722831523826973,0.07572019933888396,0.043118979972292096,0.038161898776440835,0.055955565998751705,0.022107796716132534,0.0239544972006354,0.050261325847862054,0.02214767123056124,0.02118192099786625,0.03063449978837463,0.018130820726305175,0.016393731824569657,0.005492467836121755,0.022568745296050585
0.3022822048557752,-0.5054653189759565,0.045569151941056193,-0.022539176622256987,0.121200436615772,-0.06555018080183259,-0.05009630923084376,-0.05482598429012757,0.07798877052571165,-0.08534698608349815,0.03919090694970728,-0.04319944050672233,0.033209427847127694,0.041705514981490686,-0.06501233843673859,0.005230456828654891,0.01303554162394317,0.009790118283193478,0.0353632485756012,-0.07500006171505247,0.4114389202043451,0.42458127992432904,0.18063516937176613,0.28588609625803524,0.1828076425931233,0.176651209579144,0.10672052400840247,0.0948384424986796,0.10005625900961501,0.09964161335058404,0.07802176861910268,0.06922536391032286,0.03204683269702779,0.060286559540855315,0.06731229415412916,0.015108144860127822,0.038041317319983475,0.024790708484970492,0.03528690573692856,0.05071445932378377
-0.4947374805928465,-0.00826039295298024,-0.19308510219744113,-0.16322186438755473,0.06002381024390933,0.0047023053056900665,-0.034259729156035215,-0.0009788352797778805,0.001410345950719288,-0.015148205317279404,-0.003193954778909757,-0.01505634647207578,-0.001065659676369365,-0.008377808536371985,0.0016404736665609663,-0.004372786612169438,0.008336054211513233,-0.00715980340702469,-0.008400046005268644,0.012867862262969765,0.7123714185667884,0.13707851682460126,0.3150417148287617,0.16306668225771137,0.04905058955063714,0.09216066848379262,0.10852867662451297,0.05236700469655065,0.03223076659572681,0.04985738848277727,0.03665561199631979,0.02547532974845998,0.017574526269452575,0.016561880151377877,0.013685868101914862,0.012943383401592339,0.011225117188972952,0.027814124137291025,0.020146961623604163,0.015449221818867131
0.06555729754026512,-0.3937859591659669,0.05507317937010474,-0.22778639024160838,-0.06720962558666636,-0.013465655868826167,-0.03586442593366877,0.0262851079032144,0.0067570480748151045,-0.003932216055019175,0.0187202318132978,0.008648889861231458,-0.0003837000415073913,0.01396294503969926,0.014647094208952133,-0.006639356667144372,-0.019738429068845376,0.01702510301194794,0.008948544503285432,0.014311214687559883,0.6980386506812233,0.3995001044564872,0.09050481428365185,0.2866887571366841,0.11136641111634187,0.10738437025217894,0.07512480106112636,0.050297846045042914,0.03241875500123396,0.04418978189483739,0.02605237106043194,0.015548111695283579,0.020647157393496735,0.013680594500642705,0.018490532534694043,0.035166514611392474,0.028471562328786258,0.015580690865215543,0.0069563088621949635,0.023869280119636575
0.23027655803687236,-0.03182929354699197,0.08336629975521449,-0.018401424595402543,-0.10827348323465909,-0.007449296673710816,0.0030123589680063176,-0.04400321214137861,-0.03883648756662303,0.0006566343345999891,0.031094666409030823,-0.011307062404890331,-0.020441121551516866,0.007374668832951868,0.025912990696515963,0.02427344277363377,0.028700996821314485,0.005775175424109492,-0.04398379324738781,-0.04502845248254604,0.856295003783468,0.38755766550334525,0.10243415839027205,0.0821535593600242,0.059018244710984984,0.03645627767223249,0.041284287273623106,0.04157638495204612,0.03337344540571095,0.02328190036577614,0.030454349969441928,0.026133675725529645,0.018706312920844802,0.017917506174847626,0.01949689082117465,0.02322683768401138,0.0181182328614824,0.018079766596228605,0.023691120247387166,0.028088606988835512
0.10623190636778687,0.18584525812602012,0.07613222665821444,-0.12321427976178927,0.03149873703887861,0.09395918493970508,0.04641838139764945,0.027591186069066503,-0.01050274320188404,0.039316483543176343,-0.005816878730069496,-0.05645217626740122,-0.011375620729297679,-0.03327022111287233,-0.04231243671368947,0.021304208907578018,-0.0029403173011721814,0.03164290071185916,-0.050963630978170596,0.004362993611688702,0.8350659097411312,0.2892592059998355,0.181935575080531,0.1736870334480756,0.1647432984093247,0.10118680736195798,0.06353284619553547,0.07461626843156376,0.04164657484508087,0.05281230289857984,0.03769527904649938,0.05332555376635356,0.037203518240496995,0.04134247489247497,0.033522758577164594,0.027208046791534244,0.020440170236366267,0.023727178776142718,0.04756933670790504,0.0152487359079893
-0.0035211106910283474,-0.1582214999657976,-0.27513240361443103,-0.3221724066563257,-0.19432070000911256,-0.002556451033400227,0.04286241899226398,-0.1269422079770738,-0.013695322676743829,0.07089011210833018,0.03868611966004249,0.14533312597469866,-0.012291036171132336,-0.020874373956075703,-0.0012843762724511014,0.009672875984302555,-0.005165448674968187,-0.015507047406644018,-0.0009358791398090303,0.003157018382486589,0.42424208942772007,0.3179039664815947,0.317789565338888,0.38305901034358564,0.1676296349897907,0.14130482240562053,0.10811657522632084,0.1693457590954622,0.13301131579109968,0.0703183685859371,0.08723054461850697,0.17789292627045528,0.11715786060602383,0.09248265651416138,0.03433948633043731,0.05400130017178002,0.0401934214980986,0.03564553048395622,0.04825394939306462,0.016355017352298294
-0.387056531325802,-0.20501835855044945,-0.19535783371282506,-0.18189033733073087,-0.10508882096959127,-0.04319695011815327,-0.05020985519055626,-0.026452993679271494,-0.04844198630083855,0.0033254377098959004,-0.04876376356488678,0.03585009195938086,0.007946123358719696,0.022511381592856115,-0.01789013255419767,-0.005549673256183824,0.01630479756908263,0.020722925090208653,0.005370830656084681,0.005032122184189847,0.6453033570326232,0.3944688395883944,0.19414697619812687,0.1871217959759804,0.11194669822471796,0.14425103820511748,0.11950744638066606,0.07115402486726115,0.04863874485218078,0.050712272614236664,0.05357513291614244,0.03851244986158415,0.03425533862678536,0.03657348633170433,0.03664952392664145,0.020781225884284497,0.02137986093020705,0.027706585015991554,0.016735129827989043,0.024239343791248237
-0.3625214549200403,-0.04081663224552978,0.004139496070201472,-0.02586811887387808,-0.032316357148097816,-0.04966696515500871,-0.02288912978968071,-0.016950401666815156,-0.008102892754130762,0.014173287242558886,0.00141909813484942,-0.024985952427253592,0.017392419231361318,0.00023730167021485674,0.011831077988560422,-0.012655640008168947,-0.0017446675862122546,0.005926952878828877,0.005971713097117303,-0.011855096017187507,0.849647088238649,0.19395946030261665,0.2013240261039834,0.16680622458046723,0.11906045753418433,0.08223487857570619,0.04475029260134405,0.05786843441341974,0.03494182653413683,0.021954465054106816,0.02086120166711735,0.04051321721802745,0.029556699282396195,0.01898202507685453,0.019931903662702918,0.013910749671667146,0.011865881397300037,0.010461786915575966,0.006905732420792271,0.011228417285245538
0.05052962653594763,-0.2637535277847204,-0.01540059446028075,0.06178410418735627,-0.018072557679484513,-0.00034802555388987826,-0.03348377111567152,-0.03649179555131052,-0.13971598271451463,0.01939431973456394,0.004911523168370581,0.0032327639472055675,0.028718052576787077,0.01708713765342307,-0.002911238828606815,-0.012139874119323506,-0.0052601386889046895,0.013404194822723382,-0.004225493357857585,-0.017347916061225804,0.648450078882319,0.5825436025169616,0.09547965869369195,0.2152579504655616,0.1205306230347929,0.10222239983131781,0.08328017811613084,0.0689379068705468,0.1807223732357028,0.05246415418370712,0.04487157672986916,0.04469185511411423,0.034781076934874325,0.03607060906550398,0.04334178885973889,0.026227262326265145,0.025999978022899294,0.029855959340272457,0.02541703107082966,0.02530625638109357
-0.40244948295580996,-0.015159933249781005,0.05196978260703922,0.03659636597670069,0.0024106029278495337,0.03138601583724969,0.0071340605572630285,-0.014758974384033634,0.0007712357069070881,0.013861498021175273,-0.0029276047232440787,-0.032681551946253114,-0.016495919656747942,-0.0026224139384522136,0.002104389972282061,0.0009321476818301146,0.011568633978411867,-0.0026189099229939725,0.00015109901094730017,-0.009047963822934414,0.860561301570649,0.14205520587931533,0.1804842617447649,0.09533914274154119,0.04901763446686025,0.06335660929584018,0.057017113248756975,0.06152992147750023,0.0766756220333979,0.05164531187803764,0.02389399434708431,0.04632176048765775,0.02587913402940873,0.02097420316921267,0.02820107165633471,0.021802643659809152,0.018859681822697313,0.017811132163542936,0.018879039120618963,0.013880648138729457
-0.18600734413850406,0.15420342261084488,0.13362043641088617,-0.281936264190942,-0.1288661521290607,-0.3116984410281799,-0.0886188293100965,-0.02450386456856629,-0.08645313404452253,-0.022679361462428438,-0.07913353049713727,0.08800152567586515,-0.05402876340056344,-0.01599955567530922,-0.0020292186726634945,0.001956304621521429,0.0021944990739713494,-0.017128568935200577,0.01427180942757457,-0.05523115773064986,0.6022648407297934,0.356056847086027,0.2481889044555773,0.21891842124126965,0.13295989264481736,0.19285850482467823,0.08457737081870016,0.07336188955962517,0.057085103485753165,0.04777145311395133,0.05286706164423525,0.06633521956649766,0.04476618443819046,0.04872206342303891,0.041266705176760385,0.03811569538671515,0.061490981465257236,0.020691700656846418,0.03658355190699655,0.03295234951006328
0.2361289897037379,-0.18495213679276645,-0.16674347955661167,-0.03766130552336016,-0.06621180277628255,-0.17484599958026856,0.07964099704378416,-0.04975390733713959,-0.15793966115472946,-0.03781618177202605,0.023625548151560406,-0.11913461943741077,-0.04102668846295912,-0.02318019211785289,-0.15937997502016757,-0.0006154988541909916,0.006036696813186939,-0.08745650862507809,-0.06499061446708007,0.05963557395229561,0.6823994812598511,0.3250600703675274,0.2686396196651809,0.10419541167127669,0.11378045778857684,0.13540562371811454,0.07128280816522567,0.07422682808134186,0.09896449978192247,0.08098337288887533,0.04620778370468117,0.08414675732458562,0.06126510179966185,0.043975050419453814,0.11704604459006367,0.04556419862640909,0.038620536307421086,0.06271715785393828,0.05368535524103325,0.03549010886494434
-0.08517586671784698,-0.25462537393731255,-0.1519592297058846,-0.23979879853337313,-0.016804479095360057,-0.07603653478065826,-0.04253538235855199,0.02212676742527617,-0.040787382210843035,0.08535001023727291,-0.03387402431425447,0.0023170818154615597,-0.01100803492125569,0.05261196199529674,-0.04693765588097349,-0.02133112971856305,0.08724847891711883,0.03986141880457578,0.006321714781487799,-0.0222302590744413,0.5323966012561882,0.4417086802413921,0.30314950778647554,0.34529807623936354,0.1588760822780128,0.17701215044752153,0.13975276446046878,0.09128291348853164,0.08911251478386614,0.09005389754467513,0.054709529308241606,0.05594356186468375,0.0406252646378128,0.04788753658660887,0.05187231617890144,0.046197858329479,0.06471944024835638,0.04614386356626369,0.035061879402087645,0.030960757707473984
-0.3737201407165234,0.07891275160858523,0.02705050533998551,-0.026983625078623178,-0.08859558126123807,-0.025293867118395204,0.0020102483134158086,0.012419013150794111,-0.03647134584549105,0.008214132116362152,0.005522490944458798,-0.0011172781866519933,0.028489162869566292,-0.019043063319119927,-0.039795187011857636,-0.015480264763782522,-0.0012061369433122083,-0.004657254172243674,0.02522425966364937,0.015102494465524977,0.7665261803548606,0.42106283174326936,0.08671499018754172,0.09096338628769825,0.14644718303490256,0.07065457439412429,0.06382155797876721,0.09422734905453845,0.05304691336438635,0.055055718635603434,0.05556619287943188,0.04458517319055834,0.045252441801579585,0.02607291494804273,0.04110404572428259,0.0345641799983708,0.023989122165502967,0.019037260014958247,0.02403365088255723,0.024407097695488524
-0.07096141654922597,-0.21050372752960322,0.005287596483290833,-0.19810358513385454,0.0300336486576187,0.009334374881124773,0.030372699420993517,-0.0011754267212974532,-0.05242414389979526,-0.00806992437871432,0.04196399561618303,-0.022259335463334806,0.005885750809056948,0.0023887815034730605,-0.006888126836713668,-0.002954041315030792,-0.0021113636272020813,-0.009237233745825255,0.0016471172679445331,0.0009444198182301372,0.7428713664911056,0.3862225512485329,0.23631013440763102,0.28198699382903863,0.10117593211196865,0.10048025355740257,0.08849398904175759,0.11839689875172334,0.08954668170445447,0.04933516737919455,0.07413943662038858,0.04452193266956681,0.03372687693601705,0.03414095678015968,0.026574930644273395,0.041087097208782015,0.03655631588961279,0.017057488826612194,0.019765148191074194,0.03151556469262721
-0.19317278290658746,-0.02257132722644504,0.03770161671897882,-0.023024830241992866,0.0042780199014836665,-0.013546340188445001,-0.0023152984644181154,-0.0059966810994666435,-0.004118356203978457,0.006717687625866028,-0.016383203167362886,0.008185054546307436,-0.016963556476602425,0.0023726037311628894,0.00482618471212046,0.011353843302370159,-0.008992154228882837,-0.003866186977886461,0.019759176246516148,0.0003664235894980549,0.8860424964865079,0.3906339744637774,0.10207195248672059,0.07360025848807311,0.030301306153368686,0.023373321624777628,0.026023309646878746,0.015828806061193666,0.020165831094763765,0.021245267160646,0.013546407033611643,0.019865845052739587,0.018460536132883076,0.010190397022013223,0.00988034657001058,0.013151227683279327,0.007911687174287436,0.008152313850919371,0.019240699819032876,0.010290525383652355
-0.035080666835485455,0.03650767095446691,0.009511055657651273,0.009716901937090973,-0.028930241795505202,0.02359744146337842,0.0048047964343267136,0.006510681900277491,-0.013711550001141572,-0.020376900649523685,-0.00953019712438076,0.005683886148116835,-0.011030605581566178,0.0078042966846227834,0.010718968485578078,-0.0013767453541562486,-0.0013293274635820802,0.018127623494888896,-0.0013031620471504605,-0.016456705390605043,0.7304651789045399,0.6571200764395835,0.1242578056950388,0.03315988171429631,0.04227812117686143,0.07431008112279308,0.04124944111253686,0.027256006494802032,0.021796677724698066,0.01643241075650041,0.011224697377667354,0.014055533656965713,0.015277612739097826,0.01340782319742306,0.016813094030698857,0.01426421567435986,0.011803294764275534,0.012791946176354528,0.011645022859774269,0.008810114780096578
-0.06092551363767268,-0.1372262796014142,-0.0854718787240757,0.11346139679161081,-0.014348641266105357,0.02022805987417465,-0.033567262562083346,-0.0053903573397535084,-0.05431574166424173,-0.012825696738874003,0.0037475257762916827,0.001654940912282957,0.010383618522997727,-0.00994670691582497,-0.030370275048826022,-0.009490339113837152,-0.00985925639107723,0.02549395633712017,0.0009107928002196734,-0.006919207355066214,0.8546615964202248,0.38600319050962756,0.10389117764774021,0.19986873903086042,0.05807216236787569,0.06200725772876254,0.03873626719974614,0.05019540772404861,0.05282368847436208,0.02718051850252333,0.03119703883392397,0.023560437472928422,0.024733921893202636,0.02546994226315646,0.017303456640421922,0.0190109318467814,0.01932129918131297,0.025221857529431364,0.022317168670966836,0.021243154435993748
-0.12551673839898744,-0.20772203035651982,-0.13677565495976843,-0.11124554541004261,-0.09761351338333482,0.1103816441246875,-0.049131401015280254,-0.04180046954331799,0.07230634269460139,-0.08315391851300073,0.023473347768306646,-0.029214769469836678,-0.0037234180341203164,-0.0579225874992617,-0.01574976303932339,-0.011056814386784913,0.027138068608170515,0.007741017564286763,0.0060004044784247555,0.058201280237044725,0.6630378412971731,0.3545526930494568,0.3437168903514823,0.2622193269000745,0.1154986434361089,0.1755851867604458,0.13999256080977074,0.09083397744671756,0.08286302535984072,0.0721048302951851,0.052735642098520934,0.057765169580296934,0.050629726445858704,0.05321069601807739,0.055418183832297456,0.034338437506427774,0.04025035871515745,0.03435758836263048,0.04146910353903704,0.07771480379244154
-0.33803883308439037,-0.03973584144256144,-0.321147754430384,-0.07218842182877915,0.20031958889102577,-0.009661987209885398,-0.045041653706568256,0.006462841715001852,0.01134284363544598,-0.007485913725264903,0.006261790273530114,0.035255975671366256,-0.022557149809813045,0.018514154711688564,0.015358923263677422,0.0014159097238950113,0.019213594663014397,0.01658703128991584,0.0023794962326475393,-0.006638115634708315,0.6381365247865997,0.3118395361435183,0.2689908192668456,0.2209532924010821,0.19897452940000895,0.10423921992763811,0.13256294506452218,0.07057010667496522,0.04832515962689554,0.05009777818724246,0.08176270798438945,0.1014692678372326,0.056012832856122324,0.03931167445516753,0.030631405219981634,0.015523679674871286,0.05165104976274034,0.01677119848382577,0.024070029933471505,0.019909893042454076
-0.45312485326461865,-0.27422098147383517,-0.05228594484873601,-0.07066802082717193,-0.005263658132842955,-0.04001684176760851,-0.021869096320082236,0.014055412951125125,0.004612979815826323,0.007057774655147622,0.02774480973928234,0.010146532209666189,0.026366817842933273,-0.033672268215537794,0.009269240114053423,-0.0023717914903851893,0.0358413724374133,0.02141801611403958,-0.018700638030477758,0.0011848797803446177,0.32594490928256564,0.6632444590071058,0.2940712449881037,0.20555719040743603,0.057378814007419024,0.09645290861979401,0.06248534666499413,0.054433034827796455,0.03979037665727345,0.0372787375743056,0.04631148130030605,0.031201808641595982,0.029932877054744473,0.04046196674902518,0.01110924751800733,0.019173696780648144,0.024256434999852503,0.01176008031590178,0.015266966920039043,0.00928271415407932
-0.6091511044449189,-0.25066889849485907,-0.020642154998047613,-0.013194881650955127,0.14117623361288073,-0.11970628712665406,-0.10178857509357747,-0.011786885592261615,0.023626978121664026,-0.005156666876256105,-0.040806270842757085,-0.031233090634546577,0.009825675029255403,-0.01857148477963752,-0.02538814882209609,-0.02345750883896888,0.007439856584475742,-0.030473179376294835,0.0014710081715740811,0.008375282944065887,0.6708555829892946,0.12190905196800607,0.06028372336755326,0.035151881399219057,0.07990309459698605,0.08424934705421784,0.11824410876327898,0.024929043708301468,0.09211320200935011,0.042526253275183654,0.03674727599506222,0.03586554089264757,0.032656279558567605,0.016419849965386903,0.017913437265507516,0.020284392995593925,0.02737339329568216,0.021409442625879703,0.021063373297418014,0.01753579641112087
-0.6422837165149138,-0.11083152979766793,0.0217162577064053,-0.054856645285054594,-0.015303599798808364,-0.002862694119227686,0.0005466233069556907,0.020689374972658495,-0.021607628107995464,0.00036293861294606385,0.0011446772792592856,0.009017420084638034,-0.004313221143355922,-0.0022778556320931205,-0.003312947513813522,0.01698357844338964,0.0018129957498046207,0.01025653152773328,-0.002103086130008508,-0.010504606952962596,0.737793580500182,0.04360744870688874,0.024109049682583764,0.0335617512867428,0.032617812861199205,0.09751308634280384,0.03159446419509996,0.06189706139414141,0.03606982360905177,0.015603249774723606,0.0236349671763646,0.022523994511706273,0.021784445103223884,0.01958227950310779,0.0334233606111232,0.02744196776172076,0.01863886101365872,0.017288413034250383,0.017072439770933773,0.017694468422131883
-0.4280390107262409,-0.048242813479857996,-0.22050844963967076,0.24902663042393997,-0.1991837658353447,-0.0656224084784046,-0.0335054803433602,-0.05858192050732198,0.06214010734316053,0.03009079196816738,-0.026641215235744458,0.019205994834602492,-0.01261048065554453,-0.016331210232703598,0.007611725621396188,-0.009958628357522582,-0.0009086577668874691,-0.012636457909907433,-0.03844119986042439,0.02358935342148756,0.39968186808077927,0.1042727593725929,0.46436408059183365,0.3390272305756758,0.2202155028939149,0.22716052874143397,0.11238365079619918,0.07863120725899196,0.09332473949337941,0.07836095378137097,0.046174463261372076,0.03501274374666405,0.04432689890407474,0.034684454449340825,0.02738528791663592,0.045078242345807824,0.037542775824349076,0.012921704883943326,0.020187783089151454,0.02038829058223234
-0.1731335463793759,-0.2426649203874629,-0.18514606190830862,-0.12417924228271585,0.07590024243858526,-0.02146148156906513,-0.22660668322565733,-0.040358797082730116,0.012387180608396171,-0.011454428322484536,0.13009625890601592,0.011402830174396117,0.052093948606330494,-0.03797294071415459,0.00944666116370804,0.0065693754373059386,0.010915267667450011,0.0177853784646116,0.013339998825298752,0.011351667836415627,0.4874562037167692,0.40560417715016067,0.21504938437144341,0.3004033886890001,0.2897073594254321,0.21820731708499344,0.2530147916862665,0.08053452729115886,0.07250834290040946,0.04447171120187796,0.14784993268333932,0.04070703075447137,0.058458429276966345,0.034914802335428326,0.04399102903305973,0.0218656027135037,0.022658144161322172,0.019087069333310756,0.015294993116436877,0.017056670533571024
-0.39867438154856616,0.09151313707856905,-0.1954482315551508,-0.07926447584092092,-0.04244317504517342,-0.06913505623395416,0.04483508328136603,-0.04334463007082071,-0.013900356383165207,-5.460507560076706e-05,0.010956106372420149,-0.025325709324272132,-0.005089705130584111,-0.007244767497216704,-0.012771440894000795,0.0004960551788530019,0.010923062520158728,-0.01144659604658877,0.0012019140591414523,-0.011746225875815187,0.763832419924469,0.3319935128484373,0.20492587875038332,0.10451098875321088,0.12402273888976732,0.06834332744115365,0.024012442560635245,0.05606402849140032,0.02737118719916711,0.0338012526582122,0.03009970673231885,0.02679005369831155,0.023714800480605265,0.01660056674476867,0.016775621194867873,0.015325398608913575,0.01949568590917138,0.01722081174650038,0.010151945352280428,0.012109087996514445
-0.557446039246904,-0.1777240901092755,-0.13838681656276391,-0.13980491778576573,0.055572169408402865,-0.10887841197184968,-0.13469188904246127,0.0870571127309871,-0.15210089858214937,0.04150881896446598,0.01852058351753238,0.0647782770602043,0.04763443400001751,0.009576208377097984,0.03584750730017998,0.028754530089698603,-0.04033957775254179,-0.0226554513786585,-0.09332821630985799,0.006625439847387912,0.5436990341092455,0.3976916276993125,0.17891787579659993,0.10074424909267797,0.07907819991459347,0.08649881549272152,0.0748669921125759,0.05407156813412113,0.08539953079822507,0.019612987464038428,0.03411118776027558,0.03255743879308156,0.03629317374196956,0.017983879622463356,0.01568866151898158,0.020575470850578342,0.023488979680582292,0.024031862531978847,0.042694096449194946,0.013713297262192059
-0.18087541359448855,-0.49284812191647764,0.025904306527986823,-0.08572879421091893,-0.020490628602681797,-0.013079314935056891,-0.1790360960670133,-0.05419487107253899,-0.05102177282978163,0.015449758965062562,-0.017230182923892747,0.026114172141560015,-0.007747129931639971,-0.008650507953291682,0.022506717056324878,0.013652067947019375,0.005419193922870964,-0.037681935609718054,-0.007127307472723633,-0.008578771953629967,0.6143419590767932,0.45223686785250844,0.08157870646839464,0.08468682364224216,0.19123926048181059,0.13286101237458178,0.1186129851955031,0.04894400937772586,0.05043863472523604,0.02855566570615192,0.017756153460765256,0.04288231553485233,0.026631398702651146,0.018305156222618774,0.024885173231493175,0.01416813568598031,0.01018410237856486,0.015523657606266216,0.012299511328391258,0.015362746668484606
-0.5201918887334595,0.015126475179636474,-0.313517083361286,0.041731614178924244,0.16559397449835772,-0.27651251708755936,-0.07221468647722817,-0.04166336363934859,-0.08594485456563486,-0.014291376590460427,-0.05657373167114983,0.018176787734899186,-0.05362225898800095,-0.017245320617890088,0.002503791574823854,-0.04102583776460105,-0.014580168754406483,0.00193272712168325,0.004975688348720029,-0.02146720610501007,0.33400471887875677,0.3481051781404126,0.41565021115795375,0.13393459818289247,0.13169844106307693,0.1537668146875541,0.07808305117536497,0.08355130041587344,0.09483374379012224,0.035921300147928346,0.057856682405137326,0.05165196918459826,0.037184484949062215,0.04523001481364368,0.03213989363474948,0.0382576847728158,0.01854382025964922,0.016813346337883527,0.02818555602467601,0.02164214027334028
0.46387408703326216,-0.22650656476589293,0.04674213729466552,-0.09077796036010773,-0.09360775241066369,-0.21047087226000916,0.09074721382209217,-0.05500578803342447,-0.017757217481094493,0.007267634597545176,-0.02451419610837007,0.01750990962089623,-0.013447452777225845,0.002328137346189348,-0.017124900059113338,0.011212794266409669,-0.0212524668774149,-0.0051107339824356625,-0.011934274573910813,-0.0009929216081766372,0.7416583221716216,0.23284010275431247,0.11570929883928727,0.07098839431296322,0.07677101435354854,0.13450835656969176,0.040940959947430126,0.04955761372179959,0.04966482203615737,0.009315904349557218,0.018405603215077743,0.01931123162219612,0.024682179270146123,0.01719958858045804,0.014765561382736008,0.006572838885221789,0.009320214006174068,0.013636732741102454,0.025050592934489066,0.010828506048620776
-0.38788480427500055,-0.3396029275064837,-0.12823223560260072,0.00745938931637894,-0.2511346895838947,0.02865607301481742,0.03368108715256841,-0.04358167795441374,-0.007511012484324277,0.003357254904322021,-0.01334017587310569,0.002735175817181585,0.009855715221309116,-0.008364593219082757,-0.015642106599174935,0.0024616968329162804,0.00616123783328448,0.005586715757756852,-0.0032569883431571856,-0.012812264902832294,0.39390728121438584,0.4135977503948884,0.27701600238137597,0.16884492205422555,0.3143966225487929,0.21939723889555643,0.12123852526402688,0.08528209318767335,0.14192293509563406,0.0549027164991767,0.08902801100378549,0.06295177818205697,0.03513273811885189,0.04556882268200311,0.04338323733879182,0.03923298281500501,0.05843808968454572,0.03632830499766059,0.03643883251580488,0.040160151393615263
-0.46471526484642967,0.09854248612430197,-0.2311141134985788,-0.047093237185304955,-0.07955727951263183,-0.06846256591471153,0.05702715668552627,-0.05916015298688549,0.00036266624726239045,-0.006625908784819701,0.014688649760233983,0.01169368116659564,-0.02895007942226832,-0.03289830585866141,0.041187477219515725,-0.01287039229733287,-0.012202927287750628,-0.00376890977278304,0.012986313624557686,0.017833461978148387,0.5285615454506487,0.3653095297108694,0.11554698442341133,0.365477485189713,0.3025915488669743,0.09510998448876821,0.1023709940204462,0.09970574879800084,0.06328997552419222,0.042971394571409756,0.04228911232199247,0.037384907082027616,0.03780360832339127,0.044828855435310275,0.03256318105801113,0.03487398069978153,0.011595940109156447,0.015997563128153026,0.008392145147416536,0.01020601598713821
-0.41305433412578935,-0.10903983350184324,-0.009307723325522606,-0.03156779211567575,-0.015176521257782927,0.02228118144380373,0.0023727201909029484,0.004691431586254332,-0.002549726497664148,0.001832394935922768,-0.0102349578226957,0.007823141397521162,-0.011228245404465247,0.00719455841338286,0.0072916942487730625,-0.0014788670055984412,-0.0045370846113902885,-0.003433357974880948,-0.0035137088645638575,-0.0009215720366359701,0.8893640641515931,0.05345588991122372,0.11699887909397513,0.05744711143493327,0.0423421323516119,0.03418556977857065,0.020093758124922378,0.01221619725950613,0.004136598975509841,0.009107360275439852,0.012072201153979533,0.0139491889630079,0.010796780296526946,0.008172173753121528,0.010200191986899415,0.005140048234549017,0.007254395312689135,0.002409468571581148,0.006123475706370745,0.0049776598540470654
-0.4350467844279456,-0.047850055726579216,-0.18986017124767435,-0.019820209788687756,-0.013277160870279173,0.009114264650890918,0.023751296709162754,-0.003264254258553276,-0.004126184711710635,3.304228142979365e-05,-0.006167220187371114,0.001258321707557935,-0.020548242217414917,0.02455064237886326,0.017832937759299068,-0.003484415199081032,0.0018972883391796627,-0.0010028415337629266,-0.03481991796143489,-0.012677781944332564,0.7917937061316441,0.22270871891357139,0.1362519658911812,0.1278637135002223,0.12795561633090893,0.14766130748967918,0.07316500897506964,0.06375379555599092,0.04644896410436203,0.039450527474637107,0.04151554813086029,0.025739291417279708,0.030203675215453113,0.027396528126181374,0.022757487820611818,0.018592129153059262,0.013192582548821514,0.014779989750155018,0.013616673573324103,0.011521153992892554
-0.3490647771166215,-0.13641310696544906,-0.01685870041325639,-0.18112477687316283,-0.056610970923477555,0.3677629180136159,-0.06457651110787484,0.2249083997841708,-0.1954581170566815,0.03805971168249679,0.1159833508766645,0.1054669361032546,-0.11808591547835029,-0.03328859752735961,-0.16067555604557227,-0.1874722858078912,-0.10156021213729458,-0.05280664863535743,0.0031181392866267066,-0.028059310569633084,0.3576263845671189,0.3708012804409986,0.13727003072138308,0.15521161569982747,0.09618157361159713,0.26566774248773967,0.12253566691309795,0.1074741302497286,0.1007838266410067,0.08784392643198363,0.08052714326490253,0.1047896800029869,0.06487124521432637,0.042731906610360845,0.0979020360676093,0.0940658250646076,0.04485432381806514,0.04052993323675481,0.025748558699171656,0.016106607959582492
-0.015230619445791509,-0.3277434648994515,-0.30493934915532017,-0.3627213509906045,-0.19967184935163534,-0.32231793070159337,0.09426045961757179,-0.07938947656877614,-0.013779775440185348,-0.042655844473858416,0.003736276957260922,-0.04354187063044739,-0.016067713285062506,0.02309016049850635,0.06787603199251903,-0.13578647554968087,0.01142498893900217,-0.05645745335379435,-0.0011566524848803704,-0.05239916617658703,0.3444843767717929,0.23276709691466096,0.27418992107447276,0.23324135804719293,0.22839691465467,0.27738030439947686,0.15640715144175515,0.03633893824573453,0.02497674896567127,0.028475958770805877,0.03543439818407709,0.03217905668662617,0.020248332256125823,0.01851521970131862,0.04039202104181556,0.09750108139040674,0.012295187294572818,0.026829040574086534,0.011090463059295473,0.03317294434493942
-0.08976987950871353,-0.25169721503609543,-0.033086798624634185,-0.3649854030238792,-0.1305121365776727,-0.059845539187741915,-0.14802561103143522,0.1581698616028321,-0.08965090314899023,0.05257300425173252,-0.07633147484881954,0.024277667329885236,-0.020011223182766213,-0.15027692684348737,-0.08735582483755003,-0.02693043680969166,-0.11933324766593527,-0.10776854121997805,-0.08333639671120958,0.003973130053972295,0.615114232481373,0.23021219743957877,0.19256597928438926,0.37975642401658866,0.06093818781427879,0.04840359412137934,0.10184618875658412,0.06255179130039522,0.03681747024293456,0.029744530414803214,0.02962798641600456,0.020571096592825237,0.018532578247169258,0.04966007205535014,0.033857443804569884,0.01454079870672433,0.05205017082540064,0.034533173958300814,0.022424775384685226,0.01580026922383383
-0.25832365224567083,-0.19493012280746383,0.1764009471696397,0.08198456137986143,-0.31155788074504603,-0.020074140996280652,-0.21517441946087035,-0.00724569149578337,-0.03121444477180576,0.006549454927237643,-0.03795197962775435,-0.0003990561773022884,-0.07896965402354264,-0.012290863209383265,0.005754018918949777,0.04208346819139536,0.029808689090047,-0.045727568185344375,0.006195613775712084,0.016201850671457983,0.3585724127920644,0.4543595228349547,0.37052849300312096,0.1511419495422356,0.3770908615631849,0.07777483243906946,0.1752429849535938,0.07785679248140108,0.045886475022518025,0.03677736836390398,0.05652262751564794,0.03365543741449166,0.06919457629975458,0.03346748659145325,0.01991058618385421,0.041799895829076186,0.03459069394877573,0.03431501678376971,0.02796988813137164,0.02269610219146698
-0.3950834260453823,-0.180126593798245,0.07175548957321401,0.06365963448555435,0.014555014254795981,0.0073620398804776456,0.027406336112978325,0.04750436508889708,0.009023883151401388,0.030709227081320612,0.009742072250248354,0.0624997663550531,-0.014521726292029542,0.020785493596353087,0.0027708320791796264,0.015979655920640937,-0.003397851227226273,-0.004162333403632089,0.002434133833825169,-0.00012730676087333433,0.6957931495296747,0.17314969635189484,0.34660319989154864,0.3193926283728141,0.11045443204878448,0.10526723603616694,0.06986389398953236,0.10980654204204758,0.05504167931488441,0.05833659542474995,0.027432881258321225,0.05474497877046801,0.04145485223968572,0.048102122812956734,0.017229582126006504,0.018799252156640214,0.023504043271424267,0.02332963906080262,0.018733113328465948,0.015335829812991248
-0.36593251266362065,-0.35291981736271816,-0.03193157752344719,-0.14490300155201866,-0.27871185412412003,-0.198729683866538,-0.03825830150121893,0.008928221536875931,0.0040526894584714986,0.023866749468432667,-0.08659912457267692,0.03847695292930912,-0.044912217243418796,0.02690741101609362,0.023669150611156375,0.01045487643953477,-0.04513694775145608,-0.008643754033634894,0.01509191381175389,-0.01291278352314332,0.5521669703965963,0.30538036824964715,0.10235719525823965,0.09965264269668052,0.2722742205153276,0.11218763870902167,0.09102027792976894,0.159430802407548,0.055089829638303896,0.07069577352434608,0.1183563561643836,0.0967296953503532,0.04397052617855773,0.053626673372835096,0.029810977775180714,0.031595036658635785,0.06778530099604868,0.03683383008408064,0.03761539325781235,0.02980739443156623
-0.15528315334792003,-0.03001154895007647,0.004923361279701702,-0.07197969116424079,-0.00759065801592679,0.019571675969783837,-0.03362835531653885,-0.027570384069687877,0.033390066176072306,-0.005969002265864747,-0.009924053941201232,-0.014873748948852824,-0.0057429791174856346,0.0001422887552601776,0.017332562227175562,-0.022856983139855465,0.018577259705552164,0.005790225931515322,-0.010198693236415476,-0.003436843593945264,0.9183660746078591,0.28723777508666376,0.10861055786294299,0.11624548083285906,0.060700542008652034,0.046963895228302514,0.05216215963643766,0.025471248897125372,0.027104411283145016,0.025144380005465865,0.016845987136985454,0.029582815242173675,0.021630626887545388,0.012619130213872546,0.017246236284655568,0.015375579145362788,0.009978370028448617,0.014401999806549106,0.011120214817042229,0.006370439365199612
-0.13799546380789696,-0.0520600702113296,0.029091154815081607,0.018374532260341237,0.0019582494237980843,0.015301548909751562,-0.016795538987523263,-0.0073452957454045505,-0.01336596226778392,-0.013119234983899638,0.011092828492969447,0.009025110788924253,-0.003405262713487751,-0.003186580171810331,-0.0028781688914859215,0.00484187642167277,-0.004562658902907155,-0.002009636255794015,0.0038579345687652544,0.0014767738699445012,0.9347648940496281,0.2063605308079732,0.15444579986230014,0.11235296348268904,0.08221198989915236,0.07721166242757992,0.05952206359914088,0.04576812076290856,0.03346185187138667,0.021648346835649358,0.025773141022738432,0.025502510078078664,0.012765222674722193,0.020110636367216068,0.017736271559097128,0.013627979977223426,0.012731927835628277,0.012684284658924046,0.014260236981910205,0.01168633345233978
0.20914027843517596,-0.30673608557990006,-0.13889020488629059,0.007617100563373502,-0.06787919140415671,0.033298199224968565,-0.0700249839717544,0.016567113979135368,0.033999400898277736,-0.017148127692237326,0.004800357985300357,-0.02854864243872558,0.026747050299157908,-0.007264396455389401,-0.0062360296451329875,-0.005261878963053478,-0.0026414892476269054,-0.004838466992253714,-0.001885268400628932,0.014253180646527898,0.7112000770986713,0.3216716718193641,0.31775499662040446,0.15348179170297227,0.18585993857380115,0.1457197599700518,0.10341915290407645,0.07543434408375276,0.09086966808319864,0.05357585768137975,0.05359203150644496,0.04816669303565569,0.04985208046574856,0.02591987920702436,0.02266793077034802,0.026867022060016524,0.026774786701451305,0.022652640845571177,0.013153196533392334,0.02208684513617494
-0.22835777686523692,-0.047969166517285285,-0.030356648905739993,0.00032233555131609703,-0.07030372537814385,-0.06008901651062249,0.05162659296830918,-0.02631400540286088,-0.031878569494024345,0.02416546498976892,-0.025597008369634786,-0.02441128433229967,0.013140221047325948,0.00496191360526941,-0.008727363871164568,0.005255694881432836,-0.02451093020050347,-0.009988942453130274,0.00804140443144545,-0.0029082164167214706,0.633866884365191,0.6859236791844517,0.17918354458758456,0.07157697042126644,0.07916980731523167,0.05198352512889919,0.06643325700449984,0.04460729515283054,0.035367726281202265,0.02238064145919289,0.026604508539380713,0.014317889167372857,0.018509793670046563,0.014389269016644748,0.009863288690124926,0.00767476816997105,0.015032647535504106,0.012767061241602356,0.010499709982461568,0.006436121891506142
-0.3322423797999785,-0.012327598523906122,-0.0003909426225813772,-0.0978083507595303,-0.029798518478512562,0.008684054522499767,-0.04343241509920975,-0.000423884808262417,0.005736371887858211,-0.01690301010604653,0.022570569264381782,0.0001365646988482487,0.0007130267526992213,0.002394469927819417,0.001152344460477774,-0.002724332061583188,-0.0028661261102469935,0.0017697223295528369,0.0038882062511193705,0.005923220988379946,0.9131128267718513,0.13217418721268967,0.051055331312701596,0.09203113449458414,0.07055840256770635,0.05357234062790369,0.028782594802767705,0.021273717167055197,0.02633074100117219,0.030827577994161953,0.043890059267550074,0.007216879585322865,0.017583858383507397,0.01657415204468445,0.011682299279375615,0.0065451216972674,0.009674850997039488,0.006774225692083346,0.008012554333409166,0.010098880721273617
-0.1566730555427889,-0.003386475298378911,-0.06841452325034567,0.06473285899888688,-0.02190450622506752,-0.0466493425674324,-0.026525170903037094,-0.002062334620743808,-0.02717667439434739,-0.012618157937661762,-0.03558891782821462,-0.0026544001159770876,0.005308938876614366,0.007321074843131586,0.0027307424782741624,0.0040766537008443005,-0.01243316641836631,-0.009253056601569077,0.0018499286472837546,-0.003090251370117998,0.9477712183004692,0.14628623597190513,0.08053519353877017,0.12762283834280413,0.07619757475103706,0.07711723794762033,0.043505530032432446,0.03847770553209532,0.025812862536222985,0.02200878353831547,0.02325138375482046,0.012166468114238728,0.01125294027726612,0.011476410465432388,0.014241750489003077,0.012342374123793399,0.018183432156272307,0.010596606981491953,0.009671864586694848,0.010852880907176843
0.07128144695599692,-0.0195675724521117,-0.1271595828161534,-0.05427308157161744,-0.004662676028582602,0.00991846027761069,0.002409042217946464,0.03578131625753431,-0.03620765181238192,-0.02565213672182171,-0.002240699368839959,-0.023387384781048296,0.010979823690658924,0.009636903392595042,-0.0032815512683487275,0.011546080067390212,0.008461323701673192,0.007415208609163535,-0.003154346221938398,0.006044133335384201,0.7617715398062521,0.3942047262345393,0.2952132605987402,0.1559753287056476,0.15277939283261252,0.14631824866860793,0.1097712057353473,0.10269150676127797,0.120858837367005,0.12197475555952023,0.08971260304096533,0.059481193762392054,0.0670320792423363,0.04735724658715294,0.04612987161801112,0.05537797084006483,0.028909076589981788,0.031724143281535465,0.02769335539193232,0.028879821335949914
-0.08676651658816939,-0.10723120337427645,-0.07454255017852619,-0.0013471820960207234,0.02103108693538984,0.020956060227775256,-0.02740614417706167,-0.00237195222850347,-0.019325994746996002,-0.022011530129148974,-0.01833294776139091,0.003545334291668685,-0.002131205682339827,0.0082846518177215,0.004631637036366365,0.014891652994315129,-0.0066284821304454615,0.006843068462478744,0.0033295360129520692,-0.003496888531654075,0.6760005260417362,0.6413221945192131,0.28890813761329615,0.07274471593180298,0.05610214593645756,0.06684025027470725,0.038712683368399496,0.03754183991415277,0.028786833686990306,0.025523157094426787,0.022873566546902074,0.024562096102803962,0.020155609505728107,0.019483853649574813,0.017468855582911665,0.014509592802572215,0.01366541873959111,0.014515862112432778,0.01295185791752747,0.010593980878898726
-0.2642281898380637,-0.3221929110922266,0.043211753488347396,-0.008397449278464045,0.028005976456289633,0.015265868032640606,-0.06578313747666543,-0.07329562025321293,-0.007866692135436112,-0.027783290641477384,-0.018244397004771602,0.012816291603467441,-0.014700020352215976,-0.026130401996354267,0.015376181636165305,0.001403310844613706,-0.0059304188952848365,-0.0007258032872180377,0.009953450428916566,0.017565638474770724,0.699290859037457,0.3726849858814089,0.23009519160155859,0.29964173445117803,0.07180386737648092,0.04929794287466399,0.08981509069205455,0.09017213539704387,0.06937084560762147,0.0573664825752886,0.0448682613213329,0.03495546537616974,0.030630358719538436,0.032423671559243424,0.027233738044775625,0.023776861593110002,0.02170528703301484,0.022607004129052213,0.013806839317880775,0.02421999758887047
-0.06341509597861607,-0.004781541244510116,0.019860239806029203,0.08361911974556002,-0.0381418187738931,-0.05248712023347596,-0.041268092867845364,0.004182701108653521,0.06199261983594455,-0.04056326935272852,-0.03034937630405811,0.008117200981561665,0.024672555731005425,0.013921120112281889,0.00733029562130628,0.020004862144199147,0.005200956847730068,-0.006190415531718046,-0.007248457617013071,0.013996414557846676,0.678977381120278,0.3445084795261845,0.4002233873270768,0.27148783457912884,0.18946798663781653,0.14142430317146285,0.17270987505181715,0.13048002122119287,0.10024723733174982,0.08881482714335619,0.10269006428482816,0.07760188544489102,0.0806939593347627,0.06609339266747084,0.04643921352054022,0.06341662450120365,0.04257269177854777,0.04564808891341367,0.03648837705970492,0.038328366572886075
-0.022201082261223266,0.13575553875109073,-0.21514347048229723,-0.019003657230603644,-0.06566380215768894,0.008628072584116154,-0.02154183486837508,0.008873715417826005,-0.009920032531387958,-0.0017472716647079904,-0.00685900117838881,-0.00751667165530312,0.006799543400913919,0.0021434181514116543,-0.00635943825647865,-0.007259389774945333,0.0014563214114774064,0.006579380631901114,-0.001986087662311328,-0.00247379686822551,0.5031208557253423,0.4891781559070512,0.5005535127164503,0.2236977095713313,0.16025965805718204,0.14761480985971412,0.1340487297562576,0.13879961342896033,0.10013184749035371,0.07675973152547409,0.10281479202532783,0.06381390702788567,0.06406643250333996,0.05679653302498374,0.055668785531891356,0.049311134509888964,0.05140406197284033,0.05459218630051313,0.03829280023913564,0.029269816341934183
0.10222486087699821,0.010286893241742742,-0.015957020112873286,-0.048369438834692025,-0.047095333755997865,0.013038670403290929,0.0396690783018394,0.011438029888581358,-0.01087669478180869,-0.010120851138723469,-0.0038309475613121933,-0.018115370021421783,0.0009705109187202937,0.0007013179770193435,-0.001981813104002507,-0.006261715646592071,0.005527911970348781,-0.00336367311624731,0.002683361218260177,-0.0038014739828319323,0.9326972869697346,0.31285436593231386,0.07509486773744818,0.056361847328819034,0.03687576767989972,0.02873641525722081,0.028881231401951597,0.016826639230142288,0.027117866971267276,0.019346341840193043,0.015127031208870332,0.01382378773848941,0.00801380859194765,0.009020974083474544,0.01012312969838967,0.01055210702948057,0.0073503144047537185,0.006507451388402028,0.011481319422609628,0.0069186626143656555
0.12079208778754755,0.013290514210934334,-0.04114956429287884,-0.04101558797516559,-0.028575542204316545,0.027550128061115887,-0.023757581039353635,-0.005620637222964164,-0.00919648211569049,-0.021712437168982197,0.003893636148597307,0.0009504093770372157,-0.0010512617962164924,-0.029642990720776072,-0.004606335128016422,0.0036981790966750315,0.0077975406594755535,-0.023409285504278555,-0.0190750466651332,-0.007562699471733923,0.9715080240203375,0.17316614601741728,0.023509354608459637,0.033480330056460395,0.025010832097881207,0.01833047390294315,0.006961452658582943,0.010748379703419386,0.013602812996367999,0.010712763597878185,0.005539722986354173,0.003732301290599412,0.0055228079808072265,0.008040351886881424,0.005703858804242155,0.002956487316131622,0.003185930708724766,0.0047701589141301145,0.005648565156324186,0.003113195104436951
-0.2300048566262301,-0.11414086695105727,0.10006981377756337,-0.04849481691669774,-0.09396846714490702,0.022527404575558182,0.07089826090132734,0.04272303618067624,0.02544227586461964,-0.00013640896302722922,0.015352240311503122,-0.02753240043853209,0.03607856443092889,-0.024755592504719873,0.027642259147364002,-0.03398705018894762,-0.024657809396902413,0.009911791582388335,0.0013993585302143152,0.00031103049519751066,0.8581021107794267,0.06006040951054036,0.34938991170548706,0.09379468580486813,0.08090677243282655,0.06378895188771437,0.08682822077398127,0.048975070842263116,0.04114914377243445,0.03574960444829317,0.030859058540179056,0.03371398016130927,0.028064452467106114,0.016452688395633987,0.019942069711809125,0.022619825926229013,0.017935220054175197,0.017642847644541097,0.012177289628083747,0.01234959142937621
-0.10105530799033433,0.23891758583305292,-0.06338965534492173,-0.07741978584703568,-0.08270271248183443,0.0005524583981766011,0.010590281193110375,-0.00026660421118385023,-0.03462364992082261,-0.05958785145156769,-0.004770321644271452,0.010563810207862233,-0.014336691374310312,-0.028180305839105288,-0.02588166432669511,-0.03581680189776785,-0.016404121204395324,0.0056435331988165995,-0.01013976953845342,0.005678394675905736,0.7799647689108272,0.52386199927576,0.11006422879287249,0.03874728992285115,0.07002548291923065,0.036659410350460976,0.03280444809380584,0.012107158776798172,0.01832071962732511,0.029102245349473307,0.02165212147977331,0.0193953469318793,0.019972800470212274,0.010167784412030789,0.0166003931547836,0.011255803503462346,0.015748600444755033,0.012297880307782599,0.010367367974977448,0.012985827905265793
0.022567324209329,-0.033466310588636146,-0.3518641114599161,-0.16756133071432305,-0.04335093272804118,-0.05301319199558993,-0.06624782765763507,0.03048404670449247,-0.043026765247315885,0.020340828209613502,0.005932081218933938,-0.039423157505575845,-0.06626672947501294,-0.07465694322663484,0.008519596366885672,-0.023202159768025983,-0.03576644865252788,0.039600736873043545,-0.057417698582461436,0.005181749100853722,0.6905077345411211,0.417377621413244,0.36803550942685537,0.14310590693174408,0.03626843812182452,0.026256528151160637,0.03708591669214125,0.024954275692817794,0.02143741592606192,0.02717748766951934,0.012604747504506457,0.02430645483903264,0.021426871281888336,0.03304183731070301,0.014503820260494177,0.016061599822906746,0.01351450096714633,0.014320555753572089,0.023508412810293654,0.0056264168200443965
-0.5898516726416432,-0.0784432336045411,0.003243932704592834,-0.04681485434608982,0.039102977467347456,0.01958778269821504,0.00986301041926223,0.019044151198096135,-0.010914785888604409,-0.016810196729894145,0.010146788048519284,-0.005708916936714905,0.0021712085771523433,-0.006058391861518004,0.010038716220250649,0.01027113038466652,-0.001756077043750479,0.0026674111701215715,-6.766524328214527e-05,-0.0013637877879751038,0.7606144467288988,0.1993548901752714,0.12018514861894342,0.04776549329708838,0.044877386340432944,0.013667745377724257,0.034745556430188715,0.02546363441015003,0.012994986683382805,0.008766723035352862,0.008792709935846469,0.006575209142182199,0.007459834357183715,0.015682436599025323,0.013915919562267424,0.01464902077501948,0.009748353869862924,0.012106754243338517,0.010035049056641298,0.008499387821787528
-0.11733757368227439,-0.2746840004361531,-0.08674802497899574,-0.08383161065049695,-0.014846688377543027,-0.024237893615564058,-0.00045487176627465086,-0.07953735171485635,-0.0366717377063774,-0.09579977342254428,-0.07346568538036753,-0.026502727822712964,-0.01980699225561307,0.011804116543651906,0.04776022610097504,-0.039725802937168236,2.4121190266306116e-05,-0.007671098746797584,-0.007752854033729882,0.007880022305767112,0.7065475724969836,0.5926102555124714,0.08583880218153281,0.05053876418273937,0.029793947710994945,0.024690558540649676,0.03471148719470015,0.0286010392873306,0.017507534643243113,0.029698199822340166,0.023962329620414075,0.017701149219841856,0.011224850176056868,0.010719469023894122,0.030008267171395327,0.016449548730372503,0.016503526934418693,0.008687777833301063,0.013133443630122067,0.007213837383804689
-0.3750461540875019,-0.10075606382035902,-0.2497835126540779,-0.04250018872575211,-0.055146629609865085,-0.0059445272986273405,-0.01795555737982433,-0.02433378685072382,-0.021019567865386845,0.016294041460710663,0.007061226122379932,-0.013930102070797132,-0.00682275273637498,-0.0014961234917745573,0.0035987604264089146,-0.020579327148837177,0.014432498283779937,0.0034311363793195276,-0.0035714990206688565,-0.006044107214026145,0.8101098713032207,0.04369793113530496,0.26784760188406687,0.10447271793055729,0.12872671848114028,0.1079294458573338,0.03505804956179034,0.03183679037101304,0.0326302592621031,0.04744317241239793,0.017871489893595043,0.021225970781134848,0.03005080795151723,0.017412906749621565,0.030341948861829175,0.02464280347404484,0.01720822760550953,0.017035726656574463,0.019907058793209004,0.013600759782345751
0.10124651616114676,-0.08804028182125127,-0.10030789552938577,-0.008424147823048601,-0.05355367236581128,-0.033085688858163646,0.0036269689399904595,0.004661066411028202,0.020051510678460133,0.006982459978340562,0.009354075608994447,-0.003201847672200532,-0.003383378806132382,0.008230744347771053,-0.016065274115314634,0.01631649861054996,-0.002860623520895921,0.0015167975515297445,0.0057536942041886445,-0.011226564473131268,0.9275822901526066,0.2891258492297349,0.10364248467522216,0.06869128830078636,0.036279193892611056,0.036629852798639985,0.024556266526052455,0.030057494194574937,0.0325155737996864,0.01570103253830073,0.014248110638221956,0.011692412790529426,0.010742324224039996,0.012984698988794341,0.019308165932852228,0.019050692533528323,0.009472214729455008,0.00668465535606016,0.0064209744903650865,0.008943193940205455
-0.40826157524244416,0.0397016991317215,0.028822411868475346,-0.03722303995538918,0.04940347807888121,0.07210050084122953,-0.018987462248387037,-0.017743332083663493,-0.061144064921200156,0.0039009103346378977,-0.02517318620708209,-0.005136631688802539,-0.009254484337350936,-0.003797131001204974,-0.01880079725770665,-0.007486156696695927,-0.0018126684520538778,0.022205338633779284,-0.024408637497343937,-0.02258273039032239,0.868701371324678,0.17155388110058972,0.11415260923734903,0.07710250419504293,0.04345921077885889,0.036520202838183906,0.052341575568854895,0.040417560105602476,0.04066614028476711,0.016881192410991487,0.014591462238471624,0.017184136612547345,0.018087005905115902,0.01957352327236284,0.014189438760338131,0.009649228635459875,0.006635835959178192,0.008452155576192758,0.015766015509833566,0.015169593522878706
-0.48973426065127884,0.06491709269448101,0.0125312173018161,-0.20534947451674473,-0.03755399279523834,-0.03697768896295559,-0.013261448516922618,-0.0063583112984387175,-0.014524020683960536,0.003947662718856082,0.009594656212329748,0.03143475851631884,0.007084610663267464,-0.014920688848152416,-0.019760278173809476,-0.011401186010155396,0.003716701006297156,-0.0027549895367878154,-0.010426067493108952,0.008668610099344498,0.7623405623961466,0.23833407107932456,0.1558585020389399,0.1856782180423677,0.07802625260524246,0.03592309688147047,0.027203591182064266,0.015218080989082535,0.019541429948405662,0.016256182526395012,0.027595135690323583,0.02484411180719005,0.008491615393166225,0.023497738072332987,0.013485867553888585,0.008482496926416524,0.008456372766305398,0.010326795992725412,0.01106236225138508,0.0057708297663960715
-0.3496793031023301,-0.06321322283954937,-0.16278787239086814,-0.035818075536009165,-0.059183463147539216,-0.021291400945120467,0.012788246790469523,0.014015412831051127,-0.025545831590808404,-0.015482762288758469,0.00958102560018278,0.005475357511771999,-0.014278134365989128,-0.00022011836961266268,-0.029817144358231795,0.002208417464656917,-0.013266764994459062,-0.009043662890042478,0.015056438633113456,-0.003372898346567879,0.8680356706362621,0.17957663591591488,0.17621748897494974,0.09322989700696335,0.03052291102699489,0.05341943056707874,0.031196073577147012,0.0646992025995121,0.033468661004426505,0.021743261344074373,0.012874147233322699,0.02424412986489676,0.020285150041836477,0.011559435038006119,0.01739357840894555,0.020127034717455115,0.01494998857588388,0.01890204030696504,0.017201177647801796,0.011110297415587583
-0.11077592791029586,-0.4480148227796677,-0.09030458244599716,0.03814406450545343,-0.03092816387081277,0.014850845385418211,-0.01053692306074404,0.012479010461024852,-0.013596695568175039,-0.01729021909422906,-0.0026204001888259724,-0.0034381528960561237,-0.01987554464280169,0.013990482910348705,-0.013524603565758622,-0.048061606280986775,-0.02453929559949171,-0.0007449398748403508,0.015925143985280714,-0.033003449914118466,0.6198977405727097,0.5532447559032695,0.24899676442982602,0.07350733531008179,0.034710847876205896,0.05120478807124006,0.040511845194166736,0.02922124266904521,0.033542652834446796,0.03429867460875008,0.02404164050654127,0.020242532020762802,0.02162660128716963,0.022416069774394705,0.027359498165359424,0.02480581539519379,0.016160776111280355,0.012737587815891696,0.011134863157711403,0.013330764916651899
-0.008230455618077795,-0.30376602133236463,0.18171007088987895,-0.043500538025001,0.0225674997251649,-0.01046332496458855,0.01606319447219638,-0.03516738846231915,0.012591187048979909,-0.013456986612428891,0.015023363440254369,0.01808111825324806,-0.010491423612174696,-0.028088248271551194,-0.00544932592279847,-0.01261736319350347,-0.02785766412365635,-0.007509888596031253,-0.005885815307793162,0.011715612885413246,0.6736893636062461,0.5580997157326695,0.2618456120451248,0.07099597576395804,0.13662727658971777,0.03258691933521737,0.04124339690217643,0.04074716554259952,0.03050978274103697,0.03223638248394914,0.027861578372909358,0.026022979041449668,0.019316524083953047,0.016676360701945666,0.016970315236481254,0.021527705927292078,0.016739796173690053,0.014813612309408683,0.012661678190185184,0.011702311310243943
0.0003876876151973854,-0.16188180215443204,-0.033274197264035445,0.012044120597026657,-0.12955452995829764,0.03226037832777992,0.046289896153035574,-0.010303998051162111,0.000588851678562713,0.04374714852543426,-0.04198082129675342,-0.05743924511322847,-0.016000517236065406,0.018731953249916274,-0.00047455721235492804,0.023851127447626342,0.0073583397926917675,-0.001374912104248346,0.01933251704690844,-0.07695174524037864,0.9442352814630603,0.1650387292443618,0.062079851114560665,0.052151847783464975,0.08366320418728537,0.03344720542891649,0.030126905504991825,0.02003910839919204,0.016987521020510696,0.018744682371984,0.020452400040869276,0.025707964732248942,0.01796668171600138,0.012016071233706353,0.008948679006093412,0.01083284741656313,0.007669319460525201,0.008805847422951499,0.007657206165771353,0.023805980489364675
-0.12037566121017773,-0.05595516451001287,-0.10247402038460085,-0.04850409661427163,0.04894574165740548,-0.06608987925708146,-0.15702624398618506,-0.0818081096367645,-0.10304171791362841,-0.017757770948755608,-0.050314314585523996,0.005142225325725416,0.0941108939067515,-0.025490843266501285,0.03473378972107645,-0.05567137612035099,-0.015283901911088875,-0.1135575960968302,-0.13264953400096263,0.05324018901757499,0.8564447970654211,0.22115418667905282,0.21668578097389232,0.06471161311018107,0.07316480056303434,0.0617666676911972,0.10379648921708771,0.03900192316700578,0.05385503519215553,0.01671644177689914,0.020637054576500377,0.018967412522773737,0.047497370384515264,0.018233752778167533,0.01986414702406078,0.023855653144003956,0.025058460431333956,0.05190835784595215,0.06487586997123249,0.022136203794334328
-0.3408870765453158,-0.15082668661619417,0.05658596401783015,-0.1937560857105043,-0.04061987348228348,0.0300429223784439,-0.0961740873187603,-0.09742421028566657,0.012272029756506151,-0.011094612226194445,0.007439228625525528,-0.07105915524959984,-0.037391983783139064,-0.004909684900363138,0.022722809046199843,0.01392063536253505,0.022497172188055407,0.009538635339055081,-0.013334658000111379,-0.026993749039736756,0.7931303600868201,0.29556005860608964,0.08230466452356269,0.212940252646067,0.06313664258277388,0.05855753341407359,0.053307277375341515,0.06808143016925088,0.02063504697138645,0.018862554746855782,0.027508776918644617,0.05785961482289747,0.02255900043184927,0.017007858006835706,0.013366706507510727,0.011803668800664208,0.011303095617280772,0.012138814174069883,0.005522852015060709,0.016342970105262672
-0.4359615478189378,0.023247444512122944,0.004954638269133144,-0.011341361316870895,-0.0077403084643355565,-0.0005921557944057889,-0.008956155770568627,0.0025625423143485677,0.02539649374141001,-0.0015047466969381274,-0.01598266085283452,-0.015377986337016095,0.0012186825541209453,0.012094967638633216,-0.01926832737671201,0.010418610900117885,-0.007382092174691272,-0.023858368978902235,-0.0060382700667744975,-0.03071704979580753,0.8881586257333401,0.07591947607121044,0.04178167682192049,0.03717641197305885,0.0414582784474989,0.029744775823560388,0.021962027273201304,0.018550167182435493,0.023996263222540455,0.013120069035249449,0.016035046564800072,0.014825413961919727,0.009409012745601332,0.020414492370430498,0.028853199573051908,0.010944162990509642,0.010963635443490955,0.024575486362954473,0.021234844470422086,0.02686251025934118
-0.22651886950314,-0.15092027555639642,-0.02187157070350029,-0.10952913667071582,-0.04503801777244629,0.021245453511946764,0.05913400963371093,0.0043784163956466,0.0010166860968097002,-0.011445794581512667,0.0042633226210492025,-0.029500372289392944,0.047017137956072194,0.012827181119956886,0.01934038644177254,0.005470184175648559,-0.017991469693688138,0.0027701658265038725,0.006301277197444778,-0.021657170738865042,0.12051322481541325,0.7291453851984704,0.3094456862248318,0.30117061315980537,0.1978019346855198,0.17917085233294824,0.13552179011893942,0.13110893601697945,0.11969876067465336,0.08202933497727902,0.08565471517889728,0.068556242778987,0.08046720826564312,0.06928744363232216,0.061714964361082224,0.07453616657601853,0.06047497947260619,0.0538805080278985,0.040898681884948065,0.03761688127044385
-0.42174328184998355,-0.15192203409889674,0.007001010597633914,-0.09715409940670233,-0.07577768479195662,0.010475731049773035,-0.022402024630524656,0.012660959972972048,-0.001327556346554426,-0.004263091397873989,-0.03503593427078127,-0.006763393159851381,-0.002392298778279728,0.016343281210974427,-0.00679947140285247,0.0016035732984337932,0.017275044591242388,-0.02314249526824128,0.004418215567922431,0.00528043537378471,0.7623728227113001,0.2622974014041857,0.246619374590508,0.16188068364868355,0.10710048714905088,0.05228964932971382,0.05598239086793007,0.1015783753333606,0.02985827961254536,0.04346137963074756,0.07164548997415816,0.02359211861407346,0.03616498834518961,0.04083447817890825,0.01878189218709523,0.021894509995193604,0.04865819187952078,0.015340237478911698,0.02953139224380258,0.010283049504481697
-0.055841732236337316,-0.15217173022551395,-0.2363849956143045,0.21337833230510486,-0.09505249971355735,-0.07963046521176047,-0.056666217120023475,0.1528156786104838,-0.048232778291136265,0.08350199835726473,-0.13531720979440795,0.060416768051750114,-0.03043306320347613,0.07772054450551741,-0.030905153647088266,0.029240849313682402,0.005380147671016017,-0.008905429815665743,-0.014058530317001642,-0.0019317893463891523,0.49405164645188115,0.19625759974474424,0.21559303696224172,0.4220914387354929,0.24965474876241964,0.16105115449266247,0.15881144249050425,0.1981742822010862,0.1296260693285431,0.19940278279192483,0.14561994979760162,0.09353292138687418,0.11107227473780915,0.09464874442560796,0.0713596133951692,0.07450026536196322,0.05123355225190932,0.06726829768330732,0.053788874823363544,0.03908350617162908
