-0.44885999531105464,-0.06524111069161775,-0.06394501819079365,-0.20795849729747054,0.10832200778373391,-0.0702160336509731,-0.071027479567458,-0.12203308648453146,-0.03758598427907827,0.008646427491014012,0.023934348079287942,0.03279051321804809,-0.10506018191711224,-0.0930562001553565,-0.010718562238773207,0.04532460140380735,-0.01561351088928247,0.008478073790395287,0.02108614645801691,0.00032828237326916227,0.4802438456905455,0.4179238392850739,0.2335266478122709,0.32109840560352293,0.23818898748351466,0.1123714079019168,0.10157682676478215,0.09295678285264254,0.05050165551856498,0.018679847069264878,0.0527821687218046,0.05237786612030266,0.08836316169159175,0.06828334582720448,0.07080120303135787,0.036655310449347764,0.036241173381634066,0.02604004787140141,0.021261407525616637,0.0601376429915692
-0.18934669288211683,0.10078064458030953,-0.12418173473513265,-0.17490862754610287,-0.434872746931038,-0.09173768031579325,0.07795324092528273,-0.12602417725357146,-0.042558904276567305,0.06769554032379384,-0.11328789255932643,0.04366377295351469,0.01428862516057419,-0.23734348845729186,-0.02557190350352861,-0.1902074139453491,0.0495943018906064,-0.08670731965484448,0.10685950839227379,-0.019165097622428927,0.38856057108397835,0.31727794826181804,0.1050322433567382,0.22460546323837793,0.39833742636464947,0.08564214941656645,0.10068742607730838,0.0753530715425122,0.07421185065846422,0.06399584151629686,0.08422907950795502,0.05904237787651258,0.038917734334798205,0.127699006558039,0.04850709201866874,0.07556453796082299,0.0323634042868824,0.052312980667168114,0.07329427650393407,0.04526763874205185
-0.1922962384411548,-0.3306089953653623,0.1722787340335522,0.058639630567389495,-0.1029612931116124,-0.014425896225663645,0.024309951714736378,0.02626763704851728,-0.08025222972881496,0.018198072670574116,-0.0007034411017275613,-0.03347376366991814,-0.015253362185307595,0.01841158631414919,0.058986544516165224,-0.03456345130024177,-0.005563432163964527,0.00046795994788719175,-0.03749301018208832,0.030174722615714702,0.5871626131712563,0.383534492418493,0.2506602048437069,0.17505775839471105,0.21582581745625914,0.14019033249508067,0.11972850555867492,0.11595902292453622,0.11473206485218926,0.0931438974506058,0.11996518141129343,0.1048708531785552,0.0954678706924767,0.0980247598891579,0.09904166245839047,0.08823640248557357,0.0858356516064492,0.07411429718287278,0.09294962229930215,0.09289027410431128
-0.3652296275087268,-0.29324547405626583,-0.10644302968562382,-0.0158004016800192,-0.23803736547020815,-0.25415620097770175,0.04704543348395073,-0.05972017018177165,-0.15710331213652345,-0.05511410787213991,-0.06330525214078833,-0.10678711322716074,0.037737289293412545,0.001086569285667723,-0.01642468306031934,-0.030774389433982172,-0.013052412901500271,-0.016652700874276262,0.009031903744045807,-0.030464200387023455,0.16370863774914093,0.4608569093833447,0.11185487168840044,0.14551248556473265,0.2275910226744417,0.43043054176292306,0.19194060842425864,0.11257374697629532,0.1300828487733274,0.042054372052118254,0.06746299905813062,0.07465788563016663,0.03488508718352883,0.028174955407316654,0.03139475270530803,0.029339351723530784,0.03126987781062554,0.026869808588347147,0.02275697838876625,0.020517411330010324
-0.20484897569790103,-0.3852250948564061,-0.15605505128929753,-0.26715205057497027,0.05100479629569271,0.0768021363754994,-0.05702515400441966,-0.03018328077179714,-0.07467546214510976,0.017716118635336855,-0.017003155033697773,-0.02250024051044995,-0.01958271937214956,-0.007318573168530699,-0.007895918792837027,0.012354751334974242,-0.02067495352243903,-0.03970250341359236,0.0020172868517632637,0.014296876163969774,0.6729022608268813,0.4348743836854153,0.15711457805774431,0.12869514234561988,0.04376399168011036,0.0340256612964318,0.03681140799299962,0.024135836916717245,0.033781623551810844,0.019565239015682332,0.016446618527830838,0.01686165077900118,0.014321849941390779,0.010402877509543074,0.01997152892715368,0.011920795094452473,0.009154247459483327,0.015159318434525039,0.012753074017289565,0.011029909362555448
-0.09419146092588149,-0.11799536412885563,-0.0153580610926501,-0.6373997972008211,0.058723091071982245,-0.04507776633444266,0.0698770435455952,-0.14435427598555756,-0.17802794875574182,-0.06838776129112793,0.03817178290144758,0.027530132449667316,-0.2725755690752616,-0.10198758875480386,-0.004578002293163293,-0.14543877454014256,-0.06129974752722087,0.03355028476701468,0.17268983069874724,0.0022679951630826703,0.21880190793090487,0.09509567730324865,0.07144637223119137,0.5226543024996821,0.03583508655379463,0.01931321085833147,0.0300944884426963,0.049582484991314665,0.06498769447859541,0.0218206225326719,0.013987317048728904,0.01683938748890121,0.10504746926553897,0.021433627189341522,0.010848484568022955,0.03151526296774389,0.011194127563598244,0.013315573980004509,0.0440305371529277,0.009211151112528545
-0.5675114027048502,-0.23257930643360822,-0.0532456258315099,-0.07706398201422772,-0.08197987275221136,0.006447855594240094,-0.06304872246314398,0.017300143780045955,-0.01900847382757165,-0.009319384991922313,-0.030987504679176103,0.01056903145690371,0.020151796588163812,0.009838269534543274,-0.021051391246828647,0.0007333230650166805,0.00245528349384063,-0.006140510411945959,0.004878514561406037,0.0048804352310355195,0.7299721063445007,0.24607142915721986,0.02512772331938301,0.02521472086821575,0.043968429641719334,0.02542153229514411,0.025823456188296116,0.022944182443368436,0.01642647568312027,0.027558054039901907,0.023969136116212788,0.012154922587378644,0.01590696077449212,0.005988380933375752,0.022162549460749994,0.013191791423130627,0.003828844858871973,0.007360904277480088,0.0033333268529803246,0.0152646865978496
0.036920522413741566,-0.2939712696027241,-0.3736194392822961,-0.014631315796113495,-0.17462473949165067,-0.049706263640761056,-0.11963691342194938,-0.04834885193010738,-0.01337750059255918,-0.029422942721976014,-0.007653288438637064,0.043393593627730695,-0.07173747111312298,0.03122867452428517,0.006829652085202862,-0.011934526011822613,0.023947820244593,-0.02936536206803678,0.003296748280007116,0.010100783128532255,0.6951706635364407,0.14672705328605512,0.3590535941975278,0.14235965957477179,0.11046559792610995,0.1471397677309249,0.0822775371032403,0.09202169162540398,0.029099942415305013,0.04730677376161786,0.017213590972441743,0.05146824211571288,0.030048389478764138,0.017363005904641297,0.021110032674435196,0.019959674237512,0.01214670797694138,0.017851595994147165,0.005439254510229899,0.017610925031458762
-0.09203262135600193,-0.11076134730486654,-0.29702573586767406,-0.10350515447311176,-0.16324115134351053,-0.3564826219038888,-0.17924203118713136,0.09490459787314097,0.15591576698809456,0.025289177370265623,0.003631424234930398,0.02773851513533596,0.013764971162518881,-0.08135916031318448,-0.06255288894372775,-0.04158229003142014,0.018394020454150735,-0.06846873484865645,-0.04883655286240243,-0.02111381497030613,0.6133237215754181,0.05354496934073365,0.36028862183844873,0.08446665118534472,0.11859002527425591,0.22919617230960662,0.12554782169268197,0.07182778339454708,0.17662222855967952,0.02421724975558036,0.021400026316902,0.014899604846508084,0.027316538652124113,0.026853905272052378,0.0302321273891015,0.018124141783090134,0.00866964962792055,0.018608310222608084,0.016364242050003405,0.008371610505270848
0.0009765263160493046,0.32436211306005197,-0.014199669470643552,-0.11845223095755565,-0.11836921059768943,0.09368023242888252,-0.04174584100857243,-0.04196639604095035,-0.07521149040143758,-0.008092174718094865,-0.023615424994469125,-0.019674141485627378,0.032491418166381514,-0.06811539453973789,0.05347337217344057,0.04100370418456136,0.06686278107917881,0.016605804241212545,-0.007655395690960389,0.05228569377636123,0.7312862460354232,0.45263577964198765,0.12524028728613096,0.11052155760653559,0.10917139344895507,0.15954098481761403,0.06385808175150157,0.05298567401029082,0.097824906180016,0.03440553392077789,0.020639898057013467,0.02622462229307117,0.021181861060835593,0.03733529431938694,0.03400533965780188,0.0325837711957791,0.03326554467185283,0.015177775620663624,0.011549112250848759,0.02466860400047839
-0.389325134012386,-0.20220719420727631,-0.0876729370968655,0.09045833020271056,0.04360456770561039,-0.2386811426587555,-0.17158117492931646,0.009986795993446403,-0.12016889877982427,0.06539169829152937,-0.004982528160520202,0.0011224227637201421,0.026963096332869016,-0.0401056174766979,-0.02038115514667433,-0.04522681100800219,-0.04427764212594533,-0.0004648533351200502,0.037196465768437575,-0.018466857247051514,0.5893272171441498,0.09456418396969446,0.10703597380182311,0.365405920136746,0.261063298863859,0.23727038637789144,0.18359624830944946,0.023626748171308647,0.09331694481488248,0.06141794731240334,0.00884407069745583,0.007459344129567173,0.032792934061547936,0.026661960499321943,0.017984519774103282,0.023493501999229817,0.02118554508707726,0.0028642230873441176,0.014405660065314473,0.012255483417847731
0.17116131278443794,-0.016303514671689286,-0.18235461744035145,0.0023722443654243036,-0.20641998317786614,-0.39213679349922304,0.02471813289784133,0.10524510185461787,-0.03505270547911378,-0.014749169992225189,-0.020409340365128082,-0.1644412159702156,0.15712351149844472,-0.22732010814748413,-0.05931778608282724,-0.14650261101156195,0.04975664701952691,-0.03433813091851726,-0.04467513331145112,-0.019954873382549827,0.5839984522137174,0.20536860611918173,0.09672395232214816,0.05972032968086856,0.11836052282466898,0.3263652313240275,0.10494995383216105,0.09060984736030393,0.07177547801560977,0.06523883674274389,0.04636092326879084,0.08321870830368903,0.08958333355978114,0.14339645955837502,0.04454209555083887,0.06062631845727676,0.037623713390430934,0.02944504276740621,0.0338595429553386,0.027483339686552793
-0.4713785420047915,-0.22995844523940018,-0.34892738908746707,-0.2287363421062084,-0.13505119504917534,0.09789907614983367,-0.060934573087803395,-0.1034430211133716,-0.06507398274681979,-0.10672527717861109,-0.04680250653090464,0.05284150397425585,0.036280434051662154,-0.03496783394501256,-0.008199612718337645,-0.03445534514419286,0.012133775932825747,-0.0191861591476885,-0.019045980415953588,0.008115955494014488,0.22283977575734054,0.44918619932632253,0.34383713108823744,0.2907057224862983,0.11629614438021564,0.06570367092762991,0.05366984322362627,0.04761705219639719,0.033947343704447415,0.0441852356284915,0.022772957095411873,0.029952247577648618,0.016976200702724573,0.01399489988262032,0.012890300652325631,0.017431746484078026,0.014779544687773876,0.01097296800674665,0.010044804758617331,0.014342643307337968
-0.1959677417231256,0.14309716510676374,-0.36946866520018684,-0.05098243277230225,-0.13657760547460207,-0.06934434575686947,-0.13293489629607438,-0.10963374383488678,0.012096497161527237,-0.06252966833051521,0.037594883118624745,0.05548318355565983,-0.030265020511912967,-0.044839666259526005,-0.03457883549936233,0.011296308366433994,-0.015883528600706066,-0.015268729148494354,-0.024795528018273828,-0.0037144614469302836,0.13333725249554132,0.6732178530096586,0.36731616172981235,0.2578833903940896,0.15831832674075527,0.14355679385314785,0.09009633284065532,0.04643492353268314,0.03647600347240921,0.026009059198264423,0.025432970204160556,0.03460218086867715,0.027809439698305263,0.02594486087381994,0.020914225154744007,0.019795491521185378,0.010171114930331836,0.007932722455889682,0.011979733637615467,0.011772321108692646
-0.6084009844369197,-0.19849700452690558,0.041506670044569975,-0.2681431068904249,0.13623123889662056,-0.3320144921996285,-0.166622243495463,-0.010883998628582059,0.07452989217422877,-0.06959966952393677,0.04066859353742032,0.02098594144576842,-0.04096913319263064,0.03480229821637277,-0.04081280297299098,-0.022132590713802962,0.002750856707987058,-0.02506002496465582,-0.01931817604596846,-0.023339722143594116,0.37656527478257584,0.08812602096279629,0.07993871905985424,0.1488400588343765,0.07581229841277703,0.36016811115765557,0.10634258452973996,0.045314594076942626,0.04258106825047763,0.057008387117821135,0.025795046046179246,0.025781809543024867,0.04593656881959891,0.04222929239703488,0.0265206073684976,0.018295105015008074,0.022788538458607642,0.03952734968411067,0.01900815999228173,0.01865773461532648
-0.23734599848488253,-0.25522169160834807,-0.044952937220540286,-0.12367843205225294,0.1110809951836217,-0.2743399576613767,-0.12258446940600991,0.03903960345046669,-0.08305910935828205,-0.022072453128803748,-0.007781267961778365,-0.019180771301096897,-0.014282059168957575,0.01940846604237241,0.04168901328126787,-0.029231688159236286,0.023516992978643063,0.025874263687844623,-0.017030365933975534,0.018976991634237127,0.09379599514595206,0.7104181756423957,0.28169755679375136,0.17908473889178655,0.13362043535580492,0.2833747274721845,0.07752846736461574,0.05765509176265089,0.06461046074252763,0.045772462780897166,0.04307334582481397,0.016476921074284556,0.018631529656115756,0.03506115267290899,0.024419634616698372,0.022978858451830626,0.013621523171791208,0.017590130430157013,0.009769818458282306,0.010215695142529076
-0.48572912011893765,-0.23864687333910853,-0.40563930516983593,-0.009006636250624044,-0.04236319714459817,-0.0507218663761532,-0.142454265444389,-0.02407596735741273,-0.04964310340162768,-0.02291751317746878,0.021786481556185146,-0.0321452233008389,-0.1070994064776097,-0.04968420020841288,-0.021635142418513484,0.019008561271781715,0.018865922592393447,-0.04799426665119188,-0.002187651543783214,0.004101770958436725,0.22485056162880174,0.19611936147546685,0.5606785015882525,0.07438960151725449,0.12419819411171612,0.13703866848383206,0.10095456169762416,0.11699146623177228,0.09939939131811316,0.03764851376944165,0.044095710647403696,0.06398775400651131,0.07315258587137563,0.03740299526455619,0.04116569359748245,0.03159155659070307,0.019360108044575785,0.021366277994149852,0.02301524876766415,0.012831205330126407
0.046167808651712196,0.15390038116340127,-0.11773103659105694,-0.4414123892623509,-0.27764011283110135,0.010682090009032974,0.06650295891621026,-0.20666005926976044,-0.42722053440802266,-0.060773431252262936,-0.04610529539755052,-0.1139392728504306,-0.07707072709612803,-0.05304092642817651,0.007621581755570546,0.0026393658543450832,0.0307511236483343,-0.02820750457627586,-0.042825697806713,0.03495505047139829,0.06332496596098326,0.1604026868118821,0.12896673554153013,0.4114288475942014,0.16483082768812607,0.12345554100891017,0.07982612028239133,0.13520072486811222,0.35228017868675704,0.0479133695844744,0.04749758780722359,0.06277207432946114,0.04886180027802659,0.059744541150079655,0.024450738405966243,0.026058979712211713,0.02795908146554162,0.027488030777720027,0.03471180630777282,0.03062568903196763
-0.5301439503795861,-0.3195724042645604,-0.36614797227452855,-0.16461395862885916,-0.22875167240562266,-0.08278426148876893,-0.02068545198473345,0.01034023331354411,-0.028672773452356675,-0.0005314840437516837,0.007685588210137682,0.009993372767180875,-0.00024370966695569696,-0.003231999422740089,-0.0025987604260407815,0.014464829619056204,0.002690778631074506,0.00182110063708133,0.00690593850834598,-0.002359687846932309,0.4366181241279916,0.1277503130921545,0.26906859868885946,0.16493261902706188,0.23084458532520946,0.09215963244377129,0.02039287442006799,0.11000366695215175,0.06538107884195679,0.07498711065426746,0.013763963688393444,0.024292479257437157,0.013662704160314077,0.02079041846496128,0.016329352830935014,0.04272599660113998,0.004020153514684974,0.008679037655707355,0.016845215105184823,0.007253123950372219
-0.33709018397607937,0.0037548573595327776,-0.13439733819342248,-0.008073313543646836,-0.06179255685065559,-0.0007205374301224468,-0.02487579846653435,0.0020688273850645116,-0.029823481169794584,-0.002130838283322697,0.0008942665181159984,-0.008844793658209912,-0.020289997940361616,-0.006242450320518529,-0.01149976917319268,0.0012171910981626417,-0.003105476760107379,-0.008819024579136638,-0.0024057211095807212,-0.0023641550195845056,0.8507493765382217,0.24608601577277242,0.0805929567639434,0.1641209280513208,0.10672676871930457,0.08976691020917134,0.0786777305628462,0.05564726900326222,0.0753429467087969,0.036996363765967544,0.03035018904240242,0.05278089345802905,0.03638789525615479,0.03241995826051793,0.018658112021252143,0.018455114313210244,0.027043741510440752,0.013719281364182444,0.020693732876955372,0.02161085952689425
-0.21658654750505907,0.31514548364137873,-0.07002744371076476,-0.2482301832825633,-0.13187038018964767,-0.23851805268018542,-0.09100106884977026,0.007931218168969363,-0.20449260576293393,0.06898509715639074,0.09575281683820855,-0.041250859171143295,-0.07538106117368362,-0.10036620083219845,0.028036292700496585,-0.007245606449485636,0.031927444952475084,-0.041085111655286846,-0.0794595845858549,-0.0010481344948629352,0.5167660919682611,0.37719454751092557,0.11227656789030571,0.09057825335611505,0.24542398170212346,0.14936072399561703,0.1460379074208028,0.09820555747049445,0.1825744593317308,0.09072846897383031,0.06025244690205572,0.07900074659416766,0.11256844145815467,0.07900630416534529,0.03681148060021134,0.02359857262626515,0.02506127899417125,0.04471658991990113,0.04819564990556217,0.026549938098841402
-0.32207665693730747,-0.3162540154206904,0.2780853119292507,-0.13011376749638479,-0.0906802259785501,-0.2045600959198487,-0.10620688217013198,-0.012166706013719508,0.01951447778224703,-0.11731201167213631,0.11370562915813917,-0.11057027722114687,-0.004911744236279225,0.08134354598072004,-0.005357996182264941,0.006514664202914709,-0.008799280974163732,-0.026860933741468387,-0.024184831789091702,0.0037730435044488315,0.1766181929256857,0.4490794888556863,0.40291094551501483,0.23310600368282833,0.18793178438945637,0.15913774604293432,0.1430996650281266,0.09118753726977706,0.08944260585566444,0.14822218018578515,0.08518954344645845,0.08745845282851153,0.034118884192206385,0.06881368487812106,0.03388734504730499,0.016230812610055812,0.023828325858758433,0.022480690096710807,0.022654048241680404,0.018276365023754577
-0.2181302888193044,-0.23801032385992893,-0.16995319142093818,-0.09514151625927864,-0.14772688039671486,0.0501205072022886,-0.013943479269207342,-0.029097159007696712,0.05177534725601935,-0.02882622358977807,-0.09442545211037623,0.05012495904080737,0.050543754461441055,-0.14170809973512002,-0.0002480308444227771,-0.0834901425925472,-0.071657435979361,-0.023610912094159404,-0.022370505106544855,0.030227387338286553,0.7453195988031323,0.17018498019185468,0.2336023290531726,0.32122010811071605,0.06912461675123871,0.048836209233348964,0.0839307183240424,0.04982274731539069,0.05099659522134945,0.04015952733668848,0.07162889004026961,0.06351204117234881,0.03295256784210177,0.0642812445058772,0.018112093223911364,0.03655136209280725,0.027343185085102632,0.020974960909507977,0.012798490474081286,0.016936804614337723
0.056244668170093035,0.024676283530110282,0.060049846677797246,-0.08556745730520567,-0.3398276778730931,-0.020236936707059998,0.014152363092283637,-0.05492318392988382,-0.018656573879968198,0.024138397669762186,0.03993491740223991,-0.003430469520997879,-0.02143590535865953,-0.0520369676003101,0.07104070728487792,0.01801875030590516,-0.014079906034266905,-0.023260535918769597,-0.043212515650730136,0.027192850436203238,0.576680409351276,0.40141317289091677,0.3414465044207958,0.1370053672990329,0.31773725296143196,0.08614076002982375,0.11474727770691096,0.16559498685518423,0.13714551403773131,0.10476808357119147,0.07004451512867832,0.07281662355159678,0.10723021100741571,0.04136027976123238,0.11393073995590433,0.0566057857981294,0.0379896108869523,0.04169617188115357,0.027959221607642817,0.02007351246403645
-0.406062628984603,-0.06622511812414016,-0.215547893190369,-0.03129953585841502,0.20338235440122232,0.020589480716991383,0.033885334464706374,0.028911993218546823,-0.04776845568699661,-0.006411070873023036,0.013994424147141152,-1.1693316906689294e-05,-0.0022576849668337565,0.003186573799052677,-0.00166606639201541,0.00038467439557807946,0.0019345346734443874,-0.00042550807456555816,-0.0038128924262204214,-0.003936232634306296,0.18425885916701426,0.4958992861686024,0.5813988893208584,0.12342771724510129,0.2969843813649871,0.09327962222190102,0.04461201248519202,0.033296047886358496,0.03800460161584291,0.014296804930192001,0.03832168064291577,0.018593101279510218,0.011599117582613191,0.007170896422424338,0.005534678693014147,0.005821911161173089,0.006505757586410661,0.004303497925718178,0.005033366830960184,0.004201223841948157
-0.4511891995149043,-0.2815799047883242,0.1193764092405013,-0.28067110080368257,-0.08188762379516444,-0.18220758250741828,-0.043566608047873066,0.12708449413384307,0.04731252956076944,-0.14320179075512232,-0.08480367504709767,-0.026677417681778046,-0.048179844538281336,-0.03491750827156103,-0.006020798100168476,-0.04313787359186969,-0.02966817082656135,-0.00997925847587842,0.005594500471105723,0.005865414040578172,0.1765601665607703,0.3336078843716195,0.34354327166152787,0.3487403458651395,0.12964466132306898,0.22080562443762883,0.14073305793453136,0.11738059950733637,0.10103534762546915,0.1347901634767534,0.09144411770687907,0.05079441468060197,0.0348742595212592,0.04318428345612584,0.02992044505808504,0.04199582251831395,0.037852919731099624,0.024679574574832264,0.023104316345485883,0.011744026154281894
-0.05206040288222308,-0.2675320957120316,0.07181920476480544,-0.6052368374571078,0.19410898445912553,-0.10367966094764486,0.0821737457931228,-0.32490115741139003,0.1669020243426008,-0.15621476330894055,0.11791693184632036,0.10383663228687648,0.11246437919574716,0.026696083242663492,0.11627566183317939,0.10226923711457211,-0.0011165248128619783,0.06200836375143747,-0.03127516420975138,0.06415904802540721,0.13389015061345133,0.12214170863237483,0.043722329273153636,0.4510735566776512,0.07692415948808595,0.02514401947404936,0.017830171479473748,0.13457813340590738,0.04747923442646834,0.041005451583523866,0.024845026764663315,0.022434136687782238,0.023177740963144552,0.008696905184688377,0.023583354498394715,0.019608534801453453,0.008294358632589944,0.012212047801683546,0.009745862408702217,0.01238773612957734
0.1126623297704227,-0.4093001337565355,-0.26695670713181735,-0.2643342252452161,0.011332980884821054,0.05216481284934374,-0.1033287458716448,-0.07183880918513988,0.02363790267177976,7.244966955360872e-05,0.019179682060507543,0.0031621583337889145,0.03212895325824693,-0.02882907986450756,0.028318851554715137,0.006909984468665338,-0.005964067578158295,-0.004673392441957462,0.007882336863143822,-0.019202556865813583,0.5350159993953081,0.40508209762162306,0.291369421740453,0.18402145865063801,0.034332558319757484,0.1308753663792451,0.23867135757598232,0.07093375948512153,0.02240851350999102,0.032122180797136565,0.030741201638132546,0.019739739398532404,0.02647720136344378,0.016301850535344012,0.028291636706738874,0.025641664842266626,0.02037134276506083,0.010680746643730995,0.00855055884374662,0.022912761613870437
-0.6074837363292477,-0.2581021807017044,-0.004038938125474857,-0.10862381238733547,0.15331842811468946,0.017702982295028116,-0.06742423928831028,-0.13062468831368473,-0.03719982086262568,0.13767154591890068,0.06047386622433886,0.016881625049340574,-0.01984236831535958,-0.0032459769735653583,0.015067712455741218,-0.06631652932344025,0.031216860063274062,0.011539542541252588,-0.013825220286926558,-0.030902430875031976,0.5867782716970215,0.27415506455407457,0.12627592333256524,0.03516631642205474,0.08485422645464812,0.03492183960380636,0.10765941269708738,0.08033838102618023,0.03263138661785488,0.05470744963594139,0.027958696551982836,0.01906254161197882,0.020331310660623433,0.04852407140851353,0.03663010903530322,0.03303852441861982,0.024775361685651247,0.018376650583455105,0.02138993110476685,0.024710069236875288
-0.6769769943564892,0.16172264609518555,-0.020001334882808666,-0.04324330880549857,-0.007279448802408644,-0.030809540613634088,-0.0037749138732489054,-0.006600441563146821,0.012857430405043526,0.014050240255851837,-0.013563123784271602,0.008017382268635846,0.012731596010350682,-0.018210229899278584,0.0012404623072278652,0.00038697866422758586,0.0017361083737013898,-0.008104905249302944,0.005679362265082396,-0.005642222727302705,0.656992076895166,0.20284974792623708,0.1660125939081063,0.027367407984971868,0.03692139978506675,0.05408268180227267,0.01773580198824165,0.02778804091219316,0.02252014190620615,0.029311339362947785,0.015587600376902355,0.016885804148106375,0.02659124510131605,0.019195333455244303,0.014063323859464787,0.022278373131705095,0.009877180843314171,0.016403904972640243,0.01685153823880091,0.013906694442254675
0.0046216970864575305,-0.26615919296942375,0.14100561388895935,-0.2587771425683446,-0.07142262671335692,-0.1194232939448825,-0.040807154933842904,-0.07868190171136015,-0.052041622907697226,0.1395975877233098,-0.005748704971818623,0.042040872346335544,-0.03390648199212095,-0.059056612546151056,0.03012740255653545,-0.1104702736603165,0.005669161579347621,0.0437007648256093,-0.08530409059126835,0.028631742554951368,0.7213145366733781,0.2751630640436239,0.1425755789318408,0.28349523119725895,0.15968755709052698,0.12467110954887402,0.055145262648401736,0.040835342934529964,0.04945193307325635,0.06428277312481107,0.03752067638204807,0.042415047158984844,0.03174442804651048,0.02753800633681084,0.027983176376779953,0.0664108906521804,0.027309691385116335,0.03379089159512088,0.04023764194955375,0.02404250906336304
-0.1948313183897924,-0.09632426152243526,0.15492486525817645,-0.43797970413124643,0.18708648938719072,-0.005455406393074928,0.059671657178001415,0.03120403638379255,-0.030381303907166802,-0.08036407966618324,-0.024996488106845054,0.06191727090643724,-0.17811524414148136,-0.028564211486077466,0.08535920140616002,0.02726293320424214,-0.03661755619627214,0.04899599586546365,-0.0014687541423907215,-0.016361301108145297,0.2752970357808554,0.34690487999271374,0.24204047136703588,0.5078357770197772,0.21286085356306517,0.17934193783815677,0.051255649776112806,0.0671418511760513,0.06814188800182362,0.09947210104711825,0.026370446468779476,0.04932067207198435,0.14418929054585808,0.029014263022235094,0.04762622393775356,0.025602536011532256,0.023364795988601857,0.022608685170746,0.018547700831988527,0.01016991460436784
-0.4166184311618854,-0.15725904303570487,-0.2052878141956941,-0.13159045359223775,-0.05628076675660633,-0.09474749431749904,0.060097565186091155,-0.13798612469463076,0.03857258564555778,-0.08227500571635148,0.09966462153704359,-0.096477637724773,-0.01597297199957639,-0.03352309200745022,-0.0003332963592813378,-0.012045955005613299,-0.0017273547882182424,-0.013912268031228928,-0.01351251333951791,-0.007350901335841187,0.17279990034670412,0.11691566444051009,0.5966745539866443,0.1541848820117809,0.12191979342021364,0.3289748409869307,0.23909223095971538,0.12347714322860776,0.06204845690348616,0.06244355348006698,0.09014114193663596,0.13024771047118694,0.07124594036853016,0.06480733932000451,0.06781473931081473,0.0664741485730885,0.05393328741919415,0.052295692266202135,0.028946933834578067,0.039373715651827
-0.27607880267553014,-0.6193031655966796,0.024096153052857307,-0.18205954436306848,0.0008357768054339727,-0.047681252790470315,-0.14489835799293568,0.03492597786386056,-0.20781824469479018,0.07285457303927319,-0.1750326887816154,-0.03678205156029199,-0.005249299491451847,0.01471722873514791,-0.08010255539640154,-0.1509660248243952,-0.00280943171698153,-0.055269245168334445,0.06105619474580602,-0.16391204731825146,0.11551058638721985,0.41737499837232905,0.24948134355273152,0.12250952182444451,0.10284807273576604,0.08435450249687684,0.08949932148727104,0.05026542527450697,0.14008021495215128,0.06776716609870977,0.07467146746382536,0.048240547974831495,0.02073146260599862,0.02780589733936296,0.03764169392349891,0.06044441270819306,0.021752295410290282,0.023529034643512692,0.021317319893522972,0.07441138118630489
-0.16300847514970385,-0.34380683658101585,-0.09377850960950486,-0.031323324603702025,0.005388853931805848,-0.020992090749498322,-0.008151812195175051,0.003896428578321299,-0.00725791793813681,-0.0123034657875576,-0.04308795768588297,-0.015920346490718683,-0.10381119898262077,-0.061376769495136846,0.008677270336591785,0.01611845194597162,-0.03381590184768455,-0.048435269449004434,0.004734172831655209,-0.07762442452827409,0.762978946521864,0.34502890672784453,0.04389520654952723,0.16682980644503226,0.18101306425181332,0.11226964528309503,0.07419219885257092,0.06386730209235379,0.06878174784913889,0.05276266342969419,0.051953862695269824,0.06426069703497157,0.07070095074233795,0.055963768297932814,0.04092520771787341,0.055892086067229035,0.03745542219195174,0.032223317830822065,0.02718819791418719,0.042660200512634944
-0.21821051858214507,0.028624950059178575,-0.020654451642391606,0.016903860814409078,-0.06940398174420313,-0.10613166620805121,0.05507281622722074,-0.1500794604510908,0.011017607028346556,0.2225713953800257,-0.13872193728663254,-0.21725481939821567,0.1306934816327312,0.05033859812577886,0.03533223739183345,-0.07607407992889981,-0.13954301959142743,-0.04113507152687401,0.058934081768436765,-0.06083981891570451,0.70447752420901,0.20547550499937728,0.17658198178442103,0.13294714509680122,0.27535814144506965,0.06711848472622148,0.06370988927269738,0.0860727358923769,0.05782941674537545,0.12936849709742743,0.0784713856798094,0.1299222477300534,0.05173914319996767,0.036277687479512676,0.056737766388103725,0.04676028308856759,0.06527752332286181,0.023606896498510666,0.02403733099939567,0.032405662400198564
-0.36658105898277393,-0.22808878823461204,-0.08434606248120938,-0.09922179172845177,-0.10127694084906466,0.05069979560058575,0.02147504877281672,-0.0963790585804009,-0.11118302194381532,-0.08600771110777804,-0.10592704292019806,-0.013652194740085067,-0.019918491898902248,-0.054627654824505004,-0.01063571342805392,0.011912704459705076,-0.019643751991188292,0.0022600823505328597,0.015300659917352789,0.02439407608367033,0.47646251406319756,0.42013639116411533,0.49051194878257587,0.11498847438788067,0.15866138073846414,0.10349650848346102,0.05296924283769035,0.09525631639426431,0.09547016815916033,0.059986092060575334,0.07701480959946669,0.06406319628596106,0.04330607816235703,0.04337184118043583,0.01680949565376867,0.03420433956973222,0.04300278378702079,0.020071275992954368,0.033213250303567844,0.040032230196575515
0.20858737075524122,-0.23345863612701961,0.08032753233758831,0.0027384427531670576,0.1025671291805599,-0.0032996411038039115,0.0047801355456549965,-0.07025278791022864,-0.04143714308770954,-0.020099156345062173,-0.06494980419141536,-0.02141147515012036,-0.012935289734644664,-0.02704312197411086,0.029270229355776084,-0.00783285399342046,0.026744949177022997,0.021442815739982222,-0.028682348608935024,-0.014895299508763803,0.6229870960642665,0.42191150403047506,0.22434301484833852,0.3696288164100282,0.170560855366609,0.13759843551332135,0.13976381420382822,0.13047564778282944,0.06942278281920697,0.06120460841358062,0.06422645614274021,0.061425374818868984,0.04646329714416545,0.05132390236083424,0.05131874954954966,0.04612707739209305,0.04471160973409259,0.03495313197061019,0.03520236496798502,0.03266781038618248
-0.42468242324762184,-0.08412471149508542,-0.037886891332290895,-0.05055541838780301,0.00789124698057425,-0.13231197382135085,0.08327658197932672,-0.0002967949259729683,0.06855065034959758,-0.006305833938840241,0.017194128419927453,-0.07422053499628466,-0.0035069441434573377,-0.0035307942191792102,0.031554598881494964,-0.012509207413943246,-0.002018766903755105,0.024453302728052875,-0.018564358628168517,-0.007263385547543738,0.6716741164420487,0.4195024710699585,0.15292889321104092,0.1302201168075041,0.17136048645520582,0.19287088924614876,0.0679644836863121,0.08832447678709782,0.08794547084541895,0.03381235701912961,0.0442877330265024,0.0870987830830164,0.03330239744160722,0.03501893693123698,0.03497479417410385,0.032280277774465294,0.024399858208990086,0.016366569496894308,0.02881201063667586,0.013301847576288989
-0.37604248751303787,-0.2502747168363004,-0.18519332614064588,-0.2937998155233329,0.008372777649971868,-0.12114305562197818,-0.1329507281501241,-0.1697447729007676,-0.08447689736646918,-0.13065671923264,0.11646965393241872,-0.011457528826899049,-0.1248910944752764,0.09546346364198656,-0.12537781776535237,0.011399277068436624,-0.06481513481310691,-0.0008042658610441691,-0.01977153351400635,0.10616382385840412,0.10886794858556931,0.35124108690118105,0.13973353634358482,0.3487935067913493,0.09815520141599426,0.23087129132310832,0.2018460478996403,0.12960060886874766,0.10891513262029993,0.09002888752611746,0.20401933806322833,0.06208460071557294,0.10987950996496314,0.10415049176916412,0.09748766806761672,0.07568448236663672,0.05593396901369696,0.04690018334487345,0.08677188444062833,0.08025792906172034
-0.13184217916588015,0.40837096047995713,-0.36800889782010926,-0.026636016247147884,0.025915022713094475,-0.039627436694513865,0.05397912210645582,-0.12190586054393103,0.017390967313319492,0.02617631680218197,-0.015119325188651667,-0.008291269979566343,-0.0013968051372564645,-0.017545423716327956,-0.0009254976258253473,0.001503775928681534,-0.00858324490260271,0.0033231817390862906,-0.005880510565612255,-0.005854142307172288,0.021850458581871998,0.6567498562542321,0.4462817834983838,0.11039973426384975,0.07721795114373622,0.032951769647483475,0.04826593622140158,0.04482225424410043,0.03139302852536917,0.024064665766994082,0.01059776192189795,0.017939452248321948,0.020164355767060785,0.010013750433668457,0.015710180170251293,0.011232306995075103,0.01146647237531439,0.014662009900459929,0.007087696209310934,0.011264168519712011
-0.2846522667018578,-0.1178298148424328,-0.30208099980151343,-0.125524449970914,0.0524936451060012,-0.1329611825945057,0.17648860531729121,-0.3470952313666777,0.20468974234931048,-0.07207739774573244,-0.2353985405005072,-0.1307584183336084,0.012891796904594847,-0.0018764101901487494,-0.1331754603312759,0.038546345586933324,-0.024805250252285183,-0.017094961324626644,0.10902845971667482,0.030254527643416046,0.1099693008443017,0.15835500647739223,0.3368135370676625,0.11731429325932122,0.036876865821519944,0.18826425505992936,0.18146615705021568,0.29685971097080455,0.2873531431583422,0.03178617204945953,0.14952672411125217,0.10498791934716316,0.07788678016698014,0.04424095339453005,0.08569959751782055,0.08249410127417224,0.051700387392925345,0.02559894655573376,0.08628889804938566,0.03424846021500577
-0.146918461822895,-0.08383556973183427,-0.19831453019441617,-0.42648712763187024,-0.06459166000506701,0.0027096483169214377,0.07590909860406334,-0.01752462765831033,-0.009515670171979712,-0.1070688067381864,-0.01830414198543818,-0.07437655762745048,-0.048664326813576936,0.028101022118666243,0.06748435367698134,0.038090113684410405,-0.057002767354369065,0.03477809715918752,-0.058332775098491045,0.05801240105687892,0.4432692759995215,0.4803494063129118,0.13032496161934448,0.38916474267816514,0.19445933915371005,0.08591757797248338,0.10386181082293092,0.10693816904121549,0.050852571137015745,0.09185251936188749,0.06706486175921426,0.07336748907660585,0.05388185157533146,0.04754814887534531,0.057738283943879545,0.055020932920164745,0.03695995571272873,0.03454706284175515,0.05245386842707544,0.03593267994785203
0.20275476864355763,-0.2670534366482227,-0.17256808369904142,0.12300933636258735,-0.043978465938815894,0.0025377528494849584,-0.12703121753834762,-0.045495629020799046,0.008401721631030076,0.0568219565876488,-0.07379498706408363,0.11913184754082996,0.09965717731935111,0.0692223056460266,-0.0025430692698316334,0.022415205095132316,-0.07001893605492783,0.056702210863871415,0.010755324022678233,-0.000981933708655357,0.7971655449901544,0.1631459312232326,0.1854314085544839,0.10894216937033468,0.1122825884407192,0.08382525679577671,0.11159095854147885,0.0617535025918352,0.045767182724691366,0.047607038336192176,0.05904913776623192,0.10361729886943945,0.06869936460732327,0.04482499033048237,0.029734477448409905,0.0326266583278139,0.035596704555322184,0.042236205102458325,0.032261043787206053,0.022672244678441776
-0.44874758385365515,-0.02478365523354548,-0.13924027529976174,0.05223491654128975,0.0019414256895059342,-0.051230516918608304,-0.04472839489811192,0.0011889590941846007,-0.003196327704878972,0.022025741561339678,-0.016714679304341853,0.008804129569944707,0.02741527260290444,0.007774804144497585,-0.020095021189274184,0.0043839809162629206,0.004362546158334891,0.0007725330464333623,-0.0004564371494624998,-0.009577532169353342,0.8410419617989405,0.080306413310574,0.1653537677279652,0.09478654396690533,0.0855508204538123,0.0424735234001415,0.07639125365902175,0.021472769079221923,0.03618015079361191,0.01979527957191941,0.015934578775215112,0.013422244631467168,0.025961941177099063,0.01334199071260119,0.010468279689189156,0.008884180714625352,0.011150204345506311,0.009065546581304132,0.009305209070976667,0.0071065211458251586
-0.18601882770950126,-0.06320008179212037,-0.07564725867969874,-0.08903082551878917,-0.024162010189118316,0.0020627720271484194,0.009347205911967164,-0.017413143571673506,0.005809407957571694,-0.004904596834798879,-0.00023954919514169602,-0.01419108457233252,-0.0007735405118233858,-0.024785775395390765,-0.017474826292386034,-0.007714326525574104,0.006098993977851194,-0.005682957076294826,-0.0012929829238856024,0.002565829521002872,0.767147465164054,0.42473304143669377,0.27916477403729784,0.12680349363294835,0.18352176672628315,0.11791010898975623,0.09737529797623641,0.06594861754708056,0.06486405632410999,0.05897997365337638,0.0489210843292727,0.03773984287749163,0.04163776487036373,0.048454695820836786,0.036627338391547345,0.02470880872910334,0.032384203676837704,0.02758638934990209,0.030151320677008757,0.029369332679820816
-0.13519210674015567,-0.3945191791837182,-0.05275835210992838,-0.04224017827778607,-0.032211846720227026,0.007989131621313924,0.01214381856179792,0.05908756221402059,-0.0008520084538106785,-0.021801732061936637,0.019450659593240292,0.012020569813837076,-0.008605795580700223,-0.033471932667203226,-0.009643535144609831,-0.029672538795541478,-0.009816392716938536,-0.024934375225822435,0.014042484497306688,-0.022586255235634838,0.05555402968477934,0.8257443322791592,0.15836338925690205,0.18947522444766135,0.11215313282557225,0.09236981933089342,0.08100743765081941,0.10137714009297207,0.07235098400609001,0.05794164384512044,0.04864261443930414,0.0682581246187817,0.053469089384170276,0.04463430977217271,0.038732760803447785,0.036640592404480116,0.027866487422676157,0.039833116582221204,0.03672200288981237,0.0358467561847901
-0.10360536836258043,-0.17144520120177803,-0.04824243906454656,-0.39835732950233343,0.0008299397165323409,-0.1493746225130701,-0.20780961838916942,-0.0445577600897986,-0.02763719330945459,-0.00777205880553617,0.12746446961310373,-0.07350768207351867,0.03325146772925484,0.06524759081146407,0.07248281012541316,0.011637575641434871,-0.018676814283751668,-0.06631438181297168,-0.025022621476993842,-0.011264200559448507,0.5450737315001195,0.1892719911437355,0.36562512670411784,0.35594763889313885,0.1487408392829227,0.1890321874767313,0.15728902008776502,0.04188368615922454,0.04074384868908536,0.04141088744667919,0.04912441276838687,0.03642297302570114,0.029980157102197254,0.04757689784732953,0.04625525026319739,0.019822609816727232,0.02101363353372437,0.032757061208073125,0.018902492763554764,0.01744233363141257
-0.5721109549794525,-0.1574236111469635,0.03633919050610547,-0.11456980203719784,0.03360883305762581,-0.0002507915050720221,0.0012230269523572652,-0.0050828910995263194,0.0168096215188418,-0.030834065825372528,-0.10466672635053971,0.020343279023511972,0.009615724963294464,-0.027621717238686436,0.008355029160521346,0.04692595812293903,0.014997040463286083,0.004971168688957816,0.033341450020140516,-0.03209328963306047,0.7492545932501483,0.10239074920256346,0.0893109841093288,0.10232099940967175,0.055394977371030954,0.0419833275456943,0.034065505644943914,0.019890753898673712,0.03581834256555569,0.03985561307233019,0.08592893672969518,0.05775692567086647,0.011383434333031251,0.021771315294449325,0.021828121668999865,0.03558956456156502,0.008265555965617611,0.020390347645042915,0.017112376363200482,0.027713446064758944
-0.10195486709890293,0.039129395330288995,-0.2252836405955447,-0.24810089384522685,-0.21217545413531633,-0.04939507032948075,0.07120143252240306,0.001851081996423433,0.16503367543960826,0.026107829511188677,-0.190374645641273,-0.02578707988904915,-0.07853602141443848,0.16596137829307733,-0.051513176875595285,-0.08415482041446655,0.07040443584599079,-0.055581613947952774,-0.01596060862851682,0.054439738623838635,0.4981487788698432,0.49636934675366207,0.2280068677655268,0.18153270658721288,0.20586919481324245,0.08418602272758521,0.09419545813595422,0.0782618391424483,0.13124749275927544,0.05682799842215165,0.11921293658832974,0.05139209455206676,0.05126549836828936,0.09913349485338495,0.05638836062823025,0.05474970520322487,0.0343181665266702,0.03313670822515855,0.02498442651206305,0.030255813678850416
-0.6372235969103254,0.046469830728974586,0.08182687114306159,0.1322142313709411,0.02160567121245658,-0.09180994592602104,-0.09169338453961781,0.04051119333239535,0.08335085982936238,-0.14054274032812172,0.0003660337815526675,-0.11660770921986514,-0.007117105723586646,-0.0632128153066831,-0.03207535111226957,0.025978910336271765,0.03380883489892556,0.006655525221907662,-0.0014083415601191672,-0.009553074901525276,0.6056526580389046,0.27997764323186336,0.12603932294463452,0.05606257606821953,0.1020219294424665,0.04813574166839603,0.0665491720938256,0.03341696062450844,0.057598991859477366,0.08035623871595242,0.02127549782489559,0.07636559012341089,0.020533866779319565,0.02789738448542474,0.015346537639610552,0.01633346000952514,0.018830694982162544,0.022709279057030744,0.007402772915175251,0.012197176452728024
-0.3798790002628726,-0.29815620021891825,0.09335722861454535,-0.002522546771377326,-0.008861239111682368,0.037613656871126576,-0.00032928957675341014,-0.029264173922922642,0.014709727048007557,-0.014990143142818229,0.02115259442686433,-0.0021270948732476968,-0.0014845595311794755,-0.03595631599398771,-0.010999576529165259,-0.026456322488547804,0.005436808551052095,-0.0019170144185390403,-0.00280801531884094,0.004573645710452872,0.13938501402951134,0.7511053732903831,0.31503803784456247,0.19343013486823363,0.1468239024736706,0.0732308182606859,0.04186648801576517,0.028287314021045444,0.018269053257951636,0.023229314048972004,0.01814923581234514,0.01703542819891385,0.016187494227583345,0.021139375233637257,0.011426866560414821,0.015194987553456097,0.009866236888836746,0.00973049721739575,0.009722537084409157,0.008803649009272567
-0.3348103674338271,-0.2751878302214751,-0.2526680009838518,0.11244312448026608,-0.11667732758027834,0.016549413229040594,0.042909828632350315,0.006262236275685358,-0.0938427693214679,-0.020320229318771386,-0.023613188622326184,-0.008479647594000977,-0.0001854877482308914,-0.006637199328133103,0.009907310232275868,-0.0124606194531156,-0.005916478049910764,0.007264222313108706,0.011974692222403395,-0.01420548635614478,0.09566952863867564,0.3294181151993345,0.22507648297674301,0.585735213935093,0.3430871078773115,0.06520757987211603,0.15180239826980696,0.09914209584200058,0.09945937458545726,0.12628520118933384,0.03540898813066832,0.0755283243187734,0.04557162371816194,0.02688511387018792,0.05800872546546778,0.016878649953276755,0.01903502956738106,0.0390494611972808,0.035390996390266716,0.026573289858403976
0.28002165066655593,-0.30145546267373236,-0.20410423345538672,-0.0015315551534370517,-0.031008606150932455,-0.017147522144750748,0.07979970980703861,-0.0786699594159013,-0.0414181811202315,0.006289779438155039,-0.046098136948104586,-0.0462622496229374,-0.011802901691015095,-0.014355918432919937,0.00626755321570113,-0.03272040911307277,-0.005668051235479179,-0.0022436937078740785,0.002107787250951374,-0.006451102555001895,0.5727178088130148,0.44813985928570976,0.124501444841865,0.08927639343743793,0.23312982881760252,0.10875953603896717,0.15891055255465988,0.20808533078273272,0.15737992538994774,0.07172144183607973,0.1269953058918349,0.09768136624474523,0.08412685485911073,0.07071423736587487,0.03939208058245552,0.07938712019422765,0.03795081787033734,0.038983033759817654,0.030527906105069457,0.03519247154619109
-0.42277036064242063,-0.1562030921829782,-0.05621429580109662,-0.058069119412731574,-0.04893998755595446,0.029890118337079784,-0.0014361083860671192,0.011708126093801218,-0.007090183030851127,-0.02329411426454292,-0.010850402402276253,-0.014962376085177495,-0.04204682264277994,0.011502154553948525,0.003264990866852955,0.018895719435583228,0.0037698790380937455,-0.019089333631105872,0.015467999158884842,-0.0008790956600130712,0.7579780258498259,0.40390818184658595,0.12491497166273148,0.08667225148769675,0.11117466352883658,0.03490210716591354,0.04731260270618848,0.025219690472069334,0.022199304553888796,0.027868991977184693,0.021586147172685484,0.03588639564277,0.030240334573899564,0.01508077441510382,0.02320515251419932,0.02183442392703164,0.016828930019078966,0.012952238446601734,0.011509092739308755,0.008962225334585494
-0.23674382576186728,-0.25139056902270895,-0.292212899176285,-0.0048465886288229405,-0.33488791683241587,0.010106873668642359,-0.128253027142494,0.03803759100149783,-0.1373803095631924,0.019905954502054977,0.1853083743266004,-0.1705834948100305,0.1147543351651008,-0.020951541872353353,0.01155297931404134,-0.05859565120814751,0.02577972076351326,0.016883549083684758,0.039226115210280625,-0.07012194820139944,0.0626645774251884,0.2103410258014878,0.5359099509574686,0.21462374224458888,0.32759864343465356,0.05409775541477329,0.11356391105769202,0.06955355983134374,0.059110867023612644,0.06932235089672033,0.09985963706693964,0.131433306164661,0.06277410393474055,0.03358000242836225,0.021337131793011586,0.05784103270151607,0.03375748871718409,0.020002889190244788,0.041330669244134435,0.028807768595307693
0.17533403844617704,-0.1799575866776731,-0.25718245139762047,-0.041154193269380225,-0.07893037748492038,-0.03726826592621035,-0.10252574881786906,-0.051559226030250184,-0.028194050787794255,-0.047411688049521866,-0.03154638284799607,-0.003065689860884125,0.007268555438539014,-0.022615883278426358,0.024358149608382115,0.02659352814539912,0.00796753140289071,-0.033080776169498165,-0.001622396974090138,0.001971696295194728,0.7725660295075744,0.26621066141992766,0.3369859039467247,0.10862206423102776,0.11716523848102385,0.08594149581011298,0.10868406130830337,0.05906618375493317,0.02657268976964961,0.0393963084471296,0.03584503849127172,0.05287635380736234,0.03351480075656806,0.032209226209100904,0.02173914031881783,0.0271029065300438,0.021849595032173676,0.027744228427722267,0.018095652929302288,0.019766703410153855
-0.45850880092962476,-0.09878228452221759,0.03405118315573916,-0.010797181153150603,0.004844771801868682,-0.008109156725196319,-0.00917053365351228,-0.015256772737880593,0.010204620370110662,0.0020116133082525604,0.01659600647961936,-0.0026150153086642773,-0.0018878292850091156,-0.01178304505692446,0.004918743024871324,-0.010903242902225736,-0.0012131573775215794,0.006646146337394847,-0.00023993912894836712,0.012046330709693768,0.840474196808015,0.19392440705871447,0.08599691768631314,0.08161798825039804,0.048974108059472686,0.07786115076073062,0.027839822300092656,0.0335395823558944,0.04252244762265273,0.035499046465692394,0.02184893725279194,0.02588786397760597,0.028925891480032183,0.02474162963848484,0.03013129772360233,0.023683055953882353,0.02513777631024092,0.026423867459881484,0.01212409047435703,0.02075771801691056
-0.6138040614353721,0.11851363173567658,-0.0529553382730521,-0.24034264343310735,-0.06250377638092242,-0.11801832850217649,-0.19330620147319588,0.047247532774249645,0.04845418228990754,-0.15448975499423737,0.016334518978205884,0.05179100311962972,-0.04158328955757763,-0.0175472553690425,0.02067160462011272,-0.16571600737865116,0.010952202919095494,-0.046331515030553584,-0.07012223306720995,0.022725917784164388,0.488623565469566,0.2906293715329099,0.14163770174930576,0.09663880454500748,0.07178485431751008,0.10853062148034091,0.16083924370692387,0.045597784067603515,0.02624330110630621,0.05568343170665131,0.03773387603990178,0.020286180932512405,0.04712570130095374,0.05298806611878734,0.03057736392596709,0.11204553087059108,0.030315193289174085,0.028644869325801254,0.024088580479553635,0.02106763554362257
-0.4587777282116624,-0.39193273829587677,-0.28670091254604596,0.018218678533671366,-0.22156498663339214,-0.2680852823461756,0.0818722787037358,0.01095871056768979,0.02213140374478905,0.08459688771599992,0.01879989299210776,-0.0016155686437701372,0.022584113601968946,0.024530718819029695,0.011828427783731438,0.0027993831406942817,-0.0025635361304748357,-0.00650148183608945,0.0021917037224847983,-0.0058597669832612465,0.5137051499026971,0.29256926736947186,0.15659580501899312,0.02213503371771363,0.1315394983937281,0.14126278514139437,0.0366931045310902,0.018826776664749204,0.005942500736891332,0.04122258614126261,0.014898822643105582,0.002148684037436802,0.02425493564726414,0.00863146443438537,0.00507877804703842,0.006362910382593735,0.006457316958076515,0.0032791357603577835,0.0034980735679079385,0.005733519606054797
-0.2816248868966566,-0.01795912111849174,-0.097244985472257,0.07569052071856994,-0.11157202374369128,-0.09726694595195708,0.1260066869028786,0.05169883464098732,-0.13708570940103398,-0.009284340937714927,-0.03439324209671427,-0.050885628618109614,0.05655154548364518,0.007024144342662845,0.03228233493634887,-0.0018253710844358243,-0.02337772018674842,-0.005599847693979706,-0.01721760557106813,-0.011965265964677006,0.6816094264861876,0.42333158736886434,0.24888652460533553,0.17826065142664432,0.17103834043734087,0.11879971771846093,0.12745222295650724,0.09339565023425901,0.1095801905766255,0.042415391859500266,0.050099350757320305,0.05569192565820517,0.054385091712090376,0.05592454091428482,0.04075104672444296,0.03147038727823103,0.034858360303548365,0.027478466216348547,0.01864322459671136,0.020714894417006195
-0.47587386103142926,-0.21999699439091047,-0.21260054953253882,-0.03539385554373137,-0.0582114312847073,-0.05241174509650794,0.05368405438055349,-0.1230784188812372,-0.0565568311146401,-0.08018164243834926,0.05597315293096519,-0.02184018271478225,-0.14856904545391755,0.005245529268965187,-0.14382434021604548,0.057481210524980036,-0.09290518248980245,-0.11696240513691301,0.011439714490368692,-0.07415364508712737,0.31765748012760414,0.555018799957087,0.28433144359962487,0.05806488112220514,0.07612096862863384,0.11337581606363971,0.1036699590351934,0.06742017452352876,0.08896728594738049,0.06548338036349671,0.05822527589359854,0.05725660332561735,0.07380413908109887,0.027111596741818064,0.06363488303852724,0.03152157094230712,0.04094961781081401,0.07375170161225997,0.03891234877851189,0.03771466695931477
0.05558060377663363,0.09970074798246115,0.3148492955971885,-0.20568769536434278,0.005222869179332935,-0.17857925051028953,-0.0643395891482688,-0.11626196695557253,0.12592395647138344,0.041280585761447844,-0.06449871965324759,-0.1363225855743679,-0.009708227119586526,0.0037107648142232683,0.014823690811642297,0.04884771370426712,-0.08333104902829706,-0.10193458816855255,-0.02592607489114282,0.06764867962583954,0.42001197439054877,0.43425134742906285,0.35748435967524167,0.37911865292073516,0.10022441405138843,0.1468297940931115,0.13584778229575975,0.10034041339630931,0.08378703249846485,0.06966099435027966,0.04839717672460181,0.055363958345490974,0.04809205857608555,0.04776813180544119,0.03296692336136002,0.04740126719551962,0.05359996745068135,0.06062784958070753,0.0356199967904387,0.026336311352635353
-0.3037411520050552,0.1984793723832547,-0.5288454690358034,-0.07917874424477303,0.06310325135278438,0.03837026308805872,-0.042947833122050874,-0.15844872022455173,-0.01527646456361034,0.03712547859838384,-0.021885348308702746,-0.022841457140228855,0.006785232332103906,-0.026627980555977215,0.008620530749506564,0.03711335395043534,-0.0320537851238628,-0.027370302081998917,-0.02563161129001944,-0.014105754840495541,0.10578304826083783,0.3052406154681948,0.5995239474639359,0.20993330632312407,0.09675246567882148,0.06115875262617178,0.03935966282536725,0.09722729322141538,0.06512339032140056,0.028117030478142107,0.039467230706991645,0.02310302249380402,0.013539191979856943,0.0372945713393529,0.01819103906778886,0.027242178026988143,0.015137671277890083,0.020479369559211914,0.009916777005663327,0.007755584962345449
-0.3791405513286477,-0.08381132227550585,-0.33831020459611627,0.03167559251240503,0.114266969552473,0.04960545006255294,-0.02775450427917924,-0.07501084500422829,-0.003016337326487039,0.008310629531002764,0.017584814165982152,-0.022740199111801637,-0.03911793776330548,0.007023258993143392,-0.010754193157350723,-0.05633898045155407,-0.019775041612545074,-0.006137805429764629,-0.005829004896923378,0.004035912839716727,0.5327634258141256,0.5488962815259338,0.3042673958611325,0.04006528067407563,0.08343733778490652,0.03839341606311188,0.04574130777201962,0.050729770272259056,0.044407194023422504,0.04045360666852204,0.03394766992847804,0.05421129571201031,0.028126658530445256,0.035674753548795,0.013386996304675196,0.040238261707470364,0.018871588363494715,0.021435875017854662,0.022678644575118947,0.017385102296925355
-0.535039867892862,-0.29537922631737557,-0.21847171262389314,0.16845010024510707,0.19719896133568943,-0.22143859277326,-0.18838832181781998,-0.07419195760497056,0.06405846235418404,-0.06213138408579968,-0.067310575954943,-0.05039367349988117,-0.000495553415157181,0.016584094677684805,0.024307892192291743,-0.032349153212508315,-0.01005440924622456,0.024497391738442478,-0.01892641131260794,-0.0057454785710885515,0.28430466473380767,0.24929691244717803,0.2815888037080614,0.14277259546985638,0.24736227926182353,0.21732997255422282,0.136233269452702,0.06799833547059353,0.07304337623858244,0.08429182385395471,0.0515179557828216,0.05946735824629813,0.03807569833251065,0.03914391403023713,0.029540438694438235,0.036498701395150546,0.0403593193921508,0.03333449265680264,0.03646869725373283,0.035723440634554536
-0.6156360050476313,-0.06898587078984394,-0.19932604062609607,-0.2563470074999904,-0.24646066550861295,-0.04992608856632234,-0.0416959891154822,-0.06537832934209241,-0.14888272305069572,0.0755560071582507,-0.1277014480034308,0.019262827472002954,0.02879194926781297,-0.06068020112384397,-0.02541706276478538,0.009447837408865052,0.06612443728227739,0.029678198178397435,-0.04248011603036248,-0.015546328150670034,0.35825770686363945,0.08910025449866735,0.14261482355060315,0.3296800526431745,0.18516575930044568,0.11455222358367419,0.1285452748666035,0.09302192976438693,0.11964726574549162,0.06865380337761887,0.1070810409831931,0.07561638900300992,0.03217699309014142,0.03651508413447505,0.03544408259636515,0.03372254016594316,0.046632226873250054,0.02984639679784825,0.03634482584224524,0.03432916699806034
-0.5694188803769428,-0.19261552410674268,0.006013979974687218,0.05240418638930468,-0.11656949314338652,0.02283897351500679,0.0003307077153688835,-0.0052137025864258165,-0.0005978801253324809,0.004290163288378486,0.007220778521189845,-0.008106198234899692,0.005336587459793278,0.0009202293955322724,0.0020382703282849773,0.002756434595503867,0.0049502637490204185,0.0005527761620097341,-0.0001746035134479439,0.0034530369128355012,0.7176461269615068,0.2655616761683448,0.07535112613319168,0.058068877063146014,0.12803138759236043,0.09111121099986766,0.02130269489918976,0.02608202119359731,0.005523596881877702,0.010892605567102703,0.020253070689424463,0.015049706226542505,0.008292874894777374,0.01007445295681389,0.003303420139233039,0.0038971186184725585,0.005507838741638417,0.0021776918486762636,0.005382459866421525,0.008052513871185352
-0.1512705047016336,-0.38239476689085583,-0.48988222516726243,-0.04813514969897827,-0.12025467280830038,0.004223204986245416,0.011078971313041192,-0.0009478848552828518,-0.06459418028964006,0.03995916716050983,-0.04559226833673271,-0.014246151977694417,-0.005834942053393878,0.005057022923827443,0.0058010284134730125,-0.008154520608597103,-0.01822217065679159,-0.005104236289570529,0.007873622549335157,0.005675938069413495,0.3620301739747744,0.44602008607011845,0.4703784516087569,0.06618738820310095,0.0778653683123152,0.026284550799117876,0.032738506537213975,0.014463438425047319,0.02295784582043316,0.01244531666110587,0.022087990965962638,0.012831124389071549,0.0076306224252397125,0.0062873985049040045,0.007735093877937357,0.00450599018765824,0.008020386562682199,0.004120880609120762,0.0044468974570928965,0.00629580135141696
-0.3473412269410089,-0.027654613992433325,-0.020859333877088666,0.024343472169778325,0.00038850375094913686,0.013642018585497816,0.0015629703831788867,0.010772998038104284,0.001958078579752116,0.002330744877632808,0.002468773744181,0.011457589627408166,-0.00666958972514181,0.0012875862228087709,-0.005924281028684384,0.01019069418469657,-0.004015084732620926,-0.0017462819721760885,0.009340374397145402,0.0011785513066072811,0.8926918147764746,0.2226992297178307,0.09494962020818651,0.07046181767105525,0.06561709865220182,0.0509714347775275,0.04464327957138509,0.04276760559648041,0.04151478586111966,0.022672240863908327,0.01846309584245469,0.025656675262527177,0.022741114401480297,0.01805673626045248,0.021862551921587533,0.013357684265676692,0.018938063198629236,0.016242650421586766,0.011316993802900561,0.011435958076381328
-0.6500394101865852,-0.06455587928063071,0.1850497637861197,-0.16036853029167183,0.00423842150935393,0.06253527527206108,-0.10389394506317032,-0.02295158282598498,-0.0029534078293387183,-0.08299554049141059,-0.05787748009583654,0.02173997929239822,-0.01727477740243054,-0.0025956891088636594,-0.007262492822898264,0.0017043102587401592,7.660424057196097e-05,-0.0006453256682463798,0.0015541672063504612,-0.0021880570821338247,0.3548195204146792,0.4254263576663256,0.3682225493888432,0.10373256368855187,0.08235336238817802,0.09002047374849018,0.06483009475201479,0.04730736766466795,0.028399015286626524,0.08003963853808081,0.06054220077842962,0.019525374026555176,0.024133406648969093,0.01225523095694233,0.014839007824613778,0.006718929407469301,0.006863798114310781,0.005565812052003191,0.007815317772923467,0.0051578991703944985
-0.42626208425386125,0.02362033208124212,-0.13502902368078765,-0.038151469863095686,0.031882558299291555,-0.26957885817731597,0.08073078291671419,-0.09706391895449909,-0.07461731888352026,-0.053100385560889814,0.02812129779726412,0.10822831536101142,-0.003144173084639262,0.16841672741786576,-0.15190335765975543,0.007983367588902461,0.11284870356583661,0.05600592247315152,-0.0802562918623879,0.020864046063669754,0.48821025982970384,0.1497376417673175,0.10633606396796243,0.3532841720480727,0.11895094817386219,0.25864578446592984,0.16736137961802217,0.12534526783080194,0.15495157879247917,0.1250571139724472,0.0402068152608614,0.08704540972897669,0.07205443505934858,0.12392809817351952,0.10646150898114586,0.056702071715068865,0.06519677298002055,0.03152372494775678,0.04547260807014041,0.019087452673642674
-0.4680453090454987,0.16841637570415238,-0.23054007815823474,-0.07434500564508921,-0.2532458522861905,-0.044370827811666284,-0.14365855123148624,0.1383215899101824,-0.07511471531399928,-0.039596894707153496,-0.21172063097452698,0.16128242457176678,0.07152402275391281,-0.01720895274528247,0.01864005919818485,0.06741977169198082,-0.13264769997217518,-0.025181365842557847,-0.13013609795415249,0.008212850754140893,0.34127869044219,0.4772896981072075,0.1301348538655886,0.08541547041559229,0.18536055951976976,0.10354637251054492,0.08950810894399273,0.06598492712596633,0.06669918132497114,0.04571293622487047,0.10109281359300624,0.0708483769876691,0.04336782489549609,0.046678419481867156,0.03459300042681237,0.04877274225322067,0.04564773741678156,0.03647030211792066,0.07235410300421219,0.020507825114215453
-0.3272394259384525,-0.1930671110695789,-0.10460648415531855,-0.021784678834726318,-0.10697473960763937,0.07731199559221645,0.03374802524984212,-0.07723666671601116,-0.048740529317755736,-0.06629202886942773,-0.048088208743568825,0.08271340110360156,-0.03228664425477187,0.00041668823890049495,-0.15485870477929453,0.004164682144163345,0.02579810656682237,0.013279448541035457,0.004498414797162733,0.05069792518783089,0.7832936787055121,0.3261622670118471,0.08651515127343416,0.09339188144193711,0.07567494615320144,0.08474850460055176,0.057882749182277426,0.05792824762475493,0.04639655814912904,0.04767850836963216,0.05565305531600289,0.04419662348910551,0.0334449899231597,0.02403887820938472,0.07977984555137375,0.022475860142209834,0.01948973526607492,0.017551720926879576,0.01700920957106349,0.022943559365022625
-0.4782744379165404,-0.19327216296853053,0.07520424391680806,-0.15288693918808044,-0.15257277682304932,0.020082311273279165,-0.003969289890963945,0.020694977645840194,-0.004768708624102449,-0.008337101332823539,-0.020752749697779866,-0.007386078458308172,0.015185018785447627,-0.03401102238217579,-0.05367932308009102,-0.011781909741518149,0.02898951182396462,-0.07611559626352672,-0.029812407534153894,0.018534497109477313,0.7492274530982019,0.22258647132770593,0.10967839056626079,0.11540582706982709,0.11223769094845047,0.05005805002902432,0.03901410774475244,0.04048201575770522,0.053811534408716354,0.03338894415898554,0.03596086393977052,0.021639263156487863,0.023740394003044167,0.03590280942813236,0.023511617075635774,0.02312836615914594,0.047116298040777306,0.03948127576638747,0.024828497615759573,0.016921879823970414
0.3111254086257704,-0.2897887065333149,-0.36786368335824493,0.10497457070847534,-0.06510619166279925,-0.11497661390022632,-0.17817549351255624,-0.10483090873320776,-0.04894089368929059,-0.023687403372772267,-0.02334100684962326,0.03301255197477836,-0.036243841084084176,0.013698509180470313,-0.00907222578693259,-0.05285530232807062,-0.007388977528556049,-0.021078362713863198,0.01706209711627672,-0.011528731039279866,0.5215388448399919,0.34690066163496613,0.4040607997933913,0.1404947715362167,0.07494140590403589,0.070685521978894,0.083911340995414,0.05040606369204766,0.05119508894650842,0.02978907047565683,0.03131683286420562,0.034465305713806155,0.020081647849459254,0.017419219064899554,0.012147375274338755,0.018581278118836867,0.011551882342019815,0.008523345858475374,0.010993405191616639,0.007062131445019873
0.25275101251537097,0.3239730088233692,-0.0038718760570211554,-0.20436559201380763,-0.3141617540905078,-0.27168477246444805,0.23358888960757238,-0.06516665207866958,-0.011208040602355853,-0.13051921618881457,-0.025295581975921574,0.13933834542137313,-0.03214791305713213,-0.10496121255179898,0.131868079852391,0.012097019577335177,-0.19379975106262765,-0.041938262595589464,-0.049719027976085864,0.10667236013951839,0.3675022361462964,0.36523433876323363,0.13541358182277868,0.14295677905572568,0.18955598536620422,0.20271136324391126,0.15090781871657158,0.05131726494414203,0.08441387668733001,0.061983872184917875,0.031077157861264876,0.055056235377197504,0.02734451207240419,0.04004498274214017,0.0542371850764598,0.022692096340151326,0.07203021738179755,0.017360055707788664,0.020904058277302823,0.04160170697550171
-0.6929684024743423,0.11461368595228177,-0.12176985757827503,0.003237131179808146,-0.01985247491134103,0.0407438905054321,-0.002984906859017648,-0.008543662250584493,-0.04150523069978803,0.006161875173190015,-0.003474284235351369,0.01095577883142424,0.0157615064167916,-0.014020983306080474,0.016623533721949562,-0.021142887956505672,0.003431011550561458,-0.009694419415172857,0.009355161257420965,0.021557930140595382,0.6903868664995403,0.04171802701434298,0.07659369515692983,0.006820083852722627,0.026948594286712372,0.024679813219687364,0.008477239412724179,0.004810556669016714,0.007661812889240031,0.0025652355517809125,0.003883532255968177,0.0030449311068629793,0.006694356863058658,0.0035423389658990377,0.002113525082755956,0.007126855622959768,0.003788201319805212,0.0032643691516687336,0.0024242042893325684,0.0037268468256680697
-0.1258750485207031,-0.17745286303076097,-0.1119223899048434,-0.262197465757461,-0.11548232745944773,0.08860798759034957,-0.15156679109575724,0.037750990926844405,0.08049260913761715,-0.12029327887697262,0.14483321049582026,-0.05534770058379348,-0.15668411008109154,-0.006494879557263063,0.08642556103759609,-0.039062237224365665,-0.017669547135233866,-0.01513565792949026,-0.03440097319822768,-0.06851217716620452,0.5300945326476717,0.14650887101244206,0.49462709087286894,0.2382410440446298,0.18159750891588433,0.12193514552534114,0.13581246974944114,0.10381632148783174,0.08541439715319596,0.0789690474414985,0.10411412771503324,0.06233750913963288,0.10129362511777622,0.05075663442277488,0.0570133907530753,0.04681845197298437,0.04892034986741646,0.055122696670621744,0.05186197164602431,0.07214328367097418
-0.49573222541913914,-0.2210184262062906,-0.22128285776237716,-0.23014403557836197,-0.059813414018810754,0.1500408621756719,0.04835988114041532,0.001019387066592123,0.11094587108392064,0.05789792609190185,-0.14574139259916888,-0.031129718659945023,0.061334327075513055,-0.06309081115554246,-0.015671960266968866,-0.030963507967947106,0.01101368640962819,-0.03257033036551118,-0.003389482362387395,0.0071186935828067,0.19186004497915854,0.09603024915971702,0.5388065666629311,0.2724523893361689,0.2041661458210765,0.12591052595268618,0.04614112678265165,0.07184268778943534,0.13114095232113898,0.11216078282174886,0.0939766858674113,0.07158377023054767,0.039686118815013376,0.035446564502868365,0.022450428702844805,0.042174978597207174,0.027680948881933978,0.02985423379709665,0.0261127471922876,0.019663882990475622
-0.10595664357285965,-0.25808713835206093,-0.306950539018142,-0.07312307995744557,-0.009927719442294687,-0.06353530805392686,-0.14620653284400342,-0.252246091467668,0.006280394683099716,-0.05452426390398835,-0.11580177973715733,-0.020203595045592583,-0.0056400254175884975,-0.0738628800275938,-0.07390674250512573,0.0524759655835142,-0.05626733633599382,0.0035099257410903333,0.05772756725731737,0.014830204001977635,0.6761436130191935,0.13248840071206114,0.22456152363099752,0.2171186208542889,0.07641102438999506,0.048863622353484265,0.13662237927427864,0.2224268176440833,0.03973966361324936,0.06640292869099226,0.07196242470429569,0.12199618820971092,0.05192557075809651,0.06575273577660044,0.053970617066641635,0.041963089281745136,0.06303308145223091,0.05348555293773889,0.04277048744369969,0.03361292845778038
-0.12770417393753974,0.1884127691669825,-0.30074442214278013,-0.43638037092911774,-0.23076016269580343,-0.10666865591152531,-0.34595272408820066,-0.06264666527788501,-0.17684423714229858,-0.006953160494373023,-0.12481107405212237,-0.06384925686300653,0.12219175972977576,-0.05783094089407892,-0.010794418339143774,-0.017857635554845652,0.1918959451199657,0.012397751954015742,-0.05363527280912443,-0.057861857638202556,0.31923991911420874,0.2169737498195371,0.12378180166521666,0.3588529865684742,0.10710042149067184,0.06496220046087173,0.19654963863295388,0.04609329243290643,0.058373884113480594,0.011289433735291083,0.046106138350140574,0.029802314752537973,0.04944596522152887,0.031082906421340855,0.02166852097949408,0.01675358621593023,0.06383823967214153,0.022848863746217755,0.029910406202813367,0.021276800556862565
-0.24185025054662887,-0.3061058437663764,-0.2210814379983828,-0.0971068278462419,-0.040919209174382624,-0.025262474546833363,-0.052828653454698844,-0.007114005578726084,0.02989530870347759,0.010069835850914805,-0.011699190442882614,0.008015005341664405,-0.00885481537757201,-0.038261746617650444,0.008312246940878043,0.011683757307802715,0.008918203080614548,0.004455098681634192,0.0015199772436706122,-0.005138867329126289,0.09366545720886252,0.45671817376509816,0.6516806907942677,0.07766409560883276,0.19293020051550044,0.13142125595454984,0.13787884515929452,0.10523746868046885,0.09352657661719897,0.08198891439362349,0.07360697343451854,0.07129941696133427,0.05491340750716453,0.060458147172041336,0.05153952465384335,0.06335543295821314,0.04974359542407866,0.03940127527452648,0.04911179846831595,0.053484191815771305
0.24569118868541864,-0.1048431562035343,-0.04670501377535695,-0.4124906196407193,0.012123747672189853,-0.04923114674079985,-0.06619686028614734,-0.006322552452677216,-0.05583373852584096,0.010054602140449164,-0.024518054739316553,0.029065074455031863,-0.018711400047016553,-0.026575631952795407,-0.023400385352204872,0.022249771640884316,-0.006498261519610183,0.010214397422022794,-0.01169446884370374,-0.008903330108299934,0.7898608558905155,0.21229773716620573,0.05228992106876815,0.21068484948195187,0.0427016193291547,0.030466564333546605,0.05816490935109451,0.057200244490820916,0.035000851202541344,0.0463141215217588,0.043292679574846664,0.02575906151429201,0.037411334575489744,0.03936346045798196,0.026139799784543453,0.04633592692127243,0.04349597998372512,0.037834125969575985,0.02384622927763633,0.03371148882626408
0.22845342287447515,-0.5767289162516995,0.08075802875333983,0.0572922743377468,-0.1242525238016437,0.21067607392155074,-0.03149811931381156,-0.05225662508104373,0.08035449605473104,-0.045799551964845205,0.03376991822710618,0.1555991017610023,0.05231299850033395,-0.05278049463962988,-0.14544954482558162,0.03071763363042545,0.05711487494404246,-0.14213683086632123,-0.17862942142377425,0.03015109772571502,0.19814355787995572,0.5812473421774432,0.06778585512212126,0.025184964525262577,0.10163197930152179,0.10738122333481817,0.037916646058372985,0.033780971645961014,0.021576104138290093,0.023559393064122785,0.02505425611287754,0.06207026744525935,0.028842588864911013,0.03764286167414137,0.048749585968736346,0.014555650526211295,0.023643304992328345,0.045594597835586025,0.06356540941110202,0.015447353466697716
-0.2684714668662081,0.5459230350196945,-0.3000387410594692,-0.2474649855153935,-0.3572108400593035,0.0258762436660299,0.028788737539395492,0.03256032716454187,-0.023411242140392943,-0.006565054215516092,-0.005016240612280782,0.004545764124613466,0.011333840651275823,-0.011604824657422312,-0.022811499945339125,0.00829700804085136,0.039769791274552636,-0.013377094159185338,-0.016170907919490666,0.004964986558043648,0.2360387286908664,0.4557000151282468,0.1377834574671929,0.14592158774672484,0.19924677157211368,0.01902483799273959,0.011045686179062642,0.009333905090401218,0.011810693941345657,0.0055107381047642375,0.007075731452871426,0.008122656868201744,0.01037459128152765,0.005377377883405636,0.007314880996361438,0.0047311796110945875,0.009071559988771518,0.009013956817445863,0.017901141426591334,0.0052794387570931755
-0.2071332811229478,-0.6678428248976404,-0.18872271004514415,-0.1753184003889991,-0.02184324091598082,0.06530974012284681,-0.0532798766008934,0.1413749887148298,-0.09448949931085229,0.0007180703477439916,-0.13328385116845146,0.046805473285837,0.04076318002350923,0.005435870155303805,-0.03861390683579671,-0.033960119859499927,-0.00802505998124567,-0.02528915512304972,-0.013782980909248841,0.013771320415167005,0.05500733868048796,0.5708482677182878,0.08196900641369126,0.10496242307040843,0.10201294458489703,0.04320696805441313,0.05365132828274825,0.10745245900306645,0.032602556195752364,0.027681837879508443,0.0581324457192576,0.029955339695926068,0.028359631291774885,0.02102971125450244,0.014598754511061665,0.01653465580412059,0.02804101525750433,0.023449113163663854,0.01498867960916648,0.011415796870739781
-0.06814611707775801,-0.4033179885237682,-0.33584808018122586,-0.18592348991200933,-0.023726509722908067,-0.03865104469079798,-0.0016513055864633285,-0.0633548978861382,-0.04860965395642694,-0.0967498101193053,-0.018282307895406982,0.00432593739826946,0.024579386414581513,-0.004667034617851761,0.004484779415559746,-0.028653453988618068,0.010505665126607043,-0.021492501369694748,-0.0073307383039657005,0.00016743169085108877,0.0734026495209243,0.3602911808929987,0.5895256956837484,0.20930578275598852,0.13113811349028537,0.251410878371831,0.07020803602185284,0.1354802256440748,0.07135424370959981,0.07858831473049468,0.041868839091809405,0.05611055712997409,0.0482786526351048,0.07669722397680208,0.06657911123865302,0.024850665778760033,0.03995539529094801,0.04540906401423226,0.024869599233943076,0.033778436467235884
-0.43341905715339385,-0.28491750578615344,0.11651406845294926,-0.14809874379710333,0.03808688041046658,-0.15754693495362554,-0.2729490636854693,-0.009420073821221784,-0.1828995272000684,-0.039736329858782005,-0.05630939813302447,-0.008017526054395142,-0.16008094538003603,-0.037683614686610585,-0.057092705598874395,-0.033385053783755766,0.07549894467617091,-0.024157719599422357,-0.03865113410446552,-0.058514868349607035,0.5850935191993191,0.2351288658104654,0.13021443792345563,0.13774235534403984,0.060425849229341966,0.09212649418163722,0.12770238770277081,0.05329566361570674,0.17593459439950276,0.045358112862763006,0.0348345463311439,0.043236147190092805,0.08141135718574442,0.041766452406573756,0.03200042355872855,0.03094815603788338,0.026650985673430376,0.025737026405099582,0.021906432884293867,0.0240046324837882
-0.5016622542468567,0.16203154769385308,-0.2150568798010656,-0.06709454708761511,-0.32177746039936156,-0.14411357693328863,0.06734794291663965,-0.008582701812434482,-0.0239574354705702,-0.043143275904512425,-0.18177585109012986,-0.17366618368142428,-0.1498973675448311,-0.07233685684186848,0.12334516055584503,-0.11849235367818713,0.0725065422887484,-0.03777882527709765,-0.050981175546917105,-0.04471448466849249,0.27469440153281455,0.38056926268952035,0.18774960122969395,0.1745592360734485,0.2698260408345056,0.07016819190304918,0.08379101129187244,0.06689564387910713,0.043970490612323485,0.04891491492711008,0.10745730265078968,0.08765337278877273,0.06034755678161413,0.02352059088110189,0.03928295472070323,0.04319557050474101,0.025200473631647194,0.023301675205739905,0.021189465334197622,0.022584407717416377
-0.5684423454231906,-0.1447591515151874,-0.08533049782168638,0.030527475466562502,-0.05279358032288365,-0.06577273347471937,0.03219531553038391,-0.06309551283773833,-0.035180005981850525,-0.046442141475909846,-0.029711956927818032,-0.005489987934545038,-0.00013459214694325056,-0.001041314831452487,0.013048731150289655,0.005690801173929488,-0.004870294069806629,-0.014760452755952416,0.016012680632676652,0.017753557467555747,0.3292707560592451,0.6624537326512736,0.22415929591800354,0.13480063357734776,0.05163726361575862,0.05766805022280856,0.044831071055405854,0.033446801320027864,0.03930893053801318,0.03314172867879118,0.02571784411696725,0.020139894790500656,0.01947959875251186,0.0179812563869594,0.015209482419090158,0.013562890952412395,0.013738147271975778,0.009672863238917466,0.013103435293905662,0.012795616140876846
-0.3561817890978871,-0.5121534451100592,-0.34537803953676816,-0.009928553423477728,0.16147351728519838,-0.02094548350852871,0.017217809831429672,-0.10472696020549482,-0.08353124368168187,0.048223938584103954,0.023643373005289597,-0.14595935024800502,0.04935221312456956,0.013880933281276417,0.029427288482584295,-0.08178185314821529,-0.0486834511627323,0.03180199019987613,-0.056335148610862626,-0.021880600552784797,0.21954058371514704,0.527695847336631,0.2353331896035117,0.03542391748365621,0.08791073552389472,0.04991059963115406,0.0353873752128825,0.0362079986805716,0.03983264430579968,0.03044695934999107,0.012082517172457945,0.060619432688172936,0.013777562750418694,0.012538822284453289,0.009839379912671626,0.036387814165040326,0.02349113141066223,0.007682283945241169,0.015428527871504102,0.016070959954873017
0.08237973159194777,0.3116978243668284,-0.45041702586448756,-0.32762813768885946,-0.12448709871563093,-0.1066011738427278,-0.2532160445172275,-0.07440032070277579,-0.29683288608762814,-0.1009459198742124,-0.13228830027766683,-0.09992745326933274,0.12992861328978444,-0.06052284001239387,-0.06709836096578006,-0.0055957842684076255,-0.02360670515884248,0.06751840858893249,-0.08815824249008052,0.06729004621164103,0.25202368625491034,0.19373631504586405,0.3153923907318452,0.17478864242303158,0.11526721651029033,0.08558692752948682,0.12063970743208494,0.036336003106275945,0.1814852010884323,0.06911383472292407,0.06112605635938265,0.03857817439533391,0.06441644120520501,0.03425857307758372,0.03289582618933849,0.03344856298869448,0.027468659844576096,0.03213292539709555,0.02610209844736671,0.023636058069297243
-0.5789638749897182,0.01869109754751033,-0.2101332810411029,0.03601504262099004,-0.008411807099305479,-0.005913272326823029,-0.002806363736894728,-0.013420720983064958,-0.001862171284294777,0.009697961426016003,0.002617356515673569,0.0002519567511806427,-0.0015516636778172156,-0.0014988324103888044,0.0038314729449430694,0.006350213049418923,0.0010579131670716167,-0.011155323176152096,-0.0005090637150039375,0.002444194739491252,0.7595201798516971,0.05635454963011465,0.17304743699238292,0.04548533629783241,0.021160446849010504,0.027499087393146784,0.01997054089777786,0.027652055717489913,0.02154283931470721,0.018203441263280676,0.02063225709971651,0.019913467864965364,0.018287254582229132,0.021016847610622613,0.017982630621800874,0.015935966854908654,0.01523128977699828,0.014659563810229865,0.015148564903064146,0.018241955503861037
-0.6776091142570186,0.011292798373278179,0.032009273050506395,0.07234798798051885,0.04838962288385829,-0.03219189128895472,0.03594492915235229,0.06874049541390866,-0.029375107356995778,-0.05089146781380911,0.02182491865135556,-0.013562356093753468,0.005637770564236737,0.00023681346050444789,0.007030736814928308,-0.00965545235210172,0.0016183117884781386,0.003235358479363954,0.006316464373396052,-0.0018069156976218662,0.7160671004316238,0.05333081075787954,0.033509545877612394,0.028037540522795106,0.01108020016863028,0.040434660076957736,0.00899810562172621,0.018920478325318284,0.012624996610852304,0.01513731945086329,0.01220755888837667,0.013988537407785669,0.004906448886204214,0.0031179915879649025,0.0035745562977109067,0.007074732270104935,0.004761871159370644,0.006587531169312124,0.009293589916900893,0.006022820810148094
0.04974456432641515,-0.3736124070679625,-0.3043567104466214,0.020541973925483376,-0.21849310852315873,-0.24593406265947115,-0.22322872939889774,0.0770733046784862,-0.16373545828775196,-0.1615469942140882,0.08318194273362793,-0.11007306846372354,-0.09427562546805794,-0.03337675962056103,-0.03737570695098317,-0.14858236965241853,-0.10312201293004296,0.0013992260261914608,0.040080140341879913,-0.054879022010356736,0.492425421915512,0.36700962116671415,0.18342211599108058,0.10775965545540553,0.09718752125868343,0.1163202634920845,0.08744070566828274,0.06138731585940488,0.07042871661906375,0.07308453299930218,0.050590282670315685,0.030928083315501627,0.03538086364469698,0.020021800532358427,0.039465745657080276,0.052872847788619115,0.045460446802243495,0.012426519534506564,0.02602462900255691,0.025921031258045044
-0.011673816703592845,-0.18571604036639547,-0.02204327983009287,0.4234297286205427,0.1499599743351289,0.18725365858936716,0.11343369892932778,0.0418166651583377,-0.04947253323786185,-0.10157029909176757,-0.12690606754152348,0.0128233197398113,-0.17154925286179767,-0.08039972046564023,0.0359901776833467,-0.2677114158241563,-0.07946883119651545,0.0792235611061492,0.040758116442897695,0.12012710222231063,0.3077123976494917,0.2594458847634057,0.1780753069263622,0.42458316732977464,0.19127579710220574,0.17949379766640527,0.1259292272814759,0.11001189294104063,0.08913752867034241,0.09751317140110788,0.09673393783285944,0.07643575941895049,0.09698940729272089,0.05702172095485613,0.052391229765332156,0.1444414036560577,0.04531399972164969,0.04223919517809225,0.034569605403483875,0.04639506099355924
-0.31202004905972774,0.18486401197811952,-0.21940145141312878,-0.16058460394267896,-0.11886767551265955,-0.05611140868809224,0.0623954837423195,-0.40329444138673204,0.1208757642561575,-0.3061517676441668,-0.020046950548375686,-0.010979017939187865,-0.03245602442465804,0.0012060257456060766,0.09167683027812375,-0.23264732807458793,0.04844322111435403,-0.06929151537727031,-0.009339976771152399,-0.08935256323454265,0.11616008834503812,0.35229575713199246,0.22461865113382648,0.07567842148327068,0.19184803334598763,0.06903556300791122,0.05539345594007984,0.3174641342193348,0.10568870974666855,0.1595955505483365,0.05899046552075358,0.06619116729497228,0.09527993102308513,0.08186781455873873,0.059849879983666913,0.08636781216889247,0.04326455911454518,0.04496809038589238,0.04862272484771233,0.07917828558217825
-0.6273515825792082,0.09023431384593159,-0.031350254072447375,-0.030373414067300195,0.025307882009241778,-0.09693631383501793,0.03912330544704067,-0.1897415275464169,0.036000539708528644,-0.10849055143320965,0.025348527993133523,0.0008290212336717733,-0.0007556999304594656,-0.04791436147806947,-0.01630947818757046,-0.015564940965256638,0.004644777545762709,-0.021193340468848815,0.00954152348940097,0.006634561174680406,0.6933613879235465,0.0565432341604368,0.02591470893473685,0.08507243110116951,0.06592347682046162,0.05893409829100064,0.0364626342289933,0.13815441331601064,0.04819572793036727,0.07031372641636076,0.03216126025084268,0.01256420120672351,0.03046814099141606,0.027994241131585794,0.028605205115415862,0.010482806697517949,0.011956241037587368,0.013806679039008727,0.009324015287827727,0.009046120780178288
-0.5477645610533608,-0.050227239944494156,-0.04757227238779207,0.04654649224945711,0.030228515474389456,0.017855659062065928,-0.002882751089314219,0.0025222947680537708,-0.0017440919111171831,-0.06929082910979101,0.005245252432128932,-0.023840550551701315,-0.005377927261465165,-0.034864284789117864,0.017761515236307635,-0.0032428300580328215,-0.0035446508752029057,-0.0006507249221640649,0.0050294422955675325,-0.006204381480727468,0.8101367434912745,0.04773558814228693,0.053698351805210584,0.061816868709431816,0.06617100586238137,0.04353811165931878,0.049822064526335065,0.033123495704929805,0.038907772115768895,0.06626562204506323,0.024727922745778466,0.02822243256477762,0.013738629576685632,0.02820809948349863,0.021504816559468707,0.014190984354072986,0.014519975203850406,0.012609830595060038,0.010136447444704759,0.010698824572006216
-0.0011488234743924253,-0.3221668581351341,0.3327955870139193,0.0922736075630108,-0.08203412531815386,-0.13201859764037496,-0.06472843842142754,-0.05255203798493068,0.0479264060757918,0.01831863879259514,-0.019656634556564287,-0.004534516157192269,0.018900610159177725,0.006433559192295575,-0.005869689953093849,0.005646415276235,0.004450210719015381,0.002574328929697593,-0.004754592488153409,0.003043391921046155,0.4346215774171226,0.5194841436014564,0.4783631703495678,0.1804859307357753,0.07798571275340781,0.09353442612721238,0.053845876649662824,0.03889093046759125,0.023542241749426734,0.023518499162111683,0.02568696725288669,0.019459194885144526,0.01029081176763406,0.012672119061046717,0.010107982405430978,0.011017674127358448,0.008100110302799203,0.007267736329305868,0.006692348951559396,0.0077157810071559136
-0.38470293212849277,-0.3695567871675615,-0.051916364052456095,0.02151969307383816,-0.08214470635904833,-0.10745978757214654,0.005739048841396766,-0.10301329730569284,-0.011367971778468688,-0.029576393562134522,-0.048296903783911764,-0.020172497713920535,0.004170030603346866,0.005001107155567366,0.004448404483112511,0.006893841770560811,-0.008632361730573045,0.0012331908450527835,-0.004502382270451937,0.008336705096932863,0.15295006475054101,0.7742999293561246,0.14407437484389146,0.10518322512098968,0.08629836644324267,0.07794883673581722,0.03246021944433722,0.0733932574125221,0.020769449370804025,0.030159605778808597,0.04191213970087791,0.01549414815755775,0.010787347100887055,0.017064864731852692,0.014032139781960908,0.011442197888302618,0.011502812675811314,0.008128065675588592,0.007036491591342578,0.01656168901341513
