-0.2808111798915485,-0.011819751505392733,-0.06002728431028796,-0.1255203704865433,-0.01806864363072992,0.04736220482054592,0.003115943100217343,-0.014873037389253121,0.0024669014011588445,0.0386419998118413,0.025854661100401705,-0.02687390250540273,0.040901827338806505,-0.011379924036165188,-0.018275299339849765,-0.01639236657267898,-0.019449999922767764,0.030700189770349554,-0.03418829156700726,0.002042647501135837,0.6344170639495246,0.37363950710821076,0.38785498010877817,0.130701113159289,0.16758928774072965,0.09917382533250675,0.10451385452435434,0.11421035394842284,0.12671540599387526,0.09139403011463092,0.1186939890475136,0.09982605648055545,0.10725238784619463,0.087967848239562,0.09051954325845926,0.10514407730228323,0.09609504023284175,0.08969502053439446,0.08633680867951407,0.08874433996448548
-0.08222565177358271,-0.10217383466770498,-0.0798407503650115,-0.16227594664725611,-0.03873710753895619,-0.06273269227612219,0.08025717903305955,0.0285607031457778,-0.04761786100659608,-0.010807606997749318,0.022885116293431887,-0.03532418249679901,0.005182455959846912,-0.019155351453553352,0.03945295222906171,-0.02746845229904837,-0.0032906882043098142,0.009503381154613367,0.02884720116199899,-0.0042971543975403185,0.5886679143676349,0.48845539166363394,0.19637985032069624,0.2735124543723887,0.2349396706253511,0.18055153118793316,0.13387282853709617,0.12019544399890117,0.11767732003565874,0.10352371648773166,0.10252185657134907,0.11611542750026017,0.08576160573272962,0.0891140787300411,0.09776807498172045,0.09455493261488833,0.0760080650152511,0.08125153763647858,0.09231589555138937,0.08759888550595483
-0.17879683560436696,-0.14250469508824073,-0.05218719268272235,0.044230944746419594,0.0205507275369333,0.005521323468378864,-0.010133482150360043,-0.02939342486836543,-0.024537351069623927,0.004735032790713669,-0.025624413613797657,-0.030611974445738037,0.00020156085728565177,0.011278955684547504,-0.0021017681047541155,0.0019371988980949131,0.0005038381081862834,-0.001504396476335432,-0.003141683835235496,0.0011900578230650584,0.6895977449460909,0.5116660363331935,0.20304597009141087,0.2168474837412138,0.1588579149986221,0.1455830646282043,0.0864936893162608,0.11655759817659904,0.08562758325117463,0.060167278027614374,0.06167846309040193,0.07355048654628972,0.06345141946130037,0.06368804204162233,0.06171292128514185,0.06084079957428153,0.05353050068381064,0.048244754365679224,0.05259722300988343,0.049442556518730175
-0.5738231969343178,0.16474792788169504,-0.15255980594708524,-0.20708363248475326,0.06334670471795639,-0.21597514858322173,-0.07828079960281877,-0.005348394033629373,-0.006964991513588241,-0.0805258684568319,0.003371964931647874,-0.03900150559319392,0.0044995267283583175,0.0068777541947019185,-0.034056248454724616,-0.0272705154392611,-0.008268505616514718,0.024579405257969915,-0.012207529629927888,0.013025631731779572,0.2527104396457068,0.33965612770118525,0.42512345463464113,0.3143124363212668,0.15829217628819475,0.07316728062613977,0.07102998525417581,0.03163046771888653,0.019767918808428757,0.06937124889854888,0.06181401081970578,0.027979145420652038,0.011847740871780588,0.020531470105249593,0.030402743655340403,0.03417955428119818,0.020995531307438694,0.01881398617431959,0.01930243076776046,0.027371330320727333
-0.7538636857218978,-0.018270562551021163,-0.016878772415727807,-0.0010067276477950973,0.002749578837249035,0.002364769039254898,-0.008585352975066955,-0.005969557384772912,-0.003349220811686966,-0.0036759398616809974,-0.0016838314666849253,-0.0026163323186390573,-0.0012099030779570681,-0.0010622127671203018,-0.002791567641259999,-0.0016574690949896136,-0.00122814330574758,0.0018837632563882061,-0.001011411702822173,-0.0019231505146849173,0.643955119320368,0.10788141759950923,0.021164292015800463,0.04929143431325192,0.025680679840730733,0.01203354712099637,0.013256417872159431,0.011039711185450385,0.007762118700483409,0.00990935572577063,0.0076027845627273365,0.010369921678119327,0.006480599839527013,0.007380582578756112,0.005727492064780531,0.0056858472091876,0.005895959244367578,0.005146110902146784,0.005193937890752963,0.004507417208078416
-0.4476851529914457,-0.012418896455736206,0.016739413370200545,0.0004793900793886512,-0.004947645563114507,0.012411372162365535,0.02059798055907216,0.0056300308409686075,0.001070575666155911,-0.002157328577020944,0.007257556263133454,0.010654714034562298,0.016561114897773378,0.008250699278637877,-0.008650624917083212,-0.006113769305371321,-0.0086301194121104,0.0022653532809070115,-0.011091545245723677,0.006142165424839956,0.8888954059295726,0.03343925965134517,0.05404865252598382,0.025423742587421565,0.0058154459443484074,0.012358904774932448,0.03367565225506622,0.010601666413400358,0.005856877692169123,0.011623080174415858,0.011292089317621686,0.011266261550664835,0.01377964643013582,0.01080906187367652,0.009502327066266681,0.007478287471822052,0.010193118213372062,0.014291261524765179,0.009969388722383822,0.010186898165999478
-0.4402092286013062,-0.16930982525892901,-0.05160727296367899,-0.04249108053069124,-0.08532405329845981,-0.06182748175791165,0.03951166219932709,0.009916070849637712,-0.0030415901829895513,0.004625290976972255,0.000687231489147891,-0.004426041555388693,-0.012540703892581733,-0.012207934857714124,0.0017426625424897442,0.004027507884639699,-0.011146346981199935,0.0005687676004914798,0.003996901452216625,-0.0026378363239238406,0.7441368216606813,0.3305368244358885,0.21447881466680804,0.10751510551123954,0.08718165620222813,0.10948646302434588,0.04624705426127742,0.05693122865946618,0.04484779349038199,0.044313904213340666,0.04173210672818402,0.028504704125645604,0.03444996829193995,0.051026943237132895,0.029946389344952237,0.03188922527413907,0.016300511999013473,0.029169390256903408,0.023183694422417984,0.019619894172267283
0.13346871028342033,0.23892944746169123,-0.01865874832275948,-0.03746126696910577,-0.1264602313011489,-0.1184758985403672,-0.3197543413400269,0.02730230191858897,0.09551537212855124,-0.2911443929063924,0.04728029256159926,-0.09834214080045282,-0.022083452005067172,-0.09461837702841297,-0.10026207782392409,-0.05486044378187534,-0.09040701451131332,0.004581803976588047,-0.09191104094210774,0.09390345130987411,0.47138699159101727,0.35446550988826125,0.2690485175914391,0.15758411767917488,0.1680490195646493,0.16764407654402227,0.2766663350886778,0.04999649018856347,0.08008313530294309,0.15621617830063902,0.06029376386464746,0.05966206341919582,0.05935660653650219,0.055131776965597595,0.06623415961652124,0.030686890756884827,0.04688106383616112,0.017120107896386485,0.04398717598124182,0.04223698290361966
-0.5234551701561083,0.02531840721552451,0.016000884063273435,0.01181242208591829,-0.018453174944410854,0.0004480840694141392,-0.027563018822077186,-0.02674346450497494,-0.047988399212563884,-0.007904250158783259,0.026896293925004422,-0.0010170755863873726,-0.041682019250437026,-0.004753723305741846,0.0006414890113675015,-0.031218482770500176,-0.002440007517015477,0.0033486949893236665,0.01007794909636574,-0.006015426632383435,0.814334681185097,0.09124498465420233,0.11179671255533465,0.039159438650639006,0.11716568618873714,0.08527200262552927,0.05569354527516862,0.053087231375690845,0.03161249595843568,0.03573006207667881,0.023740638671772025,0.01681696243103291,0.019288964093489295,0.025191055220870482,0.00728019841970131,0.018967117407101813,0.003815276111405571,0.007415315856420858,0.011079134706255895,0.0033002132560881877
0.05005969159173592,0.0561519212517179,-0.2512406060806767,0.038792296352715396,-0.023932831519126428,0.01869041361685823,-0.09164877235030058,0.0591485944258386,0.06684032617617464,-0.00427555958960712,-0.20030215579798122,-0.048571877655221085,0.03081655494096724,0.03525098188848995,0.0026459665275743683,-0.01230005460207358,-0.0027848560911470422,0.0012026869816768727,-0.008543884825716063,-0.006989001345760706,0.8032531517624466,0.35166275671711655,0.21273274963781638,0.0742221349207286,0.07657810914598129,0.0664420144519535,0.050711730217966135,0.049337813681340326,0.03787214111151455,0.025311812160814337,0.16777036880297366,0.03875385040931457,0.014661596691381963,0.014303943751446602,0.011655463819647518,0.00932137577673817,0.005447569516111149,0.006548677901080289,0.0071218271851678045,0.005096377872565695
-0.5586360902818488,-0.28947536341011726,0.15660353606913324,-0.1767748150090825,0.12295376041050689,-0.14166249722298868,-0.024594469176009003,-0.007346432273747396,-0.10548936754115826,-0.15746224824522762,0.06097197318925275,-0.010404038647122738,0.016557713206889268,0.04408233530782915,-0.12039944891272837,-0.08227826847558835,-0.005423796950946817,0.0215181770161694,0.01304993937066995,0.018832555867870877,0.5874223893459978,0.24382323881768297,0.08773707467397238,0.11363325508160638,0.07050659724868734,0.07267976731015355,0.018754381752965364,0.028264161993245624,0.03872947096899425,0.07011615992567787,0.023461753023054983,0.015655588865419467,0.01962914996949095,0.024534958673197094,0.04587709335650935,0.027917423428527294,0.011472528436713198,0.010129652031027017,0.015143071552108683,0.013647712606913508
-0.5548603583179498,-0.4646927146288232,-0.07867277072119172,-0.0744168559442533,0.03495647457775166,-0.05621878888724747,0.01809923520400775,0.01986431957279389,0.012032111564263707,0.026466350849489773,0.004685892780524134,-0.022788791417203684,0.008545777042062554,0.0011392942995876647,0.00090330257533093,-0.05350187129075753,-0.052439468329260164,-0.04108411191576381,0.017614811987452746,0.0012118426806593367,0.5275500482881829,0.3898176207761357,0.07270562483257985,0.06996532136145414,0.07207298729343188,0.03367146550499533,0.019505531318869614,0.024721294092079224,0.021337833727796837,0.02826995649468244,0.011395243055855908,0.016880607088320333,0.006977896897240096,0.006623912542458273,0.01002030704077137,0.014890276747799485,0.014926570588248677,0.011955304139200516,0.00559218978588974,0.006005164419846991
-0.11049907327629314,0.19561226931941947,-0.3162872766793427,-0.13344830437197494,0.09274424417349114,-0.04829416847556145,0.07326734200403143,-0.1146922575576672,-0.13187550080907065,-0.03440830692851403,-0.013957077519713713,-0.08856211043621866,-0.050031368665949615,-0.049773695508460745,-0.060503824650857456,0.0013889352449339397,0.020407419756958606,-0.004728687663890426,-0.004537722535035761,0.012440995310665818,0.5230211285756559,0.5001963847521218,0.3896671609224132,0.1446973354808404,0.13995968857658947,0.085513904409839,0.06735947360456579,0.06939057131566403,0.08724035759372689,0.04631082581957039,0.057163535125398963,0.06783861062024417,0.05636555855405316,0.0677628067402265,0.04260668296639891,0.040058360271956306,0.03493780031647014,0.033505778444225476,0.03242225935204619,0.03694898950661788
-0.31714099880306934,0.1761111455997058,-0.153869711532076,-0.0288994719980225,-0.02525540177396338,0.05794294597848732,-0.003953869221427569,-0.0687372224126251,0.08725801982397914,0.004401934650271461,-0.004232557853287312,0.004323019481673145,-0.010038209982806074,-0.04166722113242333,-0.05322865067295344,0.0363843081086391,-0.016173871833373654,0.04964643842257265,-0.022761453341929215,0.03903572205262415,0.6026109922404773,0.6625973483487981,0.06623371325819516,0.056877506003423416,0.032621306228307646,0.03400369903300702,0.015005039406213899,0.028104630740751316,0.027871187767652232,0.032334978508926596,0.005708163130142514,0.009780673396550062,0.017238617336879522,0.019756791190843205,0.012933927617189462,0.01086031053623506,0.017316977652000912,0.017715053595352352,0.007837415329764199,0.00981976424418616
-0.04538693597404797,0.10636515350100977,-0.19985038976110286,-0.06167420538205473,-0.00914466809096237,-0.035536392379157254,0.029316044537549504,-0.13884239294346465,-0.07836918150468627,-0.011734715872214287,-0.0778903760229702,0.04826915176588293,0.008112731781745739,-0.014040805007151299,0.04635914303211146,0.026815549373644772,-0.010867495266059065,-0.048960026899824406,-0.06641299583709769,0.02916619313538509,0.7046473944164244,0.5514506954412609,0.25338981797505866,0.109014557033894,0.040488579000280286,0.026460836993306043,0.0351127589644617,0.0934366578262457,0.04097416158850841,0.01734274597313246,0.040481567924902866,0.02472004912843558,0.012284999719664331,0.016640998975942303,0.021269392148052606,0.014201552648296615,0.017137493497164195,0.02298095665696464,0.021833792215003645,0.013650927879080246
0.5539071547143715,0.030190585692822892,-0.18491091653225264,-0.15046240411986936,-0.09451923421360905,-0.08988612601575978,0.007416451968806325,-0.004143380670797251,0.018094259927443672,-0.03725593783670964,-0.004631514217665279,-0.03516642351848115,-0.02786067170343061,-0.026465858334892935,-0.001637744265702829,-0.022146177353139295,-0.011822622817514807,-0.003316401504402732,-0.004770548428754296,-0.0015808339418633438,0.7707349758747053,0.03995885783576383,0.09734481337667693,0.05794431639495811,0.052372662332856985,0.037131222323207556,0.008923097656353919,0.010162120747367758,0.009759348403309855,0.00904212153769842,0.005517136684682797,0.005280671222338488,0.007091031470982818,0.011190235122922458,0.0020725240719565944,0.005489408230171582,0.0039309775166857025,0.002850194620456178,0.0012754943140382054,0.0013524994449525714
0.4748550086696218,-0.005500215648245349,-0.11100682896888864,-0.17005626885225048,-0.0645609087685113,-0.09751100365662585,0.04066162317090655,-0.09874268395591246,-0.1225774709334409,-0.019323189589141882,0.09343103155491245,-0.06751504047427088,-0.24137536891172492,0.04502229476655924,-0.04812673380650273,-0.04394772976212714,-0.10733529866002897,-0.06000039107985667,-0.10239175337263406,0.0146316204824609,0.7425442011661278,0.12479454766130786,0.04328195620155576,0.06302271272244679,0.019670568293068194,0.028550363684767037,0.014398460904238828,0.031316339680672343,0.03633901482920898,0.007910554385537392,0.019204062514875057,0.01352778220598967,0.10246645455720632,0.006861364476824464,0.007234465329211087,0.005215815466427626,0.029049786735236723,0.01060522258519671,0.020269221999248018,0.003146003353606557
-0.4961886015061987,-0.16717748214976186,-0.1177190769764842,0.16617572743999665,-0.021923769799784512,-0.1401641513793776,-0.009418693789998997,-0.012760047467450263,-0.03800524312832542,0.005941762356822292,0.019494731839275272,-0.028999309670989917,0.01677392659077623,-0.015533068131775029,0.0034222481612143744,0.00837950745779831,0.003064448644491046,0.0025905351332577956,0.007173610865644426,-0.0022212693162859025,0.7614853269620707,0.19108403550332598,0.11716469731698038,0.14452620197445687,0.04803215062448403,0.07519407545929153,0.015042859157160965,0.015984998677692607,0.01757563549443762,0.010098962382724608,0.011884731440149208,0.014879997661587183,0.012543099853768063,0.011113075893448569,0.0053241502410734665,0.005877603456331003,0.004516871547491438,0.0033176925061186783,0.0033238070074013953,0.005411581614160566
-0.5073781973318822,-0.18437122984415188,-0.0187628717868357,0.015430491498493026,-0.011353243487332588,-0.035249835408986165,-0.015477782303079363,-0.007956971842464456,0.0072585579189539205,-0.01453944667380109,-0.015995932425340947,0.011481399161168629,0.008692679179148111,0.0014244741868411042,0.005665313210909459,0.001898912042689791,-0.004357534307263697,0.0002699398259176712,0.0017215313902877677,-0.004673070780471169,0.6857269434744896,0.34579479576589234,0.21478283935119785,0.1380098369214795,0.1411786572736575,0.06378098853645034,0.09287718788059734,0.055824370074691335,0.04023909079658466,0.0472783327510788,0.04014685225994504,0.03691397059860212,0.04421732708899811,0.030043258035428257,0.03955351270407727,0.02536393055327497,0.03237769003150874,0.02750681567052735,0.024496397119066142,0.022044581077145624
-0.4763811870514221,-0.308640715660174,-0.019982137167785498,0.04270296160035654,-0.02688108713836457,-0.04226233875552444,-0.03551257425129745,-0.022402700604572456,0.006343274543751844,-0.005048323168971443,-0.044574645976288095,-0.0023530089600261686,0.03660789931149735,-0.011346688010734995,-0.049627198776501714,-0.0037503599339109694,-0.02686086562546453,-0.0164366537653206,-0.0060622917105201445,-0.001984949205028352,0.5337037283295427,0.5215443121727388,0.12143988274492601,0.10704411182312316,0.1571799029998574,0.1535984912936712,0.04493425481739288,0.10164927556590603,0.04987882021184747,0.032899141332529254,0.062168496916944455,0.03563781370042831,0.05184495561083414,0.036940177951136924,0.05749792860345607,0.039375862317190015,0.03966563434789583,0.01885870371883032,0.023069920731478597,0.02217384078154041
-0.4512042929827811,-0.043522784555172826,-0.04365458442820669,-0.005260813504592324,0.0009774162690199997,0.007841487546907019,-0.0065224377270319865,-0.0060316105121035355,0.005810732993311045,0.0006343476122110849,0.0007880122049880114,-0.017607619549125382,-0.015558078418688817,0.011468779007454794,0.021838763144458206,0.0057582089016942626,0.00022358410805532655,-0.0031225082739494065,0.014374065585182763,-0.0014886454354758442,0.7555521153651689,0.4639305939111994,0.025753516892770535,0.045525841360146674,0.01562566319574432,0.014837707834201493,0.009701893566098248,0.006399653613708263,0.022796823030861613,0.007758416387946348,0.015562746876299606,0.009252435901473828,0.010347814137675264,0.017546046802992238,0.007882932030313402,0.004322623153594672,0.0032975116770651656,0.0033547687925386815,0.011776583365706243,0.002906299037070489
-0.3710393622116515,-0.17957307893959593,-0.031020166758956216,0.04981889811594744,-0.01472386311802861,0.014103574518875004,0.00759060474810206,0.051149378531453765,0.01602935435925827,0.02947581563539284,-0.012088524086703552,-0.03511542558090914,-0.0007090906351954711,-0.0005767229475033067,-0.003761324850572219,0.01651567146120567,0.024142210847421092,0.005136815550702416,0.014630457752001115,-0.013562007587947879,0.8875553552243214,0.1493499401189128,0.08216283871867142,0.024039845997433244,0.01568286072288077,0.01877763626398049,0.009526239064321458,0.021599731952666804,0.012830544755866384,0.016484110768550587,0.00581295758289978,0.01211601113262757,0.006325727406071464,0.010271524800001626,0.0037535031672662317,0.006352230300030333,0.012557816608524626,0.0036365377989864374,0.012337835699505981,0.00807138389930369
-0.44867156761046795,-0.01288424026923801,-0.13502873717969796,-0.2956197733261622,-0.13408201423397792,0.004573028671362464,-0.010196281813246815,-0.14008691198494952,-0.07413590933883413,-0.0003371303980381793,-0.010052031145155236,-0.018884448156569297,-0.00012098588648554335,-0.04836644207380009,0.013068033252258287,0.027686742936648506,-0.016742310350574868,-0.03884832317489683,0.006841923983764885,0.021444463549806343,0.5885728297740751,0.36056734121506145,0.0855703718095845,0.12061299108006718,0.04423265968026174,0.12322026045949601,0.25514072399028503,0.12552968439362075,0.12164304228640262,0.08979520344008328,0.08122706660159579,0.04798632327110246,0.05923440665710203,0.04126302652716717,0.015281259263241555,0.04915944402216294,0.052884017467093,0.06020430553391271,0.021561561260912077,0.02916870706849166
-0.45764299983497714,-0.1440903947138569,-0.04608544582377758,-0.012869366665176128,-0.06088750456592724,-0.015010987791509082,-0.03943461096976523,0.08767227948733133,0.01898575303661909,-0.00920282622244117,-0.01438381615856656,-0.014360704149402137,0.009642682583073053,-0.02220558568243877,0.005899370497144474,-0.005345892560901479,-0.004179132429399285,-0.021374654752704784,-0.007018559692132553,0.00728196076294574,0.40224257947218456,0.5966416291662296,0.26089607598941233,0.0768992013391396,0.23668896357346547,0.12555906554502294,0.15319922707242825,0.17214554988968203,0.05907009079637169,0.08479247779315989,0.09002527298603481,0.06929233089198847,0.04147286391246225,0.033255547548810535,0.05081631385019276,0.04296273058393735,0.028904209362070516,0.03847160441282773,0.042840361982671625,0.02473047617486197
0.0994458699608819,-0.16607972397079043,-0.11937466829394884,-0.1474274764350956,-0.16324999676761884,-0.09640080689336479,-0.00876465284599163,-0.07880047170031769,0.028124148322576356,-0.01763445791753998,0.025262710916448716,-0.04784525285867539,-0.0018831979699202358,0.04108065512950835,0.05697197543373437,-0.02166950433630353,0.026846220613318848,0.006627882165088644,0.0018505626209121121,-0.0004846632858764031,0.6526712750039378,0.5186857528371432,0.1866922008549616,0.25009005056219774,0.1800138328291376,0.10461020088775881,0.0785004219822189,0.0710350645443245,0.06639630233893537,0.06710985161544217,0.0858974252003244,0.04025290990512847,0.05339522977821935,0.042599727583696644,0.04479875846617832,0.025622005012791403,0.02758678713996036,0.01948343930169687,0.019846084351465416,0.019074653533896646
-0.5494174823190471,-0.05343686967748753,0.010015671090630361,-0.022332365661558926,-0.08050531917586554,-0.0602773394110997,-0.024764321060973944,-0.008329450674032835,-0.02163006074221518,0.0012863834028628391,0.015060317952737733,0.011632822497788157,-0.007111799583200278,0.00135074737282919,0.012817386314203599,-0.005567677080538948,-0.005201087407056003,-0.00619693761918012,0.003367032970279426,0.004388691805695626,0.7077731912812487,0.17702438842768173,0.19007758554469908,0.094646602705003,0.2522529220227952,0.10958089659435145,0.08235287935151374,0.051780499738119136,0.046586458296742135,0.03873585427016459,0.07776192535159664,0.06252364034507475,0.0381650637127648,0.02150362697047942,0.031764547369508185,0.034880296323527335,0.025144183269860267,0.03182574542913572,0.015990804865536584,0.02388222163134905
-0.4499887097203256,-0.2244167969052835,-0.11120613619920142,-0.04350287467228747,0.05742964046962499,0.025232273466862007,0.004732489499046229,-0.07325964006625947,-0.010815329546744017,0.0024025298784448672,-0.027892029121396187,-0.0014591935046609327,0.0030865518502429337,-0.0011258759338877919,-0.008423318529725521,0.004671772845390559,0.01624194343090832,-0.014095882890678616,0.011988481579776777,0.002043739534687623,0.5227344891914882,0.35998145755965094,0.3838583560922212,0.27491861285241104,0.11371850053099346,0.08650587078805543,0.10951810707753537,0.1597637009443897,0.10861678733323833,0.0650903689978558,0.05720602932637282,0.0349730886386074,0.04539692983359208,0.057307688157660804,0.04862016322543772,0.05721525265973667,0.047899300703853065,0.037884631856395276,0.03852255039846905,0.03900655197631294
-0.05078003640446837,0.006315799968166125,-0.06004842154577266,-0.03310520546082219,-0.10674132059687391,0.029390472036739453,0.053955055752404,-0.00948396183664933,-0.0451679220378671,-0.013430594866978453,0.009519752217317956,-0.013602563137635327,-0.002903931935702948,-0.008216257609153923,0.018538305553420547,-0.02125879054471397,0.02131112978231084,0.006252236630326945,0.010988725738229793,0.027958503635366085,0.6770151094818952,0.40588309740456735,0.2661506352159772,0.23541837784027517,0.1928044427657883,0.20221110761441838,0.1763848506417803,0.1522371600803936,0.14846788495302682,0.11545358884504044,0.09471736003019211,0.08773292395441523,0.10265511892361127,0.06590518643862844,0.10104551073538295,0.06429475127987949,0.055041478273541576,0.04839581305831027,0.04817812512818232,0.04471499421289878
-0.7079968318847581,-0.05794024968214776,-0.07513588789267564,-0.010022650001629493,-0.015187415481289277,-0.04485870697417706,0.012724560775570548,0.007698558969284835,-0.04934343242322111,0.01146256968175623,-0.01102717061687142,-0.00881153212501816,0.00209637360039905,-0.0035426035128689718,-0.005562044288629688,-0.0006619100724549633,-0.0007570189598845389,-0.004163882988817486,-0.006638012784704415,0.0010551085001606346,0.6838639920341029,0.02790325655782613,0.034154191880312885,0.011500195080002624,0.012749017319576422,0.013779465084792079,0.010253790343872339,0.007627313926368621,0.011012684999018823,0.005211797985565618,0.09145873882630544,0.053273791860775764,0.035111935489396555,0.019422667169534915,0.015060518790091628,0.017518564712661323,0.01398183948839461,0.011071022127224103,0.011711879983486186,0.009126069437988792
-0.07442730762156878,-0.007738392305861691,0.049326343055915885,-0.01627288882048207,-0.08370666642115343,-0.025677054183770816,-0.015390808569947276,-0.0014470510065874634,-0.07309095416569074,0.010375705806846483,-0.0018184578422458793,-0.0071142810497268815,-0.04037545763277761,-0.007810679171663929,-0.02249105511515053,0.007758174542580905,-0.034612876291042115,-0.011048649181415576,0.007739797737967519,-0.00033400548255635307,0.8536588471182823,0.46026302739938874,0.10289716389858697,0.08762356176279139,0.05929186276904294,0.06434733234407403,0.030375239574589697,0.03359109633831915,0.057259321999915194,0.0195811196561366,0.015190925405041293,0.01427471294801231,0.019132790222943112,0.023658258933915998,0.013827851845161393,0.008475975924650707,0.02115492335152086,0.011409042024076301,0.009709700699291895,0.012279376037670632
-0.403978339193295,-0.2487808450026105,-0.08374509346593345,-0.07354816356318665,0.005901393082698734,-0.060446235419616225,0.03394460845190543,0.01643946278467984,-0.024148792585644972,-0.009672881273530684,-0.003472919891676058,0.010531938984008558,0.002831010585759131,-0.002792564788891394,-0.0030648230698453295,0.006682560740731001,-0.0059829486347033325,-6.91250440595031e-05,0.004591001383790402,0.0006187975252992525,0.78507299628843,0.31585515156816535,0.10341498054913159,0.04203356687741992,0.0854647859643519,0.11209482276222871,0.07085733618513958,0.02777445900009306,0.03286211264520516,0.019618452504989236,0.015467702275442566,0.010322318349888712,0.007981724178192387,0.009232462827116688,0.0066106642925410275,0.005859513819320036,0.009788428492443952,0.006757484435810058,0.00436707409127119,0.004874407895564508
0.2632166984872327,-0.24914913269327885,0.035296561484177,-0.04237100024805954,-0.08577020935589844,-0.04849421704516944,-0.027426787291201175,-0.06103663204360117,-0.018618862027990353,-0.020909447385173974,0.02897315828675247,-0.004626136795938322,-0.025641060358677404,-0.03062051827107675,-0.016504293602094846,0.01615266198963042,-0.012342357864072208,-0.03974669051088292,-0.0018977139298989004,-0.001913473216969274,0.7788818756441496,0.4420169483461031,0.10820089433333635,0.11131867578824178,0.0635970984124907,0.0788168002619091,0.035574488865346594,0.05455970385479699,0.013787921910582427,0.013977472165947495,0.02313474604096051,0.02936818204304069,0.026215765277297153,0.01368088074886646,0.022072680912482212,0.02764648592174492,0.01612082714087607,0.025094799814216907,0.011428558453214385,0.01839867720731567
0.029751340826161793,0.006616596104371851,0.14299260043239148,-0.052786660541382466,-0.009417576244255158,0.010637739630024848,-0.01837840182608546,-0.012923582915542317,-0.026409596367430992,-0.01659258618576382,-0.034031149028254375,1.799368208902407e-05,-0.010932565467346769,0.007946372915150724,0.007529054111202731,0.006591920329818348,-0.008083326525015607,-0.0029556333522577295,0.01746362570440209,0.005230902779614872,0.7804914007313479,0.5498909673030749,0.2235841991998364,0.06302383952705601,0.043658692986288626,0.02932374571736731,0.038359647962438126,0.023725555562067003,0.024614653860141583,0.01119844066191215,0.016696664034004615,0.009929650454188862,0.010001545546161431,0.006274794934277321,0.012487610514872391,0.011724468616361446,0.01333268499653493,0.004630108086673891,0.014015055991358754,0.008048849253325475
0.3069722765845994,-0.2962176779726801,-0.0840691987846008,-0.058693388760173236,-0.024741229291743636,-0.09649083447337135,0.03631448301818459,-0.011907221927038232,-0.030547234464208102,-0.028873439505257475,0.0010323715419542736,0.005260318212418792,0.008051360533264598,0.004051141845086627,-0.003988452877106464,-0.008482534113804183,0.013068719479728503,0.002450729246045275,-0.0062783292903244555,0.002049850124801383,0.7750414252266221,0.3864386035925783,0.15031291718159026,0.042586398611445475,0.0934470507550828,0.06772059452141457,0.03354919165400828,0.044376930515585236,0.017802120818988142,0.03789237455602388,0.016357255373338552,0.00965004850859769,0.013705932067702825,0.016831994523100993,0.004190958282388729,0.009814526126447653,0.011267686956968585,0.010501423276985361,0.0071736726467224,0.010502895383276102
-0.45257351718045796,0.006252434808043073,0.003912289808622514,0.03559061421240377,0.04536542316971109,-0.022676348478956446,0.005389173601365628,0.0070517439313462615,0.016779157095430926,-0.015844896410518262,-0.013211295188141233,0.006841628273680749,-0.0039495493759876595,-0.005216948481144105,-0.007198316168773462,-0.001973835495593,0.0052599352239124176,0.0058067908733776645,0.007727125165038044,-0.0038982927218115,0.8390800054980398,0.2258045210362775,0.10823337064722509,0.09072280711873444,0.08029702715747337,0.043570715355486886,0.0261076021912028,0.032359131605818395,0.03433666851089024,0.035040381228682985,0.027127486014330668,0.011554324015932952,0.017547292647797343,0.015185492031913267,0.01736132316390631,0.019311561479068144,0.014070548274871027,0.01418181597229677,0.012707783885542773,0.010192671612038446
-0.5549198582760927,-0.014571933737792532,0.003947524737864707,-0.01309856965083446,0.0022141974571513482,-0.0011277403287874963,0.00015307340087271593,0.003461252924060356,-0.001782017991536841,-0.0008961197293398041,7.35304139189612e-05,0.0011214954257820296,0.0009323910858181859,-0.002042563202894267,-0.0011980852644624964,-0.002327467282152426,-0.0003381760026214544,-0.0008869143773496209,0.00010751039735528346,-3.785727534904497e-06,0.8302089960934068,0.03792779139230725,0.017914824952860772,0.016992312893538294,0.007571429274838049,0.006406805333241584,0.00919696215229679,0.0038723286309165885,0.006753663557553773,0.005315545015634504,0.0028273045173781374,0.0013541763505985998,0.003340706034410646,0.0034034189220470148,0.0014874167426942705,0.0034037050997134033,0.0028928796962343177,0.0017684376933483684,0.0013914986654430701,0.0011969806632336985
-0.26844355611531934,0.22452845030343505,0.029520973031866855,-0.07997847652979008,-0.0016277004421725732,-0.05850449517921535,-0.08395906035757399,0.10724479838501721,0.015609816134035392,0.06038977518495971,-0.0021231314794245056,-0.07813760242156785,-0.012240886161132062,0.01796860903774804,0.000614807249710455,-0.000878965852552806,0.023846343822221755,-0.022649138435382035,-0.007480825097389039,0.010217737014155577,0.6800731780021939,0.4420306897064431,0.10318833640521746,0.18113613838049777,0.11763756198453715,0.17695702093810087,0.13378386747642063,0.17789217577157806,0.1214607922062532,0.09927656888255726,0.05134726148914482,0.06828442062078723,0.048154089042878524,0.030113323132897465,0.027746466957828498,0.03067021748479753,0.03486122432117846,0.027859636114982655,0.028796487653748558,0.02923871868439164
0.05267603860366947,-0.14438653807367105,-0.048063675616514215,-0.014477577882196635,-0.054869540065397966,0.030114007131714155,-0.11631609929595826,-0.0563317865175386,-0.08373635424566483,-0.027157741725775824,0.02574829963044565,0.010859139228956274,0.016081978623444064,-0.008144709706491893,-0.016473927280153778,-0.01983612539522986,0.01923850099327417,-0.026078874752586197,-0.004023962539530364,-0.01814168191699638,0.7498912973182701,0.5785544855870446,0.10995029456681103,0.0869450595268642,0.049638477344265415,0.04257806080454487,0.10195188647426502,0.04009327564241687,0.04683050770359118,0.05831695323362777,0.027753678221765794,0.02718053337859287,0.02419758947393643,0.0205151752436989,0.016160503220317986,0.015794400713565995,0.013843007213274175,0.012322674869446958,0.016708778904269212,0.009500214498305255
-0.22305319614658584,-0.14343150271608085,0.0004066181940170324,-0.07396632468037559,-0.03417513356089213,0.04862424552141544,-0.03133309904321621,-0.027307013071039644,-0.018284902817894935,-0.010266543539732897,-0.0012966863766603245,-0.016977740627502375,-0.005566671925925902,0.016179328719558524,-0.014103542607351471,-0.003655278579102977,-0.018944411962540226,-0.019277834531391855,-0.0033492932446086486,-0.0095152495540437,0.7682161652089273,0.5128362894008617,0.21665734126751485,0.08101615140243248,0.048496169377485285,0.05017246126982844,0.03503566815164292,0.02836284430997059,0.03082482286570611,0.026327034357863065,0.017537595861422436,0.017087822710730505,0.012816096323909626,0.01538724107000148,0.011546562180152764,0.008819190829850408,0.014329528551940035,0.010497038875687408,0.008566303983629743,0.008407963830009661
-0.040598151488304805,-0.049521651995745444,-0.0955310144287861,-0.011895160172046029,-0.08913986780193023,0.008609840160705994,-0.03816573482306386,0.019426013601871798,-0.04958988100131802,0.013986196793110603,-0.014931194359473767,-0.016534844637528787,-0.015554865732105785,0.0046896657421625736,-0.007991288664084575,-0.009440070209707652,0.014394214232565802,0.01946162952003379,-0.016094917148557566,-0.012545806952602576,0.848809972882704,0.44545217661311326,0.137913114166088,0.06634971743405277,0.0670225927402098,0.07454407213739475,0.05725295826583833,0.05788475006261737,0.05327652754472212,0.04823225312897798,0.03391671766673534,0.028181650807482042,0.02597405193236656,0.02711576140526126,0.031196792423750827,0.04021846879823541,0.02269846980953328,0.023914251173900804,0.025990892949529096,0.018136662190252055
-0.061468221287876344,0.0005343139271392391,-0.15874545948324423,-0.039927438149275324,-0.009983123028910051,-0.027034524639629666,-0.014194577409840484,0.012703190328876084,0.014151410982529599,-0.000721719958862044,-0.016900631698202235,-0.0035853403282423064,0.006050695993027935,0.01685457086204105,-0.006092585402014316,0.009763035141217688,-0.023331537802334594,-0.005672823338774939,0.00368977775625119,0.01715369644074489,0.8449463201953504,0.4331548144847869,0.1739234108495555,0.08645438730029427,0.09640895594200653,0.07019496418899776,0.051830502479974186,0.048462829643633486,0.029253915938446774,0.03087693335982078,0.030432688681002937,0.028891012536524117,0.0224303752117047,0.021087333166216186,0.025238783927095377,0.019508730828990007,0.037764279855870525,0.021353354887189827,0.013558756230293963,0.016042533003767304
-0.5203277973572763,-0.02889633411737091,-0.05867138231239454,-0.045268519838394264,-0.05310048924416452,-0.040905363763501595,-0.015844136268120233,-0.00846294266341861,-0.010451166743642186,-0.020083846886767526,-0.013048459942262284,0.005924538186119299,-0.02207376977053572,2.064082168780639e-06,0.008913602751357552,0.00960536807198369,0.008420567469270912,0.007521239225580883,-0.013171754254776277,0.005150476868499979,0.7380733449661271,0.23614123443624913,0.16759070326263456,0.15879902437560825,0.07734608300371656,0.09531346545605739,0.07318647701775126,0.046909864866308104,0.09455075560360128,0.07571501987868456,0.07603677041897773,0.08769188551371424,0.05325810222662035,0.04505490161547184,0.04444363892403751,0.04131183971262048,0.03441418621116837,0.02763830523883873,0.029274299406645107,0.021732586915485363
0.15498333159983446,-0.43620112992728727,-0.17328308803292708,-0.16875319206620046,-0.102286882248592,0.01290912947670463,-0.15892252240709415,0.005468486338585682,0.039919131348293155,-0.024749386126471283,-0.029419093983766173,-0.029342446258576564,0.00040173710943947494,-0.03680519734527674,-0.011645184904277222,-0.007306672935714251,0.020040895339773254,0.014704525911074373,-0.08477643241421667,-0.015865989528755658,0.5932209173716777,0.45645782485728886,0.18990986183546762,0.1803190928601838,0.10589879201519184,0.12362339763919283,0.09582793924550569,0.05349481807017743,0.05704396151720892,0.04284603343737761,0.03345650837608536,0.026219004936553915,0.029935276927492222,0.023460234105129756,0.01343412984767915,0.010355275875014055,0.02377126944951317,0.014430662571398842,0.026822300589722698,0.01563795173050749
-0.6096354991394257,0.04855245089461778,-0.00451954068102394,0.0356416628251076,-0.10179923988357689,-0.019761180258149547,-0.08560112170562102,-0.030404215664432823,0.016725426062762047,-0.02826501788116291,0.023970061960985303,-0.04105793856554544,0.0018845921022801284,-0.00222035336613194,-0.0010579517365769033,0.015809415689819695,-0.012923185351980343,0.002797061506621706,-0.004984868305895098,-0.02585946507059927,0.7616457576639414,0.0809865075871144,0.06276885403486819,0.028920879137309854,0.06698360953211296,0.022289287063759464,0.038184617879979496,0.032027929231739624,0.019060977063244444,0.022673789581661993,0.010242426984142817,0.0265714752393474,0.008706034402864552,0.009464968155746411,0.004269476483864626,0.011986359138872218,0.0070730908442195135,0.00824490652896903,0.00594027867579538,0.012172345545275276
-0.1841056256781691,-0.09814724812082086,-0.16928381667945594,-0.6062814510952579,0.025513223000750124,0.014355004670868383,-0.16134419411481593,-0.07959668408815557,-0.08588288101649738,-0.05402121033045189,0.0010703423809193952,0.02527095119192811,-0.013649986060128773,0.078162071385246,-0.19073551064264946,0.08600376568670386,0.018132077502588263,-0.03926033524599065,-0.0855360649099906,-0.02043935992731381,0.3259206538533385,0.17078184278567218,0.1288489320389648,0.42590638690872634,0.21937743694269335,0.1664726697003702,0.08933679340211445,0.053979053428138295,0.0645389937964226,0.05408982572678848,0.022070768398513574,0.04431311898186162,0.04490311912340389,0.03896201041857069,0.13222024808606903,0.04823868844986377,0.02708858081787605,0.033664794104540235,0.032610528265865864,0.021532585290233393
-0.11668567733603313,-0.30071556502575647,-0.009808119835590568,-0.05898991905838965,-0.025932294586269916,-0.22806345113834686,-0.10066011258167473,-0.015434509385014237,-0.12922326484529434,-0.05331943797971873,-0.12405110295734081,-0.033063265463320585,-0.13287775447852673,0.0034057481804656443,-0.03962433077959966,0.03629689276393895,-0.15333873989884725,-0.018518224021233827,0.08984810028408477,0.00019193914138220655,0.688316511405285,0.36098595391796146,0.1533050928976262,0.11872036121726731,0.09949324151013644,0.16704941927468384,0.09027068902104295,0.0712194642511342,0.1201715642181455,0.053036604419216024,0.06985287671748293,0.03424981983614345,0.09343600803357154,0.02564345654479795,0.03758167004630924,0.02655284186119758,0.0970465810849747,0.020763446070146206,0.05307975238431815,0.024971770655675712
-0.5052323652612907,-0.20982929078982437,-0.04244186398966536,-0.023695351264851984,-0.07405508120015152,-0.031263867226883554,0.0007593571621891802,-0.04184076948594631,0.0059819614695220385,-0.021070477315508637,-0.00019622612760985845,-0.0014369785441668596,0.027637957845263836,-0.015798472394412004,-0.032960556099513816,-0.006536136390646905,0.009563967539678414,0.007391766342306038,-0.02445263108604813,-0.0035228215372091294,0.6910016715984557,0.4077737183128614,0.08402447426150315,0.09245285465997168,0.1188357890814681,0.05247801867309754,0.0097048667412225,0.03758480161725634,0.03653038822213526,0.03696159303964507,0.03468839634682936,0.0265839098649024,0.030419605167094757,0.03747029797829287,0.02340610761872494,0.024263406720238957,0.020857478446686582,0.004678705007622063,0.019185749363927328,0.010042271726717534
-0.1539227153777192,0.15809710063372517,0.05774186525888428,-0.3046682319954469,0.0566692067087803,-0.13796932442238374,0.18423226944925342,0.05535337263599708,-0.11688976908000012,-0.15530509413449498,-0.0555607255776248,0.029510868725278628,-0.03551831954473806,-0.10029655159419523,0.0025405190219627816,-0.035837779987479314,-0.13340087849316856,-0.06654632875227648,0.006117050162719854,-0.08857480540862792,0.42337132108697517,0.45741249344225615,0.23550317665552759,0.2860357636019529,0.18954979034733382,0.15510275506060855,0.1689633768456218,0.08240931689458197,0.10725417043020592,0.16284256244524267,0.07697955911866407,0.08997096369247434,0.07303084498817045,0.07874257141919966,0.04329249398446057,0.07753004761304498,0.09944892422528755,0.054931329689555136,0.05254550760993937,0.05693126383603841
-0.5390522045167662,-0.18158054945557206,-0.1566396722583087,-0.061083857076781045,-0.09273036134641917,-0.0718846262557621,-0.035828388368606676,-0.0026545176908348523,-0.03798613290938943,-0.0835759486105186,-0.05309045847421232,-0.0019012504011984943,-0.0013486538706626065,0.046392188451557265,0.023741527261655095,-0.03148746023840991,-0.014449615825314836,-0.040564879392500565,0.017553594902174008,-0.1030645003402699,0.6127620073373617,0.29352952797908455,0.1843896521675048,0.1645419448972416,0.15157725053945414,0.1087336046734073,0.06025832576424514,0.05947726363470029,0.08842042217174417,0.08372556648367628,0.0841435454617469,0.059247889897870276,0.044984482800348564,0.04259545927578402,0.041740614153638535,0.03444714921226727,0.04007809755312721,0.03762526324675389,0.03587824862975678,0.06488934137991911
-0.5977939682757122,-0.02308387531179512,-0.0894417356033204,-0.15152824532910364,0.034339990327890424,-0.0674965860577724,0.0962916036783618,-0.05410323227183242,0.06806911151512704,0.03852707567788404,0.014699310484779965,-0.013785669549896766,0.011876541352733408,0.016892818564832265,-0.00863383209126847,-0.005956745058512888,0.0022043569508216065,0.0036190157723910705,-0.008320240061640288,0.003993653739670338,0.7328010059073444,0.08361134665673758,0.13143724472895443,0.10261905643064884,0.040648935180020225,0.05139801765443241,0.048623077316004064,0.02221146013084591,0.046205017888075746,0.016420550186206542,0.01990878584932359,0.013432520537322646,0.030908857986520426,0.023398341786960167,0.028325547319802084,0.012181138316268979,0.02769664851243846,0.0130124471516202,0.02189577130875175,0.01594391218485854
0.24803814701321258,-0.04401063325493307,-0.4277336608297492,-0.17367042534475138,-0.07249745586265612,0.05949268569605945,-0.3721826478463155,-0.12651323851224341,0.02646226959514198,-0.11950760609496507,-0.17543457672270768,-0.01734146478998818,0.04950419052957673,0.04631582181042862,-0.03808649277180362,0.11002518996567007,-0.07591794930168669,-0.02454810859656236,0.017599852824682027,-0.02501574667206954,0.38186264746276594,0.16874545518375117,0.2832750994425066,0.24117652240876597,0.11225236709834167,0.08871394311087984,0.214504468286312,0.08063728737896243,0.054696386761694894,0.20180373571389235,0.19823349636424137,0.06577689216164845,0.04229778967138684,0.07890545542629958,0.031490948125699504,0.05962714642425261,0.0430358530675274,0.020541665925981323,0.021491990443396385,0.016119057592031815
-0.07718864440902977,-0.138416523045613,-0.4764494300265128,-0.24153643630035723,-0.2559953721018925,0.106818546693854,-0.12836998594020058,-0.10444932338309264,0.19299047308185965,-0.0016028779365739188,-0.09706106493455176,-0.07034100776283173,-0.028728272294001427,0.06958693251564524,-0.0760482658232977,-0.043765609063616824,-0.060417332369745856,-0.0238629234303662,-0.027635985467512843,0.0031921644398542007,0.3880708321013327,0.12110932087834783,0.47955107479847187,0.1830373905876887,0.22555321688415836,0.05793325737192629,0.12747270145073714,0.03070405472272079,0.10059956552274213,0.018926109496242505,0.02745616951897902,0.02116371257185224,0.020846297623776426,0.023605499288633834,0.025972212244625745,0.027937222774362058,0.012330856962985545,0.009848261905295877,0.01188772273297441,0.023485433266125996
-0.42543331751038294,0.028474470929735644,0.15445438400215217,-0.075317691793143,-0.0006382058481477978,-0.04522401300422393,0.05252941972165301,-0.01690290286167926,-0.11112417034410939,-0.08293342370855394,-0.006441248015549961,-0.020968890765214365,-0.00027604838612529134,0.0033125734885384485,0.007410621078463609,-0.0017722738655571598,0.006605715760529097,-0.026416721854248322,0.014994366841146006,-0.012343557438830373,0.7383231085232621,0.2424076993924262,0.24378098369134388,0.2178961099805225,0.11777652280517328,0.0937193554758577,0.06918044758042723,0.08197949167258453,0.06891806864020493,0.0478658223045609,0.08109992088646722,0.023294701738882546,0.018876694391640508,0.036220083637912626,0.01699179386005189,0.01849749060455356,0.024959210729602783,0.013114719253733125,0.010085590148646862,0.019302245403351
0.0872235421723771,0.18308189154528384,-0.13123043027348524,0.10647158272259573,-0.6785832631563022,-0.07902675006402472,-0.11506939827294697,-0.14533968869467695,-0.011699423765143825,-0.06777839743871537,0.07735096299845061,0.0022462019506791506,-0.13757883377706093,-0.02785583628964926,-0.01649163560105734,-9.872888297091303e-05,-4.350806414426195e-05,-3.0007440307758027e-05,2.8042396313865596e-05,8.833056380086245e-06,0.038220386048467614,0.06753973708688908,0.0333335748399273,0.0254886516845201,0.6221787670410622,0.015079727557314869,0.023487406574099694,0.03678931600380237,0.008186122604381632,0.009592496732606263,0.011544734445609382,0.00444162817871215,0.034037017025931704,0.005736885495411326,0.0030199563933052303,0.0005913132538200701,0.0003981115661275993,0.00033415989938364443,0.0003028553945846127,0.0002672756134970007
-0.3142566377744237,-0.31208779513761936,-0.019553789351836954,-0.07583667811076655,-0.22342570662741967,-0.0560051536730605,-0.06299446982962215,-0.03350072279590629,-0.10339555646699838,-0.02504973861591843,0.006309684520641051,-0.02492079158372659,-0.03247147560990178,0.01770383241795201,-0.04373250073606933,-0.009111642404287561,0.004887512756519853,-0.03897495329744757,-0.009825874271247086,-0.020503366427877305,0.7382112732264519,0.3393828070542088,0.09577955423866598,0.12778871211927284,0.11432354360066399,0.06523564844495205,0.057397372290063836,0.052125033430360714,0.048836652799416666,0.043456677936210004,0.057497875018196906,0.03833348077377694,0.03452461000324409,0.023311790989960945,0.0239352496696786,0.024393403519834125,0.020312706823646807,0.019094157602560925,0.014291449237799115,0.015841258247393682
-0.7598336865979903,-0.16212056903106334,-0.04643399233495148,-0.020487750171379875,0.0027754176190495383,-0.01738908034133574,0.0031488948155239064,0.0004483463751197616,-0.022332060110672798,-0.011296865039615826,-0.002466232951669703,0.011077781048423703,0.0074432208936152395,-0.0023941748244741034,0.0046111749914911895,0.0006399028577158859,-0.004673940243906654,0.0024284661703470396,-0.0012318769108485262,0.005464833211624309,0.5016185794485477,0.2617468424507584,0.23134772451212515,0.07679190658876757,0.05475095516539141,0.07105694115431682,0.02626607909018151,0.01568456664261164,0.03362903333870718,0.02566793091399125,0.01890167496222622,0.020316101242403652,0.018312056686603153,0.019218380773748895,0.015418837129984007,0.010001551392498661,0.010855539078198624,0.00741069077425351,0.011510533758109835,0.011620569117217754
-0.07606356698205101,-0.02900740168766029,-0.06159389954382824,-0.024189283499333143,0.0074371705333409754,-0.0030812461892272117,-0.018525061990932925,0.013725285609655304,-0.0030063156223424513,0.0057610505876124025,-0.006586993510716143,0.01013706406195956,0.0031680178852795415,-0.02388384372420543,-0.012921008123267786,-0.0038883680091787057,0.005775335096175688,-0.006300722700496959,-0.0015433272480955278,-0.00014730896161397166,0.7911460057312778,0.5721311286332449,0.15995325172947886,0.05173735946540622,0.051183688447309285,0.028375734083978924,0.025263277576862152,0.01391339789927081,0.013657624129070957,0.0176814733662826,0.010069342783512762,0.015632543236950524,0.01586526394565454,0.013867523121444297,0.008425927539976947,0.008364728901138346,0.00638071231179295,0.007032662859343845,0.007339421047117142,0.0057166556322484985
-0.26447879814518743,0.019597650229877528,-0.007637232591934945,-0.015662079616913748,-0.042862634645207086,-0.004558037330739724,-0.0037604047648935246,-0.009029733880043567,0.004513125874852101,-0.018795587930161048,-0.014939282979713536,0.01055509116067634,-0.005416614317789093,-0.024885598237433547,0.0042302731998213675,0.008534098964357901,-0.00031192697193964343,-0.011195620295325084,-0.0019755009701169384,-0.005596520456006166,0.6755955882340912,0.6749102851767006,0.05972498364599705,0.07131887452165686,0.027637953176006314,0.016679611569674867,0.03222757982710302,0.024571584048392683,0.024931359503095548,0.02346933957136932,0.0183680774351666,0.012387749116620668,0.012985710881282943,0.01590338522083989,0.01104250106015734,0.008007222533608733,0.009486134870844223,0.0077057691639733595,0.006243005961791956,0.00842600853620956
-0.557865131042295,0.14344624747210938,-0.043887613622156846,0.01881914538910582,-0.03414959148303202,0.0037068023023445243,0.07552547529818543,-0.009033813938805571,0.010458534234552386,-0.0174319831522572,-0.0019980582418125574,-0.007638356254614236,-0.01180479458144298,-0.002297218236892238,-0.011397962572885726,0.006374538259939181,0.005973800980624777,-0.0034893564304271847,-0.003422090091616092,-0.0019340750357961169,0.7156569957077981,0.3592538922758182,0.05635202236666687,0.018964129570430928,0.07046644172802766,0.012428463774222291,0.0847258899325703,0.005939068715725164,0.0043086281746956626,0.01877527549089263,0.003815164402670099,0.002678742359829723,0.004754609657721532,0.012964310404985135,0.011349839877297903,0.012118574366402853,0.008430234220970655,0.0060168014191620866,0.0032508995645277863,0.00595304787974367
-0.6443300309027967,-0.07406451263284057,-0.040452188280342215,0.030956428983100404,0.047575974906995465,-0.029692325921880508,-0.04233335090685226,-0.00798219347470271,-0.06080478359259406,-0.026247392431469636,-0.007911693889099965,-0.004249355555500954,0.009005563549593669,-0.01261603845932914,-0.007402828856410849,0.005979442841321482,0.0034749725435932947,-0.009345997810440147,0.0005942402249465195,0.0018727613538041237,0.7505169341443226,0.04035823165655202,0.024450827422650763,0.013802698363442722,0.01590064367659851,0.01078709768988925,0.015848284043476043,0.010748274248394384,0.01443112087659804,0.006223276737482662,0.004936499345427152,0.004200838110814444,0.005446933772029146,0.00427887724115396,0.0032839832696848893,0.003148187616569878,0.006806934301790367,0.0023747613000127603,0.0027832743584113484,0.0032628237321986713
-0.2021610699884018,0.11337845733787272,-0.2749111410747056,-0.10961154194421438,-0.0908595466088586,-0.10689231055181014,-0.03704958721079282,-0.032529523201702625,0.039255637856820756,-0.015453794633010304,0.010030617087379092,0.0020906251298859835,-0.068504146127234,0.038925134462018854,-0.044441451943661975,0.009563498581881711,-0.015589491676030003,0.005440308681393455,0.009285241123557964,0.008744073749204325,0.17232501935432992,0.5046181975780792,0.6670214951300923,0.2580493102486908,0.07596298652261851,0.09033340108891565,0.05450564330269646,0.04219115063220953,0.05270485390735761,0.02939846552434408,0.038745317373893015,0.03860862405558048,0.02862219370638467,0.03605064394806901,0.024681658565853803,0.037548192481425276,0.012515439635429936,0.014711366764908373,0.012702472702944655,0.012177042078441839
-0.42737697289078935,-0.129853502525249,0.015325206111199478,-0.019632608136773692,-0.015887153652950965,0.027643194352907952,0.0025270687091875446,-0.007596378633646434,-0.019284506739446813,-0.03411283965333126,0.010638033167719496,0.0026020542778099607,0.004690612112130785,-0.013160003156074417,0.006667585225551628,-0.0020273588064924387,-0.0015519406791250118,-0.0023915664465526424,0.002215753899818138,-0.0014405445463550554,0.8597129571319787,0.09696870847258973,0.1262433860212217,0.13516275545852346,0.03435923349181101,0.08976950705101627,0.0327023087248968,0.019856614593283577,0.02530978973068415,0.03084180805002021,0.02427589770740052,0.011732755635169389,0.012052709219797817,0.015129729172925835,0.012256614953247117,0.015290882511012377,0.008862675375344816,0.009355475701804086,0.007226840992321976,0.012564507124533842
-0.19054750767758466,-0.5969308244080763,-0.16222620940426868,-0.16362794036660147,-0.0021076510457338424,0.040678628980510924,0.12926723897057543,-0.005336063121177319,-0.028110220003184607,0.0130547851811699,-0.05662855067784949,0.0022759442091067,0.018777054455027687,0.023659069542332947,0.028525189584873076,-0.05200551567402909,-0.02460148135383961,-0.003523176746069252,-0.003718723195314008,-0.028110428205241296,0.15983503354661568,0.6836036054939176,0.08351608201419324,0.10441926753176292,0.034245896786634554,0.04451787141923413,0.07098900725929569,0.03448440781713547,0.021985896735511892,0.02171537543511311,0.025812766043636536,0.02406484340497072,0.017753576005529122,0.022713145302462934,0.023481720031425162,0.024562289985299243,0.026579129813459227,0.012154933649860198,0.011991819573213904,0.023333591362435728
-0.28033620538259907,-0.19738252910152024,-0.19784283749429526,-0.10021274624764943,0.04652558736931905,0.036490049607214685,-0.04600534067577382,-0.03265189042179791,0.005260761374933882,-0.05243488160160227,0.0520637356300018,-0.08179800571422652,0.05474844718189404,-0.022753479840543003,-0.013634305875336485,-0.0075051043865456656,0.06640362600768383,-0.042277789202922224,-0.0475388703914109,-0.016010663205833248,0.6354072573330404,0.4735684710809485,0.2820043614834762,0.11931711387155924,0.1048309320146194,0.10432812093276611,0.10142550412955165,0.06342332156384106,0.09681111442732644,0.05932137861324794,0.11407431286211953,0.07240800202963257,0.06418946841688195,0.03462994768399082,0.026804770302495378,0.01785520233481884,0.05849512298425564,0.042549529210462685,0.02602379163338042,0.023873177936304
-0.34371241599805435,-0.055164827847886976,-0.19006197206712608,0.0750595081979064,-0.018296393032602422,0.06747592282545323,0.05645171280546067,-0.01886277763024283,-0.05124200195248535,0.005689658262119797,-0.04217242723935423,-0.03253473803571342,-0.03247944167544351,-0.021680532910695133,0.007782371835331827,-0.01766283563416561,0.034061635666156345,0.01979139396034134,-0.03783537755193535,0.009558980726154194,0.7290394534616534,0.36721759185627395,0.19820921305953684,0.15238051568751815,0.17145276556124686,0.12283646784310774,0.08068295512000086,0.03516460338049328,0.034126830631080296,0.0753932084671089,0.07337994093062958,0.06841183472618259,0.08398554426823843,0.04224674458633497,0.05277226935745901,0.0344548285831898,0.05455722372799858,0.03909156952040865,0.037741796441512175,0.03775122071645324
-0.6332271297703788,-0.1262863893436237,0.08183929808275718,-0.44316191166874597,-0.04803117828454735,0.014436392840246498,-0.06121438214968407,0.07900939568067006,-0.08277458142429632,-0.07828347133996606,0.05769435264102841,0.010242300071199842,0.011138491741242176,-0.0038855371203707556,0.017527990172487875,-0.028426927525246944,-0.002233942693414498,0.0044029167928833325,0.0059633956247358046,0.0015787721445324812,0.39795592480367287,0.16680859443989,0.09724548188650083,0.3706030206215597,0.08521514719236949,0.041993662561091154,0.03379081157183003,0.03710235253126572,0.04452202969507115,0.02946151550859604,0.03653620738545513,0.013505869537561766,0.009808673702675595,0.010146506460717712,0.010263961454449385,0.020362013115049014,0.0060987282638307605,0.005360283162387612,0.005943136416231444,0.004566614844120882
-0.26770655302779295,-0.07007973265083571,-0.029915432649609917,-0.2594795775213239,-0.005561694452727115,-0.10875164439839934,-0.08019111304844191,-0.09529446580535769,0.010074399282398148,-0.09013557622562249,-0.06801944172216096,-0.08690044315537455,0.0057692004133200366,-0.02999375920707327,-0.030830112559679,-0.03918830120031852,-0.00025311857087365335,0.01763512853573143,0.0036557641211035384,-0.023756992433149052,0.7737364798408053,0.11950538968403666,0.0894710332334345,0.23480481022526764,0.18509598397363033,0.19906379027996646,0.10521519356758129,0.11708856686167358,0.026982222922466284,0.06602586059697958,0.03623430107648445,0.05764949086933381,0.06812566075226156,0.04046285272341001,0.05909041325763884,0.03261229955024436,0.034730283054482065,0.04597607714881363,0.03865113191392638,0.05467621783052765
-0.4622704499092382,0.025567956851311562,0.09163092799633689,-0.232090146497711,-0.014210753129657869,-0.03473721973047611,-0.02891060225788823,0.14681928285487036,-0.08983149743062828,-0.07916848240138147,0.019993365947242433,0.032712319837338015,0.007476787749385507,-0.039828443302875265,0.014221483661263188,-0.037305473480773704,-0.013458135613094618,0.03819754454721359,-0.05396257169976865,-0.0619526916056287,0.5923718240155443,0.27914975377040097,0.2124986122992861,0.31400994700322105,0.1251368306878998,0.11731068689493558,0.059958988399073265,0.16727885912545265,0.11338929656976637,0.05649071512002324,0.019236206227912736,0.06006082067588255,0.06365849060045838,0.0548063623807599,0.04143868147623058,0.043148355353984855,0.03940695416500912,0.059991137206560165,0.040098360721499214,0.03392099697878007
-0.14872144815633062,-0.17964875746723363,-0.053659304602304406,-0.10298048116101731,-0.15179417272246243,-0.04088253532245836,-0.12109260425586839,-0.08434679390778135,-0.06340019589465089,-0.0020025014511406594,-0.03403428837507505,0.01515046682189274,-0.061302301490572524,-0.09854655607701023,-0.0037851241407469457,-0.01992433500681856,-0.012151310091969292,0.036163106756440765,0.017480031476170214,-0.029786879334483266,0.6100461241401895,0.39733825526566846,0.5047827773545501,0.1633797391714727,0.14456595813610107,0.05698528601428427,0.08737835158559827,0.07559759155999422,0.03178085408345509,0.04908778436082306,0.04516052068823554,0.035560019087399516,0.02972474766193706,0.053131653432249425,0.026259874203429276,0.028025438834868903,0.026179789118488443,0.02914776352933438,0.022247877548234127,0.026993208888126924
-0.4875753510088791,0.26780209983018605,-0.18437103588207893,-0.21694432356132637,-0.07564518744898008,-0.021273512277781837,-0.1088432068497875,0.06551263094095688,0.014358782119779966,-0.05994979498993763,-0.10071176766638265,-0.1228810143654581,0.01635743788227345,0.08001326962051346,-0.07655497969410771,0.07467752202302194,-0.05607818327338353,-0.029714741281672452,-0.011072651313662491,0.006012184624508928,0.6523239067993243,0.2896626399847768,0.07558895850006832,0.10541362811494463,0.026799240996007532,0.022106306927803875,0.040801701443815154,0.030079061666979323,0.014910299578532224,0.02278968116492813,0.033528032186450805,0.04366883868093666,0.01165415981441279,0.018707018119723907,0.02218798288731408,0.021315219958386963,0.016727005648902633,0.01112304613848106,0.011714524888227225,0.008121428471822892
-0.294137296631928,-0.10392091030510804,-0.06567597045548955,0.10342871160543422,-0.0318440823482405,-0.05472034433586227,-0.020651808800658984,-0.11002938765232391,-0.005819749156183672,-0.07303613261148922,0.015804951749232153,-0.014117277885216228,0.009108062673903662,-0.051131570307251406,-0.009427909455081847,-0.004648838238945896,-0.02555334443869356,-0.030189046824949963,-0.008596890930237909,0.02424480389784023,0.8771853662221722,0.12861659876779818,0.1383012283143689,0.1716650448315337,0.06103378368494734,0.06961022310848027,0.08510631464533157,0.06560675019293809,0.023394047518309338,0.030717955318037678,0.02861798222668651,0.024678381535276787,0.01769867878670379,0.020707620648405544,0.016072994455459042,0.01468331762118584,0.028804194913038133,0.015939223319520267,0.009240796678339734,0.016302755055954427
-0.23512585968421879,-0.06084818288327443,0.004047073905702046,-0.020558180232652833,-0.012744289816071666,-0.004206201415154649,-0.010263186055286418,0.010868086961295223,0.003261109532531111,-0.001485555777109405,0.007041380175705662,-0.013228669179052072,-0.004165289131192573,-0.0019258000586242436,0.010494974294009203,-0.006850265542515018,-0.006291676009912248,-0.005064935380491151,-0.007093925184055333,-0.004996861051331809,0.7946753231240747,0.5544065201799263,0.005681205761164865,0.0156556917732067,0.012036055853862934,0.005281827973304468,0.006952226205868123,0.004436809901375987,0.0030529196926677767,0.006610902470125002,0.006980806278754814,0.0041867342163730914,0.002982230475418053,0.0058727932981978625,0.0028561113735430014,0.0033538422109050717,0.004476938890245269,0.002146445034344541,0.0028476162463490144,0.0024943320636383014
0.4767430248813588,0.3875255425994596,-0.0654385807164183,-0.030961145692335348,-0.20415756205247027,-0.09768336258049345,-0.12526379114607167,-0.21465632204074966,-0.20247787157797328,-0.131364307032966,0.04423251698542277,-0.02485741301717505,0.12806497694027336,-0.21793574058028625,-0.1332083131653062,0.008454543273968194,-0.12610676429978518,-0.010789975609702237,0.02565481686892567,-0.0685051047467707,0.46662913425877595,0.31617796333689435,0.03785625580426554,0.025142683236868607,0.058934334621147305,0.027237193993977556,0.029877032200053957,0.0649298118716482,0.05838959078353474,0.031895022775327575,0.012558017948763146,0.008809446354319175,0.026111805204916416,0.0585607530027518,0.02997079463733822,0.0051743694328871305,0.022597053213723933,0.02344995133252464,0.010424165818528331,0.020730509152205468
-0.60107186170839,-0.16017240706260089,0.06427834940114636,-0.113720375345037,0.029700514376932708,-0.005027036949616762,0.02867659864887944,-0.02366210944881519,0.0013998525978930864,0.01965173903180296,-0.005511870325107791,0.01588640840175343,-0.0007532097780452166,-0.003610415794888037,-0.009928904945593349,-0.011374204451227405,0.0022946301674398864,0.009122019918421922,0.0025053726383324586,0.0026771876047330897,0.7237978925585103,0.19698893330255526,0.1092094377427332,0.08817145774199513,0.04639388167507167,0.056035027248553894,0.03034226245213278,0.021898877916234277,0.019864862623694947,0.018490964257122117,0.024695495857862185,0.020865960805087663,0.010483366833378052,0.013281550080713234,0.01618508475890827,0.015559378646967138,0.016608523474628177,0.017943116000886418,0.013587948335639621,0.015916378072210278
-0.3675614665223525,-0.5239241260426842,-0.15641756351403413,-0.13518923103155397,-0.05253805747343339,-0.03522338361100914,0.03632851845746337,-0.07882358288485874,-0.11649971326716212,-0.05187852622049589,0.03966098218298312,-0.027701927306173883,0.007467898367474866,0.027965292365348417,0.05327797497692112,0.011006325555992442,-0.010466080126915508,-0.021269237281094304,-0.026994963068945565,-0.01505544176503243,0.3948172166779924,0.5649605062144073,0.10476431769159254,0.07595314674038432,0.07880571218874718,0.04760192279194206,0.04245808986618473,0.0521199435505385,0.05427973652308691,0.02749115821069707,0.03160054005451528,0.022100243563626158,0.021436441120672025,0.018339251139485556,0.020259735025848824,0.019331878041506902,0.009645250113194339,0.013374576425810943,0.015243581243116006,0.011514375125189722
-0.4523351639879037,-0.40846729423690314,0.26189130183959464,-0.08511679166619862,-0.03157098028412882,-0.052992927446564655,-0.04867861019050841,0.053388608912691225,-0.0031767051149795456,-0.10198971874505339,-0.060290107480169844,-0.08712246295755482,0.08760129855820561,-0.06891217849197459,-0.04113980439419995,-0.1308748421527289,-0.006200738730144915,0.08002860477577936,-0.04572095048361361,-0.014358444170928129,0.5477142539397385,0.36754661022751905,0.15769569542432219,0.06890590228338017,0.04724186595259354,0.03943344927344421,0.04638072280411955,0.0334282323496578,0.03186178201260937,0.03929976700407272,0.03297547117583302,0.03317722239874653,0.035316439300227154,0.02061641901143152,0.022280708791775822,0.04009221087770516,0.017949328149695142,0.031246333613454018,0.01923406745256879,0.011181477696909897
0.21082287022709917,0.13531931259034868,0.27588312341628485,-0.23877307278771617,-0.4375132425062737,-0.16179423405898985,0.023959547641982305,-0.1345640587668431,-0.18264189689100802,-0.06306304638664785,0.008518880864289551,0.031709810466747736,0.016228682569453555,-0.051866295269590273,0.10793959229494465,-0.08744535191822354,0.0507024162645307,-0.029639576171403476,0.05753843317507333,0.008096303738135063,0.5882330307855776,0.11298573607890933,0.17701152517899582,0.10365160675140224,0.29519702912161755,0.06977927002506625,0.01905818541941876,0.03605551059866556,0.06288630497206539,0.015799600038486624,0.011144751387967425,0.007423935122080485,0.0037525606148801766,0.012251484234514935,0.027836640841880932,0.01662945103346192,0.009426195046969154,0.005381903533527498,0.009553671597689493,0.0030499295896408065
-0.6100691520333763,-0.059136275579454625,-0.07564914374475067,0.08571965345110408,-0.015777890815489085,0.027605995622640628,-0.050720034605065197,-0.00602972813336972,-0.016721843384559433,-0.04438236679094387,-0.023353440984930546,0.008300403852127013,-0.014556704305560064,-0.009568891700332365,0.0012572189341904798,-0.003988075482050794,-0.016595868395588603,-0.004503421568264097,0.020830951684220597,-0.004324087003270842,0.7613580596932648,0.10623345042671897,0.0679696212952887,0.04444105343712338,0.02958413342478297,0.025495963640940957,0.0440303139264915,0.01337080569912896,0.020629625959050886,0.021070254546670716,0.01535701451066526,0.006740291263132424,0.01827456113467472,0.014721136256081213,0.009315611189897198,0.0032199307237558354,0.01854209412578736,0.008291774389180578,0.01578303748482489,0.006743288185330084
-0.23454865780316808,-0.5091042135389927,0.3503293010708558,-0.028457304804057074,0.06110368840158618,-0.07093259594495424,-0.10058819108069231,0.01665875140577342,0.025618015236613736,-0.06263383871235806,0.019404491040574273,-0.01821004683716475,0.0977664900290748,0.0002753321813168598,0.05821202727605483,-0.058408813229675796,-0.004925665640420375,0.00878729232532912,-0.008250678769605814,-0.003533097206090005,0.2772120100535934,0.5844190300486499,0.28699917225690386,0.09985959000098853,0.040064635708094744,0.05970484702095031,0.04312649055290094,0.02103413202256722,0.015363258583876249,0.0380765723433057,0.015333324499113517,0.011130900143542068,0.02019976352442645,0.008755856410685273,0.016186461371314558,0.010281695318773546,0.008344036549771089,0.004330768466991222,0.005114855551015733,0.007362058271472076
-0.442966643635683,0.18663944672762064,-0.22293923441464492,0.08843679925305188,-0.4921002587373725,0.08570479177490496,-0.021845329814260336,-0.03350714902255803,0.0028019504464141527,-0.11367211208714983,-0.099482247909852,-0.16667577515721663,-0.019024031910618133,0.030530975285734858,0.0017799085403024239,0.07399639447077244,-0.019997367190748364,-0.07063332999139463,0.01365139309280499,-0.026125819049498004,0.3326232878839562,0.19853287992563812,0.19244220456831596,0.060910954842693474,0.4242989358121931,0.05793437841395166,0.023800072684147067,0.04786431383615591,0.03182758012914268,0.04525311515923437,0.048809756985627714,0.09527985253819678,0.045863469814973884,0.02230507837057811,0.020795343353242013,0.030035924386865163,0.020900045449868773,0.021913618271287894,0.009994909166843318,0.012766408028943138
-0.5459240218583866,-0.4918320135084949,-0.2239171396075903,-0.09203263644923639,-0.11496270116123444,-0.21929212345563642,-0.007144020586268309,0.040172464257406115,-0.04147171503200388,-0.006524344572078983,-0.06427848490867713,0.03159549755585351,0.07530384111121073,-0.06701078050623778,-0.07427606381075233,-0.021108738595739474,0.0014540211925062401,-0.003932279028615844,-0.010594146623304232,0.00030394430005845687,0.4052574899247596,0.3540722991396095,0.07750575821429145,0.02820606719830987,0.035364040718747936,0.07275440396702129,0.017099085608291327,0.023945699666661872,0.01648145845265511,0.012259635097346015,0.02363370723794286,0.016784858935240527,0.02956253116184296,0.06949309810341882,0.053378772319884006,0.03205330635375135,0.007184089258519136,0.008245352668548395,0.0170903006554387,0.016614339710652258
-0.24964147567545933,-0.03803491151366296,-0.004773821423143673,-0.05992180493881454,-0.05713841956287753,-0.03889090932742922,-0.0073072239172736145,-0.05171597630373893,0.0024884028270831596,0.01572820273640846,-0.009877584376142423,0.009129279692312416,-0.006429737236114313,-0.011484989296255207,0.004066434726657183,0.009299820265291149,-0.0011037903115821539,-0.001968767803494939,0.007710752293393279,0.006994714145759998,0.9293705452849625,0.20695200760021815,0.0945281060815702,0.06244404712661199,0.06241389699978939,0.019090831083467413,0.01043413226669395,0.014809897080172135,0.007963884586405111,0.008535213990972047,0.005613800571476096,0.008591316446841182,0.003881282073299803,0.003355261243902814,0.0025812837598635516,0.004271905044008988,0.00241843044594448,0.0013464279793139705,0.002434232581858327,0.0012078112180943482
-0.2573073353418886,-0.026710319658948056,-0.054293427216959206,-0.09105660350507445,0.03264611384746949,-0.03998562423003574,-0.0009070195310053142,-0.03894555675232387,0.016829083873473278,-0.014489896209195687,-0.03141721973438806,0.02345493170000671,0.012359119908029166,-0.013511139466430601,-0.008398183977999059,-0.016184158796993905,0.006187617682439069,-0.013519045896946288,0.006721255428615967,-0.009937996678235379,0.8639474320067506,0.17869486402930881,0.12834309883940498,0.17572692338456544,0.10270361120529059,0.10874807974835969,0.08197161877115997,0.10818092006617937,0.06274211177239918,0.05939510582411708,0.08393106662796666,0.08210679945896086,0.07971357099475405,0.0673444495577695,0.04927451877809568,0.06373281252462333,0.03646004475677172,0.06203818148564789,0.036836484985499164,0.054266793993429124
-0.4776345813273307,-0.4994168610547302,-0.1167532837682787,-0.0036893691991888426,0.053399543146439105,-0.0824992273407635,-0.029654732357179178,0.11183286207362587,0.003914224363639944,-0.008570298199052463,0.08302269440089131,0.049582259321966526,-0.17146717130116051,-0.1152144238455137,-0.009126501419307067,7.78319346951392e-05,0.0201189922770711,-0.03936976832457656,0.08507687507458751,0.015554509271731262,0.21541283514778847,0.22765604217449367,0.4162488209841589,0.17478269684407993,0.180897423402126,0.0987478205407797,0.1590493630176491,0.08446935967858298,0.07106038834581796,0.07685951641393393,0.0577707461505126,0.05200253546431932,0.13927303244846623,0.0514418657900028,0.03191123865082623,0.03792757599803723,0.043419780045840704,0.028250180454471974,0.046331815394919366,0.029129252996009096
-0.35142654075398455,-0.0871664247656141,-0.2755292547179421,-0.13476455889850206,-0.08731359197201641,-0.12335224121740555,-0.14846598661686974,0.05694979498279802,0.08067537971011257,-0.0384719568971396,0.02689749567855332,-0.05110879417800586,-0.059069433156664346,-0.03236752661358625,-0.0012036858188716583,0.0003584706968689476,0.009918246207286409,-0.017640432520748536,-0.026840160519676432,-0.0072160677696938465,0.4527349694551607,0.6036745634289015,0.2735167304902986,0.16042722987318384,0.06847436355882783,0.09064762364513974,0.1146374871494828,0.06886306717403126,0.04829411109454632,0.027377491991550214,0.018200946972385865,0.023497276903832538,0.028688020844195618,0.038778151139797115,0.030728959304871472,0.015655838729859806,0.01695903879783632,0.014951974159515038,0.024709484562798298,0.01791926447761409
-0.358596539039407,-0.5301923761421429,0.015232551135338201,-0.10578681299824132,-0.11120519162358737,-0.014367083051570837,-0.07180242160350815,-0.03238670736183377,-0.06696942077696376,0.01230579823658767,0.011802801167719496,0.01266231974769185,-0.015980836710678424,0.011138999409429317,-0.004536187491970886,0.006002956391639757,0.004207027482708396,-0.0005113509616423655,0.0006217648523280759,0.005277395858036764,0.16810602320303186,0.6820936617103723,0.10386273870027826,0.17908575428068474,0.08854887038035872,0.05826807074434815,0.04857371529232743,0.020243985338683802,0.048777782432310866,0.02356628365258059,0.022401408120979426,0.010166131928547638,0.01060399539653244,0.009776958663715278,0.010445672319787215,0.008895852448902255,0.014872682264151069,0.007252988409683945,0.008865462732932611,0.0046448728221328995
0.099517732198399,-0.44743492528527756,-0.01016146241726538,-0.08253464818876317,-0.08874041343361849,-0.2717880014627326,0.003994475364976474,-0.03285708609436347,0.006863528413228827,-0.028040213796521416,0.009659944960818796,-0.04185052706440557,0.017630972306596365,-0.04198817430845718,0.02743279888682171,-0.03823993384814049,0.023578979953788222,-0.011420806454317114,-0.0025772539625384377,-0.0022800411106274434,0.6174451126937096,0.415018464765789,0.18331376484390452,0.11081491996044078,0.08490495363469473,0.2576723193105693,0.07504459359019222,0.036188368887940886,0.04441997967033112,0.042267033387273154,0.023679109531405222,0.037651611380521206,0.025456687409484553,0.037763968322939524,0.023321714130694917,0.04647401138847111,0.02403494205045686,0.02312182187533156,0.019583624216767116,0.023648124412459504
0.18519675983665143,-0.49738369495782536,-0.2973964081287314,0.12972279690296276,-0.18760654234789767,-0.1702049018317242,0.16393277284458505,0.04140774315308448,0.00795866420130307,-0.2383147997168568,-0.10153688371114382,0.09086867829664479,-0.0652835713459889,0.0053496626614508765,0.0067623517999485915,0.1565491154897368,-0.03646193929881453,0.005052148201041132,0.11624203392941154,0.011955849977683506,0.43976578190468196,0.4022932184242694,0.13436771685243837,0.04191016017953961,0.0672944558829541,0.05430824868427285,0.04682408500138934,0.009732066141823852,0.006268729157351718,0.10406369593402391,0.023729885437307908,0.024684936014762647,0.012909337591683069,0.007296790333354229,0.009384489820016391,0.04773339699300292,0.011679131092444303,0.005907108395407107,0.035011151293400204,0.013104455058528702
-0.18935467884919702,-0.07620167779266955,-0.2613014506507602,0.22850154084737437,-0.17238556374557118,0.010785386337174864,-0.4211044291180929,-0.19250864728288994,-0.06970714790202004,-0.11598695607512671,-0.11792228600249409,-0.37386948262681113,-0.08937391838382906,-0.02390070327339847,-0.06044822419854136,-0.06575958749151245,0.11828585956288233,-0.14322793181600238,-0.09190544128497051,-0.05946495379768432,0.3878288083790922,0.2460410359591143,0.10381427727094236,0.1156924757350781,0.054571439978655656,0.022127685112668282,0.25446554960308926,0.06803867609290132,0.020170098300540687,0.039991238898488025,0.037068092804411534,0.2056704307693688,0.024537171658357462,0.012937694994771532,0.01259739476711375,0.012311399064173485,0.036322160973165804,0.042502830544648706,0.024899347887586087,0.011750030103360707
0.18310880295116153,-0.24879131584899275,-0.22095074116020777,-0.4293052210044217,-0.3533756035472061,-0.092281745029666,-0.14303257851002718,-0.029094281052628363,-0.22345949308960958,0.09997998932382639,-0.03141166499422437,-0.1123250283599205,-0.145629858544342,-0.042802420111445916,0.09410408670312569,-0.213657338247694,-0.019310292280999307,-0.13124302669640972,0.02517913946758871,0.02523381590791155,0.31633070468972413,0.2739281268940758,0.09417208665774063,0.307657666014577,0.20508805527680748,0.04074389456523982,0.05333527104018496,0.020654584736689185,0.07861262004690875,0.03344480991119049,0.015126967605102584,0.03720801622659147,0.04478468590484732,0.01815611710557988,0.026247308582499185,0.08354723505658604,0.018616590077847796,0.03969014254336702,0.01157486420381258,0.014892222472704334
-0.5062961723461445,-0.27332134829168847,-0.04840576329927782,-0.116859804881244,-0.08239399915135648,0.034856967754303865,-0.011181408880981054,-0.021875080421188183,4.666352532069029e-05,-0.010402876430183183,-0.0646265668639514,-0.010446903657949758,-0.0015607991600652038,-0.023704761269967897,-0.01944359593662558,0.02564561290632156,0.001151835505722974,-0.022055202772793554,-0.011731184421310529,-0.005831280365074341,0.7348815240633405,0.3012620917960536,0.02774028805679829,0.05262196854240137,0.02597629249007015,0.01896370311989404,0.01969969827757948,0.013009531140531067,0.026153213214004208,0.007865351867688554,0.021877952916734215,0.00987841384009646,0.0070127316511129165,0.007467065269897968,0.009389725426779254,0.008431644012528747,0.005435675458812446,0.009081171803349587,0.006034989525475306,0.00498070221195258
-0.39168564232307096,-0.12576498824332777,-0.07884915305081165,0.026493092776222436,-0.20211336094954951,5.968377622828439e-05,-0.008326465729844768,-0.06287191167550797,-0.012952636246100439,-0.023795361609505756,-0.027268717196869168,0.020874612106559817,0.012222381254231208,-0.007529324371886072,0.0017398167724135265,0.007466260792875702,-0.0222558187390296,-0.006227732739526078,0.008742638611785588,0.0019707794412533977,0.807730028563537,0.1905124361428198,0.20551969102670475,0.04304553780358705,0.17857117350854082,0.05890338094677455,0.019780610009016292,0.050661755945602786,0.022154568727420627,0.020335032978285834,0.04235225680548426,0.02784520437662664,0.014051102434512667,0.011120640004073194,0.00894239101455326,0.010635576875028986,0.02622144257773575,0.008090385588192514,0.01236665217533079,0.012612846853286482
-0.4946540453594182,-0.1509673225995288,0.059634616110334375,-0.0434785419550451,-0.09853210162036964,0.03227533624924856,-0.009317678071108565,-0.10353821543033093,0.014361927222744222,0.0349854575199131,-0.08337295880013179,-0.047587254362596094,-0.03771438621957655,-0.024870152375879608,0.04002873841211213,0.006447227119799603,-0.00935132944077393,0.01964111015127784,-0.0056694854502312,-0.02665977478518579,0.765584300200386,0.1394980139037375,0.13173661097449174,0.09061127030769048,0.09907176031025991,0.10894614684999192,0.072485185290131,0.07762636930023369,0.05673456282861055,0.04813503460788608,0.06786234991852061,0.04446820531143176,0.04948905031259907,0.051430160063906626,0.04191040146313045,0.034985153186075243,0.04461781495492335,0.0419591338421228,0.032559209509704284,0.029370269496680947
-0.5646376236294411,-0.2328924462481395,0.09263823558881673,0.19189576662231572,0.05314210927555722,0.05543622617023298,0.031665773269199726,0.029079306153008633,0.04786486031525852,-0.0013728714616291727,-0.007510643592289945,0.005590306867439352,0.011089482635887856,-0.011366481096124448,0.02264829628271892,-0.005016851176875269,0.004482137492925656,-0.004184430223712472,-0.002694906141802544,-0.00633642968553598,0.7139488098272024,0.15253248468730674,0.10308808285352498,0.15265524025728178,0.0214188095346512,0.03851323678371676,0.019290131697488812,0.012592812248958356,0.021024152694585276,0.011388710134555637,0.01010057225831463,0.007526654272701211,0.008299911410271527,0.01027692795988548,0.011624141840187298,0.005130921835467706,0.00354022178500369,0.00395092468272261,0.005474013096625644,0.004598851145712629
-0.38569064266306785,-0.26982783739438704,-0.03550949198211189,-0.5023598429836245,-0.04955858900442817,-0.3083473556225406,-0.02649114098966083,-0.11543641528462628,-0.11571505783331096,0.041676971436234944,-0.03691371605675702,0.021605249297369955,-0.07273872005845232,-0.05743920504695485,0.014451495439690452,-0.018584034313186844,0.003862616356593282,0.07818458980180885,-0.01037721709770711,-0.0077286092581024006,0.19293773921939758,0.24350386322492004,0.06400516110015327,0.43669190173727723,0.10195998575502219,0.2531298146007978,0.04616875072914286,0.05958226301418607,0.06627484626189004,0.035210726405222686,0.03019782869161222,0.018322695269357134,0.02951455296904528,0.020315261014645616,0.010954882630149782,0.011554887435359725,0.013805562652052707,0.024350137267958812,0.007366687179219713,0.011370334073310508
-0.40153098695936384,-0.22023264657157118,-0.05756625484443215,-0.04365179959979131,-0.003030342228509976,-0.03683349040885388,-0.007748631060668194,-0.1255601066532806,-0.027621283066389935,-0.057936341022565306,-0.02020930543564829,-0.04591630394086098,-0.020671789630190524,0.004567504362650734,-0.010526506237811385,-0.00492325274739292,-0.00818518733597893,-0.012125042513035204,0.006770685240092154,-0.014407182052046287,0.8221422538247238,0.1021321747684777,0.20830246262267743,0.12152280513135488,0.03772692705664871,0.0641791188363785,0.023036609138497085,0.0696365709662226,0.024264697543273858,0.030331531807421524,0.024907066017766342,0.029624050784513956,0.015802789733126633,0.01466757599873891,0.010391983633435117,0.022630465119515157,0.010391278941447082,0.008914077105561849,0.01971287386339307,0.008737396159698266
-0.008776801513241343,0.11210147357015121,-0.12085635128198913,0.03081284931955316,-0.014807169387485756,-0.04799393919600243,-0.03779272769797241,-0.04751087888236015,0.00432823178781087,0.013265979759528087,-0.016076362849762403,-0.010084199528391504,-0.006985295869594618,-0.012333844213928094,-0.006143563701928478,0.00989598917612286,0.00013731505979076375,-0.00859052575615744,-0.003988822131667853,-0.006502802649512738,0.8260340669779547,0.3228996644848878,0.2952631901242601,0.15511477916311453,0.12208925178530247,0.1154767116299263,0.08558813717054375,0.08416281256751149,0.0631046706732084,0.06544954887279225,0.04506852421412578,0.06600712832196914,0.057675446846602,0.036119370139743145,0.030866530494616046,0.03729886942406042,0.023966197135660623,0.029004403546599215,0.02476711515449675,0.020591991179001453
-0.11822460752245029,0.24516867139090207,0.005827093255077385,0.01884109955997947,-0.09178005952427881,0.0014273505039011565,-0.04139021485309633,0.03246556367554816,0.023550204607792426,-0.012750111889121249,-0.042091108874140366,0.012392554995365644,-0.042161988091959465,0.02382389699655494,-0.033081541462653574,0.029556404998862005,-0.02402036068914919,-0.035540771715023886,-0.013257407047380728,-0.01733067271365489,0.7334490168322709,0.5352950334946206,0.1491161013524307,0.1030198872156452,0.12593819652988994,0.06750048911250378,0.06866543991146647,0.07313842677469144,0.05794307561577187,0.0590618607161022,0.047850611331042035,0.02695561809760171,0.044525441257095795,0.033908708386045115,0.02940770599334049,0.03461682116213598,0.015799497072362872,0.038115557893966034,0.015894755417701762,0.015210118010786108
-0.47605389448566887,0.0736768398354307,0.025875227586281822,-0.030433304646517167,-0.06612382730755172,-0.07956849839964382,-0.09826452909722211,0.0003080646188546225,0.0035269013365321106,-0.019661954954465318,-0.016024317738989085,0.014346334463570008,-0.04116471969178606,-0.007042026741107386,-0.00015665950868911556,-0.017780168068664327,0.003987652575419315,0.01220903220928447,-0.011579645243828162,-0.0016835198138796749,0.8156394769882365,0.23254314335618298,0.10288975995322039,0.0768897829462267,0.03195153598289184,0.05031635813667584,0.045723856334578664,0.013583247073947306,0.016604123378715595,0.013185582902927552,0.008372179927672627,0.011201657323599424,0.015266016867270329,0.0072358012490352785,0.006254387154409561,0.005468230942889403,0.005300783522493849,0.004481825896386265,0.006287230998810463,0.0028095100563411907
-0.15959411576910432,-0.569706221905865,0.13030066912304689,-0.09562049805286225,-0.02238483054496152,0.0044798799471635065,0.01532888402324812,0.02328630018877484,-0.005719595867139753,0.004506143393598124,1.9490082667118246e-05,-0.02584266847291758,-0.0006397226658886509,-0.012592795045440445,0.013029042809038917,-0.0007431052879019976,-0.020224372220057983,-0.00017686816398092126,9.660086423642604e-05,0.004568484090618209,0.25090284003113106,0.6919038490464551,0.2721000616127969,0.03565693535336075,0.03924051197410644,0.016530418794638048,0.013744072102880521,0.021211171280044516,0.01751582307178824,0.006296949750169999,0.006289951471500721,0.013172243593855135,0.01549303686986941,0.01379092165135988,0.006801642419857421,0.01439278882219022,0.015626085579042992,0.009102959412462173,0.0055899163392826735,0.004260717097845387
-0.453883023958123,-0.10930372495157356,-0.22576728544456004,-0.026331595658561864,-0.07416742186927977,-0.033786432192633414,0.0028586812456728714,-0.0177902305764132,0.002569383591619829,0.005819012296202906,0.011734411988566961,-0.0006197987295021943,0.004367514155627,-0.002336298679091982,-0.007032368991435178,-0.0029391318670313454,-0.006869254375950071,-0.006153486461042485,-0.0046995915569663215,-0.0020895019581126852,0.6887108823668294,0.14105791636945106,0.47234048686871527,0.03812359471217723,0.05280534711366303,0.01567141389614712,0.01552018345756861,0.0123988385502736,0.014245862218578702,0.007911377326013226,0.010389815848538157,0.01442237940350091,0.0045773037037681085,0.0062759761675491585,0.008886489349740864,0.0038615210599748104,0.004852710394268497,0.004672169515391909,0.003112146352603385,0.00637749386071341
0.2951169995900518,-0.5147939708027467,-0.19004597902672468,0.10954671710099091,-0.10298337720582824,-0.015676112629216025,-0.1838816323615548,0.045888022084930646,-0.0813900601490745,-0.08276596773408226,0.02169324311416975,0.040059417834758075,-0.0881722720780973,-0.03371755370092138,0.02422409208784822,0.01332079583174578,-0.019471771540387373,-0.018095245020967925,0.02392875849613525,-0.022416187887935656,0.451375918519325,0.5402823268452112,0.09988541104135608,0.06263433486775649,0.0367380246814448,0.01835790735891634,0.05676468256387942,0.027100840333808055,0.03767869137831805,0.06400839582775648,0.04851343848459018,0.012317346060317778,0.02570328744338612,0.01011877338954222,0.02395294976528672,0.006465038361658534,0.020676297565141583,0.025109684517295165,0.011078571425293074,0.015117726821057064
-0.37604019535761873,-0.17188708492389648,-0.1709958620470211,0.18586574272644898,-0.10556996964329003,-0.21352266500367748,-0.06605584284413153,-0.0095482436370833,-0.08990484400627582,-0.00818384107327446,-0.07342359860086017,-0.0059963120085448065,-0.003358541625324161,0.00998186994487452,-0.014393301389779477,0.011196133023885248,0.013572684631576067,0.02911455691698522,0.037073064826847156,0.0047465396998356375,0.7145576634701807,0.2383789508884292,0.20488939064030764,0.2237583033724943,0.08022517866810452,0.12666019594587596,0.04055348680990755,0.018958517963395198,0.035012333749732574,0.02804576752334422,0.025045116799168314,0.013403001984881712,0.014252907129308032,0.015473765533747534,0.007820729110711997,0.0070878991205619215,0.008972808711667682,0.008775878946700622,0.01133932505700726,0.003927614984240812
0.1173054676700273,0.38681797458618417,-0.3110069251217991,-0.009457710805253304,-0.16831147407131533,0.06063949494023201,0.027518322686163107,-0.01235842197059875,0.052106996460438905,-0.031004416791040525,-0.00864834314685386,0.05864734866621599,-0.06494194552056134,0.01495462887581876,-0.04341470045035181,-0.08595875090142802,0.05085575816515133,-0.0654982849822544,-0.05738185644044183,0.03310712770190184,0.2809592825565302,0.705881543824454,0.15142897262905505,0.09202656943988699,0.1357356415092601,0.1028823171803887,0.07609649395424706,0.0902813250022374,0.053137184425962276,0.06157889858664213,0.05395991778730884,0.034918900189321075,0.0333231396458436,0.047058121747687594,0.048121242755735136,0.03713795999070406,0.03128594762428635,0.05689192714554845,0.021822540025891086,0.02636533668521681
0.05523769191323136,0.027906488486980102,0.06519574090695465,0.018711411328377066,0.05083251921898375,-0.02538930369512017,-0.01414165916972373,0.013647828640830712,-0.006032928341960082,-0.004265542957354836,-0.014534965221379075,-0.011089092458546937,0.000508916184067334,-0.012933692075348483,0.0035047991469985052,0.009281622851331476,-0.007705304356186799,0.0061952705133024285,-0.006753694010467081,-0.004399652555865357,0.8224176398814427,0.4765770338660735,0.20326855860512721,0.15776730453440704,0.08801928915659461,0.0755338046004937,0.04244726128254607,0.024156020977191398,0.016790923297335118,0.013572252832192351,0.012804994618264915,0.015384182623026486,0.01326543254895313,0.011896124014814527,0.012911087790116354,0.008208164254963051,0.008026246652499935,0.006662452771611985,0.006501695968084873,0.004956228932443835
-0.348558347920819,-0.12945698297954225,-0.1327669565342285,-0.008495923727442322,0.06111203030129772,0.009284396314275854,0.029333843394729903,0.0037623880586510755,0.0012470793311943008,-0.0021830717134925424,-0.0033010442014282126,-0.0007704704496227428,0.012049898825979434,0.003108674723328297,-0.0005129108120670245,0.001149962841463186,-0.0031361837693739104,0.005492452331211133,0.0037841356871929958,-0.0047877594201990005,0.7549298932846144,0.49419499044450393,0.09998345249433778,0.10662364987486284,0.0295014026748605,0.005484866075282999,0.03493501783872664,0.019272967421223974,0.006640345096580757,0.020803328515898233,0.006733862025692344,0.010548041171269583,0.008072584207336867,0.005439644438772582,0.005812177715053003,0.007468833224652377,0.009164948026205716,0.00887975965806797,0.007463289031637665,0.007740407088165762
