-0.2861843773690915,-0.27418257493894366,-0.26028093852041406,-0.09980467488217093,0.03931337514357423,-0.05600701357474776,-0.35025436806022786,-0.23843527168206488,-0.17578306061988408,-0.3296048151414962,0.10145930084286403,-0.3073636772077771,-0.21337828822023164,0.030098020214587982,-0.22159974526053358,0.17389326980723502,-0.15724912168255917,-0.010388407194292069,0.09073472625280202,-0.05248379717438986,0.21174852720635903,0.15401819032244563,0.139987109454033,0.04705560763616403,0.02169672324694296,0.019680007240930678,0.17145980383627846,0.07393279221497663,0.04389864699361077,0.14492051547343932,0.021008801975631125,0.11656166587259716,0.06181916803930145,0.00872138390783946,0.06267961463037645,0.04410041301863188,0.04454836897982337,0.004853737228378788,0.014547337914745108,0.007327867091645038
0.09341211078100954,0.3037736341823966,-0.22966123950517287,-0.18889134706606653,-0.49883238898728516,0.039415938576189316,-0.4083433977473993,0.043079876016038375,-0.07446877569379896,-0.04527866106845097,-0.05142339611023872,-0.15415910890728407,-0.14362412113876932,-0.2010110658057714,-0.2079460144302851,-0.06447497841736291,-0.09129010319197443,-0.060895485276882565,-0.08239829220530565,-0.047599350863358425,0.2332610176855828,0.14817880838602504,0.12789272383506192,0.05670724870812278,0.283176582109613,0.024265888658249152,0.20459260605660778,0.010173046955646282,0.011620884185286342,0.00866047841263814,0.007989934643344972,0.030758272293566542,0.030036589039885597,0.054987146138067586,0.060018205129976715,0.012171939091519889,0.0129920357511058,0.00797641099945398,0.012149485910022026,0.00970115342152079
-0.5237436922744267,-0.459863154106558,0.0531212009940687,0.05504314442222543,0.11229479516697163,-0.16075095337385897,-0.13033587748200692,0.07153443548538663,-0.043803870667570424,-0.04034704810660766,-0.10699345804767108,-0.023364550038798,0.06239604824836041,-0.002490867296791148,-0.08025202423468161,0.010480017797322834,0.005533370409931551,-0.04494378461874515,-0.06673501674742134,-0.025357759756426033,0.569038305698349,0.2832549136178227,0.052375365592712414,0.057231336065420114,0.027319859274373047,0.03486339624898954,0.02918649207681036,0.014951143698124062,0.007286922252307381,0.008886786207634419,0.01919888818581685,0.013354477819510659,0.008000482708861455,0.0016292610236821145,0.0160105477560817,0.003301366934467932,0.0012773976943850577,0.006903369688165139,0.021257702962221826,0.00814608238753278
-0.1197462013446339,-0.4630241475998129,-0.19690479771720082,-0.3745220637403572,-0.01782323314802179,-0.08151124096123019,-0.0032774267239095234,0.022047331591373887,-0.04378601438983703,-0.014385450686382148,0.0008722058272251772,-0.011672134599626767,0.029499455144743836,0.011484121565742128,0.02607185489239384,-0.01430763431347564,-0.00022751801697190566,-0.003869942249727174,0.004999670966026822,-0.001495911602838481,0.07659360113067085,0.45928740967988324,0.2745119097385684,0.4699180636827784,0.16708302979619918,0.05209803069918955,0.09937827161020095,0.07589142503856955,0.049794236920458874,0.06832617599292036,0.04349126946553206,0.07300663616552412,0.04322170810082851,0.03233782729411793,0.04904364929799908,0.01654137822792279,0.009620903172698314,0.0216122886572192,0.027516185931570163,0.006779178018980834
-0.24982567446203072,-0.009425313116494543,0.01609007302343918,0.009351669807517506,-0.051676959434265576,0.008903942559445384,-0.057034765166309176,-0.024676643258590425,-0.010140248849492814,-0.02489889795238359,0.002897733732376246,0.0028925038986797984,-0.0022573601447605156,-0.007230093513801597,0.0010279969978396258,-0.005911236546753515,0.022866096634279992,0.009862117398819566,0.0067140853438516215,-0.004703776212931941,0.7587050434837892,0.5153904874190794,0.17874805309490982,0.14160884054723272,0.09636987628914882,0.07808153181341783,0.06656554314995404,0.05726218687374358,0.04893848474072777,0.04668518396681872,0.03705204222169882,0.03170762624771347,0.03470500376347386,0.036376392026246034,0.02156325770961928,0.029854044775030265,0.02761105688586386,0.022578428996217908,0.014001574360914528,0.018888172013102073
-0.013033559265848678,0.04541615651133418,-0.002856644421346052,-0.02386201954034447,0.12450112305324582,-0.06464235672912576,2.7761204425678968e-05,-0.05242704125624201,0.029895035426083478,0.025602337315319943,-0.04745497690359695,0.003599562495075929,-0.006341815099044975,-0.008759907497714329,-0.011165354787891843,0.005187338175378504,-0.012530392324718824,0.015209417157683078,-0.005814676336534829,-0.008442339327247932,0.6884401682464213,0.4999555037644179,0.30610207403523,0.22911887636071096,0.22588873455921182,0.1092249697030024,0.07587546324640351,0.08223337105092329,0.09164643404058251,0.052335610883027614,0.07692864572797592,0.03100662802762976,0.039199074194389165,0.03670751700822187,0.025950264107127908,0.027016937971358342,0.025178478441500805,0.028313653305357133,0.022606816817726236,0.018974515251554334
0.4545107747789204,0.46945102684713885,-0.29056263638749585,-0.23911963774668965,-0.008092550545060565,-0.16717468582111278,-0.06991750579841922,0.04875831342516297,-0.06286312718592697,0.00016072925909295602,0.012161859519387572,-0.043676637432281354,0.0048457248347765665,-0.023085411984044634,0.009248377405068885,-0.011558400172961726,-0.00918271137267385,-0.002816816334226484,0.002538289745075671,-0.01653150101274909,0.3739772099832954,0.2592856690971033,0.2028899928765828,0.25278804964579854,0.08096864454820789,0.1825819169692804,0.07564843754364986,0.05639791831699498,0.10358331211102462,0.05123409759015845,0.04549955086024974,0.04014964352603543,0.0643365830323665,0.04403004893999157,0.02695934465752343,0.02506776517130304,0.038230469488852885,0.03640958907887292,0.02179493478008742,0.01776736011654347
0.00661555200273506,-0.061526034658976096,0.0031672209822254855,-0.3120322169944954,0.007659816182592519,0.04012245093973841,0.00033122935143859366,0.04757921839417035,0.11782015669329046,-0.23254140414185753,0.04395342867632363,0.08480989393455304,-0.07292249958383135,0.06068148073211903,0.023776287292555546,0.033819307412449054,0.03171251183221044,0.022966854622876856,-0.09700052611411289,-0.010992075444393238,0.5616558910504444,0.40774578396196265,0.3508359625417506,0.25388509354596056,0.16942157183937173,0.14333353865678686,0.093496560566652,0.09109758858945086,0.09818510218763718,0.169481610122975,0.054447754621002036,0.06333111013090814,0.03639009216082447,0.08123269043730252,0.05417652534266833,0.027697412690474436,0.031585747057227435,0.01491452489495933,0.0372428971843726,0.02987245536931185
-0.16221416661921528,0.14206012362655215,0.08085254321431734,-0.14825361045214205,0.009377259126195902,-0.01690031801792521,-0.003650578183331791,-0.06648047110961955,-0.13987459619958478,0.05606463368084628,-0.06739449288300912,-0.03437368193272462,0.004029628915971222,-0.013009249883133215,-0.050516696743653854,-0.006738653425199193,-0.11244350650654697,-0.025414038738502537,-0.07013191648214358,-0.011306084178613366,0.6081683467064486,0.5300890764936478,0.3307734868307855,0.2307446707230366,0.08548994051797269,0.12751413609077755,0.06447336967235665,0.06091068811839875,0.10672732593460088,0.05089784960579739,0.05313304940668613,0.03753324072378813,0.023008790593360258,0.018529340319369106,0.04484961573341381,0.02261302901419305,0.04714459709073227,0.021664742158452856,0.027902796575258747,0.02450387928150573
-0.039259783227891115,-0.23401546776118326,0.1624678841087512,-0.14547880685024173,-0.06629156210890438,-0.11022147132193047,-0.043018456767798856,0.03919028719252373,0.002381025103039561,-0.03192711039881075,-0.04234805412521925,0.05378958700106344,0.0227878574478021,0.008084586533522908,0.02176433383966983,0.08557874228087586,-0.07870417121074419,0.0666760370235496,-0.0038745139932130014,-0.015539912112498689,0.4346586940406685,0.6309746638309385,0.37705225885362154,0.2317442450293956,0.17367434362970746,0.11011738221888721,0.051588890869238915,0.09297316607710848,0.06058172253706328,0.042231468077145166,0.027148535165403886,0.03163773767092783,0.04273723349588657,0.028755016685354323,0.029361004507134695,0.04203329616346437,0.03211039857187625,0.021855628423299238,0.02191266227779893,0.015088518035266452
-0.6036587607674482,0.0012014445597109014,0.009991107970115772,-0.02997664719590108,-0.01168646885745329,0.004934080358956088,-0.011129169754560388,-0.003255551205701734,0.0015848577674151597,-0.009017181967800112,0.001889775717694002,0.0006840862451058658,-0.00014771818091071233,-0.001448271230751052,-0.002010412668148723,0.000142979716145141,0.0010173527842490741,0.0005503885443352292,-0.00017428736240398794,0.001649460991841148,0.7871613633082893,0.11121258657105838,0.03068301033210544,0.019706312442854035,0.011993793330669363,0.01002590827520884,0.012681335219318109,0.004816816398148131,0.0035739756163829664,0.012091906066911488,0.0070478598374343485,0.0058033565747745925,0.004624412387298104,0.00969831129882367,0.0024969092563780415,0.002024802494658347,0.003841777273031712,0.004537547413084022,0.00284311603222548,0.006461893130264319
-0.5487129767865248,-0.2135992023462975,-0.24487949107316437,-0.08687686405192663,0.008643086278556504,-0.012508853926920688,-0.02678445663563376,-1.6690560076455833e-05,0.07241606025519154,-0.07764901974356517,0.030285955163427736,-0.01685740803721499,0.009211024067960533,0.00942899437553274,0.023822405092849885,-0.045918075705310306,-0.03261581929088748,-0.021189390569377634,0.01514022529530193,-0.029047593814637677,0.42153324085576727,0.2318366521050123,0.5139506044677877,0.17162515798342345,0.07308669704373807,0.06603021684624659,0.09514500023003869,0.04900751506009152,0.07932334716044868,0.059987831679200104,0.03263256660959795,0.06452159329924756,0.02053384777679076,0.027668550246578966,0.03028475314945679,0.034668889846008875,0.029848477360923414,0.011695217067192419,0.021915695230955812,0.028091191349205017
-0.1827910964204226,-0.3261537744658771,-0.5637827807740654,0.18037267672412585,-0.02018432112900885,-0.22711379113963048,0.21313529979731405,0.23352924147914486,-0.2340201809337647,-0.1851486074786964,-0.18639226153483424,-0.16670806586960546,-0.019772641523254045,0.07947728423377026,0.04173012011448546,0.10452519936009405,-0.0021863608721881286,-0.02561341255349958,-0.06090887807742339,-0.031255575791847255,0.1101717543007729,0.1278454166182114,0.34508524570232113,0.04950958351812321,0.00970380189804358,0.06110915205079638,0.07570015191781986,0.06978518403417132,0.08144293709394029,0.05624925929360161,0.05229978901884204,0.04361655255659256,0.01955995693864561,0.024222082903148826,0.011408668223635345,0.02331298571386311,0.012583624219793062,0.004331879482070325,0.010452301540066739,0.027635469243694526
-0.4136346377222075,-0.15568389385733317,-0.022217245186922665,-0.3878684367508456,-0.1267474741463733,-0.060227967418457096,-0.0767748484383449,-4.9247085181676184e-05,0.11728957904259633,0.03552354499438282,-0.10543546131732207,0.0047722804510942265,-0.05151665632538034,-0.053236366051738634,-0.0023970959705129167,0.006898269795963608,0.011469913889050866,-0.009684332028614804,-0.021188687821767683,-0.021695559977663703,0.6522928732166657,0.20947120098396144,0.1020749911165348,0.30633970903683905,0.05995152433396103,0.04337297916569996,0.036819187724627625,0.016911863072553886,0.07916089655829892,0.028234391524786188,0.06519265294214395,0.020919989911690532,0.04276712372717858,0.019930652266569374,0.012605121660441542,0.011789332559648001,0.006543300620281115,0.008035701011485617,0.007981959214017509,0.01053225534010756
-0.5858870552422429,0.15534313606570493,0.1064805148824782,-0.26041202137207653,-0.07025829807436801,0.04217732739769636,-0.08350483699603636,0.010619622098398514,0.01879223630850687,-0.16105263576168047,-0.05661530467695818,-0.05354662383208056,-0.07727594978683133,-0.033034536426584514,-0.06539406186011297,-0.047248476472223626,-0.033274783006230164,-0.01102893211673806,0.008623681362919933,-0.00701738342538989,0.604582928486259,0.1676097487934704,0.2269271890018364,0.15379386253520083,0.08852805636468583,0.0507697318328449,0.05307042951332677,0.04109656617746361,0.015787126660724276,0.07398295411060728,0.02088202516754726,0.02579090244204106,0.02260849028867848,0.013802106432278527,0.018260889356853962,0.020809403060121894,0.013676708986198714,0.005314305600853106,0.012523408863804111,0.004144735139742718
-0.5353888451524582,-0.17953031103605033,0.07871502285314368,-0.20582647031859325,-0.10645097112058356,-0.36535208517369283,-0.012542944550771802,-0.12244216013131774,-0.11868523841998371,-0.19426003784746435,-0.04685764165830823,-0.0815560403062455,-0.05676591986315379,0.009117972225985139,-0.12389020667861078,-0.031145386985230714,-0.016375212499068967,-0.023481319589075317,-0.005439112539976535,0.01890919047682828,0.47725884317110556,0.20269363078071478,0.08852900936217037,0.06863469765734968,0.2372433092227466,0.16832602017804024,0.06375718709636584,0.04233423135858041,0.049858925180046476,0.07752067729086116,0.033376062030657114,0.03724201574051712,0.050220168697071944,0.013296362066194787,0.07066619043008539,0.013468814943739346,0.007366024652126284,0.013505326936612147,0.004605714624128599,0.00950658197430651
-0.10080426748003044,-0.33563527912304886,0.20250557161286206,-0.5935060631603387,-0.08730309392750644,0.17265336360549358,-0.04492500556597131,0.02009132107268339,-0.17696351281808023,-0.025577193119762795,-0.07801094423021304,0.01153535863531976,-0.13808804741445802,0.005507548625625826,0.016317585795412815,-0.28858363173240575,-0.02720573066148028,0.014565150117881577,0.0764620927602818,-0.02193331671907071,0.17697355596362915,0.20692324775125057,0.11751217924833914,0.4247068399552618,0.04362103660127089,0.04990894654362793,0.02711981120093551,0.03877001939899394,0.048749165326567666,0.009355200990510244,0.01689662466635874,0.0077977294796194845,0.0304069275348772,0.00610265255654646,0.022068641738117872,0.1278808431561818,0.01059639574025407,0.0074413145837127085,0.011489885928893084,0.009786534699906136
-0.25119350000195456,-0.26554709059094617,-0.39116744175106893,0.168292853603765,-0.2527925344728428,-0.23629517188388088,0.09154904928155823,-0.29841161278068845,0.006046545807503638,-0.0737784931829579,0.024235691222828763,-0.056130417814356,0.07788326209123635,0.10332035642945911,-0.036470658397446315,-0.01786680902294308,-0.13755099858434547,-0.02273239511571728,-0.17219705530369434,-0.04752126075652412,0.2505605969504954,0.1686264044579038,0.4466155569862081,0.09437542216687847,0.12629920400221306,0.12543010511864805,0.04619623026262343,0.19011013821550307,0.03745550561575556,0.05524507394295528,0.02120263091050963,0.03687496756259139,0.04056903621187819,0.03495943407265483,0.024811975941318697,0.01751194421808179,0.05598016275823182,0.011228471002224112,0.07659360857052556,0.014068830595568857
-0.31388919511063346,-0.09726439854350995,-0.2237821418794912,-0.3415227645461072,-0.409746047872777,-0.17797575208022942,-0.19126317083464606,0.08346547072841877,-0.13435291310499314,-0.1193874998788855,-0.04661721814505684,0.04113671803961597,-0.0432832396722583,0.0005012837115799799,0.01779245003354246,-0.15927174697408444,-0.04691776246938935,0.00561884526123545,-0.0872314272390476,-0.006516328231493535,0.2721434857490606,0.203780932421572,0.13109226722553646,0.1875289819719964,0.3232539546926113,0.28654818868697607,0.0704514584687218,0.07100917166859616,0.04630609007741921,0.11756873194798655,0.04728328748282987,0.04342466339373579,0.023510383990211256,0.036256697244619,0.06086093636966743,0.0930011196717368,0.03199550617348874,0.06777883935793923,0.055035693961421904,0.032632150507352325
-0.4146160177652473,-0.0793934827999155,0.12285175052829211,0.03033669569535645,-0.12223746676642179,-0.15761873992984818,-0.09723813248864241,-0.022741687477486755,-0.05214812060070924,-0.08972566475445244,0.009018145772672827,0.044781685195679516,0.032187514730882966,0.01584337350339662,0.004744413247480267,0.025051302804234486,0.008245652392576207,0.040402777696509594,0.006059358104054314,-0.01196132168164082,0.6406849661326629,0.26570215045044154,0.37865493840459613,0.23134724127697653,0.14853189449229662,0.09653683142035767,0.10253252632562886,0.060932254051583215,0.04356524871685392,0.06346130598964729,0.04299682913230696,0.0558700380331502,0.012303509721529441,0.017980431150429202,0.006706394248855172,0.04289207464701758,0.030143703337965146,0.027926343326779894,0.02400706234035027,0.01557936609034848
-0.08559370240157764,0.09181156009500016,-0.08244462420928232,-0.09081278563428401,0.08652076660075388,-0.16136152956609207,0.12727873892692174,0.01766638372069639,-0.16004109291179802,0.09354502228967913,0.03997801194658262,-0.20987831093918669,0.04247121612606345,-0.0561275706592082,0.00846936177856951,-0.0790354404535152,0.048070306643271235,-0.10945816722994947,-0.054881187068705886,-0.07278993830258237,0.6706523976163865,0.41573230037091846,0.25175511679561974,0.17935861007845438,0.18646974542781378,0.12707010242839548,0.09531590038457456,0.04030515147015355,0.08382816863327444,0.04388539310914455,0.027286306321535416,0.1016555243959448,0.030959823608100304,0.023083050574869767,0.014729541858694229,0.03477193021616986,0.0194869000973953,0.034736461876950585,0.024128690028051604,0.01940065914396517
-0.43761608289603204,0.033572480087434464,0.18432427366627493,-0.1186724237762853,-0.02218429474047873,-0.011108670847822398,-0.040125621320685464,-0.3244812797440621,0.0891380229383001,-0.06642332742872015,0.02634538705998801,-0.10987339723964479,0.04975029287624606,-0.1827398868658932,-0.03000035556273924,-0.01025345002506555,-0.12296732937307195,-0.0945358499937831,0.012737831671283645,0.03027229654889812,0.4273548622887938,0.29063464822388996,0.26789741174020626,0.25818872168439594,0.2088011752615296,0.13406511554987563,0.134347883205171,0.17616828869300943,0.051457326849315047,0.09251526027195102,0.07687248448802995,0.1118900262744419,0.036166318762682545,0.10022261987492978,0.02696288494666026,0.019828708042144476,0.05972292068880492,0.04489378114071036,0.01918352980394715,0.02030409223171976
-0.34603711066546655,-0.078737471192547,-0.09440795353989291,-0.0164987202447553,-0.061981324926744304,-0.11720015200641347,-0.08722388035040564,-0.07969698508191153,0.005738114151520535,0.06592960461229186,0.017944431638827453,0.010953366891207138,-0.0050988493268401755,-0.03148240107641329,-0.029173208063435166,0.008553243243105213,0.004976340604156958,-0.019619237998682832,-0.01481514208583559,-0.032507348508513584,0.3945817435399945,0.36313006513983737,0.5907395307703682,0.25981326537060173,0.20307124778789953,0.13960273372886556,0.10704584351647166,0.06881474266740373,0.09852610671411136,0.09127895619285666,0.07161573487412194,0.07464323037604192,0.06311143026817151,0.04496364134205582,0.02985474454365005,0.04428908627720536,0.04500831647056229,0.04406125786881435,0.03812223298820706,0.03023927938473621
-0.14408573173444894,-0.3993028431598631,-0.32321349634904234,-0.4086196090648232,-0.2562925564885544,0.012741058192887551,0.04568669999329482,0.07755788408530552,0.12288802255689246,0.019380252068807464,-0.021865387698315128,0.023447363554466836,0.02155387034083235,0.06750253075052356,0.039092518446984977,-0.08263414116889888,0.09855418100823878,0.12484785573358606,-0.02477319236756734,-0.12306592872474667,0.2028215188602369,0.48743720036641736,0.16636444804664724,0.28350737112061675,0.106263503109892,0.023224809104990488,0.018395352536205344,0.02410645974736139,0.03890152696413204,0.009764422121371335,0.007528245224029866,0.009798026546016884,0.007766300973393465,0.011466209609416337,0.006553638974705721,0.018366528306384074,0.016344198404414003,0.026138589926260794,0.0039149429312570405,0.02514408508365728
-0.21896444479790886,-0.4341497914205045,-0.4673120477988657,0.13758178113168126,-0.24903051298079104,0.011898162678244865,0.023993458404734068,-0.12253604716075091,-0.11638508675015848,0.04713572879225239,0.03460568906909289,-0.09155681038739873,0.018427375639884624,0.016890227156676426,0.03027507212297966,-0.03733179270210685,0.06849418881259584,-0.10134141302812026,-0.003465709018946525,0.03537682543906564,0.2801103377377468,0.44657859608486444,0.32319418940976496,0.06455537503915865,0.11391283550688325,0.016077234690174982,0.021484379195072366,0.03263652149158533,0.02796755980483539,0.010828354750296119,0.008989512385295556,0.017874971878749795,0.005215234678060878,0.0033650469980446014,0.005222050810537472,0.026708065013268587,0.013336799440687271,0.02072181317367632,0.0023335300732010016,0.005833856524249638
0.424964630478689,-0.5785548698952141,-0.0383572916986883,-0.198014566362855,0.032156984918134894,-0.249202033661812,-0.12142088553375424,-0.09236847691930289,0.06315900121954213,0.10157356792340849,-0.1666243046451842,0.1103375365356976,0.008827031744448698,-0.035364899022819564,-0.004671385495382693,0.026031504212748705,0.025762448892424312,-0.015287078503980181,-0.013925175492403973,0.008550561297474677,0.34513956375387034,0.3984947875657637,0.026135264506551376,0.09902040711821221,0.011724474819255901,0.0853965990748086,0.021363083119163826,0.01792621854729182,0.009983235349110194,0.020815582285844843,0.045427973254593655,0.02454851520812872,0.002618479395553796,0.0074374841557522196,0.0029871918386640242,0.010838170439385697,0.008292849434742204,0.0036980964125015933,0.005026981212812174,0.006323307529120059
-0.23595417540818087,0.07020554920274057,0.009299238083548121,0.0610156751286092,-0.026557455368926428,-0.016574369722686555,-0.0038221890188106793,-0.02651608306543002,-0.016921849607752736,0.015156379825565017,-0.019210699261096285,0.009730514376678868,0.020785473240234605,-0.006364497630329579,0.004036344465370031,0.02122915319747507,0.006022781772914923,0.0040293656751293535,-0.0035196662030031194,0.0033611825370874903,0.7468868617654423,0.3578236215654947,0.3396462371859479,0.2496878142520224,0.17000668221142787,0.11650484486067794,0.07318227884585049,0.06986454191554686,0.06132853487754953,0.06186099679392779,0.05245630594832673,0.03084034448462572,0.03141356604973399,0.02984839655975183,0.022987442200474533,0.025254748932313994,0.02284746846012584,0.016270042695900176,0.015168093171439549,0.015780508128828478
-0.021204772892887223,-0.08281510539839217,-0.07174360616568336,-0.005008341289152925,-0.015930841155210543,-0.08234137272822954,-0.014458494276089537,-0.0041423686317516376,0.008193829815981216,0.0036188142159509365,-0.02692452604142715,-0.042823307080948655,-0.023455365637238407,-0.005916692219399282,0.01667011765093255,0.022746254942388012,-0.004942439344170953,-0.005729849602825639,-0.011980790230611976,0.010715728854457946,0.8076682755227018,0.3998906913834737,0.25509583021578786,0.15823043563576625,0.20094343750897414,0.12126496153027114,0.07592202079087434,0.052813983780525695,0.044124806124521,0.029558112147014783,0.038349761651325816,0.027399790177840177,0.02953867246994734,0.025346045968105513,0.03636585404944833,0.02725058541178589,0.0223786824733189,0.02057889547821358,0.015239655809467609,0.012554899338752446
-0.17390883553304878,-0.235600245893328,0.011029952467613305,0.0009163532544437251,0.017964798252828547,0.0023357983992672183,0.03348512002107628,-0.061896681746494805,-0.010536048018955376,0.013060974579638557,-0.025223396476159402,-0.022939091788821912,0.019430099361343763,-0.037366694597007005,0.00898712347238421,-0.0017717161574471068,-0.023074382008382254,-0.007350667656086182,0.004896284543905369,0.0075059941453693825,0.7522428221184562,0.3216235522937277,0.20708526533339844,0.26869681370263815,0.22736682977354875,0.190894153763186,0.10298817759034425,0.09719303609771923,0.05702487501465844,0.03727147866383084,0.04090403558055565,0.030596484164282973,0.03442920498131086,0.03334773301515016,0.024883542407866426,0.01892830003515706,0.023326924536660045,0.021532835143061486,0.01327987551417455,0.024180128939350953
-0.28322103409207167,0.0658355967140379,-0.42459265491308934,0.15138977172710175,0.10354549922067882,-0.3828153497665774,-0.012812224914003698,-0.04349836065506347,0.21748979751434874,-0.11848144854108347,-0.034161835642793986,0.08533167483937078,-0.04155298380935769,-0.07309795311945148,-0.061857109148618035,-0.02835443214946944,-0.03643996527887665,-0.00628344002426607,-0.08556659760446754,-0.02255073118736536,0.30268271256686485,0.14766206329710715,0.36573201593625554,0.19887564634027438,0.3005429186138678,0.23867942421364385,0.031783711410160634,0.046012152152413964,0.13331682064759898,0.04688869505801844,0.023415005728408662,0.031916127627578096,0.018573449116874377,0.022870165366152724,0.020057086890216284,0.014114740617233237,0.020453415097983596,0.013558764592210596,0.03596373670483399,0.013592202507623859
0.19502465670508426,-0.17703019963876157,-0.6151462300801401,-0.030773080914249552,0.027386725259077222,-0.12671840777632487,-0.029605905195962994,-0.028282964576693912,-0.04678511224576981,-0.11552042436361126,-0.05224323531248943,-0.007385122158124256,-0.016102260297568012,0.06264450885223906,0.05377826859019019,-0.04057765179218554,-0.03930927538017779,0.01868121360014542,-0.025009198878502087,0.048280412048637,0.35119811187381844,0.16273793454150978,0.5751980942863321,0.06953541575370191,0.06822213884835876,0.059350163415087274,0.016296201523952204,0.02545111164766063,0.02197987122939364,0.046596756428963486,0.022292654176895535,0.019819235634004905,0.012026231270947535,0.024011675996564574,0.02504015924935327,0.016387112241390688,0.020344033852892105,0.012148237461513547,0.015999232324789572,0.01786203864778063
0.31329002763461095,-0.3318534911459239,-0.22751325657120533,-0.41699213057526896,0.1494530676787813,-0.07525218974987127,-0.152457055124316,-0.016895206349430526,-0.09580151124662756,-0.10586763968737097,-0.016459358886263393,-0.24211030230591984,0.06283776476504098,0.0259511335723898,-0.0010281661966233969,-0.02931935818969085,-0.07817181480495886,0.004835196081563132,-0.1169876136201878,0.08828058388820292,0.345248180882655,0.22989831942504044,0.2718088453455449,0.2431400370349812,0.08944991271454408,0.041812166339255476,0.11903062406964794,0.03657384756664434,0.12838362018467012,0.0511882727749007,0.04538814636066635,0.17550640803291734,0.07057293707169114,0.023851100314657356,0.012069044780372464,0.02404642858654524,0.0493581611785764,0.04851125759375397,0.0847174005782298,0.040893120949299665
-0.624029812520568,0.18303568830468356,-0.003907229416433797,-0.2840025358156208,0.014599611024506501,-0.00609478828121205,-0.12975084140901771,0.03435556452576953,-0.13464790930427104,-0.07798804460301377,0.08599412398707917,-0.004646009063387732,-0.021716048149699865,-0.03079114721995803,0.01992317793505053,0.018262117950880473,-0.06350220950318876,-0.08086516919285411,-0.03113320487665165,-0.04455928629470836,0.49267171692982503,0.3072365437878715,0.16646775844076464,0.1640695083738372,0.07230234214133449,0.04303267666341164,0.06519785916047727,0.028606386992508646,0.05231140202613039,0.027567174907849074,0.04385329449140722,0.06210378606797892,0.05975129643912114,0.0635751359182006,0.045022461081028683,0.050331345323124665,0.04460812979728902,0.05264408987979415,0.019236726716825945,0.01902996898468727
-0.20723346279650842,-0.3076849414643006,-0.08956679337324246,-0.07560518493346448,-0.12973598678378634,-0.3505710504675628,-0.2546003431199374,-0.005641053230724002,-0.2318913375884436,-0.1288939754683344,0.1390441439527923,0.10581957405025468,0.03171560184331709,-0.017371110996984435,0.13344187049129178,-0.03563443598712748,0.05445132679897492,-0.07837994272157321,-0.039889360449566265,0.007569170947815587,0.4700652308115409,0.37642494555149136,0.2161989406647935,0.05073423307850675,0.11760028174171222,0.22996685240649614,0.11032012971747424,0.028222724849722,0.10690752061328448,0.03737977449245531,0.05434433988400725,0.030537312863136674,0.0226226972335627,0.01032736326272313,0.03949807017391387,0.01435970943781893,0.022802351226679517,0.01938695973273132,0.016851728161865212,0.008396916566999351
-0.07882404032317616,-0.20475768029650449,0.21820308336207148,-0.12055780306453566,0.3286817514962792,-0.09067890367444205,-0.24184092902701385,-0.3459435956891404,-0.024705013985609484,-0.14509541194210096,0.08412824266079176,-0.009550171202370434,0.17969943215720255,0.047966835773250054,0.03184743679020594,0.02219233266470301,0.03677633629075459,-0.038355363346413936,-0.04451989044045976,-0.009563219777210565,0.18300924408305208,0.2782169217338625,0.2580528981032992,0.20834051823388688,0.45528817617505624,0.07615775458981243,0.16533601324236336,0.19800227496288347,0.07443679011698522,0.05109590130823259,0.036501468173205105,0.024273760430606195,0.09421233198063941,0.03209935453515354,0.03531910048460785,0.030125771503807842,0.025502899008671715,0.022093502788516663,0.04001990000232642,0.008402167104376903
-0.36234414864971626,-0.209932726734633,0.06404445110161797,0.09397635164868419,-0.10900027196053798,0.1971385678159778,-0.2885481805293534,-0.1432158858774247,-0.18383266940196527,-0.004089575620640712,0.018380252816244315,-0.08304318363267334,0.10047080484458387,-0.09486147442582986,0.04905387646350226,0.02824955606910444,-0.05090254727108913,-0.06596547987513884,0.042036889123950226,-0.07191488753082104,0.38833930409766493,0.46355879661888627,0.21110121801069928,0.24240674433435744,0.18201979490155656,0.1520160665254635,0.17548851056182577,0.07413958543431153,0.08458249234398564,0.04852253128258669,0.03315962047377669,0.03439541902985499,0.03910138762067584,0.04231142435023949,0.02974395316048088,0.0096322637821481,0.03101058724593992,0.019081409329671117,0.018620942190285313,0.025494164481989837
-0.22779193156900604,-0.20825104588235552,0.13595379309338512,-0.267097171554503,-0.07754218773997947,-0.19898239950921565,-0.4410900552899607,-0.1022446840719909,-0.12876135725641705,0.02550989819774582,0.09763672629539191,-0.021541732396930115,-0.015233901553331555,-0.052649948217205915,-0.06417548820608301,-0.08240722921082161,-0.08302663103918936,0.029620909639615726,0.04162272052817868,-0.06886488266898928,0.2984505934969038,0.24070987472674918,0.2839706149804769,0.2995753611334951,0.11198665803349608,0.20824259725435615,0.32415020752104373,0.08689540212570035,0.046297897726952426,0.05472385289425399,0.07042059248127643,0.04443939223952987,0.05030036009547232,0.028829295214086937,0.03266133062278379,0.04919061296390711,0.04123341907355625,0.031687534417112126,0.02072214310573903,0.03046300899810178
0.13997325361259122,0.4059080094371296,-0.22630724373346947,-0.0931691206185695,-0.01576610094907774,-0.27003019951709406,-0.17391285994868852,0.03962970891787299,-0.15314423952285763,-0.10180920430316373,-0.13634562003261666,-0.026021042412929223,-0.09245875015564657,0.07528746022013628,-0.09564161214254054,0.021797057404924693,0.031027586952332344,0.004249978955302208,0.06259771335640284,-0.05596439727574652,0.5497167087089303,0.4404288112610387,0.1405032403005652,0.11203924514162805,0.05476062657142497,0.11533556834638133,0.09515928843958113,0.03433407644732508,0.046059115762884385,0.03329573164840775,0.05719933680944137,0.015530629143553515,0.03243535968989533,0.021250646550587695,0.03368672977741786,0.010736608065582506,0.0117799095362592,0.012593105996189007,0.020065087071681923,0.024937213003203295
-0.7188065944458003,-0.056021216371432585,-0.08927476113644171,-0.03557730645634429,-0.09487904112948504,-0.044119268138674166,-0.03219362370169516,-0.05942380283001728,0.04484662869897008,-0.06247985125038646,0.04735463610323482,-0.012140960257104219,0.007968365120390482,0.0035021660787446034,0.02404278040553288,0.029166624148504055,0.009214857913419012,-0.025393966926459524,-0.012539185151865837,0.010426037543660793,0.6464683726603062,0.07026973254666055,0.058703084741286084,0.06752036401707258,0.03663153131080407,0.03568061607154426,0.027695175171038987,0.022610600718809416,0.04739883946922832,0.03515273906884159,0.0400217505605475,0.024579581514588944,0.015247049419196692,0.026698151181221742,0.02510664626807692,0.022552714302899447,0.020775622642689485,0.030024195282416177,0.020045491690023065,0.01889220678240344
0.35141296720590287,-0.5672951649613058,-0.3756644821278466,-0.15553051664292095,-0.06581044264834793,-0.021742802557473583,0.0026824056916618234,0.0144908672001557,-0.025150571708123976,0.0034363620397146856,-0.043610001897463765,-0.0834948929861132,0.034125044417579006,-0.04829895147258797,0.02048242791225481,-0.028613479574924768,0.0024726282440310863,-0.0007291028590058541,0.004024027339653362,0.01139741827714131,0.3818130325934302,0.3351855671702508,0.18497047111326345,0.0747193537177084,0.11407917394059992,0.04157635627615027,0.10285393430059399,0.08643876013816162,0.05970599562646526,0.05774853834975027,0.049895619816507294,0.07457573236297826,0.05834571382492304,0.0653135810748225,0.05871513245526657,0.04788378229223942,0.06987301622160623,0.05224047147557933,0.03277432878742006,0.04666043931779848
0.2935764769299688,0.01666817194331839,-0.21671369292526316,-0.1864429619362073,0.09973353586375065,-0.11865510866220347,-0.16251779624088988,-0.11928051563731713,-0.046847293100260735,-0.02821631729275471,-0.007374306377109764,-0.015095524210210095,-0.035305182638091154,-0.026862860477956496,0.0356873986221085,-0.03787838125904547,0.00786712494211107,0.012548435068320502,-0.006310721321264239,-0.027482414794988103,0.5482906072743287,0.5881695483943066,0.26861675693411163,0.1366001631405155,0.07382169075961474,0.04895518825289992,0.07277446425816551,0.06825832102953192,0.02108878489146148,0.011517715831578658,0.011205061397547273,0.010624655421958737,0.013716379168488706,0.018012476700683695,0.025157286031828003,0.01991401930128055,0.014834468584295761,0.009835005015305829,0.01330562306308128,0.01207064814295342
-0.2441386698943695,0.018569941984421984,-0.4114307451809624,-0.27735145962199587,-0.11875665078411339,0.08967740995770145,0.20740089118045724,0.10319946660422558,-0.11888108804450728,-0.08877222055170346,0.04236512713443009,-0.044938489147515824,0.04351363446018618,-0.028064711010500717,0.03379481303528418,-0.06476123458064688,0.014212165326885384,-0.03742799776876954,-0.12733677701250487,0.04002643625795501,0.3937233748980919,0.4190875328812115,0.314001509799759,0.24526966126113553,0.17240926348933694,0.050709084057324376,0.10519715923884715,0.0849431400983345,0.1042807313695988,0.049684975088348064,0.03677197966435357,0.03739544284324137,0.040841664571703046,0.024099943438334055,0.028063368080133846,0.028694968114923447,0.01539404334180934,0.041649680581138375,0.0491508967091435,0.021259260227574177
-0.15198013749093742,-0.42010305376805,0.03103389700400507,-0.11057881974236003,-0.24377458084446996,0.02426173746957781,-0.06771212442877929,0.018222070557696465,0.020009367146082833,-0.11563982407076233,-0.05614969037260607,0.08618419496491389,-0.06939628699367181,-0.09125324774133566,-0.002672024626980691,0.007985743691201313,-0.01127786596321649,-0.01846238080691521,0.025691717712262835,0.004632361902437566,0.47811872127261046,0.5173167320149896,0.3864715581318524,0.0608004821100009,0.1521634183613161,0.031646147018612784,0.038626133779944116,0.010751548249597441,0.018952481253863503,0.04069861673448441,0.023541960157439215,0.04586187316834409,0.035797989849151945,0.032481292519014084,0.0190348780379316,0.008243710538123577,0.017426077007379054,0.005711731557097507,0.023217991803087857,0.015065561668679827
-0.06600486523013317,-0.22063815366786382,0.01614806629746606,-0.1806367631649888,-0.28821795261159944,-0.2048606688709321,0.15014775529820548,-0.22075060586208362,-0.12700783982888914,-0.04503722977988934,0.20519839534002213,0.04851837062922194,0.018375387371435497,-0.01953599201536101,-0.05423427456982957,-0.006747300564878295,-0.006394090502806535,-0.012373699650382474,-0.013533300783068067,-0.008855542730773438,0.3622953250828705,0.4350721295421596,0.361493929675507,0.31193245402648206,0.15444633991251477,0.12253320568647434,0.07059536944584302,0.11906003032984237,0.08034890273590337,0.03859956055009256,0.15840300469491658,0.04860786338484694,0.053879336993220596,0.02665278494676016,0.0214812171947197,0.029452800614372353,0.01489796690861701,0.03426917406577845,0.013340835089849427,0.050084727421920376
0.08214738588502954,0.15536136392444,-0.2953193767874819,-0.021574665085387648,-0.27724069389333345,0.08595960346473579,0.03399539349657123,-0.12309860362145389,-0.2266931877143843,0.011173080251462948,-0.08994929343325415,-0.14662116292441518,0.07755553333468305,0.007895428304216377,-0.08137957727590217,0.0009033918859557911,0.004406976612089038,-0.024408407053394542,-0.06814100928430222,-0.009309432406002101,0.37983542854133806,0.4940029659236801,0.3089936856433352,0.25582727885679135,0.27982836837539793,0.10354870757886396,0.05198358794182864,0.09055023518750929,0.13430255111450226,0.03720882710340581,0.059872957904081106,0.05890327712607126,0.035279593981672526,0.021171301193935333,0.041764176017114796,0.020635511197630244,0.021525459059439703,0.018584837519025604,0.032177187842089984,0.01940867093072541
0.276772117922644,-0.4480083153474343,-0.17201481431744572,0.008121932184509859,-0.26252981082721294,-0.0654512132225087,-0.10387658668009417,0.09803847003460256,0.052966003589369454,0.006636077458433625,0.024010208703362637,0.027642322479798,-0.023883982469959444,0.05707699556905275,-0.00798298748518366,-0.0159352938267824,-0.0074442625483561965,-0.009203301044291965,0.006495618892900994,-0.013591637471953745,0.5581160608970863,0.3942444068606606,0.15392287787022832,0.1567529217785075,0.2569395067688013,0.03408961119629836,0.05353140111144552,0.0373804048517293,0.04113626050303064,0.024391871533299022,0.015313468123433574,0.010806670993433439,0.015616676572751686,0.02136232199154013,0.015472642001423537,0.010030528989943622,0.007825014035679676,0.00940827660868224,0.013822189437025378,0.008470727917587738
-0.5923313632136467,0.23208445915463116,0.1771177828403153,-0.19867689639394814,-0.1071195408128323,-0.072807980955748,-0.12397956279766172,-0.0732086888463198,-0.011127799834635793,0.010367908172688633,0.008762776523912687,-0.027696811226512498,0.018332286675929812,0.014185027344249234,0.0381812770881922,0.024557493260248035,0.005720926439877245,-0.022725936149474886,0.0018584951433865292,0.0259106877588891,0.49951546848487793,0.35282221197910135,0.16099328256707496,0.18709725901937563,0.13460946888195968,0.07748045561277722,0.1134003414347111,0.043859469837085566,0.03202896078895807,0.046270409075715904,0.023650975330857683,0.0335677685352128,0.016689016556832102,0.02109530911479551,0.023333090135914097,0.019257533502355883,0.018139942949660058,0.022957965178426857,0.01613782256470522,0.024406804415243004
-0.5200612862950046,-0.35859320643904696,-0.09886137561886564,-0.32545436076931283,-0.05128908530849934,-0.06631549100673505,0.09881103630256241,-0.08093594678771027,-0.07486875538428368,-0.0866499957404806,0.03949096723069695,-0.14911532515390788,-0.03808403390048868,-0.023337471691669782,-0.13443808199291202,0.0003376706025310078,-0.03622150458817866,-0.06776616328810274,-0.04065470851383229,0.04210614876467254,0.5043487141441242,0.3185484258228111,0.07311120516659605,0.16985935276175443,0.015011212475946247,0.013985149613134032,0.04418163944470774,0.012122869326634103,0.013145584987806184,0.014013641084994359,0.008105566505605307,0.0344040216826672,0.009616013156449416,0.003494846471641811,0.03306029265941024,0.003529292243875554,0.005043789371350322,0.009841696010591056,0.007368976600816757,0.006322813165305607
-0.30763426187468185,0.42976146237967944,-0.26479138037634997,-0.004427649861844667,-0.0016133319368456878,0.04750811111330451,-0.13633531537155918,0.115020652297314,-0.18544678433994996,-0.3072684291986465,-0.06901247936758073,-0.04363321310924552,-0.22185060722381045,-0.13312482924066138,-0.14651685257050914,-0.10905931037323048,0.0433427775304248,-0.07309209426605887,0.01649010279320578,-0.042228390478593336,0.2219742364520565,0.5154194895682925,0.15245051735634693,0.06046416335854341,0.015429515782564953,0.020467334077075846,0.03068693194817564,0.03020541365851391,0.05015542255561739,0.1282614099455653,0.016817815996944457,0.008499751814296932,0.07355149909842626,0.02745098593881313,0.030478734538854347,0.01943641270869941,0.007001322374345307,0.01222703328469981,0.0034117963060414716,0.00821116676360223
-0.596833967874647,-0.503191545610916,-0.06752408105001378,0.03589201046638735,0.07417526387308784,-0.029022972809370388,0.1364693596263261,-0.07625701315939483,0.008459531009882055,-0.0394250389801,0.01737068316817426,0.011800431773533458,-0.045260255545547176,0.00976309586090722,0.004486646298045681,-0.012012435199110336,0.01256344334637286,0.009898115641231518,-0.002067047902246364,0.018269208413354245,0.46125779817922485,0.3631774920796926,0.012291909335898169,0.0338610136096525,0.01979017403306994,0.011204873940802627,0.033229799705679006,0.029827180531455513,0.009660660650571636,0.010286457580910647,0.004901814178759706,0.0030966302013506926,0.00692382123689262,0.008625327725108487,0.00610747520154487,0.006102118072548308,0.007639720908069696,0.003046607697836055,0.0035824053120491737,0.0034572452787137195
-0.5968222846050727,-0.5032093476993725,-0.06753110191575284,0.035902807958907046,0.07415927973976466,-0.02904604735250807,0.13648328910365376,-0.07620067173751562,0.00849585682302172,-0.039448245675266634,0.017391042205909098,0.011800874089240708,-0.04528002566600322,0.009762041287104362,0.004481087505499484,-0.012016544326777507,0.01255636698775309,0.009902112873470688,-0.002074711342652008,0.01827987554730431,0.46124795723862094,0.3631915948503796,0.012290450897837802,0.03384456515685582,0.019778891410573318,0.011198394166953982,0.03322738740278653,0.029768457907234216,0.009623621077908276,0.010275545941127635,0.004899337647379179,0.003097750340536662,0.0069214807761877805,0.008629097766775715,0.006112237713858311,0.006106944045088824,0.007635343470924429,0.003050236672240566,0.0035788111559480968,0.0034473289873181512
-0.19697349915068585,-0.34625266457202714,-0.39222259946928073,-0.1979438013400348,-0.1289954222067401,-0.055354615871017795,-0.012542007550841169,0.21590204466231167,-0.2237133844968349,-0.003981829167108522,-0.08347253486278014,0.15453194718433957,-0.1522730438252026,-0.18099570934360892,0.0008564053023525854,0.06010027440998299,-0.1705596248776219,-0.0004625171595288003,-0.20949047231780685,0.04410249806094293,0.3180318669625418,0.39292917966813623,0.24674303370009926,0.11428447247890555,0.043081090055513194,0.021610352984127043,0.012593515499814193,0.08287442925894427,0.08966095412564051,0.036838932952622645,0.02250848075184665,0.06030083033351188,0.05057520859590746,0.056061324915362205,0.014239517986661428,0.01651183680717651,0.04915864510388127,0.015347319316112244,0.07136305149810937,0.01149727921680829
0.13352879884207047,-0.626724533170512,-0.07156717181115009,0.09094498694054895,-0.21543370059364964,0.12274196269708158,0.01737310706206069,-0.03980049476675641,-0.0473637070877844,0.006963483425067527,-0.08175557472250279,-0.12807121689675444,-0.010775275431263574,-0.05685919997546533,-0.057245174306793226,-0.04141883380331002,-0.05521560598528583,-0.010109761029081617,0.012731976379629011,0.02593880184989549,0.3632359628493904,0.5667009267993625,0.03624912950865284,0.0473249815389298,0.08281067240975705,0.05442620922704668,0.01854810294971738,0.019155310709496772,0.013340616528504694,0.008898294548300031,0.05642197941914989,0.046783764692082216,0.015630139183958065,0.014960023853699593,0.020797577220277922,0.01581134739358907,0.017862716267833468,0.019184267851585533,0.007171378451216069,0.015219822730590268
-0.632282744365477,-0.04353530331592743,-0.10492399799372033,-0.2974747513201655,-0.1472185039947728,-0.2175915811938679,-0.1239162015820963,0.012431241452560285,0.0280670060870102,-0.056874231044029264,-0.03369053691446465,0.025745172772702437,-0.037713920306988134,-0.021508881980424468,-0.06797727463869736,-0.0013866591929605988,-0.004339230807782398,0.006888030106318848,-0.057163954861590684,-0.025252028109966344,0.5086609835742625,0.05216422012394039,0.05760304192361021,0.25485290859114684,0.11049118563762954,0.18513527045981554,0.11525217894248078,0.019339484609045096,0.03516625838761496,0.05632699439819315,0.02568551894263679,0.029695017925937692,0.019764801854246387,0.00800612393797632,0.024499050218737762,0.013436427279710327,0.008931760464261846,0.008670470737663681,0.026627136447925685,0.00883061333329667
-0.11015670049877732,-0.030920076623104985,-0.2786945574408948,0.01955118396565647,0.09046227945566959,-0.42901599373487265,-0.03023703357110941,-0.22788817815106888,0.005624271111447006,0.006137380736019069,-0.16661881423491356,0.2657249988425916,-0.12420179898156601,0.02939292027566356,0.05290353178426341,-0.0929606194334991,-0.15025112318794626,-0.13814310450125664,-0.06748069530581881,-0.12555128745295605,0.4335489168905286,0.28713532806199665,0.16700028194085706,0.14471583476929462,0.08457620714604294,0.2595765816741723,0.07247431941544491,0.12338084408297165,0.05689565480884225,0.0586661225152055,0.09606409834904593,0.14660899021958926,0.055136738819903386,0.05262825836924314,0.034245377074660806,0.04896437111074303,0.07530067189866826,0.05616636277736808,0.053890909440681055,0.05349696578132134
-0.11927196096685284,-0.11191938943815731,-0.07927228091818982,0.045578581064382874,-0.3136180678601509,-0.22640832136980793,-0.22436752140340763,0.11132380638140564,-0.12316019572901792,0.11529299649743915,0.09032807319593587,-0.026140615190693852,0.006186055632045288,-0.04457402540960382,0.048632333214759585,-0.007706685099920257,0.01396300134737999,0.0048073433777323085,0.006377171901745705,0.027216550263771018,0.3973105336585997,0.2894170918967052,0.5848349620169649,0.15911578006776805,0.16957313692421683,0.17674885123007056,0.1223472174339989,0.04993886015925342,0.04137921752826395,0.12437526483391009,0.03909355594067952,0.020036466133546718,0.016178956363768277,0.047456906550696294,0.015290628447085331,0.014022451700886899,0.026160858858093834,0.013888518765426192,0.018955911470170693,0.008104037435132577
-0.3645251598703328,-0.06280148691812276,-0.06619436038128937,0.008942971267746427,-0.10153733131699763,-0.08425086259572742,0.06138217123331986,-0.030088046328483248,-0.06650398988329524,0.020093621241123693,0.002263929105263144,-0.016317509988068038,-0.03606731279295282,0.012410274820923719,0.0029930372856164737,-0.006386827901755757,0.012940514938586783,0.00936314726749343,0.029659529202387503,0.013551050192400133,0.4576580644717154,0.7064518869142971,0.1590305646984098,0.08608052750996606,0.15681663857728734,0.1054997779531412,0.18805760843882952,0.028195188695437048,0.09941345987464957,0.02387513010733376,0.028765436765393105,0.040386711016778785,0.03819943244283124,0.008843336712383253,0.01748996547091919,0.008950051426021332,0.006513469490208403,0.006207587341876157,0.025277842206300014,0.007117593313362578
-0.2864731627106601,0.08374618180565561,-0.2844102702795693,-0.057248572303896135,-0.013441618994635317,-0.151179509747173,-0.07481337603887264,-0.0435584373540386,-0.1032651683026565,-0.022415581498029503,-0.0540822488875415,-0.1200549801106189,0.025923726620495992,-0.07771896541461489,-0.012268913310098379,-0.08333524825732537,0.01841813047462787,0.04640134842135507,0.03152482834001509,0.010269625650332175,0.7471390134109926,0.2566264721941234,0.24640443143312032,0.1661517904138037,0.09273057228463084,0.09538583694653868,0.03650282670798849,0.07122702591560356,0.051235757884505344,0.039217969616322554,0.02454643834982674,0.046541196161229884,0.047274606339265585,0.041394731135939056,0.01665752492046833,0.04034923342078845,0.014753268398481312,0.012874788071216472,0.018971483354856013,0.017081631619180002
-0.20644768687042203,-0.17331796710054387,-0.1679230552456539,-0.32868737200069575,-0.3173706737428091,-0.08300762638974402,-0.21863372314361626,0.2432295870129236,-0.04537787566592056,0.040556343788448294,-0.13317901091622567,0.023126399861718938,0.22576717481205014,-0.023222411289159875,-0.10739490813089828,-0.21891382660675668,0.13845131634130486,-0.043105063766973074,-0.09345240921154777,-0.05524118933912439,0.26962312058147786,0.2371810059747486,0.24952372671186573,0.25961952158332086,0.2339405768192383,0.08029122699218683,0.1237754949219064,0.11142340794345906,0.07570250343694235,0.043772112084438534,0.10019275455221002,0.06512801134405925,0.11004781748104323,0.03808890187888278,0.06032361116172967,0.1321311922601841,0.05544306840245305,0.02435930372558906,0.045815912163982085,0.029967525038226663
-0.5506126565120252,-0.15235990748841927,-0.06351590859901968,-0.25750590850121025,0.06844592681970275,-0.013708515415048084,-0.09828509915267304,-0.0730587186280755,-0.05735346575798521,-0.03929545299896539,0.006951743858287933,-0.010821269984044764,0.016567419653490643,0.01902615941421811,-0.01335044832272549,0.007663905051922179,-0.005571871786144359,0.022564372841852323,0.02258221654843001,-0.02218732458975296,0.6673633162193516,0.17707525331463417,0.1015780605801228,0.2607802350655954,0.08729719994266377,0.0457473575553964,0.06419262556305044,0.049159709456676075,0.040850140379169946,0.034226789620793625,0.015257207262591053,0.008696641663567988,0.023839795982818532,0.010594190262675225,0.02317018034767849,0.007598169105699379,0.0036787210013478665,0.010449556292500783,0.006970002610479912,0.009136808639517165
-0.22642881577705054,-0.6049773217841994,-0.22706032795258352,-0.07338934141184136,-0.0975168701498905,0.0913649831760543,0.1200892837744418,-0.0015988609405641176,0.06010671039760993,-0.004619921572766435,-0.12657518926017283,-0.012912884271229417,-0.04433444508748258,0.011620641008922575,-0.014239190123865535,-0.06386793766695693,0.010824859546396403,-0.022029336471811045,0.00845882007426475,0.004961370134913579,0.36193049665725896,0.5132171745124356,0.19665004797109978,0.08143979409050534,0.05815469751620299,0.08369060560737063,0.05259696174399794,0.04233649019839235,0.037853917156836635,0.014659780181958283,0.05578338038089409,0.022939990504202312,0.04203446567319355,0.014763133826572437,0.019066918939062653,0.05030818578097765,0.018045089509064235,0.027967274242468917,0.020943957044257326,0.016122553704254527
-0.0018993297045583242,-0.03758647356529486,-0.045436338047926184,-0.024574967849076132,0.005845700381115254,-0.022095306010371296,-0.01254284367601026,-0.01317853708649092,-0.02789282451706555,-0.017253045867286772,0.0018304652411614808,-0.004103065645170516,-0.009961545332188567,0.006783138390019004,-0.0004949602890029629,-0.0037647375936670155,-0.011041903224416224,0.00198591007368502,-0.008132726635757216,0.0021593485234001008,0.8819784456960966,0.4535152846258782,0.08204818633528654,0.029655818177247207,0.02337835625355068,0.01790802481996002,0.01630318475871079,0.011595682693503435,0.019229192848426845,0.011759714178212952,0.01982362179206765,0.006813676397758011,0.006947732540972243,0.0060887220320555635,0.005511151034760359,0.005222518012505417,0.00464537845039641,0.004629555471778856,0.00464485662777,0.0037008213109414345
0.22838663572259363,0.315746417051763,0.17387977261538565,-0.5299782548604307,0.1536983121267495,0.16419273589734953,0.03948557283274918,0.08732510636973909,-0.0611203241904249,0.04487006074162999,0.030231823151074845,-0.025555514900972354,-0.12031411260930774,0.06673255498159289,-0.014665461332850547,-0.06983225029509735,-0.036815999787961094,0.10566374832679461,-0.12532464342428687,0.03374238660647789,0.29940983007722977,0.24180580854397724,0.1478989050209512,0.4157934733798214,0.09475668092007734,0.10320124153385418,0.08606679137009214,0.09019766659453615,0.07084377884576828,0.06279025787629905,0.05395611244694174,0.05968982654719248,0.06731073160674467,0.047395656099881306,0.05268393867250902,0.04890054023161484,0.04954875097628647,0.05632401721910261,0.06000537468320876,0.04369506307060879
-0.5170357599545089,-0.3306032072954251,0.02278914956438337,-0.027460337148813446,-0.041543537090405765,0.05429260588961351,-0.043304949537980995,0.055989988273491796,-0.04004940979200035,0.006002894854673762,0.0684666073183006,-0.054103457002425685,0.002282324253426855,-0.04339966176913086,0.03299244187388681,-0.01484624146929242,0.010862493451587248,-0.007806394671796734,0.02473303681327184,-0.04284364976778513,0.6524522757139529,0.29739279511890315,0.11154178904870826,0.1096084305075732,0.09200296383046391,0.09126931044351953,0.052856986529049785,0.06345405211921479,0.07134454730769826,0.061165198525318834,0.056998928802887906,0.05334528719005628,0.059557522999920544,0.04999214176621941,0.04881927346652245,0.049621191386013994,0.05688517776993447,0.05186213042976317,0.03942262479827773,0.04283965964754463
-0.6337687184064572,-0.0377948494974516,-0.004414541241501301,0.00535266516014976,-0.015178621883753959,0.0024103310578152902,0.022654638993031048,-0.042705997452925915,0.005716253214610746,-0.015286380920168725,-0.02432734277150192,0.004694795624512472,-0.011587688842115857,-0.028180583167560076,-0.005593379633438646,0.010654929835585025,-0.004678750451252918,-0.004161231262651052,-0.02170348153850339,0.025239324871189593,0.7366239689295607,0.10313709623768906,0.0471960674786979,0.0834226679599278,0.056317834013918676,0.04349232016120795,0.03959129000790951,0.06150617543695337,0.044490987142072363,0.048495706971459614,0.04384815707088574,0.033650674851737436,0.041838873297466,0.03254079336963627,0.04408866782913106,0.02309365333496705,0.04129311750823739,0.038075001604533545,0.04106968332954626,0.028628503293487543
-0.1728714433753802,-0.44439467612033884,-0.18491914972188644,0.10182959095937845,-0.03667342364838347,-0.09056611272535045,-0.1597770529048538,-0.07922076051244945,0.03400180497596915,0.02835519605974046,-0.038771072206512804,0.00788527406955128,0.06841542123363163,0.022637376925701932,0.020719395284159534,0.028502684145324978,-0.0028048489322999464,-0.017692368288437968,-0.03250209441009013,-0.00681961466826006,0.438180507369237,0.5501777784973121,0.20310469284982335,0.2277798284400859,0.17417209769316055,0.1354749088483733,0.14420556644935104,0.08100091373933796,0.041446137581832104,0.048698495578640075,0.04804024903074087,0.04853840394133113,0.035375523729959286,0.020367567143877517,0.013365600855331668,0.011193834064330261,0.012451867145943658,0.016077449844563878,0.01604674468120469,0.0074491394772466845
-0.35042293605160113,-0.14923123794442777,-0.0013317924871668167,-0.2881710448886359,-0.3062643914603813,0.05480767644801983,-0.11173300778603173,-0.13764358701997012,0.11138150267419199,0.00024125542649618682,-0.010153215536247949,-0.09887549532036288,0.009023089650154675,0.03266741795088216,0.015359598917514617,0.0013356139860256104,0.09523063191357291,-0.008313197703163732,-0.002938218575152427,-0.014062803388636098,0.5151179825249184,0.33193336486796937,0.1611604209353021,0.2766087758078313,0.29494521785596106,0.09057315544469813,0.10453988196042467,0.0768355586954233,0.10437200054706278,0.032617701694368305,0.02935923286017416,0.05763858294318165,0.030348900087505046,0.021890304015183083,0.005370345419442838,0.015576106338111146,0.048828084075662824,0.012422563106559257,0.008788402901277977,0.013145349881291735
0.12081722323153771,-0.08746821708949899,-0.14918058118690156,-0.09909445714238625,-0.2435072047566456,-0.4176947639191767,0.0872698496105866,-0.10490164391984454,0.3030586189365096,-0.1612405496307749,-0.2028052959093917,0.0940981994327226,-0.13925446078451437,-0.15721002591127997,0.09410373740554609,-0.07189324506424585,0.04300586500657002,0.05126240388694934,-0.014652765899123175,0.017734763539358104,0.38969973486713827,0.18104564546122878,0.1777053763190441,0.15729448340372004,0.21989480951577137,0.23659502387079978,0.08216592350472823,0.1098959406472107,0.12959428645719445,0.06243711865409228,0.09944147218005785,0.08684779240814912,0.1417495098387865,0.14478766567897192,0.0946390588162811,0.02007605618749044,0.030821336002068028,0.08571250968856108,0.021516337799645416,0.030077858914468333
0.2728319679494267,0.3134130954766464,-0.5947076181729762,0.06772715735081833,-0.10712429978823274,-0.058116652508829275,0.07548893472508499,-0.057045485460471335,-0.06282209194997762,-0.045257999293741046,0.024658320442650705,0.03938291829206793,-0.016195622282285712,0.009997046848196594,-0.01734347682659485,0.0390219596438183,-0.015606860452185803,0.024687908737805533,-0.000932757538027871,-0.006738792757946742,0.24131361241092675,0.26166443407815526,0.5405457966934235,0.0683496749645273,0.05846260755039091,0.030616339147856074,0.05140665877360304,0.03433481443799828,0.02746720086078528,0.014082067652661623,0.014637090373329937,0.01565061630661329,0.009899778019002794,0.010974548635786757,0.010721550108216068,0.01480649969280941,0.01357236920115865,0.007879772865114983,0.006423340187395477,0.0059157580498493696
-0.49342915738139426,-0.20803179150078574,-0.3750938002401967,-0.2825002308469334,-0.25069512356772683,0.10544147555438822,-0.24160540409387318,-0.07617071389340806,-0.2486372884578836,-0.043018539590893363,0.0517763912512869,0.0544982054344347,-0.08700929921541377,-0.04710435433995097,-0.10908950386352007,-0.05237468871454322,0.016668582192336193,-0.08966797743418643,-0.10864124343638255,-0.05144591483978423,0.3794381222807774,0.08968796986328022,0.21166058011785543,0.09973410049214855,0.09307856058802678,0.045958820896961065,0.08741127583410743,0.018830785768867576,0.09180964133754316,0.017450281418634774,0.012113842528091327,0.01417852435676893,0.017551678241668988,0.00928020733104787,0.022751488798333414,0.009798096250175383,0.009029271566836871,0.021488070464398972,0.03469870633139871,0.02670107475825946
-0.6824772705322714,0.04525190598382224,0.06063757706003783,0.05708449936118608,0.0718793964516584,0.01665100997682606,-0.09108821012262049,0.02466560032507869,0.028671386462838632,-0.21761255217873918,0.028872953138199244,0.08302266929886024,-0.1317339065360358,0.004478867103543432,-0.12821433404900867,-0.08611514336183793,-0.049236266594054355,0.009465867847337337,0.016730288907219424,-0.009880033645971953,0.6179632022366662,0.06969067252748068,0.03777088462675944,0.030581441852250976,0.04635914247505667,0.023709132909070903,0.03793937787715272,0.042113927661351226,0.01133779105827699,0.08644031313244216,0.026889886861905136,0.026796042415183723,0.06374817616462373,0.016757888680450927,0.03230138052275563,0.025571434085123676,0.023911554075299178,0.007821876601897803,0.006865592662732484,0.009136231545978648
-0.5985287230351171,-0.19962761168897997,0.05304467758643378,-0.06433916658981091,-0.2640366327171186,0.11565053698838174,-0.12736995930088926,-0.01541340566748709,-0.058329244061114914,-0.03851630293861384,-0.0028975619566502624,0.010749101286113156,-0.02302523442624308,0.0002857637943152463,0.015024466594669286,0.024009959661165557,-0.0057630568583181925,-0.01418587626593914,-0.00425292133171957,-0.0043453181947030175,0.6342554135408573,0.21955826604229925,0.05067335950259245,0.04453963900443184,0.155936124361002,0.06066998957071315,0.05251194337439289,0.03134033386722744,0.02942007088595228,0.012108573617078759,0.022908542212206947,0.007032812134122903,0.00721464861418285,0.008139691275674888,0.005095190631185899,0.011597856535232353,0.0045313643756240835,0.010560528764377485,0.0024007906533219836,0.004151349332597952
-0.49680093052428453,-0.19191558058966854,-0.15022754687112969,-0.15656784777480673,-0.009023537086510715,0.08268046197975815,-0.010673247772152011,-0.004068347327217861,-0.03636768489723858,-0.019677158365258393,0.010388840862707529,0.030646866135482374,-0.015904990223580828,-0.014522479767771214,-0.025688868758794562,0.00545203626050258,-0.012080236593564568,-0.02304324910511338,0.01048873327426614,-0.002451072636694753,0.739910881179847,0.17548318443482164,0.12728123523143223,0.1474508255522013,0.05342444871333928,0.11859139178036864,0.039807703267409296,0.06485688330449672,0.05562393350263,0.044530384653120855,0.04590142865445944,0.0384700603427972,0.042381154908001116,0.033901027201683455,0.03951584539334572,0.03896471089496998,0.03222089876354285,0.033768704570053786,0.032452967583903515,0.026256982757035828
-0.6519991888298846,-0.0006353412077698316,-0.09444873656708641,0.024392085195238757,-0.014856633036900165,0.012046922230185348,-0.02401049384903711,0.004530130069716721,0.01134684415859808,-0.0061790950597654755,-0.002172407197981087,-0.01712420374347359,-0.009989259485647778,0.0031213780493544933,-0.0028861601330818472,-0.0031932395010902032,-0.010163014318730783,0.004091320230680401,-0.005722745595069137,0.00019883475896609047,0.7424221635838679,0.03967065547410466,0.06651521995173311,0.03564125192921901,0.023607636288762307,0.026175261621407493,0.05730049679716131,0.006312723985257366,0.008160950400009062,0.00761532812757465,0.0014897633636974097,0.016351375566878754,0.0070381640388038555,0.005252924783295284,0.0011011338237551446,0.0042662448063959645,0.010770083761312872,0.0034098210335977513,0.0043534851594710265,0.0032433592840552974
-0.5439603787497108,0.12405764982897714,-0.18341078512348027,-0.11959608109687783,0.22549511055353647,-0.2105657327425338,0.11754700044549764,-0.11486062257716001,-0.06541917316033002,-0.05882427409441747,-0.20083858086303993,-0.0242960832232051,-0.03244022055057591,0.023447196343668,0.011033483342886436,0.05143970746991031,-0.048188784210772856,0.022136290996496243,-0.0665171519858365,-0.03789400409052128,0.4968631169555923,0.2783579722504829,0.12027277264060837,0.14368604137667457,0.22113120939437728,0.11189307962023617,0.06047017426102326,0.08434025690120771,0.054639539583634066,0.04725292505848957,0.11481272859403989,0.017035829995388305,0.03290741268295309,0.04499826374519928,0.017329869657079097,0.026745177525785858,0.024886478204318427,0.021829715062210216,0.03286817421647717,0.01491520714715935
-0.3462278812575102,0.40320729055562543,-0.1757069258226421,0.03885362940869285,-0.05688130273366745,-0.18135968917419826,-0.08162150734617893,-0.1255220491007768,0.09280261480808245,0.01087404901445758,-0.025914849943455182,-0.08663963780224285,-0.08607727485446506,0.0024127163698512855,-0.03275261815087777,0.0009431243895454017,-0.07572947577145918,-0.02814512829215096,-0.022459579121893027,0.021906293189637556,0.5100699891485978,0.47977442846163093,0.18198180997540328,0.15449915989830001,0.087387010510085,0.09004720655662307,0.08283069817908555,0.08516575105293635,0.07288193531996068,0.02630248840041085,0.04439201631071191,0.057486809367917516,0.04481985146220035,0.01915208720608592,0.01915014949898161,0.013574654078560355,0.035428936350131335,0.019589419839664335,0.02075146617657627,0.015415191614270187
-0.3835871007936028,-0.06065960295467499,-0.009091644837507157,-0.09938751762979006,-0.028337414625815256,0.06549716040197348,-0.03030040891029477,-0.04852765978091171,-0.029988378535570237,-0.008937345882198963,-0.0907502808692234,0.04441742395985806,0.017531142756623607,-0.012323675839477608,0.025628925875640415,0.027446305931018586,-0.01240812022855639,-0.01321314856732339,-0.0004596990041717097,-0.017744508624616313,0.808029820743225,0.3374327387010543,0.10973906656789496,0.08979657395629222,0.07784178574824699,0.06563267625270455,0.046629149338520214,0.07652980046935237,0.06321119290693047,0.04185393061787623,0.051084447369691775,0.0381471203917311,0.023946766961333382,0.017104411599845288,0.018875685462335662,0.022361689952254873,0.010781313223175807,0.011011731831718328,0.008117409511028474,0.006246534497349254
-0.5014895517421565,-0.06711852674358854,-0.059156131366356314,0.011353890642629887,-0.01021431744349665,0.0004705823793996134,-0.010323718665217899,-0.03072638409915222,0.0015767818556267836,0.005720796507073227,-0.009029036740888348,-0.006826273615339927,-0.0022858588311519415,0.0031099524282221518,-0.006344247559635111,-0.0005392114234858936,-0.00574616551098412,-0.008089836569043605,0.006283773774357472,0.004809547039070767,0.8196630081068806,0.2077229256686544,0.14094239086932014,0.029327823243432225,0.03249922562682157,0.02375485957941727,0.02227883162909167,0.016243248024469106,0.013886753428248678,0.01102866814644624,0.004524060469722529,0.010106806171121852,0.005286852265322709,0.007095900327757981,0.005718802659326841,0.005224603437159964,0.0042448637104094515,0.009153615096540918,0.005522231008564009,0.005510018216714427
-0.6715020719627784,-0.2044880641413475,-0.40291930639612034,-0.13507358937233221,-0.039412681239964956,-0.020337206594448237,0.0033239329325561915,0.02732243483878866,-0.0073665319733877705,-0.012370730969012379,0.002789607024142658,0.004922683634918834,0.0005131594027684283,0.0015591028904881723,-0.005629074512215949,-0.000779343697020928,-0.006172548333390565,-0.0009512464530026012,-0.003054277685875422,-0.003209934695550396,0.4542329450763841,0.0670561122851148,0.303741638036296,0.11135468643600524,0.07982701278373713,0.006309350808382213,0.01928816689953757,0.00937460706394792,0.0016842433128547048,0.013303644252655658,0.008804389124750912,0.009398306752462011,0.012132334053085076,0.009381495497114107,0.008247639648619872,0.009178860661955278,0.010561794946985935,0.012938148107045671,0.010976499976123976,0.011648766314942476
-0.09282938115232461,-0.11381600122155358,-0.0663833112463783,0.0051305944645806895,0.027107095670774815,0.018852641222328267,-0.053131362359825914,-0.017119319284032156,0.026235746351209763,0.019661303106129124,0.002011136746108419,-0.02150664322832348,0.0006006121814259719,-0.005410111196412852,-0.004158798853764333,0.006349473335272007,0.012765941840909222,0.0013208562908787773,0.0023181626667636086,-0.0036634310407286986,0.8441569475054852,0.452850171408269,0.17817249312896138,0.08708005138470803,0.07060537348041139,0.03603620342716265,0.05238006559487378,0.02356109233727726,0.013548538468102445,0.01740643126092475,0.008809366216565409,0.02146018300518081,0.006734592355054998,0.007725261379973327,0.007844283174978938,0.00584952262356033,0.007978579658381158,0.007316599223658243,0.0055156460947171785,0.004347684090947261
-0.27683186227896456,-0.02613906206579256,-0.03841511678838316,-0.0352501415884957,-0.02579324371675465,-0.026164309457086053,-0.0028636183716266622,-0.000950241775840223,-0.04416210431326551,0.011874134226790279,0.024250664848489183,0.0063699221102491875,0.005368117717367423,0.005665835763617115,-0.02173497136731927,-0.0047315678267816005,0.003962142069775982,-0.007512875741953772,0.0013580517946217001,0.0009528546872199306,0.859202640781766,0.349176962524013,0.1410326619714974,0.08509549987003408,0.07742453918823947,0.09433716084813683,0.079942556940957,0.04387079857389402,0.0459863969558575,0.024276926528712415,0.03133384384711542,0.017565463175831898,0.012740314389458612,0.012868497234750002,0.012497613260542242,0.008751643672891097,0.008814664661137225,0.0068467907936846425,0.005338065150148098,0.007078118894910996
0.01595958891781652,-0.5162321593737678,0.06262654380670431,0.024916561985833537,-0.21778796122156366,-0.035524684177722046,0.21657184570589644,0.05219026536114939,0.02538123522202286,0.02387999454898747,0.009638441234966237,-0.00013933920125116237,0.05261749157078,-0.038585319488693,-0.03072831608513524,-0.00917268285014877,0.0037915360077202484,-0.01528521551573726,0.0036991749048777794,0.0019208343655647713,0.5276838086051958,0.518097096136368,0.0835625614265552,0.09076199603608259,0.17768762717456094,0.06987464090214968,0.13155365869444655,0.0294874728348783,0.013096063475227845,0.06649806208746953,0.02074616713803324,0.005828575410541428,0.02447564925780079,0.02229630110291865,0.013094920693453896,0.01064798358218425,0.015966791097999963,0.008499822590458159,0.0027064892816742996,0.005241884962970215
0.06521543378138897,-0.5016725464865053,-0.33467977185576525,-0.11243221435659932,0.16145304940509345,-0.08194231040947333,-0.048009591353395414,0.16045897182702978,0.008367922944679473,0.05705401743288029,-0.015082769280984907,-0.009977859251717243,0.033062650146358584,-0.005827413573964008,0.008653373597261723,-0.021113965491685763,-0.008785120420669344,0.010812353921353886,-0.006068625170929732,-0.00555650604877792,0.3909906703325248,0.46443698902369696,0.3477720728745254,0.13072852494834708,0.11283220801540934,0.12150741182833305,0.06880006838147562,0.0950389158537547,0.03272118958320354,0.03940225519222414,0.02611927013890915,0.010306691298790681,0.011417617649024369,0.014865170392850806,0.01847686415856693,0.023278079666203294,0.0180621920538369,0.00961039694428186,0.005163537975311301,0.007830338131680761
-0.20641632185690922,-0.2084624621788214,-0.4711152667088645,-0.17346496065029032,0.03981947791012006,-0.31977085418377166,-0.15189685088304025,-0.2996266735186048,-0.07161381804464263,-0.014959188598660909,-0.15049558362951462,-0.05334019362206291,0.03498670089997935,0.0634971783643158,-0.031127557096913328,-0.07437635297010094,-0.010417834435542736,0.000256836419971055,0.017517360523092065,0.007540254348148589,0.29663406492434063,0.21363066301023817,0.4109762343359668,0.09831208377513684,0.054944825703385644,0.215623193875475,0.08035611696350299,0.16397276292290888,0.04009831260868637,0.036703084472782324,0.051874308408890644,0.013268607037596091,0.013327574872729859,0.019130484280480756,0.01171940819491372,0.02104806936967666,0.006825188276708049,0.004039179002676465,0.006510043341077991,0.005340010655935202
-0.5287422930738034,-0.36972387430973197,-0.04522667503216434,0.06575816222783816,-0.09000365470197878,0.10543935289533474,-0.10835655157480706,-0.01960204425509651,0.01562442958139599,-0.12870841864192772,0.010202039051437527,-0.061243370718572776,0.004812255409006224,-0.020943349334044906,-0.06280303632285031,0.03348889962729422,0.03130689305091655,-0.040096629023829024,0.016252565378958035,-0.010298796604468268,0.5997470889000343,0.35735251378475463,0.08759819909001097,0.052035409042698114,0.0423097042385197,0.07544712621819472,0.05952149099975136,0.04094217892827248,0.01992985515556249,0.05980210039536858,0.02159955944040839,0.02280312428500389,0.010626142150565206,0.013363412154527406,0.025462847946053857,0.011396435905397899,0.010747686097749181,0.01272315073417754,0.005090889295523172,0.007703506646380482
-0.15475004749335752,-0.11266243857307368,0.00191868749948247,-0.2784005253677821,0.02448953547984716,-0.3289670333454501,-0.25504832183020487,-0.5066649321052069,0.06328624797830461,0.10905289062337002,0.022623482138998934,-0.07933428399795324,-0.014278057148547749,-0.010939835388414273,-0.037994882414462555,0.031203988985723245,0.020574740115643347,0.015245183639993186,-0.0105989423390989,0.00414367472797889,0.29596384984283813,0.10222512384193293,0.06566355216064942,0.17150404767995886,0.03848210573931867,0.23761658552913992,0.11461699521571501,0.47033908186664103,0.027769899313043623,0.04663640671957643,0.028713035476081655,0.017922937208541545,0.011028977120409747,0.015475168485074237,0.011036876899502255,0.010256805558426927,0.010256604146871441,0.01080485020205465,0.006031254847150038,0.005908958931209879
-0.1420212374088396,-0.09048451356837912,0.07144599178780627,0.004399001377895281,-0.2399217818861024,-0.012490281932603828,-0.16275945813468645,0.02752677377186609,-0.06717389794175688,-0.06957837548283588,0.005894367959723121,-0.1086964718143057,0.023049664654285002,0.009626796963571565,0.02914918330888975,-0.01939718582105264,0.00431318775398238,0.0015370266784992177,-0.05157964542971008,-0.06509758415478868,0.41018602376980995,0.31568739392756656,0.694154332303442,0.10908435741466849,0.16688017541938252,0.06394430442436996,0.134453394325561,0.09885876141528478,0.08511583794126446,0.05762206735849628,0.08445675005888106,0.04740903424279318,0.024630605455079297,0.0643132468367835,0.03378535085573197,0.026738333803678387,0.03228956520181362,0.023285777655056766,0.030203024174598057,0.0329907510787162
0.20015327382340894,0.0011337014820093534,-0.11893126703775674,0.15001180134906808,0.13852755888480492,-0.11029432823782331,-0.04926082483546305,0.1173483944218088,-0.13802900399462978,-0.016168278983751103,-0.010476398459588141,0.015130215302346345,-0.018800189178735185,-0.08287890223361191,0.004349908292158945,0.022738068681394077,-0.06230384562043985,-0.040393074725632354,-0.06998555881238107,-0.014269182127365053,0.6389238301492215,0.4018215893087939,0.19673227532254955,0.30414043798159973,0.2210476527456522,0.13081756692338603,0.11274919204292247,0.19288178221447955,0.0991592945343522,0.04458835219050748,0.05688627270117657,0.02042032331794384,0.031716539410101274,0.03562383903351501,0.009030571583105674,0.022540252293914664,0.02664709618716295,0.03003014537467358,0.02711160640250174,0.015693353581078852
-0.4170620060762785,0.04393962835625815,-0.1379310511202918,-0.2354124544057261,0.0017955186489453003,-0.027696807394782447,-0.0349633857260074,-0.035127746870422444,-0.0224977197857962,-0.027587024100669877,0.025000908461614565,0.009649183848742256,-0.011968659073287799,-0.03749593277063927,-0.0003083561622482899,-0.023735449468640132,-0.03590252777048153,-0.006437235885787887,-0.023059555907514104,-0.005105051040484897,0.1654687346985045,0.5481265092893975,0.1631235509618517,0.5111440147526155,0.27620946846418004,0.14569828771764995,0.08120937142816759,0.07732903825680944,0.0798377809986236,0.059377253968989414,0.026094598893058974,0.03226596887618862,0.019752855397229988,0.03381724494493267,0.01752699133132639,0.016467989504618998,0.018027961628086453,0.012205361071567566,0.018749838091121244,0.010848609134508653
0.09955646497473176,-0.34893698100007375,-0.02018583156388057,-0.16879171286327474,-0.14288650106709805,-0.045251230815986275,-0.04389046762340968,0.010727792177504922,0.0010564668536596365,-0.03769390618456418,-0.047387727329130325,-0.008890662025643398,0.01444155772950583,-0.008373982704304431,0.003720611764732191,-0.0673048173137745,-0.004082608456684559,0.004467643335845755,-0.006948607702830197,0.023696899972889034,0.6587162095325129,0.41557814242812596,0.0933306444338758,0.2520139427352324,0.1647084486813748,0.17521317702730288,0.14710864354306755,0.11887551895563522,0.05815591877052738,0.059045021458027445,0.0741267199258173,0.07409821852785799,0.07232663556374061,0.04086600973955846,0.0524035148344381,0.05242443813272345,0.020156493717910298,0.027948702271939505,0.030213097809885146,0.03046042337920544
0.18452794163677427,-0.09109636419887344,-0.20327652783535605,0.09999407253330315,-0.11859037353338432,-0.09055901998967221,0.025819905426890145,0.04992352335288238,-0.061319833766614484,-0.010119829671252826,-0.010045839189083397,0.014801548102310942,-0.004948491271404442,0.00301691186930158,0.006455247253863924,-0.011093289805802348,0.0036847851100956395,-0.015214201445346926,-0.004732080053917833,-0.005371120728704382,0.4978313245515439,0.5876619310958751,0.3824283083314775,0.1895201073332075,0.14759319377584354,0.2266066556197123,0.10450909197565192,0.05582247769298657,0.036469084270838406,0.03877133912423165,0.041113696915655584,0.028991043830359206,0.034414495978360576,0.04313018775902164,0.03673056796612485,0.029768930727204906,0.026837934727327834,0.02724326896989765,0.02686373053975043,0.029621071879384134
-0.11850184291504702,-0.20458825061758568,-0.1737949469644128,0.10282900552487949,0.1535863039917778,0.0531619456387603,-0.10405470158946313,-0.029000423950793018,0.05769319232394355,-0.0371518157889215,-0.021687143204104004,0.02365832286652208,0.012289942581597537,-0.002652963437374524,0.009968606007348899,-0.014257030247665467,-0.0004630707067374567,-0.02340257005047823,0.013430384444455696,0.028757675203155246,0.6895228905685346,0.3184150385354302,0.35066482286443446,0.16291212405523303,0.26059204540472275,0.08016907483541254,0.11907827863089127,0.10924144623396313,0.08804162122193833,0.05696678869343467,0.047254268321560364,0.04364847247474749,0.04478137476824358,0.04853300646753833,0.03796295749287133,0.044210756747270194,0.0412958298801582,0.0517698290680942,0.04275687462065084,0.03993313593087639
0.09523216535408618,-0.07525329662036538,-0.11867903869462516,-0.1450285982910444,-0.09578970285648866,0.028298327032150274,-0.10720043702564325,-0.027284109290911268,0.047006052529696564,0.02872918168811729,0.02721476549148537,0.01509217822737488,0.010437645439238261,0.008407139290042527,0.003847577596404382,-0.01571003627623493,0.003565160697583198,0.002151328786325499,0.00787612083252996,-0.0069765166245153365,0.8396897758001443,0.27325566457940703,0.19163326227204167,0.20380191563435204,0.1220369757482896,0.0965641699095398,0.11189118431635271,0.07548157143425178,0.1010486664681712,0.032574676773026556,0.07250697537970655,0.02851726162080326,0.03441271212430927,0.03849967817266239,0.023744024648263966,0.021305441769378503,0.02334738971799362,0.01795794222142146,0.029000662322166196,0.013719362316118117
-0.2827937310390353,-0.12678066853242806,-0.16291776410766395,-0.21118275397886838,0.14835721290600337,0.0011476096449090463,-0.019754354096141014,-0.048069910668604346,0.08170842908129974,-0.03236476789161167,-0.08121469529916557,0.025948507325008592,-0.04436959617899848,-0.010086991831572464,0.0020607500958249184,-0.024949056202461503,-0.015133059262068165,-0.004711764074737947,0.002748202813153375,-0.01868130539336212,0.3265175226127409,0.4239428515089687,0.5477525677999728,0.18641797977114713,0.19586634208138057,0.22983483786281148,0.13813809331958424,0.16217104875199487,0.07751165612662485,0.049403544640340205,0.10139530288261758,0.054573512822659445,0.04521945292158472,0.041321131740128594,0.0432412100800137,0.03278313456053054,0.02978478238089691,0.024453522136484943,0.042062803780875985,0.02121059931967954
-0.5469614263768198,-0.28649519123424916,0.013931080872463735,-0.09253020455385086,-0.041209919243247975,-0.058413628675112315,-0.05027808759823034,-0.04037524047573965,-0.037858465355170914,0.0043606110131504715,0.009059315313339629,-0.009479389235863866,-0.013406628079465684,-0.009068686056105625,0.0029302614928560316,0.00290156908966138,-0.0001471407670772762,1.3060356320847696e-05,-4.4795480142369305e-05,-0.00019942419812485045,0.6006830122446576,0.48573636693042815,0.009328729865287867,0.02569625063106709,0.009953305038583741,0.02073201370252944,0.011237820069183425,0.016158777324900116,0.008014645217778999,0.014179582700059744,0.004902828562014699,0.003951819167347687,0.0049880869162242745,0.004788063946087194,0.0035076400508507566,0.0031440332078902814,0.0031354011096927045,0.003082990337688115,0.002235487097565312,0.0018162958538141519
-0.5715457093886835,0.0003904528011860015,-0.13903679981481226,-0.08184199665239456,-0.10225134471907762,-0.010683584389197524,0.03193243103048609,-0.0016932705797201117,-0.0024469596390960338,-0.03921154469495113,-0.0029900762676553917,-0.0038517984183048166,-0.01340421713199038,0.0014373900758598616,-0.017763472783444124,-0.017870966856620076,-0.021159188322013096,0.037052570498961164,-0.016256843402488882,0.005523848134301259,0.7696781204800166,0.12389079959826631,0.09284429357559312,0.05586870893118549,0.08073788685197444,0.023790133644310478,0.0375335012921413,0.03632922843416994,0.018450379753246562,0.023161221740686876,0.015098257199692962,0.012158198034876208,0.01060413704679745,0.010663079917103418,0.01043759851691923,0.008964605905130532,0.008537636385958081,0.009664382551524882,0.005855679151869803,0.006170502579874794
-0.5064752220634184,-0.11897967608939987,-0.08196280725878048,-0.1918736911590389,-0.09163080329499178,0.03572246432043032,-0.16995334854234373,-0.008306938158578244,0.06393476930868337,-0.15379239230248085,0.11798270840771971,-0.05522432894850311,0.03957410181880798,-0.009392145277769754,0.004064232540436827,-0.006374054660401325,-0.009178382427376749,0.020947178250426527,0.002292388721739263,-0.00702817288074929,0.7353983819404066,0.13649491576942283,0.055455453882361574,0.11731393595466684,0.11146069900075362,0.01818355645734866,0.06063890506782129,0.008643810649760032,0.014353721335579859,0.06040608119405731,0.048884931284933306,0.01478847759212767,0.016537366109513063,0.007923453023621137,0.00888893989841436,0.011355372591163223,0.005225332530614186,0.009869641185067413,0.010500035401816427,0.011887054602621988
-0.4086550652869734,0.11278569044714314,0.17811520847607273,-0.09171234263724408,0.46083351130003664,-0.3281373662010645,-0.13967075586479724,0.02137553211195792,0.0647692552008795,-0.019171869499541985,-0.02086985981466969,0.06183579557919951,-0.034429767541990564,0.05811831566351457,-0.024171813669154444,0.05697432961468573,0.02897861050090304,0.0031953289446739947,-0.0015091127740603813,-0.013497039958770746,0.25412319971497455,0.3743353376979706,0.08456461763497815,0.11839380493749017,0.372532561213949,0.18792835062391666,0.08552208957967414,0.049352364059512044,0.05101785707618753,0.036926134339140194,0.03707270732640295,0.025776586087122463,0.024418902010994937,0.049586567711460826,0.027218419877371086,0.028578502460853375,0.01696981454135223,0.02498166940472898,0.014489585583150881,0.02066554736540909
0.45093127222180457,-0.07910344906977726,-0.2657183688501364,-0.060357585411546955,-0.4116182081185923,-0.08158275788698521,0.04947677932198234,0.15297206265971697,0.04429903677632893,0.019179521732732303,-0.07944351678437912,0.0011828565456582195,0.01377594016699937,-0.04028203451044351,0.020742808907284537,-0.006508425734372931,-0.04221447960112533,-0.01643144480126512,-0.01000763149207036,-0.018834881178527222,0.5418595299678515,0.19277927338018194,0.17996345935738764,0.06599988170986575,0.33169716159586315,0.08259698125100291,0.04616335383306634,0.08254726939715216,0.029876016554634403,0.02898584594048684,0.032227579294970415,0.03087609634587737,0.021798518282687154,0.024034430115028475,0.026329763661217493,0.024387155908620808,0.0220788578293181,0.012904199595838472,0.021084117903643968,0.017687459172796613
-0.11700583586387343,0.007356427602190161,-0.06071305004742103,-0.05451825324344889,0.0031830797152656498,-0.03989530409686524,-0.004242294323970197,-0.01176729479661513,-0.001953180062968694,-0.032630736741248334,0.014895302119628194,-0.0032542151338611144,-0.002125021431773841,-0.0012639247516916217,-0.02081672370909671,-0.0017863154248462824,0.014434421596751859,-0.008604297614406814,0.007885500860608888,-0.005869378014857208,0.6917987016945647,0.6326922527200839,0.26975979253920146,0.0768567017376628,0.0718529542473935,0.05776124464225017,0.052131540955729076,0.03033065144609561,0.026481224120698837,0.03575555463024101,0.024547651751582987,0.028245869092613562,0.02143836783569496,0.019016529799749878,0.020233205851900936,0.015016750775214286,0.016015130972577257,0.019691045162114403,0.017943999892721222,0.01465372823670118
-0.04606693187453579,-0.40806448513432336,0.10707480928698725,0.023269027657890504,-0.24574151336996816,-0.1840637396748447,0.04342255413610422,-0.02015086662716528,0.012181444262300485,-0.06379621304432874,-0.011873947378070534,-0.06640483274468782,-0.022326330022443955,-0.028444266748960178,-0.012598261535111906,0.008626157184430478,0.01208318235898863,-0.02039742904872575,0.009019382055188738,-0.026836925002664345,0.5269332162293726,0.6059620576356757,0.18454424020972632,0.013511126232864466,0.15425711899029537,0.08178625940193915,0.01796258810574815,0.014360071207683305,0.007820410714780663,0.014972766341851984,0.008838915468898645,0.01561761900532458,0.008981927866329883,0.007486726283289701,0.0060785692596778485,0.006383681658383596,0.008449276833981115,0.0069002874939168,0.0059170343761531345,0.006700438503391328
-0.06501426417874898,-0.03698427420015129,0.008933638326779325,0.007990191139757087,-0.046168431209916545,-0.057014348625190905,-0.07539042068831223,-0.01176146035656085,-0.027212811097985616,-0.011607749268193855,0.018093401628162455,-0.024405207430369273,0.027121059528560008,-0.009263815171348094,0.015225659850754386,0.002956965544471275,-0.0010945574836297115,0.003926339679937356,-0.00354007421157463,-0.006082498094574615,0.768783720707512,0.5430652031500636,0.25019532752609464,0.1042347895787651,0.07907563850995275,0.05513146923484856,0.061389858474989574,0.03596210867416097,0.03579410647485923,0.037099166291195494,0.021863486501596904,0.02692997136940968,0.02571297682403752,0.018926140801869235,0.016033250030720963,0.013766715276969405,0.016725129919067435,0.013776528483571505,0.017346717613250424,0.016391802912897473
-0.379945601547388,0.20842445616989064,-0.1488678066442717,0.012754863561082885,0.21616393634816095,-0.009779529991101253,-0.08676081043202252,-0.09646911691897916,-0.12482019651133398,-0.21037426854520727,-0.10453349578703112,-0.12491630994618946,-0.13444355219506487,-0.13207205130788602,0.07389157325821935,0.13946312750827072,-0.010107486606231595,-0.034151127781785286,0.010324611032184848,-0.06658298467487764,0.49465717511271423,0.3786947843440812,0.2778189862837955,0.1377053453383226,0.15437766274061465,0.10077214085830383,0.08523510511250547,0.06719232484751538,0.11838732190826788,0.10589452027938073,0.05823817871223247,0.053357444338353065,0.05794592657298793,0.04992406040977673,0.033148951676498034,0.045504850550759354,0.032275273665496484,0.020405172698117858,0.029844846684293016,0.027742154636200667
-0.17974281670786516,-0.03764282813088392,0.03375992203226288,-0.020052544189404258,-0.09791855260357345,-0.045976791634320814,0.005528411223192934,0.017204484048632274,-0.017996501679215657,0.013211776016496554,-0.010465647556501149,-0.005787751710155601,-0.0162228236006147,0.028169359099586146,-0.05254553285478945,0.016133192403395547,0.01458354220791134,0.025496735114098973,-0.012997764976997297,0.025219885200323783,0.5587490876691175,0.6430951285642182,0.3097452185604227,0.22472188351587155,0.16051270609013188,0.11277405209611276,0.08260429352020826,0.07689981190120289,0.07663545725805639,0.07859928814074861,0.039002019321121115,0.04780562443209208,0.031098512993990784,0.024788301727409458,0.03687255098027082,0.037933967270119086,0.028140192379857498,0.03030456675984609,0.012723256408659457,0.027840726642755487
0.12487091028356326,-0.3286265017907283,0.16159919350684962,-0.08789921698834122,0.11981121944060531,0.11085564933902362,0.19104639346511385,0.02446892420690251,0.11973473534837542,-0.05968308150026668,0.06333295074542943,0.04694688070525672,-0.16811908500564843,-0.09412644965392257,0.01177083154847191,-0.022337387274045075,0.06470174001192565,0.01305674356798961,-0.07383654023977272,0.008734677992380424,0.45538812710670745,0.5378806682252141,0.30110376197831107,0.18074546299346295,0.13677973300921112,0.13816397819406318,0.11417336907517904,0.06308992420313565,0.08960856625502397,0.05404531773236017,0.047205235007594715,0.045015601264714655,0.09060035799030657,0.060444517341328045,0.028369938340570645,0.02793370612774476,0.029649931976927328,0.03728866231961056,0.032313511308728705,0.01624657746381233
-0.43786756690400447,0.11444078886963568,0.05388576242466221,-0.19436705191085338,0.022062662107415386,-0.09754422937170112,0.023242631924306336,-0.010825423571856117,0.03874419596338535,0.006830665239196184,-0.046027392837975856,-0.07970555911534918,0.06693818655077292,-0.01477064407623773,0.006822570159450703,0.011326750656506146,-0.055815386018680094,-0.01271034366851559,0.003112756708552545,-0.03218498698107063,0.7306100311970632,0.26012579922923834,0.19763326669517073,0.2128017104116832,0.0679562558740989,0.1313345902430923,0.04655114777073126,0.04834719909457588,0.04064046581726264,0.041448566243132506,0.03503680651505235,0.04154487453939661,0.04763540088932508,0.012815588067806525,0.02896927298575789,0.024288332016556582,0.03426406372890132,0.018906592788011874,0.015611340724954922,0.02205536378915148
