0.10622226199068316,-0.28101982995182384,-0.06328131716254479,-0.23185737474451032,-0.14663798536893868,-0.14839373888614651,-0.42800524267036183,0.10164080292292202,-0.3982153810008252,-0.22135736104242765,0.01011945114976369,-0.11056467900946704,-0.011285898873149899,-0.019726396098801446,-0.028565029334467078,-0.05981733230621724,-0.0078274019003232,0.05581422391068081,-0.022810746542218763,0.021434381062125116,0.45656942484520874,0.16408886901164804,0.06743003428873676,0.09076287787527629,0.03708949867027573,0.06498448192906998,0.2712941506295596,0.03556112459077697,0.2218043326507726,0.07964846352357292,0.011651835958403332,0.029606773606351746,0.008122670315068792,0.01247849524394737,0.010276976675738748,0.01153584009104606,0.011340779907352098,0.010253135331839334,0.005207372090949668,0.00820885482407456
-0.4331839276833263,-0.03229059672745215,-0.2744468830391897,-0.2742430468314133,-0.10682553093596768,0.08863768111437718,0.05876835364371799,-0.02554407184369367,0.10872670131716615,-0.12197011557802519,-0.03597141850139095,0.065984620141562,-0.11010610599561248,-0.03733032883518896,-0.02601557020650113,-0.14099335828782997,-0.13857553608402212,0.00957116725107768,0.0027656559905174538,-0.03285837189312114,0.7027121919898127,0.0655311836649464,0.15631890332862125,0.1326204535269912,0.03314991589240466,0.027390346332048152,0.020448190115210034,0.0176793979958942,0.03142367046586938,0.030260546240101792,0.013959209716082633,0.021835913218714226,0.04608111213343598,0.01621921621356105,0.00613706364989953,0.03763539548321474,0.03709079182282511,0.004729990364364744,0.007191131315401953,0.00595081546292696
-0.3108151832709423,-0.07878771872140461,-0.09806518771285422,-0.4183493510531303,-0.08306021448580547,-0.26379950142229774,-0.009467642674489121,-0.11634278444927633,-0.22655438698803188,0.06989932858728723,-0.16065926739000447,0.00011516597811257829,-0.028000221993449065,-0.18290603930998572,0.010427238045123279,-0.024798572078759067,-0.0711943654401914,0.01233384338410996,-0.06296057890785388,0.1058767924843325,0.6086209871346479,0.08641257398697991,0.06211680268277341,0.2646918393344809,0.026680872249556554,0.11995707131390267,0.025897872514971432,0.025797510455701476,0.09665594026355029,0.020863545675727565,0.05512473927088462,0.005678088387245414,0.009720165790483565,0.05469540854906743,0.007322995283119339,0.0073377864202889866,0.015411503970906912,0.0060637277912744605,0.010906637830639379,0.01943357768006488
-0.024049448313283317,-0.04229354146381509,-0.32367676584006966,-0.42382583839327076,-0.2963216360205999,0.17971403889658003,-0.10486509517112981,-0.23073697369896523,-0.049631926464015375,-0.11315927706946416,-0.2672107791196858,-0.15912359306013674,-0.06267665258987994,-0.11445989091158998,0.0042320427538894735,0.004136559456716043,-0.05627206238815824,-0.08033954973965755,-0.07051209671874206,-0.012586141024431091,0.4508109410827253,0.11063869126881615,0.18017771025893609,0.2688148294966059,0.14534174009055104,0.09271301370159926,0.04607523048837341,0.08828593109267689,0.03804511643448523,0.03184884280670308,0.12006310138342258,0.05916032537449288,0.0273165774117519,0.03724626663680026,0.024086817739804152,0.015802298642382213,0.017166412519382373,0.02650589033604908,0.022395280417578798,0.02046441172498587
-0.07854038013501391,0.024114726154593317,0.08102107564212167,-0.3647852927064222,0.27127139860479044,-0.37085902797672504,0.1690467453604835,-0.26053709266305175,0.03413095068604958,0.17769638192818962,-0.020849247685463177,-0.056188695073048994,-0.23668490454024893,-0.2207042329088798,-0.12036862619863899,0.08808144881044334,0.06865084860907583,0.029478841596984367,0.100082561987066,-0.007415605273043303,0.449201879727752,0.1186640175733148,0.06968295253307204,0.18495368787596805,0.15529753385929831,0.1924850795202189,0.07259170932600671,0.10965147052522471,0.02649067091854629,0.06054133672007227,0.026140452393862333,0.030705817353867577,0.09665065651374122,0.08618294556964537,0.04910646683138889,0.042576282281279715,0.04220148020776,0.03054214285758682,0.053241360949303755,0.03391715492530971
-0.009897814202901168,-0.00364331117628689,0.018673730145032378,0.005444289996617678,-0.5405582914466396,0.2556706008464238,-0.005960109696724037,-0.19943979518859065,-0.20220789170679804,-0.12514257246051,0.03518748519591946,-0.14389859750219466,-0.14813934013541458,0.005263508385135804,-0.3117574893680542,0.0005066100725544683,-0.036281480505901575,0.05140257763780039,0.003362656740739214,0.03965849260756407,0.40811506593674857,0.10038337491792632,0.05260502421856982,0.054357297567603304,0.39033424206233,0.11562421653347611,0.0438163379703161,0.07041456398977895,0.06664660243466605,0.043339689326554284,0.03234247871039724,0.050082146907613256,0.04477641490375525,0.028498140578415536,0.16569351912288163,0.03543085607552686,0.025407166089934215,0.025231088046560022,0.02184282679106814,0.028296467128954773
-0.15465156674893282,-0.24689114613969257,-0.01980532462687217,-0.04097094091179489,-0.0673519207139666,0.026464497487818876,-0.03782196278836341,-0.0009677600550860063,-0.028049826933857405,-0.0023305517272162284,0.010443617725347465,0.030514659172235864,0.004376212321083518,0.0007862994888189961,-0.010570717323812255,0.000958857901501669,-0.009041391868975993,0.0017900725491569937,-0.000919220466692239,0.011244992397731395,0.7142896715186856,0.5707291973333056,0.22575101704219322,0.08082044182472262,0.05806700852702813,0.025599099936337338,0.043500945420319084,0.03144761557449916,0.040704383021182046,0.023678199996163773,0.015517317758310653,0.025482907400584544,0.011217245543920595,0.00897178714846141,0.011307018520213942,0.011061079652553575,0.01047701758668953,0.008340145637638331,0.008393483160715939,0.0072270223772345574
0.043481289855619186,0.1048203489543613,-0.04065052248153999,-0.034302529424228116,-0.057176997278976044,0.03007407020112253,0.07895103648567298,0.00029227915339812656,0.00650789840879725,-0.010672299992205056,-0.005528051028478061,-0.012707807196522357,0.019918723228084013,-0.002435995301575878,0.015076107560575057,0.00729191234069606,-0.0031109870223632995,0.0009722054724747146,0.017736465897596466,0.005567277023400061,0.8784795483665283,0.2912336909759736,0.23185206815784218,0.17565263331715636,0.10136967110300309,0.06218466642501528,0.08401853687845139,0.045488996302672266,0.0447602086045388,0.030312917035242817,0.0306295942542737,0.025541132332687514,0.0344984835206582,0.021604476943681557,0.018426603828020513,0.01894087951298203,0.020818769191420845,0.014200120958847862,0.01818046441737147,0.015521235468225345
0.010534393206016204,-0.005247966624968417,-0.01665690778916252,0.0396712663919045,-0.033269388668209,-0.023606699567628446,-0.0351553660314019,-0.015173575134720068,-0.016010394226098044,0.01837403065632272,-0.01899571662573482,0.00031971256237462754,0.01473006941601543,-0.01991089977373616,0.0017046349467304542,0.008244628407577356,0.003547827158704499,0.0008042333004289491,-0.0035686782847671825,-0.010469812865240484,0.878082789717113,0.41893617017991086,0.14533622943838967,0.10264690247702407,0.060232071840692895,0.04569117043812827,0.04556492389100433,0.040929720171294766,0.03554182565744113,0.025067717264778234,0.026779287264145593,0.02140612203616388,0.02583590473421268,0.0221280147606668,0.01558344023850194,0.015143178450175867,0.014174249184445903,0.012398450402918539,0.012175771353102993,0.015593350709395876
-0.02188396862395131,-0.05215442403026959,-0.1028162236369305,0.13312023874470186,-0.07491090233692363,-0.03798776739504979,0.0306079067186569,-0.014991061468718283,-0.015152069045851436,0.010321839231918728,-0.0329189093354392,0.04523158704731494,-0.0011257242920375738,-0.006677249083085639,0.0015069546202304534,-0.013613802853377807,-0.01656006471194387,0.002428493908336505,-0.0023511118617924663,0.004853564756493183,0.9213014290248477,0.26361295853353894,0.10464182223223423,0.13872883868450583,0.04915889969494574,0.049944370885166844,0.023593486193328992,0.027216017090778248,0.016481047352714547,0.015748168315549135,0.019528910546526716,0.017147352996498135,0.009988102730387633,0.006873481671189259,0.005383201470796481,0.007301923210693276,0.007383034470078078,0.007068503286202616,0.0063216196440565526,0.004826217142898166
0.012937517182264309,-0.037730774962139176,-0.14825222139815936,0.0897217547109006,0.07549027522248337,-0.042260486209631465,0.015525423846576746,0.03189114487042464,-0.03685374878437146,-0.04635974151718434,0.0025675254070880596,-0.0200556530642864,-0.009341610943019458,-0.01795025728733123,-0.021066197681223864,-0.009131858878203418,0.014151685582139417,-0.008927135821033525,0.010762219424311489,0.009887107771340668,0.9254890895001188,0.2457720527870524,0.12401192716803956,0.1146147061587234,0.05271311709517075,0.05076634428391325,0.02441168763226941,0.02970709822985781,0.02172825596566703,0.02453547378937529,0.009132180300910184,0.01613349405686469,0.009522225363090579,0.009924700518199596,0.009425718465997731,0.0063120652101079705,0.006382895572027271,0.007942007102968154,0.012117527869320296,0.0045773646216869315
-0.0625165808981023,0.023696145674557016,0.05233648879909015,-0.07938456531984898,-0.047640501239773266,-0.07633971464809028,-0.05192411990172442,-0.00010794304156667566,-0.030179869102839804,-0.022181860954312013,-0.013572045446274194,-0.008459745382809698,0.0010406363884883356,0.0032886764784437294,0.02172692443934569,-0.01538574732765377,0.0020781757676840698,0.00048517313273541656,0.004813168637288551,0.002642651311224991,0.9344325144753232,0.28112655536619924,0.09048054638745764,0.05205678414476856,0.03729885327347716,0.06239722479979638,0.04830955261383521,0.03469670141927033,0.020498373217518927,0.014929821017118252,0.015117542868021663,0.0069983217618912975,0.013471160868601657,0.00786469323961078,0.008440765318797533,0.007528110897358898,0.004834165446318101,0.003677633856028267,0.004999712744886414,0.003566123226689337
-0.22977663247263502,-0.1158129224818527,-0.05456051699879376,-0.12658752008803106,-0.0008347941403405583,-0.022505888437365586,-0.07365004954535094,0.03993783356674631,0.0645689219184512,-0.032313824601235136,-0.020853817587604587,-0.01514294567142677,-0.02926029283112322,-0.002747845610128528,0.025203302984504072,-0.010820778833770568,-0.02358505342768201,0.026258054370501743,-0.014831709982104242,-0.02822928596241131,0.7239160400296374,0.5118411898471767,0.24496688794572857,0.15556045733966986,0.053022124789541346,0.0496698259772518,0.08021813481750004,0.04880848186367731,0.05333346105858318,0.052387158936357495,0.028421435835233058,0.03610102859057712,0.023662286672018175,0.022586948260793462,0.021648670149653857,0.019342864731691525,0.039983378196086446,0.03810156122240572,0.015131796654176405,0.016570657483109277
-0.3658460038532416,-0.0795512690331398,-0.15746340112972862,-0.05569419695099294,0.00035743998462136364,0.02847810010915085,-0.06476860668248532,-0.04209354143301974,0.0018437757234166909,-0.0019139598531657926,0.04485747998664496,-0.013267676493638757,-0.029743232686114666,0.018798478422333884,-0.01205873824584204,0.00726068940134672,-0.0049387332239474845,-0.0037672773452966236,-0.012152104850175234,-0.0004536220171595483,0.8003028775177865,0.28954292665922826,0.1617030522196985,0.1679236791310834,0.10371118010405218,0.07000682945806463,0.07161358103062355,0.05395259847212858,0.05303502792054289,0.05419237892307446,0.05147064023008782,0.040755697810555595,0.04452578314095016,0.03619035821323958,0.03728079700471885,0.029918064902511338,0.03202787170342326,0.028820097637085536,0.033169431151826176,0.019489298754134413
-0.4878210501158156,0.022026347702933418,-0.3747234854832156,-0.1696627788407527,-0.042945986409547394,0.006488741616926851,0.015561961947556725,-0.04101013151716723,0.0008679924667762873,-0.024509112949811965,0.014562357520035409,-0.06074489651725242,-0.04270003718387268,-0.01658026202332183,-0.03636518240288149,-0.03786060999213762,-0.0054827269990862185,-0.000458351071672637,-0.0027663222209286767,-0.011283113081509881,0.6587472296899504,0.08536408707205359,0.20491002691468538,0.07219716418478132,0.03885858110580053,0.01908247157275007,0.1925179076889972,0.0669036115517922,0.17832222957355723,0.023450328953647077,0.05723769392166832,0.03989171404773073,0.03584937196571208,0.044519513924461664,0.04840118957124492,0.03058440238586445,0.0300773430089319,0.02966595276817188,0.024017381511100035,0.03220588585328272
-0.35408231514641525,-0.1525918263669863,-0.09617164326851489,-0.03541392965558035,0.09346607803004646,0.037716212920898384,-0.11765908425769225,0.011506235904595154,-0.07737288620628553,-0.021101665389316338,0.01653160418690589,-0.03142175655871741,0.008026422124623154,0.020680693788598718,0.004003032516355939,-0.03137228040678761,0.03430081880990238,-0.006952305468529687,-0.011140577206704043,0.014313995148313868,0.4644840237922971,0.5386479721180315,0.2406459903718526,0.26128922292633544,0.20006426247348502,0.16203575909818516,0.15998285707972,0.09973325179489785,0.12628064710223671,0.10051983207425699,0.09133591150653687,0.10608179758825231,0.08670892002224315,0.06184122157625549,0.05799308004927715,0.05921936728569731,0.045651474339033694,0.04907365134958776,0.04601649377671593,0.040045843324127334
-0.3800805563228576,-0.006758463553618281,-0.18108887061897985,-0.019358189012104766,0.018491987708270034,0.0587055533686467,0.03171100639881189,-0.012858853366170438,-0.03229073078758744,0.016176101518489076,-0.006094543883540086,-0.0030507461360137406,-0.0046441373748672375,0.0011430696298858182,0.0201923761825964,0.00631851311090593,-0.003074570751526176,0.0096843504338957,0.014388946919423082,0.014557440441715086,0.5000393619510104,0.45646353980846255,0.441466123192199,0.15721157123979385,0.23916026057748085,0.16549233218801293,0.15478257170266438,0.04973595052995322,0.07237375477680223,0.08775687167490415,0.0586857286710757,0.04195156413558023,0.046265040617516386,0.0342846915317007,0.03450897973285557,0.032148501911140034,0.026981343939494033,0.02391671539966104,0.022592228414116695,0.022488447936683427
-0.2949414981428426,-0.09329251117751568,-0.13080267496378642,-0.09970397135340821,-0.05192995123757442,-0.0030466332299263856,-0.06632300611393596,-0.031185024690839433,-0.006357374946426661,0.0060182062871914025,0.026453019609865916,0.003351361757337629,0.03625315708695045,-0.027147343028452394,-0.005617070521893607,0.0051650219437691875,0.012534926292106941,-0.007028303941031753,0.016317658123849856,0.021575323866919984,0.6703684394143031,0.35278413076404247,0.36980426352317997,0.13504413700370832,0.20652024564782975,0.20874591579179866,0.11265732711941434,0.10746886449773389,0.062469817557493174,0.06090396523643767,0.07118343660196912,0.05607254258217978,0.04266325727740075,0.05325695094274624,0.039273638713887185,0.032696234734949904,0.027598394862920775,0.028584130507985955,0.02476670681056748,0.027401200078556738
-0.0034596476109104426,0.10175699073167521,-0.16695562131608524,-0.1194758715369259,0.06301838393147338,-0.12390073548502235,0.02239359218195243,-0.07906927428134816,-0.11122817630560991,-0.09135377369942928,-0.13243144178973087,0.11267251620842195,-0.06395189839855159,0.06817384560893863,0.009168873759435479,-0.029472076841341753,-0.05005100438943746,0.0310377286036484,-0.07053721296085938,-0.011269037622451726,0.8144477730013122,0.2947914042937357,0.24181825315714878,0.1413379278464495,0.06502920517110233,0.07398537949853536,0.025140995501850342,0.029989611936057314,0.054106719364579545,0.0428771396188509,0.047351331619214634,0.05240598876396746,0.019387715369726423,0.027175278029941238,0.011732494349220005,0.015121170167745696,0.017421337789901188,0.01446769784009664,0.020735962857085243,0.01027228767007931
-0.03529712517893129,-0.13411055529876287,-0.12815095065031148,-0.19083784660246486,-0.03927802232100988,-0.14701980591871644,-0.23410038745063944,-0.09387411075098827,0.04544716822802024,-0.02225709848897848,-0.0592505878280237,-0.03232833166739428,0.05087650688036257,-0.11585940012661164,-0.016246884358162524,-0.02413716236977911,0.008529694592891228,-0.06508890819123764,0.03714888372313009,0.00981480983386728,0.7616096992630474,0.3224908421055412,0.2524893071974798,0.16081139014355794,0.05547408682859371,0.07886255693828718,0.14553114819452026,0.04382427324833352,0.020090272321494025,0.01844783455787902,0.026037253321326614,0.01371935456634734,0.0163696242169547,0.05150081726862521,0.00926772649400094,0.00903281419204888,0.008724087332936597,0.01914147432218244,0.009938418320833212,0.009828214789720293
-0.22148355359697144,0.14482942621794972,-0.017597104196253346,0.12471072887090387,-0.11550758669634699,-0.008292338852336833,0.047840998217387666,0.0271922609847536,-0.15983555286464904,0.056383746196780236,-0.011966457666326808,0.007748297148233812,-0.037633968727859686,0.014018452558033766,0.02579427841533376,0.018745306018452514,-0.04956750175637442,0.0007023869558562578,-0.05817867321697856,-0.006561338183369009,0.790062675242086,0.42128937628882895,0.16457943784045936,0.12208300141466673,0.06532225202637428,0.03494011296302708,0.035818675823351576,0.021616315354274128,0.08757736274357969,0.018795436310307716,0.011630004183197536,0.014693743113591022,0.012306779447168138,0.008374325847604506,0.009456948389466277,0.009958562266692087,0.014146599105571268,0.007588687421574958,0.014752664568610449,0.007161792628167102
-0.05469231851487402,-0.045931064067883616,-0.006690354925575586,-0.0799985700935362,-0.00012073916644778288,-0.011923172031191377,-0.04199110695531934,0.034393718412226035,0.015724234896752214,0.01067520763204928,0.0037709625100941033,-0.002197284608938261,-0.029375798569274317,-0.004554265076320537,-0.02551135416270126,0.0010081782531795819,-0.007728271429720378,0.006940953822449801,0.0039062491243348984,-0.007797230080091239,0.97016216467273,0.1297095139512072,0.09138990629561013,0.0920632846341078,0.03671382608831379,0.04008663561330183,0.041111886566343576,0.029387790859631824,0.02290313941109272,0.01705307347568093,0.020508307109493938,0.012642179484651081,0.01839088804962167,0.017802975521733374,0.013459586012257118,0.014177882071333822,0.01122188808791508,0.010182828526096692,0.01086027491381282,0.010495181725874166
-0.15582488677374448,-0.0036450995444190495,-0.04184451638755227,0.009437788718141011,-0.01311850625985286,-0.007504742812027824,0.01789684258677618,-0.03653262298183252,-0.008862772159868686,-0.006748180419286796,0.010987939664782276,-0.0032585148019475168,-0.024334319304867465,0.01340843010698928,0.013972726881387619,0.006412165524756826,-0.010141348040385644,0.00017559715751757905,0.003808111740596998,-0.004574002581683132,0.9714540431048146,0.10772444489330922,0.08923591260441098,0.04619147108581539,0.020076167419837396,0.02968795158722242,0.026547482597015115,0.03228675715943525,0.024244593407008522,0.021768452348054208,0.012917173866138287,0.010001666419230055,0.012239112680800674,0.017184187335907253,0.008798937791848493,0.008862616980579522,0.007214468275117359,0.006656235249543293,0.007217150402992032,0.006782359869784994
-0.19488614970907722,0.004666879636490708,0.00209767706717806,-0.03165877398217576,-0.0009535645176490803,-0.01238742241621455,0.0029110337437846107,0.03773082250844475,0.004573613205016208,-0.006698910171079469,0.021461511729684437,0.0022286488950415176,0.02204418826136848,0.004329823901067307,0.005018906264874291,-0.009596667579337454,0.0010552325266582462,-0.0026732741505352668,0.0068269142343109525,0.003983528762687316,0.9631396581774068,0.09871900408702128,0.09167416895659865,0.0808186060378024,0.030191776899333427,0.033145339154968215,0.026985755594155763,0.03311192837414163,0.018303919210237114,0.015097221686036544,0.019091105728324054,0.013470488777463537,0.013306104250045877,0.009751392026486567,0.014207789578304864,0.011580570656005224,0.009380022889122312,0.00927344121698781,0.009531597216925458,0.006674756994641906
-0.21822082378146512,0.339500177839103,-0.38079088596177885,0.10197240507273095,-0.10528718201446129,0.027950921921828856,-0.12720379952546837,-0.21477825243672763,-0.11081646239589472,-0.15544719506835816,-0.28058967073446583,-0.01931692468520054,-0.06923545401488064,0.0008317787961952432,-0.10221455735779411,0.011912311600572647,-0.018136120755890946,0.0107324587402097,-0.030786415339786613,-0.04243929022555265,0.5550191258712263,0.22164263632924094,0.29710675726122604,0.04854098381674442,0.03967980041995746,0.020029851484766888,0.04079172166553967,0.07042413413610091,0.023665554892578575,0.03644375758900368,0.11963495751973588,0.00917180180100603,0.013891439857635452,0.00830569242143413,0.017018570005732876,0.008621838882315725,0.0046067318724129745,0.0034221188338417205,0.005778817895833874,0.006375561837979575
-0.45637420860114286,-0.15676901358400808,-0.21087555962547389,-0.01302864664987484,-0.055402922812892656,-0.19340384577249145,-0.07864887606621951,0.0031411180609616156,-0.08443477378421212,-0.06492705631110092,-0.04466802672566647,-0.1558283372846448,0.01181855094443323,-0.0029473890502537676,-0.050127198557398014,0.04459486498172028,-0.016060559961793876,0.004523610946908242,0.028837194126220725,-0.0002120741135195549,0.7745214965410215,0.08559994595452627,0.12542410885297137,0.020934651360557877,0.016268664806125318,0.071631297329429,0.01892309871533218,0.006027652427466608,0.017834050039068686,0.01298393445713992,0.00879115979968468,0.05019053327876682,0.004051695857048861,0.0034213050377197977,0.006289339624270662,0.007339382875187246,0.005263799614126115,0.0017707531016127444,0.006505979982232846,0.0026933387234658705
-0.49023294148349633,-0.0020980977981766747,0.008454206204563249,-0.1068798116302308,-0.008468308231900706,-0.13752651629970183,-0.01828860767867059,-0.08486583411817417,-0.037241577564723474,-0.039297574744612304,-0.11492309232537826,-0.0624826744272372,0.004054549341130382,-0.06183244918301915,0.012222064318199014,-0.04290954943692049,-0.007791019090831265,-0.02144947852283461,-0.001242038874487177,-0.04852111187212593,0.8272569148005989,0.043769868032831165,0.015572578635755814,0.040818518265753605,0.015932216732477255,0.047614019076205855,0.0062506070345420385,0.022957516976271537,0.011216563056549545,0.006789740440414934,0.031054985217146898,0.011955037120747665,0.005247077157735684,0.01352658700293654,0.003428213663587296,0.008557849164062752,0.0027936713290468112,0.003196286836979284,0.002334471001914698,0.006105925183258777
-0.5060549819600617,-0.08493042378015095,0.041264166331966515,-0.011945195228239825,0.2252479122517876,0.004563789020679019,0.032434274139446516,-0.049784978146042755,-0.030462701108459556,-0.06538309866345703,-0.009571649794931811,0.0029649750367612454,-0.09443633345827436,0.004408170675299745,-0.01918461153906756,-0.01596982249824902,-0.008452192992853541,-0.10741879534737671,-0.04996305841101225,-0.013729609473739185,0.786208270683932,0.09731545830074449,0.0500565903644451,0.022526214279526717,0.13721973294994014,0.012592051528130976,0.012440351431280895,0.015448422341781771,0.0059689307274679556,0.01414125677865468,0.003945808080085647,0.004588524896121875,0.01792478373862887,0.003217163869839721,0.004385184692438698,0.0034672904328246993,0.0029509295471113173,0.02667766912757115,0.00729370792806307,0.0024222331968678065
-0.48525005052765513,-0.18675265010418837,-0.10214301024253816,0.025841752442834466,0.07249806397271573,-0.08753666084276499,-0.006913934040091985,-0.12354315831572822,-0.2259251358195618,0.02902538924722157,0.11322020976022695,-0.009331743792875668,-0.04282734787492143,-0.04524706419766256,0.08122758651929458,-0.012589076190874654,-0.0003240525250667936,-0.021358530869793106,-0.03300908568537527,0.01810613279503444,0.7618584210264079,0.12031275695794723,0.05617328346387712,0.04381654058618423,0.03704251879889081,0.0205713620133395,0.011570337956842529,0.03484763915159365,0.09366336184146928,0.005900697311699984,0.025983608186864255,0.003999011814093402,0.006591325173275172,0.005948051986362185,0.015553819692965822,0.005014432044922013,0.002839889900642334,0.0028791946883509325,0.005382884220581555,0.0033233808304818945
-0.48640342666423586,-0.19625126487545994,-0.16982853786721977,-0.03954814259145729,0.015970091229219708,0.05055927877483791,-0.10300567116667754,-0.10484061000220304,0.03855136974805429,0.0012173514536563121,-0.085074670967096,0.006126290892799236,0.06689313523867083,0.024512468627784566,-0.04638692760799464,-0.03466388347425156,-0.026227751557288913,-0.020644778838377762,0.02671328210302111,-0.04262172420688073,0.7816642927141763,0.15231930252252718,0.09731132356277396,0.05475419391479785,0.01811395562726379,0.014506271036793925,0.02531453871119286,0.025141822360175727,0.010455202742879534,0.0046729288057648305,0.017229110087942923,0.0032394196241177127,0.012445923729669866,0.0037531954760998167,0.0056940052621482235,0.005742408655399021,0.003815239799898911,0.0025236782008773353,0.00569072744072542,0.006068064474790398
0.005025862085350293,-0.08361894090019169,-0.015320288077630983,0.08364771074883784,0.026503095604180137,0.0011604139189770274,0.009819525749705398,0.016238936165500886,0.007943234314843175,-0.0125273036021743,-0.005517517899371158,-0.003499522031818972,-0.002074514486940593,-0.01853526977125936,0.007772504711348299,0.004083107398374206,-0.00293936653528818,-0.015783733752923523,0.012567932236455893,-0.008906893567324405,0.9616257280746546,0.15027649536617554,0.07175883834220546,0.15780945367962235,0.051089536011750675,0.025025615114404723,0.021071676654128978,0.015195056252501749,0.02664350712863148,0.015761346258187724,0.01809615114036769,0.010587690125887074,0.012630619273271807,0.014131041789125953,0.0094999866764738,0.010977807852230678,0.006963991904747866,0.009527479949819576,0.008404082176936311,0.00742084211796516
0.020307630761664804,0.03750070391393153,-0.024937073874757944,0.006576922886879921,-0.013411843837287838,-0.010913433710532541,-0.006793244246655018,-0.008435040277646787,-0.0042703041503880405,0.008472503135133456,-0.0038218432841428365,-0.011322992082494814,0.004773308467199145,0.010243012243711085,0.00897615354418327,0.0025676613400909664,0.004164509336895645,0.026557004782593024,0.0005290029679102981,0.006226624233820508,0.9853601544699341,0.14369819400553802,0.0440660449210927,0.022631142283317574,0.022143530773666473,0.013972331164166723,0.019156457760203253,0.01040082243403662,0.007872339305743128,0.009347017085103985,0.004687354362695971,0.008427784962709298,0.006415365663214183,0.008236123366265813,0.005026024770487971,0.008172832709188125,0.004882164854900547,0.013263197573634804,0.004733045595042797,0.005147692609388888
-0.027974231651985485,-0.048902274193924275,0.02554862196061942,-0.004106767456043772,0.04637564560574979,-0.027212834744242027,-0.028197543885433135,-0.00906707629773658,0.005790259403515008,-0.022697007335717587,0.002589698885350413,-0.013464814735769857,0.026356964762013598,-0.0017627898099787922,0.00780034603633789,0.000980463804293857,0.007784544876829672,-0.005479798381435917,-0.01825674869156396,-0.0031828478762221924,0.9804261540543906,0.15195604088960124,0.0475568746314571,0.02171674244273466,0.04464527108225035,0.014930324444657979,0.012443356862472865,0.010768645398098665,0.005643455456992973,0.015210562286393566,0.007960756359146696,0.0047793244067912,0.015468902148407512,0.005493202411055295,0.005081673400082175,0.009543678907560969,0.005810004976229223,0.0036842652440180154,0.00981718705884948,0.00563292746356888
0.07523957179405123,0.42166569009377924,0.14470125982599336,0.024038957587080856,-0.4035124257177768,0.1569732948145906,-0.23596841674366806,-0.033022661198442445,-0.2558289207514937,0.03704337670406685,0.0011405322190079525,0.11589694311356787,0.10585132770458883,0.1314000721626249,-0.05656686106196355,-0.12791842271688408,-0.004580475061938869,-0.20826933965029837,-0.15980669792043967,0.02008574015884946,0.41242027773096157,0.31480555760338186,0.0732401511972276,0.04614871531385035,0.2113919882375801,0.048765922094356255,0.0813178272110371,0.014566536685095029,0.10993207580375007,0.012657387132171592,0.0056179688426785425,0.029375470579070164,0.027533823072344987,0.030061711983877762,0.010226495823113923,0.026756139642077688,0.005593515895592553,0.07092351280892277,0.04317971364798362,0.005982638682862297
-0.18786432917080906,0.4449655054643106,0.023304149160014324,-0.26738504303855154,-0.31423117850953286,0.08517159244629458,-0.16708360398720787,0.10933743663949866,-0.11559720992252052,-0.1342495316427865,0.2585667274828299,-0.09744998442921386,-0.16281044546127027,0.01345789647884409,-0.010981357975808872,-0.0011553590925983028,-0.19450621557026795,-0.059950049725927095,-0.004738643685641386,-0.06394109983985725,0.4310681897034908,0.34273324525314747,0.05699982421451993,0.12830760507263134,0.14132902461601804,0.03280780135980128,0.052730573854975434,0.029091877281006182,0.02412564114862893,0.035375772933146477,0.1070478868765059,0.01971619185644505,0.05686902831591703,0.007681835636649449,0.008468545203458631,0.007080145696693181,0.06094555447564826,0.0107942593439087,0.0044681639206137855,0.009949702092944063
0.08698828502509172,0.23995447341224416,-0.00047021493838188255,-0.18082150772028543,-0.5099676514565608,-0.0647706427810122,0.13543920832816234,-0.3731121842070739,0.1503275896722337,0.11078893112926344,-0.03344420400659681,-0.04818797955999121,-0.05378326278622988,-0.09088727951360685,-0.08958725205250297,-0.032583465419752954,-0.2330753744809493,-0.13239269082198465,0.05678260489878665,-0.006100410817767948,0.37763836690975155,0.15078186084427178,0.06119731457626626,0.09456044494603372,0.34046961388430896,0.027453889729031695,0.0382331750045381,0.19842912390344686,0.03752929081907823,0.024871691615440297,0.00912460248240586,0.01426341837512446,0.008406790112698799,0.016496455518245384,0.020837333656550463,0.007200178411897811,0.08289361938931214,0.030073434621304587,0.014003697342155987,0.00398818032050296
-0.03389787848697846,-0.08154237841415521,-0.019142667063178194,-0.07070122823075958,-0.0033101645234365354,0.05062029304352136,-0.09118829120501579,-0.023102088660768,0.012413971924573846,0.009419815511767543,-0.01585273138002521,0.050037817943886245,0.0003025885386727972,-0.01804173199222622,0.00961779031159378,0.007583746366295591,-0.015447542579069305,-0.02108207641690512,0.00524553735600246,-0.0033541085913812918,0.9127386896551782,0.3136799169855337,0.11642815626698591,0.10551809118729051,0.0601793869695966,0.06657218984034227,0.06364379265651551,0.0281234965928784,0.01964964524251455,0.020311722500755917,0.011163878337620224,0.017121884452209548,0.016276307196807123,0.014385040195838769,0.009292555149037507,0.007281020714588728,0.008812782221476228,0.012298133906210824,0.005091304255432805,0.008057392632804306
0.09960821720009853,-0.07194769831161268,-0.057810040682622174,-0.007158610976896726,-0.10672330471765341,-0.06302762026973213,-0.016231566671273286,-0.0350774839467159,-0.030340132704794204,0.004295512466703562,0.01652267537650176,0.009111098170435004,-0.019054647268861705,0.011455234404770682,0.016926976626832117,0.0033223362625721268,-0.0029787191770316297,-6.184276213081097e-05,-0.0034256204836874476,-0.0002804210098129188,0.8603401475933684,0.32072868341876815,0.29117598311722237,0.13403196509206788,0.101092144853737,0.05695158194005785,0.0321757552177477,0.022673020311637204,0.025382958662311352,0.011442159947539264,0.017060807100178745,0.012932813317888878,0.013768748995954141,0.010322616380071339,0.00686741221067021,0.0054790793815913995,0.007076778673117377,0.005524549925406216,0.0050551318738281505,0.0043773755892298335
-0.011986174137484956,-0.04295082115111177,-0.028925332250878993,-0.04766521672103468,0.016753407347683998,-0.06976225384246727,-0.04571117169110367,0.04656990410996565,0.03532318625756872,-0.04184033053987874,0.00043791699049772567,-0.005462594299568451,0.0361222975913579,0.0004612528109858339,-0.015197251703054731,-0.014260156712636524,-0.00372427351646963,0.006983618917254975,-0.0013006103309571007,-0.005661124349406734,0.8710286621561703,0.41947027345916627,0.16752246016857908,0.08342818699228974,0.05706344689023171,0.04093145808714527,0.025585006519649678,0.044943997714279545,0.031166855311370704,0.026774609246153384,0.014164523332568978,0.02137363900287985,0.027642545792296275,0.005441088704305253,0.007283743786461913,0.0071172632917815715,0.005118201883969436,0.006553775147880439,0.004184566298216911,0.005181115450050012
-0.3229705119724609,0.014728577770114366,-0.004084583293442967,-0.11181010303418763,-0.018933441276134045,0.12845359655414904,-0.0499875844364037,-0.03125425484412632,-0.06418519153723073,-0.12274015528562493,0.11346205345360479,0.1650805289635922,0.0681493929705368,-0.07600837258221385,0.09153108500718735,0.04592899659043661,0.030289082887801827,-0.06450044097147596,-0.012860694489825871,0.013611823771809552,0.8149367590096578,0.22060564421992698,0.0913867179769854,0.1556141892306627,0.09050274133458178,0.07130791604663911,0.05940395811282265,0.027816062371806942,0.02906062454393219,0.05402362934192008,0.04635379522138334,0.06306736532266673,0.033161956719753374,0.026877846980164724,0.030792167650374028,0.015050161501421353,0.016733449679647218,0.02125983871343864,0.01612882266760176,0.0126739381141654
0.30383129627420025,0.10546798735966297,-0.03955544809806615,0.10105383005859686,-0.22917797001184645,-0.21518236822637007,-0.10776299897916154,-0.12399079395040952,0.05598059657252152,-0.09213346240315304,-0.047708867300601865,-0.1442178989049902,-0.03336422919466746,0.01354678602674128,-0.03110871577362779,-0.049763019458617705,0.030509431637280433,-0.04358752123705838,-0.04965762089688117,-0.04851400255163795,0.7333130438978992,0.2386066168792175,0.07702907903929977,0.2546971786710939,0.11669950906800915,0.09838082638517345,0.07280327421826226,0.07648146329319408,0.043194543156775435,0.03249918665387551,0.03938815561984971,0.050219610889644564,0.02375963080267683,0.021482614243284355,0.020882108053821426,0.03484414625508367,0.02715533139512784,0.0267643911173204,0.02621785205262658,0.011847118479142998
-0.27753293893439546,-0.1212788241563604,-0.17007042169267728,0.0887630446064119,-0.10828565208267253,-0.15650256137067062,-0.11861254162710276,-0.14589680047705642,-0.046564434789468076,0.03150976754604288,0.07188981972427128,-0.002674678337832835,-0.04979674990390336,-0.01647689152889739,0.004874884700577822,-0.018144519270043104,-0.02785862203698858,-0.04110434384339741,-0.091644866656716,0.020673677166297273,0.7898550512632292,0.30433679832912996,0.13308201574928874,0.08005570029057162,0.10653989664722763,0.08622829332948496,0.054658359318914516,0.07768234733110414,0.027881723616406392,0.04527291363698655,0.031563900429655734,0.02422537499659366,0.02326496417913636,0.020974385342327026,0.025931111680717364,0.021373693536760874,0.016437196899228255,0.019134023944918897,0.036264638922191485,0.016314854211460877
-0.061268736437556544,0.018969971564930382,-0.015432795338642447,-0.11419546954346584,-0.07498696332553094,-0.03660970524309422,-0.010577377374458893,0.01329099982008565,0.019666194459042732,0.047452958942141785,-0.007799129390237189,-0.02264364217610199,-0.01793675716006994,0.005674707965559275,-0.008789535915580774,0.007217928258239616,-0.01789560936976945,-0.03063354425586715,-0.013562100587175682,0.01772751208589473,0.492085766691365,0.6395743995663038,0.4435358462324366,0.2649303477742749,0.12561439520722278,0.10562693399533976,0.06878355153808537,0.06042081242882161,0.039213319795572445,0.0731635533143649,0.04064232873168822,0.041906830246123766,0.02799968777271457,0.03749304256550469,0.03755621898221378,0.023615817342508585,0.026939797303025863,0.02200987356516876,0.018025719668236028,0.021863431582034947
-0.03641175725465581,-0.07513712330322504,0.003862853251865899,0.019657160665791654,0.07989533702852479,-0.081841595665659,0.03235197405037769,-0.03168717790015473,-0.043871031510557955,-0.028072202166299194,-0.008179820156346202,0.0066987809506316,0.012617167995335686,-0.004469634164980375,0.0017127798501836273,-0.0382120881251898,0.002225676878601546,0.018741875968177855,-0.011755340730578386,0.021677059287224514,0.7643088592390915,0.4219310807713848,0.3317103551635678,0.18969022234535673,0.1286588463716758,0.10808322535648227,0.08900854567821402,0.07100653643792906,0.06210258654096885,0.06397882487752692,0.05779377681816066,0.05088246765566751,0.05394829429047647,0.03784733614809776,0.033527582744090144,0.030578285176438465,0.03117386558764216,0.02323967057714882,0.018466267675857424,0.022860380883124837
-0.04068364850172839,-0.08650231438971778,-0.031440064238203905,-0.08719918697691019,-0.0172465622304477,-0.032584223964411164,-0.01193363761573842,-0.05641889603161393,-0.032086191595395344,0.026847621063097148,-0.028819930538457935,-0.02307157476156836,-0.00729668499445403,-0.013417727123436288,-0.03314100601982496,-0.03783690516623344,-0.02284306673049007,0.033766241628921424,-0.0024822066434192127,0.01717707277762237,0.8391044141812585,0.2978601033634241,0.2384603645626377,0.20418132079023688,0.15690405075458946,0.09674749112321655,0.11455827509832638,0.09953189670464155,0.08337406904842369,0.04353015257015851,0.04916312892667115,0.05114659096769676,0.03533666249943985,0.0340707186562871,0.02310468324678868,0.0364743421679883,0.024036866273845586,0.033885820746283615,0.030273305559576778,0.023896861934317642
-0.4082186854375994,-0.1470751333686165,-0.10045199695285895,0.02554167212341327,0.014156857008242128,0.0018821383841049319,-0.0019526891148959112,0.005425311044285246,-0.002004427150934889,0.001968961538971911,-0.003639718208571008,-0.00046658391604529925,-0.001147049996638938,0.002224287758046465,0.0016417291887103323,0.0023146034001956264,-0.001998703801526117,-0.0015354633673187465,-0.00047239713946563966,-0.00032859885883185696,0.8343999731624686,0.26211799222269805,0.16311939794128152,0.07369099960249463,0.030457998419569393,0.029533338104342343,0.014282680630124289,0.013418487972600313,0.019703371238464745,0.010920404063348554,0.019846615230813144,0.0181525308834764,0.006986976134151909,0.008294678287315225,0.006362900315118677,0.005232695924937862,0.007992292126994939,0.0052706528211195255,0.004241441219049264,0.005141303409476938
-0.20363679492082212,0.13774623907031938,-0.07699452639977962,0.005507484312627979,-0.01848667362514252,-0.007397373329946213,0.007143312499141606,-0.010358311815568899,0.012139820668443012,-0.006942087251210954,0.007206454974314302,-0.012510073899398509,-0.004827005391480618,-0.002588270255357952,-0.005171508816975032,0.003445108355652732,0.0029979321211476917,-0.0007635196743814311,-0.009571184310258288,-0.0045706059167389766,0.786968669472382,0.5058528512063314,0.15527428940280696,0.12009265212650878,0.08593281149697331,0.05842757768401347,0.05172709726975834,0.04012868820395697,0.03451337460400741,0.022153906306673108,0.019626509183057587,0.018223580583388733,0.014284107132363144,0.013314439406148824,0.011548596918414863,0.012628184045463264,0.012225460663886318,0.013289431950631349,0.01000760228682845,0.011271066504479944
-0.10558007474474411,-0.10039665549754537,-0.5589205786499744,-0.40709221074284946,-0.0931814425581016,-0.152674484700667,-0.25031952159626136,0.032212488966656315,-0.29816750611024345,-0.2063348148354804,-0.08023860934821682,-0.06935782150934827,-0.04201024683583595,-0.017381372826017434,-0.03754346748126922,0.0053957047822576305,-0.03332684696634387,-0.039114838858212625,-0.004318195328283825,-0.0038165889843983225,0.21585417864966117,0.030293031368580567,0.37399873761789637,0.21123815145535726,0.02850042666254649,0.037623966456126666,0.07688024722602949,0.0066038011383707865,0.11177000097775915,0.055190476927540276,0.012202572096429515,0.010184736716063666,0.004167180715091965,0.0039940383476926855,0.004335506412921698,0.0020310495065710577,0.003236046675844343,0.0032430936038918587,0.0008597200997172749,0.0016500698433713145
0.05635963480299555,-0.6738014968103697,0.07634182342242705,0.025633835829354544,0.20238395550581623,-0.03311576645720762,0.007249541913715899,-0.07726843659103809,-0.035848881936600165,-0.0005829009841491302,0.054296666144049786,0.0018373869602615796,0.006887253232260313,-0.03932041527992482,-0.008847542687367208,-0.053428014290707336,-0.014671736877523392,0.011990310071161372,-0.010359724806991117,0.00019398497966505464,0.1659875070862764,0.6673422002936064,0.01829801753587028,0.017384425212886877,0.0712100089008952,0.005800249307668123,0.003675254621537292,0.013056507901998304,0.005213805884598115,0.002145960609773284,0.005969881279892175,0.0024154851557701717,0.00147997469126258,0.0037203615225411264,0.0021781015935617995,0.00907430630630948,0.004059580880938021,0.0017664317673779409,0.0011299993261601334,0.0010472577304157895
0.4824166706367665,-0.4955250767249362,-0.1616521083665253,-0.13678887711234622,-0.1917601988928204,-0.09573537901827076,-0.019737923120022545,-0.15413986993633064,-0.06702996049470131,-0.16117894060114696,-0.046707721090325664,0.046356747786119305,-0.020903229918598606,-0.05616809766452612,-0.022893890191397797,-0.05342972418135605,-0.0019155545933565578,-0.026835002838333254,-0.02524711247708444,-0.011619876520138071,0.5008785259283057,0.32025277824554765,0.05198692669823752,0.03322974242154172,0.05537351521509757,0.019232004451503464,0.004882652283710627,0.03277685103110307,0.010317926787100033,0.037741806884262805,0.00491570397482583,0.005024174453126362,0.002982642892999241,0.009282860043982885,0.0032814713802254195,0.006096259393302632,0.0016654896968827044,0.0026099340228640825,0.002294646585498971,0.003316501406877336
-0.0010818002642623665,-0.03873543483993549,-0.04909582548696538,-0.03757695814268481,0.04040854674317659,-0.039690337084746515,0.025481961453917654,-0.029385912315986012,-0.01239667938200644,0.027727240974761085,-0.0017423908892469416,0.002028788103923806,0.001442645544352445,-0.012091723374480534,-0.014883109429591595,0.0031906968680948107,0.018130696878914568,0.020873297103222086,-0.005150555599251069,-0.0027987221017036885,0.9499905488139163,0.23570939687224815,0.11268121060359886,0.07853021378452463,0.06604071583202552,0.04787225768674961,0.04093641345627271,0.028652841455518545,0.01554355196012705,0.01930397110518809,0.017197026712123597,0.01380863758515156,0.011536908554211238,0.01472646963213362,0.008922898291128498,0.007228460704592269,0.007449449071608,0.009282968928646364,0.006137594870962102,0.005458242411740526
-0.07292038571523758,-0.03525911551841619,-0.054470996772955374,-0.050370242860340614,-0.027721672251092618,-0.01924849023601117,-0.015248090471813002,-0.029215726114570375,-0.019397642714487566,-0.03872854330753436,0.00678388836030921,0.03253809291033353,-0.014201452595354647,0.008449187088692902,0.023961378829912356,-0.00681768880959094,0.02054199948193275,-0.008641102322441552,-0.010188386565300923,0.007455495906659383,0.8816300936747501,0.39220532589052354,0.11317802835456431,0.1302856433741068,0.05918893840849004,0.05823248661757423,0.07548631033416574,0.04230673008729559,0.03778069692817436,0.024908301082886126,0.018390895332881293,0.04234291326937959,0.014800208182135692,0.024965976020532906,0.01761437570775063,0.010824375842060138,0.01219439990521112,0.011729092272158724,0.00977674756292136,0.009285247142673916
0.0010896562073164054,0.16116320940770254,-0.14276540330230233,-0.058004000061309145,-0.018182933299965637,-0.11820560657413617,-0.02148902491177243,-0.026150675963067225,-0.1272859068775895,-0.0015899902053759705,-0.08116924800074501,-0.0017082723585437013,-0.03777540693302888,0.017754016173435444,-0.03126535737360958,0.013926551098816416,0.024298438519203602,-0.026243315148815092,-0.0014922152757217847,-0.010001498011244087,0.7533739786062257,0.4821079416679324,0.26853594022967364,0.09051456935538069,0.07318267785691498,0.09761667460203134,0.0413464252408803,0.060429625057560256,0.055781228121011835,0.025374813245151086,0.037340006323266756,0.014236298611193385,0.027578083928185896,0.012416178638798027,0.013983944054746284,0.011465901789592161,0.01415993853105673,0.01504898037046527,0.005912441186342647,0.011509626350742192
-0.12522552065172393,0.13169819692982038,0.4948681297166521,-0.15975905208010155,0.09603815841037812,0.4488873913966954,-0.0654595423009425,0.07507951734888416,-0.02626295846128255,0.06908326841943138,-0.22829653109701314,-0.19803907365794834,-0.10244292153072047,0.024038780966368432,-0.07281140730249734,-0.02053934064873095,0.022570211093615733,-0.1983564680754805,-0.0647779525290014,-0.01906524342611136,0.3126461334498098,0.09427591589960753,0.3500547913505875,0.04837369036180039,0.03395998981203051,0.2658827807645854,0.012417552158849886,0.017313798827958388,0.008074131322579824,0.018204195704857574,0.07285633808939243,0.06782100882950177,0.02151764414873159,0.0057920142250336756,0.0112179051906144,0.004409765130855402,0.0037470248615596724,0.05464648174065224,0.010660091621412196,0.005055434553852351
0.19775242170326376,-0.19355279111911938,-0.14576231728610692,-0.3230409567300381,0.18527108296881648,0.03724171489794649,-0.15068793377201012,0.08381241892411151,-0.3508555776911739,-0.029990685392962506,-0.3725857505040665,-0.1789443174627129,0.12315035743813996,-0.24235692110137408,-0.12404624430567046,-0.04824299168993814,-0.16727920180370548,-0.04188729147696503,0.005090969079875473,-0.06084848002688436,0.4350328652735084,0.10206559251267674,0.10702339308325885,0.15156128844333014,0.0668632836026246,0.01352549696295342,0.0427558474740558,0.01968225767219347,0.1527687330181909,0.016998882214848954,0.19015170273306978,0.049559810376151474,0.024510743351071687,0.07932129366314666,0.026683700766907233,0.006301759209198103,0.03807501679757634,0.008557754144586897,0.004089494222133593,0.008490498821855529
0.43290904731966956,-0.022910201581157363,-0.0855911345811257,-0.12176726246047623,-0.2378537233813201,0.08927869515842146,-0.1636881102332907,-0.02133797651470124,-0.403333602766739,0.12150625010517263,-0.10095947169382313,0.02777190016368577,-0.13951034735448414,-0.11949357876630715,-0.13036995116810648,0.04588615209282255,0.06957920516985158,-0.018422743313888757,-0.12327618245701863,-0.10202157319184336,0.5872897095708616,0.07777365092205925,0.08781820270347192,0.03833305743001654,0.09435340469404498,0.023955777725731944,0.04745013093447543,0.01435754974587654,0.21729059467976714,0.03145800535365736,0.02901843244417983,0.0078321920352676,0.033312982014927696,0.03953146992545797,0.028639746436327638,0.008250375569610375,0.01288441202216423,0.005363790738115089,0.02714653558336168,0.0201915476263839
-0.13558024823635276,-0.06810472564020999,-0.027419890530828932,-0.0076229361366808345,0.05234659888788914,-0.023845807369128676,-0.0375372189655471,0.007127653040960516,0.0321641404074951,0.015600262260014104,-0.03588893789581768,-0.021622791399510205,-0.015241638347782568,0.014043474919379594,0.015332276873010675,-0.0052033574175302955,0.001860120610420473,0.004193798104105891,-0.004031615974297951,0.005713099957517504,0.90868709104523,0.27703645210321776,0.18428119178704755,0.07187006378537493,0.09198188571091935,0.08072250620926454,0.044673768778871796,0.034654360833904704,0.03695512854074183,0.02927713194114118,0.03849214744411835,0.025345709386279704,0.017203611416825904,0.028885755644409903,0.024740359467397516,0.0208196456946462,0.022772905348976094,0.01585115462729571,0.017880675337877506,0.015295620632975288
0.060718067846947416,-0.1338253929002379,0.018838831906485814,0.005678908536491892,-0.011460817684615258,0.00990952732700453,-0.03860711484076563,-0.007450365039225781,-0.03347402702589601,-0.0024363318811157658,-0.0230685818086373,0.007517759850393721,-0.0061267775111111394,0.0016372882618682044,0.005935839322217358,-0.002689809341556165,0.0027756350587126873,-0.011766473839748503,0.010260618371755847,-0.007162408497198474,0.8760752835165456,0.43583099211267723,0.08136108026651122,0.046432858858815304,0.03837719176812673,0.044163833929437436,0.03616164667249524,0.021901102118127597,0.02753506533100328,0.01851370381855339,0.018400973111023622,0.014481612386615677,0.014296726357961998,0.010986309600665193,0.015192636424293252,0.011125985659495434,0.009872367163571687,0.009673090000360682,0.008432138403058832,0.010342538046672243
0.018029642375017946,-0.04745133821055998,0.1475360855511638,0.007680412757276609,-0.021403744514715415,0.00931769141291554,0.024745783920617808,0.013348658370267713,0.00045831670196797356,0.002212005301032545,-0.042167500584012245,0.00036336203335639625,0.012267401220288243,-0.027541432163152878,-0.00538238905656277,-6.808867446289458e-05,-0.0048965504874656125,-0.00927507608965807,-0.021352637013496538,0.0010717075348039204,0.8303356878247543,0.38427138146060635,0.24843505853949344,0.18766660470386165,0.09765497623337288,0.07973275658792954,0.08186785758025454,0.0482455027383223,0.04288614669847938,0.03022953019084293,0.040063905481826714,0.033465356314262666,0.0299693432440846,0.030070214266376488,0.034945110245431225,0.02504583389640848,0.029648978474466514,0.024015439543879222,0.031192413062282258,0.020771682824494854
0.12619154298827254,-0.3555343383870365,-0.18500725746643706,0.01161831166802691,-0.36733106304450336,0.2764875722160636,-0.11267786475520898,-0.103111452664343,-0.08100887742238568,-0.10501350328862882,-0.1249812792728363,-0.11494484871416419,-0.10778223095323297,-0.24165358241532414,-0.15489941504354643,0.07771138330827307,-0.054966572765846884,-0.2364969087507333,-0.21818032305899834,8.555783139841721e-06,0.3880635871034768,0.2958293705444714,0.09885162297128178,0.05257451021472212,0.20325702792494518,0.12344029624076686,0.03695707982692027,0.05906460362363872,0.036859002818257956,0.02628811472714099,0.035796960638728,0.03465588183488374,0.025003506308632604,0.07705272907670715,0.042126801734936714,0.014111087581912573,0.012915025620072863,0.07075771520976339,0.07214690484019456,0.009070984486397198
-0.45865627610261916,-0.38848330436358186,0.08359762421556577,0.012961380563482033,0.02354192621796182,0.23533658904876786,-0.13189738957455288,0.04588603958638557,-0.08136736175135703,-0.02661203135525714,-0.15788140776026463,0.06324745556050734,-0.24112541618999012,-0.15412946719370785,0.03375683722653735,0.03850176464568095,0.02519956502500301,0.10458450492366758,0.09130788482953063,-0.0673723737272987,0.5662078124218941,0.23465027936464358,0.09374248950773621,0.05120692157493824,0.031215737624832627,0.08792912455990638,0.037839805484315286,0.018226849718516562,0.026197819857115785,0.012455795249690704,0.04820354957013899,0.01956953378350342,0.08422064899802267,0.04103037048899027,0.009933201167829506,0.007951862718491262,0.010762258419918212,0.021047109474775016,0.014711744790971022,0.010047942931754275
-0.594421612990371,0.0871666536268926,-0.12441475922200802,0.010142756788017968,0.0410431688286213,-0.03293156407805467,0.03593035689671891,-0.11954861364037732,0.02945956181542582,-0.005990403989789245,0.010868165813627751,-0.1004514715332225,-0.025993087658761686,0.009435986844349424,-0.04949143939133082,-0.024602374559253574,-0.0582267207737401,-0.006939468286563963,-0.08220618983724391,0.00574604870454865,0.7477443073433029,0.06979334992842272,0.09046004959086784,0.041431762465821316,0.03814622135408581,0.017552077017719176,0.013349879894362197,0.0393013670250421,0.01335486322671076,0.0069072890628467856,0.008739200251977258,0.0287266728502286,0.007106461037654933,0.009139698437250066,0.02062696773913665,0.008860556477574765,0.01315468148546013,0.007784788422578721,0.022816598506015685,0.008473241138842921
0.05351417078062676,-0.1658968979465978,0.014676490684849197,-0.016562410962433088,-0.03760865476635043,-0.010448386179882077,-0.053252625302796994,-0.023407373733721558,-0.0075157403594594335,0.013042608047300463,0.023767602088504893,0.0003580750086644673,-0.02604244855956523,-0.028824974767945457,0.03155646536648446,0.0016389866287985046,-0.006995689401029029,-0.002638320618036512,0.011536886309245906,-0.0031494928241863687,0.6764381405598932,0.6009310432228536,0.2871059075825648,0.17303635185915922,0.09767514917541531,0.08387048483951386,0.06860728606194928,0.0322853281208788,0.03775028376887366,0.03582249328811165,0.029142706366679334,0.022484505539403916,0.021804350144104916,0.018315277867591732,0.02985283447772493,0.02623483638702374,0.018316664267547852,0.01236506539491666,0.015693852933914572,0.012207273725789987
-0.1402101666825152,0.09599701003247206,0.004313065809976696,-0.06043498417237512,0.013386792995904393,-0.04649775041250677,-0.00041527642716059716,-0.040928997954573304,-0.01149022759118421,-0.03839588860190024,0.003581351272707891,0.022536546391815425,-0.013860735124594837,-0.0030060773893171096,0.002482908100043504,0.0036530658787144255,-0.012355831154200879,-0.00551215915025929,-0.00021767017120905534,0.008559839430379738,0.7200017344512245,0.5799573839710424,0.2579154077573758,0.14291969939823265,0.0855053693855157,0.06372718269204132,0.038377476461871,0.042063930793818746,0.032898719732352234,0.02967064843544798,0.019187141800539598,0.02597165783399318,0.02426366853233824,0.0126039700769893,0.013016136330671411,0.012125855224633221,0.010211319651698284,0.009556115636330017,0.007992591844333421,0.013828028301756843
-0.2255154147015981,-0.07916561594914807,-0.045441556288135836,0.09127416968745619,-0.0196391144127872,0.012236262369672254,-0.07491833593846182,-0.10853258140838529,-0.001056536215309664,-0.006476213304005004,-0.05145119111288529,-0.057512174682147164,-0.00422187153445152,-0.0028140257790879113,-0.006497770470358757,-0.006122538721765006,0.0068683804575685806,0.02083887854512881,0.004954546641311124,0.006717217066326621,0.7753458785221806,0.37357092504310996,0.21925821457913655,0.27471475128847733,0.11228612793195569,0.10197945458566073,0.06760772725434787,0.08288463630654237,0.03188226364823167,0.03662637326889136,0.04900138786744579,0.04565886249048282,0.02232621857308771,0.01681005910619093,0.022756596169980742,0.015316032384932614,0.010140634789378274,0.014879215458695262,0.01318551788658215,0.017743492237451062
0.402978654216784,-0.36513429334295827,0.1395405579947193,0.027356790927864857,-0.0015253630650734578,-0.009625983935876494,-0.14984224279516561,0.009845015701240243,0.016181157208967126,-0.07321437451237015,0.07543465000706207,0.0724718322686288,0.10966167635241768,-0.09628670794618915,-0.04094360814798636,0.039981457460357916,-0.10878843896269813,0.020248793137999543,-0.024962667831720197,0.03830733964927466,0.6614559407035088,0.3799007357894646,0.13294744962567892,0.02499999772568465,0.016184555835894548,0.01765527038562952,0.048473296317350145,0.012258634935280576,0.012783970898890037,0.017659015138893494,0.015913742686291876,0.013184937483766299,0.02584456965796617,0.02230878218282644,0.006381881005053826,0.007457279915191309,0.022252157630657785,0.004231628317734122,0.004434129275757178,0.005425173504930143
-0.4526922765101166,-0.33290456022744647,-0.2584455354263894,-0.049341671489766904,0.022549026147859207,-0.007592824697399091,-0.07956273190794243,0.05539867163908931,-0.07764486936420885,-0.10972594999553585,-0.06442886069026471,0.0647612621657003,0.0018956920200983787,0.023306568354429204,-0.14700099612294495,-0.03951733502132871,-0.026603647780363907,-0.06855774490508126,-0.01949180696018179,-0.08056935893614574,0.5989503920015263,0.3574423142419126,0.22035922378143785,0.0327969649490158,0.036205968527624414,0.02153870331665712,0.021534112621608564,0.018684016553416484,0.018177817211860386,0.029890672040489896,0.012212413086260287,0.012779285641008503,0.004991674656057755,0.007030404803957975,0.043652403423253335,0.006111590976743836,0.00584842209124635,0.011934043931343884,0.005657963154200871,0.012223661143608098
-0.4345698918421872,0.3048390253289303,0.013886866352370476,-0.14786725397400607,-0.1399693713801059,-0.08494470712956047,-0.37560085673979543,-0.08971254606900937,-0.07741068702576251,-0.1785079955734443,-0.12187298086091021,-0.030957984623958754,-0.24312618261958624,-0.02268192732311551,-0.09570543587693996,0.04840628176309987,-0.03311326589790441,0.005148853858577907,0.007565966933431775,-0.052835096313138964,0.4239851443866309,0.3393422772662243,0.09289801051439843,0.08151046932284588,0.07284190636072643,0.042789257012516436,0.2383116587340259,0.024417680476469188,0.030567305433498042,0.06781845114355238,0.03319608293112954,0.008464759608206687,0.09298903903942393,0.012290478417870057,0.029232744644457558,0.010983862574544869,0.005483643564859296,0.007945777400316534,0.005534571809872906,0.012020588143760117
0.37181648801133194,-0.45771459307966833,-0.09598287810076588,-0.08603791675306383,0.005009318470402913,-0.03424685149573224,-0.02789086687232379,-0.04035653920320472,0.02502684433963897,-0.020271552059368023,0.04988079273848525,-0.025254616039540444,-0.0006402269241243191,-0.0347903522958058,-0.02274076462125646,-0.0394487010204477,0.02391906546239819,0.02813332563755794,0.00157804734942166,-0.009846779111589049,0.5638783612439635,0.5341108047974341,0.09994941131435521,0.08753005404572022,0.02464837956733464,0.0261438012307822,0.014034595642104913,0.013481641987693154,0.008590372701856424,0.008189712374977155,0.013259839101026917,0.006467806722080141,0.005713496236371683,0.006516380715733617,0.005262037567186545,0.006715794570647426,0.004574283654392429,0.005267038400057633,0.002146321092205971,0.0024018254562680145
-0.5100726427375581,-0.01991714457586168,0.14292989587715735,-0.1898945823134089,-0.19420102541192652,0.014802904270179974,-0.10808423748167595,0.005161715409702955,-0.1348900929409866,-0.05397171131864765,-0.06277738448252318,-0.09920824936225417,-0.011281112191134625,0.0047190544692482335,-0.05058263579794681,-0.11606344844658169,-0.039096799535117265,0.004518828884028963,0.023760919319375073,0.04205271694454833,0.719394607067846,0.13481023042023907,0.14614893987376604,0.0829426115212299,0.07574515980770562,0.016649747487950027,0.05350208600627839,0.019652273222817547,0.04536848438285065,0.018668024418995368,0.01602424664137887,0.027532646172647064,0.012025812240134343,0.007846982709313404,0.01249467156260507,0.03292331246374724,0.009089130288036203,0.006081360273642403,0.007806146660731444,0.00963615438364227
-0.5019647759199688,0.012455229546054072,-0.0903441510472241,0.054220967537246215,-0.04887430489861147,0.08255271888677508,0.04543531639817085,-0.04106668260191157,-0.023590548811224646,0.009524466539928889,0.007227815946991243,0.006360541754601333,0.004134321257215456,-0.013334168675460055,-0.005249457550564456,-0.0072932624138746256,0.002948954156472903,0.00335107457250639,-0.01167838215584483,-0.0060373463534592435,0.8330459847131078,0.11348834523131242,0.097949858123158,0.0427020832661499,0.02772426460308899,0.038214205147165226,0.030812017162068384,0.018395311743148842,0.011557640017197952,0.00923210344417145,0.009103563243274845,0.00916264190237206,0.01163486383934665,0.010149291944212978,0.0074148214431898705,0.0064064038696453095,0.0049855147649398674,0.0036042548584081678,0.007386841594263987,0.0044039884172326505
-0.06019168533746194,0.07329712993368896,0.015073695299800497,0.026090322738897703,-0.006980521295936195,0.01830603399003825,-0.027286257287415763,-0.0023639620568642787,-0.009236691590231605,0.022114117019690883,-0.03726366330792575,-0.028528030355635038,-0.014269034780473084,-0.004172547966606459,-0.003694684241421922,-0.01504327590828558,0.00544135059959029,0.003963127018169649,-0.019441469636424853,-0.006031654756504943,0.7675728983924507,0.4298029925470966,0.3198040397316894,0.19462566219848496,0.1435419164115699,0.1269811044568408,0.10794997633229433,0.08500762518817148,0.05358142459139245,0.052672545686934476,0.05549807838595427,0.04809708292893931,0.03742705359430058,0.025331459128387433,0.02538753908636255,0.022284682803805182,0.02131217011207507,0.017803261383169327,0.018855081324812974,0.01598948610647246
-0.05302517124230809,0.032560563983785276,0.014083198393336124,-0.008641412233194432,0.004751373424339781,0.02969091603304758,0.022006296009322645,-0.022407372345686283,-0.026171232761748486,0.019786757666921,-0.005336153279329095,-0.00586141265599135,0.02196488859815375,-0.011822436166524862,-0.011393670154586867,0.03115383911576861,-0.02306941368089523,0.018897063951178083,0.0038689797678207382,-0.015252483489560875,0.6836994056224138,0.5441153249127283,0.2686478977239138,0.2342078204242895,0.1832666717365844,0.13954312266813199,0.12424729628271523,0.08630069495142029,0.06663049414074985,0.06883843874589785,0.06489515592343112,0.05167226653506542,0.049116676542320686,0.030454675416558562,0.028612049338665402,0.037445701110829545,0.02038078417389883,0.023230377468743596,0.021558080936786964,0.021213955244504923
-0.18869530083904712,0.013213790268609856,0.03767616720313301,0.02447405195847761,0.041181269365603304,-0.03517342268693747,0.04716823020230828,-0.057597421673544494,-0.03108876602403059,-0.013853835278213092,0.026131223365455463,-0.00027253373690341626,-0.0022334907136243236,-0.00716516712074686,-0.02118177203624854,-0.011172804658321114,-0.021582537351980596,-0.0069995717009389115,-0.013083708414904296,-0.006749154145329019,0.6428352829371424,0.6078756291003918,0.21174386319782884,0.16600488111845227,0.15311738934628502,0.13104451497207895,0.1312187001764298,0.11472457446179418,0.08626533945587457,0.07229719910659689,0.05400725535369014,0.038930486056263584,0.043524989033843865,0.038835565509422035,0.03423302525472838,0.025211929895632302,0.025640860009296083,0.023502002164843137,0.02344192175656451,0.017655833692623236
-0.03075926668692509,-0.11961493907379735,-0.057117554757289114,-0.016936213227606266,-0.11236562009841791,-0.035684236696161914,-0.000549720141506906,-0.011522836734330372,0.023552564096274813,-0.0019648513387031637,-0.000829771195496021,-0.008186571064909734,-0.0009507105049266424,0.0044314100763172696,-0.012759862886807945,0.011412254002499768,-0.002765482396994194,0.002743863713366768,-0.015555909363054388,-0.001608124120185796,0.9450622454199897,0.2360966923132597,0.057220146700874754,0.0476011352480764,0.08644009690990931,0.030672544730867807,0.01627289056222171,0.03234683066631474,0.021812033349915744,0.018313867971699913,0.014138948351572462,0.010593473123199516,0.011529993178086286,0.007615294040981332,0.008130437850924757,0.009949863805442853,0.007952767667812076,0.007957413311213656,0.013485774703592999,0.005373879211580796
-0.2059516288502184,-0.030887718549562057,0.04306456751877871,0.0003395827251812388,-0.020860515849000828,0.016869127752630674,0.005980333238450673,0.009192583405046355,-0.006742209959137515,-0.0008929761259817732,0.0006489931194557995,-0.0031571215476106657,-0.0017912123550152855,0.0007445362145329532,-0.003268733561732843,-0.0015277941294833842,-0.0001493758040341109,-0.0009434464249418509,5.9460662032167405e-05,-0.0004575024000154096,0.968109788722104,0.09998753868323719,0.07135721036808812,0.02727348340940785,0.018317735375426396,0.014072525335787534,0.007462934043982592,0.0074570502142646,0.0066814370806082355,0.004169605539993533,0.004138168306106288,0.0034639470170632837,0.0035204260098773703,0.002724320512488232,0.0032910284558997837,0.002070631224167921,0.002334602546250507,0.0022999470832328547,0.001980022653964416,0.0022951668180994055
-0.06387759320615709,-0.018137168586063467,-0.0061433018579323305,-0.022099130777626565,-0.05287335555747019,-0.030716104037903463,-0.018048433357190936,-0.019302455266797997,-0.01574689386136362,-0.014789161986425657,-0.013541724804278515,-0.009043963065286733,-0.00789781557160881,-0.0013529037892327132,-0.0038692269756921216,-0.004509926641650144,0.004954743328875574,-0.005850852998814266,0.0025202015287730146,-0.004842375538451194,0.9736074267563823,0.16891647985894495,0.0979780043415296,0.026254839871905754,0.02836613739807576,0.019675651277581,0.0264605412787835,0.01954977310113754,0.01342870230562358,0.010200666005261639,0.010136572508207686,0.006399882838895593,0.004919663616187884,0.006930318923896507,0.0070634187994736124,0.004767410145670745,0.0074911239149987015,0.005373969574886716,0.0047745204454402584,0.00437773191687311
-0.14692692871912552,-0.1948366451604874,-0.09110178015583911,-0.07771956396795777,0.02634777034193624,0.08597846287503949,0.009738772823644699,-0.02225148564324917,0.01562233623619287,0.029141324533748986,-0.008550562612417052,-0.008861254308093786,0.012878408482276083,0.00028174021755568787,0.0018117747131119358,-0.011748448463496682,-0.00601691057447743,-0.00020883374220277763,0.0006959808099210651,0.0016418516613281298,0.4976817519371777,0.6842949968881915,0.25032548815488587,0.1916620170485745,0.21351684378817895,0.1682552433137424,0.10636212393304162,0.09442413568064943,0.02429648650705341,0.044750362360562734,0.028242206709743294,0.03728830154394054,0.017393976854403227,0.01510708074985907,0.014511902672718128,0.016480515605667927,0.015129008769151296,0.011748939519174679,0.009218206767536923,0.011197222897027494
-0.3213448538194083,-0.13384474957639214,0.027712663963223878,0.023924472801129654,-0.032641388038359455,0.04355087248924701,-0.022217250046467844,-0.0012529502571218879,-0.03142969030228765,-0.014387028511333357,0.024588901587736762,0.008465378036065294,-0.014945939763204515,0.008194766135854379,0.030364562849635696,-0.018729015988194077,-0.022716537427132644,-0.01806219035537227,0.01354845620054417,-0.007754306097681735,0.8161465993000024,0.2837105417928774,0.225846119257118,0.12509186072920747,0.10639466937802602,0.06950220882571914,0.10374557929158451,0.10364889588760727,0.060020293413891986,0.06342599636842283,0.06597875990819003,0.055957475541107346,0.028446837459130347,0.022879720920966618,0.02053600610464263,0.027122846957051118,0.016084535033761713,0.01618830920160427,0.014916869499654518,0.01624490862243678
-0.19418103651029692,-0.067799321026173,0.1106184069797118,-0.05848260337275476,0.04960174101785509,-0.02749526375988576,-0.05591318178116423,0.058310714676132885,0.08715506133559743,-0.02096551966962564,-0.04327877424839002,-0.030357753118886485,-0.011067708557781206,-0.0027278580061334034,0.0018969534075043673,0.012810628018155116,-0.008223896633576892,-0.02769419372158209,0.005185659307048323,-0.03273399706444881,0.8042471510422282,0.26852972815652654,0.22957948655460025,0.2655215399138039,0.13739032750830293,0.12101089425207259,0.10439873626958983,0.10831791677957013,0.05663575362200396,0.0614062479718176,0.06425969616960699,0.038906992148321475,0.05288247756415746,0.030761576092539628,0.036901834187270416,0.026699253929405517,0.031135432730228813,0.024238439084801694,0.01707697361956247,0.025838621593411732
-0.007583029586904069,-0.1637981559613676,-0.026137195179933327,0.05512416671018203,0.028834087413831096,0.022096522930658374,0.012595810814915315,0.04250658083135934,-0.013492792194880025,-0.03773938511714445,0.015814731534737277,0.005022262976869965,-0.011017597377998269,-0.009458471754363306,-0.005508609633658377,0.01008274173504679,-0.004063626112299867,0.004868703519876814,-0.00331180609828742,0.03354691303386516,0.8817098841027324,0.31601272371143774,0.19593315066970585,0.13587754535746882,0.08520576151690956,0.09082745923093868,0.05431917599457766,0.0463981232526862,0.036136784723100605,0.04177894011559045,0.020409850674497222,0.028181812980609157,0.021004481890345802,0.026378817692962037,0.02425038154484736,0.020455286783125044,0.014736429868807055,0.022132290758688698,0.013700735484345345,0.025736878234688204
-0.08908572176940102,-0.15361386636049779,-0.06128980296129507,0.05923689926163869,-0.006299837342954554,0.0627294231790714,-0.03532813232110057,0.026998913717199622,-0.03238029782649108,0.007926972087737284,-0.0020338057213808085,0.012436080428295642,-0.017880664716261523,-0.0041681098467888245,0.022247390748329033,-0.02020007433581335,0.009099230421378755,-0.03074641179959334,0.008003171621411589,-0.005716019878734533,0.8918668857436716,0.26725252541456423,0.1497749603989038,0.15970965798836803,0.08798990146211126,0.116611064904236,0.05147715734581032,0.05507169471212947,0.03623943301664394,0.06728826880386557,0.022716189863295953,0.03409666379773104,0.02478786334936042,0.014241991662918643,0.0157193559021302,0.02063082741548884,0.01276320844440288,0.015868106554128025,0.016300928949080747,0.010534138820308049
-0.09353963412016605,-0.10439355696052927,-0.162345035825631,0.1515344483311052,-0.06589740806092088,-0.13179240648252605,0.08788066413898134,-0.011904122758165513,-0.008011830407615116,-0.05835927504332412,-0.0506645726551815,-0.06203475471142948,0.03498987165900882,0.0001494147657474006,-0.017188412158267396,0.0743110109540261,-0.015129391450141484,0.02257724837500043,-0.0032074550565380743,0.020638486980482127,0.8353685864898808,0.2577018025346613,0.26295440529849334,0.1292192927444151,0.07178053260306862,0.09098098870543056,0.09227541847456149,0.05253545310667264,0.040381624973261,0.035943004625146255,0.029236748217702814,0.03677979651716539,0.024862194932123553,0.01238826484857644,0.02625367153935882,0.03663498094485736,0.010495628708341326,0.016467186628111273,0.010201980860403711,0.01177269813308778
0.12278023117877346,0.0862272574577467,0.0874975530101845,0.08024670829800488,0.02589981727321255,0.012910457174624019,0.11351542461411138,-0.05384331208907851,-0.006957518948738206,0.007495456757803197,0.012119911737347716,-0.02217005089842034,-0.027826530501156816,-0.03676692357952882,-0.010144526367424318,0.020670570488932765,0.012400980546158848,-0.0423610102907817,0.01727185021465022,-0.04987927029139721,0.8600758067691999,0.31078153065653497,0.2236526353869658,0.14559498513451588,0.12266861752682963,0.061136518964571465,0.07979335540418186,0.04524955967058281,0.03971905512209334,0.016048964286692433,0.025126125687879572,0.012892279752985005,0.014747913298437757,0.010758153536709078,0.01031677250848134,0.011965737564822027,0.007706272189752092,0.015285707897549256,0.009001636428390369,0.017749359299524068
-0.08867357544029106,-0.14384310395457334,-0.16242902094219558,-0.029595093417846954,0.01705878133784077,0.07984870277683678,0.053568362377534706,-0.022907698030325965,-0.04633810355303919,-0.00826464061198621,0.023089829415394843,0.004574396936693409,-0.004426429756706144,0.015272452401844397,-0.029067528776211035,0.013506565632573582,-0.007364622863990917,0.0021153466740941127,0.010368071609378209,-0.004578879459856885,0.8756458987967021,0.27642815076796595,0.2520674004276639,0.09870798453432628,0.06469850669988589,0.06830909067717499,0.03927683073553017,0.025413986651308704,0.026983024985726554,0.017164062977889385,0.02095289182369138,0.012353824541271496,0.010812697088619483,0.010744934803421943,0.014167717211261364,0.008103248148329032,0.008374900627523399,0.00845652204728156,0.009003246162137338,0.007945550034937927
-0.12388001297583147,-0.394270706853499,0.07226567844812003,-0.12456943327555393,-0.013942907948554897,0.04521220633215302,-0.13378165341813053,-0.060224487337445114,0.07193408371949411,0.0827864813702266,-0.03401553171518726,-0.03659232927540397,0.0030932092487742104,0.014023118322823767,0.05770961163330912,0.042885649663842715,-0.006877725522149313,0.02683783553066344,-0.030221868009865926,0.021091501941512637,0.5591387038221175,0.604137866723787,0.18432978905212097,0.16194534955739437,0.08480404867717148,0.051329058093269604,0.0568433935886163,0.03915395116765003,0.05168754916197565,0.045844655227957186,0.02425118682573411,0.0244093918854387,0.018398072551256063,0.0329234267261613,0.03235538882497266,0.022421722821467538,0.01680284122964353,0.01882492705421408,0.02111484695023578,0.01583580335335638
0.051868413741498955,-0.1284542023891332,-0.06335510695223301,0.09093833234586371,-0.20602557871564015,-0.1747284127171993,-0.021858149121261793,0.03245594071825893,-0.12017948274303884,-0.019904754684462306,-0.06425641965043681,-0.0024283667042275356,-0.02351205610928864,0.024579312731653022,-0.01142194666182778,-0.05465007433772226,0.011376293168446471,-0.045147142678591407,-0.0536648769349159,0.04484349901123539,0.5830506877224015,0.589831531397882,0.32673106251295453,0.11344480155031554,0.15965116013232403,0.13658349251969937,0.04962372353057632,0.03919343902157702,0.05282408938162542,0.024705810768481207,0.03725759858968839,0.02484803437418579,0.02395326141436357,0.01721684837320331,0.02556073588466602,0.017869241807266508,0.011187826193070552,0.0142620533608385,0.017115516596308066,0.015034088844580995
0.10659628259996946,0.08168652809154117,0.09297248046489451,-0.03126363194638794,-0.021728381874493326,0.008730032240605215,-0.03623455063798142,-0.01598956654343482,-0.06456508102443667,-0.030200482500740675,-0.02594196283815917,0.03628778221828103,0.004829754441669533,0.017196768016090064,0.003396208328087266,-0.020472739318063878,0.009500581384417905,-0.009944735745002656,0.023763345129695718,0.008979754948112787,0.6313131248958492,0.685262127782844,0.27167269155380364,0.06159703529626978,0.07561290201487414,0.05098269540249092,0.05072155979417305,0.035562220151515,0.02634932377711688,0.03074476179382985,0.0114463426411427,0.019489532686900814,0.013974026042829789,0.016697323375476893,0.018480794783963653,0.016432880248177323,0.011394192110598141,0.007862053692753088,0.012126387772293572,0.010112597535029423
-0.607878178800957,-0.045949621108308615,-0.12128046207436488,-0.07071549790424057,-0.009509411962760719,-0.09621019096908001,-0.004462623676561428,0.0005898372107121849,-0.012796655498296497,0.010939197488319187,-0.012872458020345654,-0.026947649252146214,0.001616190956298462,-0.001342819976924341,0.0037734906940610057,-0.011324051454588528,0.0011975707750063811,0.00017615723668652205,-0.0012283887857818174,-0.003468867446640454,0.7686974492477896,0.03979058273249058,0.059463944709560804,0.021583172645746045,0.006953283680500351,0.02319787600604732,0.0054723728348603905,0.01683677389191694,0.008354998440256323,0.00510293801809039,0.015029012441867983,0.007293868049258081,0.005246191137678856,0.004049145088922923,0.008670343627434752,0.0075305062116276696,0.0036891560232359005,0.0013363790075307535,0.0030527596471447787,0.0016230524250381909
-0.3377964206915963,-0.2461651971964395,-0.11895226989040386,-0.00979421746014375,-0.06757271003932475,-0.061688068079213704,0.07954831313449946,-0.09278375073061484,-0.005715061184971784,-0.024288007132389444,-0.03212893856743007,-0.07480784886356218,0.03596694818084044,-0.017797072272342448,0.041721623503266844,-0.006598899151749067,0.002906209465055074,-0.026552502075845065,0.014515304299865833,0.005399756856055082,0.8589688912449444,0.17896031577900592,0.049565736295527615,0.02355546015588777,0.02232505663718815,0.015902233202451592,0.020048555521493348,0.022175992219668938,0.006551040965496233,0.019398755748912287,0.009621715491119596,0.027841290476435392,0.009578954656495015,0.005141115758526849,0.011865596459328954,0.003035840827619061,0.002683964778392927,0.007175627915596077,0.0026610366198704305,0.003403145358112517
0.1371593371695672,0.2542303221156564,-0.27855194983146864,-0.1334122772154878,-0.22533616306413934,-0.0718838305488909,-0.2538649329560099,-0.08421113729462577,-0.009169924763142514,0.07100075782467263,0.016532895114155132,-0.02015448744940174,-0.19352109005910645,0.047187483405242474,-0.0160370312965569,-0.12767745910699418,-0.015601303228534697,0.0018205884034880346,-0.026021630105442114,-0.013241189897087724,0.7396229721549267,0.18111984242738158,0.1364723340646518,0.043472085335724865,0.08828837552532375,0.028845355533896513,0.1199346467530828,0.01981024760074116,0.005934448923056953,0.0155699705639042,0.011058636234632097,0.007333068398880631,0.07017717290799494,0.011265266059143287,0.004685133375766429,0.033935165781649054,0.004020832633563989,0.0060133834793742146,0.006215553048863839,0.002697206333756142
-0.4715771162828665,-0.19064380662580457,-0.180192751098657,-0.08506173145468525,0.0038601649025925746,-0.02996582119559631,-0.05875052337604665,-0.18980835204027893,-0.03268314329571118,-0.07253839654219219,-0.07884143489175052,-0.021321240029155943,-0.09581192418098106,-0.13965357926893407,-0.0033598624718393015,-0.07972333877333594,-0.04400440557611882,-0.052942198722655584,-0.03353057187109772,-0.03017495373471642,0.7583264950905703,0.11956356841282642,0.07890549672356353,0.030636706130461048,0.007957852732047339,0.006800359865962978,0.009112467663111207,0.06271056559966559,0.009533509740849226,0.03744119799192483,0.021105960498429846,0.02361688136302791,0.016890759294129986,0.04900944800826453,0.01212554478704288,0.015462573177780109,0.005288184363194257,0.00829626747824885,0.004918321203706702,0.003719312049152934
0.23169293494714083,0.010720171799403093,-0.060711506392143955,-0.009108836742298844,-0.023982078147439516,-0.023272728722295043,-0.0027039694044809774,-0.013002953584192234,-0.00572595096574853,-0.04153117223551456,0.01870785557404687,-0.0316568089445516,-0.059158178667704606,-0.018566048651502076,-0.08432932981920661,0.026099884864993497,0.02732161378484528,-0.013971327677325446,-0.0315503073603564,0.02138955817603927,0.9496642274424073,0.13011278715185623,0.050093772033405023,0.023656448858534886,0.01953410084488418,0.009812918945846015,0.00871772504250784,0.007932720129364402,0.0061959977670445155,0.009369322650301203,0.004565807206921778,0.00646023456324165,0.014790552643954225,0.007245333017637974,0.024017727154136574,0.007598962491416498,0.005056586015683491,0.009662095665566549,0.016428118742191376,0.00627294090436842
-0.37392783868272633,-0.019877224761292202,-0.05168190324480876,-0.005121702783314852,0.01931521578512184,-0.017645289204443027,0.002911132274149412,-0.056606030901922906,-0.02705756497066627,-0.048297212212291246,0.010066622002751121,-0.02288493262521747,-0.034521583728733395,-0.019661189181154178,-0.04856112887138731,0.03323503542313502,0.01982169069728653,0.009735251117447915,0.00108911875425411,0.0021515096891854685,0.9084338343677898,0.11446051486762156,0.05764507360341809,0.026249482058077662,0.008087587684718095,0.00740524580891162,0.00867014725331703,0.019737005530909058,0.012522996984629362,0.012912000983561942,0.004850908091753105,0.004281390740393183,0.012422091594553191,0.005861479669627805,0.011048857214829587,0.009727471404439112,0.0090018661156227,0.003104601527483228,0.00983416351955663,0.007468516743154576
-0.2375158089108068,-0.053905548065870224,0.0288842101293355,0.004686916078781687,0.0029672536160014534,-0.001690937493325731,-0.03801415344320362,-0.026338449539340836,0.0491579430994342,-0.03382644335884034,-0.012048495612933955,-0.011838775347798296,0.013499135486004997,0.001609242544126029,-0.006549562512894554,0.013692637795270248,0.010623553934305998,-0.016259524342679407,0.0002241335652650894,0.004633237219707061,0.9564814399429664,0.10378140733269287,0.036078296320610125,0.05104382471600422,0.02440036276241386,0.021812622591368947,0.018195055059035736,0.01408686667080835,0.024120768507979798,0.019748872589978428,0.013953588935033545,0.015216945614580916,0.009772660612595843,0.008416563252681435,0.005477122990191427,0.0086054047634724,0.0056856507857317865,0.00839474446273639,0.007382201180374818,0.007267862491389834
-0.032986196528024474,0.004374104817045679,0.014472261614478604,-0.023840603337737767,-0.010212982184340705,0.015140645058619534,0.03455353735162003,-0.05789940067838569,-0.10604267326843729,0.038981158431422656,-0.015051078871091113,-0.05404313444145485,-0.028550155764981534,0.014104306384391316,-0.04613987251687935,0.005306271425877523,0.029344584987805965,0.04047359706188995,-0.03413508013372363,-0.01662275092358509,0.9679333333624315,0.11576881032356195,0.06776769933161733,0.06597310942270833,0.03312279751122943,0.029429191507729796,0.040986879363833204,0.051570540378524835,0.038236700806479,0.023604461750079818,0.01665317214551273,0.02238533620290732,0.02114287920393458,0.009365452120808316,0.02003770696527367,0.007306501064473595,0.009594424503243614,0.02192343764359222,0.012560812527571559,0.012201596490244923
-0.22076052551582648,0.020157673965392586,0.03620806032702836,-0.03040009562806438,0.0435957002083868,-0.06569342399593958,-0.044839511178309914,-0.06593502376980596,0.014179798817267475,0.015742378739867665,-0.009512258030078932,-0.03462792364479183,-0.013782570162725633,-0.028269638531910703,-0.006153269362826494,0.013136001275250973,-0.018988986648254626,-0.009305140578480742,0.005625095850447873,0.010621975219855636,0.9585823898888717,0.04923101789058493,0.04589230272857159,0.07281210499827427,0.027457930211681185,0.03545595470808311,0.020901821339764863,0.02352122295270934,0.014342091604863083,0.0063965527698756144,0.0077047021725177465,0.013946153356884955,0.0045959135966294465,0.008666362113171795,0.0030272988052900606,0.0073696800791532785,0.005843604795019591,0.004100691088159365,0.005217018774113149,0.008261383809576854
-0.0561237036891652,0.003137809739130903,-0.0313631149297367,0.12534587007485923,-0.10922063341740572,-0.05574550925213018,-0.0017196966413033012,0.02377498522224971,0.0360727076797368,-0.07005656388360462,-0.08723957475588191,0.013566025564508574,-0.026546640023194398,-0.05685664393794118,-0.018572584102667558,0.003910531209779785,0.002770969243162069,-0.0139273977219729,-0.016503263351550345,-0.019878876653865313,0.9519431147616885,0.08331581857492097,0.07809899224976259,0.10541572721689334,0.07702442225120129,0.04137127333224481,0.0313847336942704,0.02572575574778221,0.022592653958182034,0.03193006805179413,0.04971337439683641,0.015620321149812393,0.018247760239343994,0.029463915115875868,0.0067381104548162474,0.004669258073491533,0.005592908488753444,0.007893682835991607,0.007471571785469934,0.008122736480920994
-0.10956794272612298,-0.1034147930545804,-0.052570292634944484,0.02819772481375002,-0.0957764911008055,-0.041930420870923295,-0.010200760933478811,-0.0176039654413711,-0.018293138530153404,-0.032519170454136874,0.008197983803065923,0.05526935021574055,0.018662942909139717,-0.0030213779464284135,0.00306565524094686,0.015114561928657382,0.016742404182039435,-0.005883257196873253,-0.003832973066913416,-0.009793951346574615,0.8474168645882814,0.37477622050616555,0.2762064170203457,0.10370804729915668,0.06168740823097107,0.03783819776569363,0.022084842463585653,0.025920224397304303,0.02005639679834386,0.022760793744547075,0.02396510373138882,0.04190569217763929,0.01063155810768091,0.012103178799811485,0.014308844082582185,0.011683185377254636,0.019496186127129642,0.02040276752679237,0.011842718044446079,0.007662590204302016
-0.062080645368305064,-0.194120365179059,-0.04986975112633781,-0.0037806065713772326,0.019961390383328777,-0.03251728856836699,0.006944055086082058,0.005279082444917008,-0.013696709241853207,0.002490103956296514,-0.06774187915709244,-0.0072231117379009824,-0.0019574515777450313,-0.020809134957053065,0.004059381943826689,0.014099450301115372,0.008569703420942983,-0.00765901483799393,0.018932983461273794,0.006137362440554555,0.8514452887630216,0.3776060535318258,0.21646745647430132,0.10976467406159952,0.07932821228251125,0.05930236147912353,0.03512092888070172,0.05254455172376611,0.03714113388628314,0.03333568653944971,0.039316704067448575,0.04090848207399035,0.02420107120441542,0.022523624013177576,0.015518463965722649,0.0177133994316853,0.015370656890882977,0.016546540450193558,0.013761731279576247,0.010085858033113978
-0.06818240757448402,-0.043621111834922885,-0.006372159778847335,-0.007636250912717506,-0.061845977786282806,0.006688578290037976,0.01659047524693186,-0.030363039276471555,0.03222605601018242,-0.05998059900138951,-0.02629366328751833,-0.010060281192076406,0.004363715682652218,-0.014649945738267119,-0.02696500505935747,-0.005559848228630857,0.00017594142623623428,-0.02771422949536024,0.019821395095189105,-0.012721333692041578,0.9450433326553956,0.1679878843853504,0.11105144066053754,0.09255626899149762,0.11442510456160031,0.09342424429520715,0.06802184338396634,0.0501188302289543,0.06136381331145852,0.03392486165082465,0.03237913896191345,0.023158897363850985,0.023834663697087404,0.02584659686023512,0.021100064567417535,0.013989228478824412,0.013080145904557503,0.018021320864520515,0.015077643652637623,0.015873599563536886
0.2892375105052005,-0.4773512344602468,0.20422303484923393,-0.015542095107436163,0.07397810563113556,-0.1770709498622112,-0.16999117503001535,-0.1101662896222563,0.0559543515532113,-0.1239329263430258,-0.06492769585471554,0.021284871792829705,-0.06971787063479311,0.042291277588211516,0.01782740434672285,-3.436566852459343e-05,-0.026118716310212352,-0.036541633521191,-0.030585664143009745,-0.016768889093302333,0.3850369897120245,0.5669317160356967,0.23069722782696309,0.03436241688263127,0.03675166440164981,0.05808643963492953,0.05316681695497181,0.025386504178848104,0.015794255552720536,0.04365532115118261,0.016494717586118715,0.00707218120793912,0.01736476784751141,0.009543033296277982,0.005222570060457259,0.004620718093959832,0.005243960590397359,0.007031441539502256,0.005673721270070844,0.0042072448648678065
0.027595032789577426,-0.09030631737383518,0.35704577240114715,0.09274060416508592,-0.12439228935156839,-0.028424869519708816,-0.23069775532729506,-0.37773882630402317,-0.1777261950885998,-0.0432491685425173,-0.26923482909832097,-0.03260558735418601,-0.14980166344890897,0.013996197795042888,-0.09997185330506135,-0.08242820784482266,-0.16585090878731346,-0.13561623137282697,0.03197866840983819,0.07247809731809099,0.40076898737939726,0.3000920585373059,0.34243160450799304,0.09758801288853095,0.06058085192681009,0.016349593146201546,0.08497406406260648,0.18290547315305053,0.055690137247111096,0.02171322201459674,0.10627982425695075,0.026249942542910024,0.042273556984182205,0.012708687663708869,0.02399507499091193,0.02228270382536663,0.0428104109635429,0.02956536267627991,0.02020200080726506,0.021098473978409183
0.09931669092397706,-0.17199436428264728,-0.12175650506788559,-0.342189088602876,0.2444320417550131,-0.26361481428370576,-0.17746123058074137,-0.2818025001933422,-0.10358597531031766,0.051515408323715504,-0.17864034040738383,-0.17214591435516263,-0.12933476024631405,-0.10710768385182678,-0.06479535380984107,0.0009203586666648121,-0.17852089917395478,-0.12373865103024448,-0.06306133357218552,0.0615195035302018,0.4894057058797426,0.18698051122732975,0.11127001631499231,0.2832899217694126,0.12082993151883435,0.11045425125957842,0.06099675501986961,0.1042145641808993,0.024075809972056002,0.01794044390952357,0.0684038980856226,0.05428372845600704,0.03125284715658398,0.032592311985290695,0.0215227944458525,0.019119086926743224,0.06459944990234616,0.031191795860957206,0.02901714365012782,0.018474030820730826
