0.009163033245171278,0.02615306021552406,0.0017895509843883575,0.003368385371243784,-0.0010493750197892004,0.018679483773162576,0.005713844876397192,-0.0665304898800681,0.009944879180392514,-0.022126991649506947,0.0009896410863880353,-0.04745431007116902,-0.004377287136937792,-0.03053749320792838,0.00875414470658934,0.01319131575105504,-0.013588383616128472,-0.02452476162747658,-0.0008711872959494403,0.003411181186128058,0.8851616222614742,0.40292324613977776,0.1355947438158413,0.09764402945967558,0.08365024469126991,0.05852779164816717,0.042748579906487595,0.03158657686266313,0.02151493287966748,0.0172274425015732,0.015487263044740854,0.025805273028512404,0.015015006569662327,0.013374982845426587,0.008711317348959946,0.008911740094473949,0.007716920937625419,0.013543877341278963,0.006141229851666619,0.00582603861794153
-0.0036921465426759427,0.0012781775147751068,0.009312616201986802,0.00792490307282966,-0.0022209268100715856,-0.0017802096181745411,0.01248779345983738,-0.02856825216040111,0.0027002324137196366,0.0004715802373093216,-0.016220585099488528,-0.016292452504932435,0.02245788842422619,0.0036691682086712626,-0.005326283391215602,0.038966918575834744,-0.004476020787711863,0.016214894342910367,-0.04961564867543138,-0.03210944835050803,0.8819305289393099,0.4173791911745576,0.13887878228298295,0.09251061169807737,0.07281611034534861,0.04630357192610979,0.018562534444503818,0.037191440109506764,0.01747843014745607,0.02894261990442023,0.013854796902053924,0.01948884377601548,0.020232556765205682,0.01214724977635759,0.008520171990020926,0.020769667295522817,0.0077240416945383306,0.0076508671774225346,0.01865742539137641,0.014497461386820884
-0.0004172009926885417,0.0011612542337755118,-0.012503852137177435,0.009063706024201914,0.010921507900036107,-0.027915297087539728,-0.005644918445691001,0.021499814930317503,-0.005799532305962661,-0.0189979031021148,-0.028671357793583787,0.002961254270262129,-0.0007279514170863092,-0.025453626283624187,0.0203605358194757,-0.0033518808452462786,-0.0460039198019174,0.006213331316569786,-0.006336703639433258,-0.017682575731177225,0.8676264172853607,0.4309200813537814,0.172486326219295,0.10891043450036521,0.07665358903742882,0.06142776771485639,0.029688448623726015,0.028109561312767643,0.014683290229126423,0.02281824459136195,0.014963890134049591,0.014168369638843594,0.010054292260497625,0.015501267023712543,0.009639631612409898,0.007905304432865181,0.016902834128615367,0.007238654692871714,0.007795117458366397,0.010096607983594366
0.3933669578934282,-0.3345665468848053,-0.18819700736528225,-0.04656496360243624,-0.03255209276223048,0.008881009070634745,-0.10670993978785273,0.1344028532171284,-0.11682380654859191,-0.06678033432528525,-0.012803506407475176,-0.0898693140197562,-0.13061761264343544,-0.21742247519054217,-0.14701601814469986,0.01669373077586251,0.029928563320912753,-0.03424304063266535,0.016464965578269694,-0.09037849635672046,0.6736834658505556,0.2630568296479706,0.08692815294730967,0.029122867861076252,0.010795839989571492,0.011607546039927353,0.03598917579193775,0.03141280601338353,0.025380227708717427,0.014252823789399155,0.0030404510466609295,0.016425938347783272,0.03213896110132449,0.06810527537572895,0.03196231644058539,0.0035274174565569543,0.003909558926010371,0.00594622096079618,0.0026251091820549324,0.013957932052161495
0.49576810496119683,-0.07065033219547016,-0.0667661424425981,-0.06407239634125501,-0.10134725694590553,-0.13423540872169248,0.007516660830133984,0.0760829841561893,-0.051368541487936355,-0.08777399265545512,-0.026769328358401807,-0.05204363098457293,-0.06888325565327195,-0.05622646865190644,0.02894207965382445,0.00015882256024452837,-0.028111695498592246,-0.005070498118750221,-0.03311654161809961,0.03637781261876536,0.8180510611231123,0.07954619739405112,0.03497815717253268,0.02408367581499818,0.02402767057358694,0.03884647949729996,0.006241599116373582,0.021521976403043472,0.010107595124333383,0.0210967811208813,0.005735150112807067,0.007587114162470296,0.009784675515382757,0.007517466401226833,0.00476513198894658,0.0016680836273935606,0.002972473206772756,0.0010546001776808181,0.0030569070980171376,0.0037352557213748234
0.4727081838115478,-0.1323112407381967,0.03126818773021963,0.0026118327953069316,-0.08260012492383603,-0.0655346823341373,-0.06938870341294587,-0.07375954193981087,-0.08172112122417843,-0.04508800182736917,-0.07055473946082286,0.04944673097954727,-0.03973291293563586,-0.01690708160207181,0.008705890183034328,-0.0025032396626789018,-0.004080195575498731,0.006755399382318101,-0.05540006919800527,0.017356589852032603,0.8371942444037171,0.10690323455475643,0.029506767674294363,0.015936591185681373,0.020799746404588478,0.018302895752148707,0.013148561532333803,0.012990862212219085,0.015287923373952827,0.009235128969524255,0.011536141821731767,0.006011289580907429,0.008030878735451092,0.00162110736120324,0.0010214970567523091,0.0011062406103807625,0.0017322215236473665,0.0009138341988360317,0.006997708944948996,0.0017301777539316912
0.3441741559200606,0.056546555692666665,-0.3771298680755127,-0.09810869772350941,-0.13103857649370584,-0.29967614890690336,-0.19618422782823,-0.1720269010505995,-0.07691840694521249,-0.22347248218580623,-0.05072709991806684,0.030511710561603924,-0.01645768943118107,0.03838116931383671,0.06642699250557321,-0.028279562296061347,-0.0026361434072645104,0.024865540566637048,-0.057465718251976605,-0.018279782551913957,0.6084894417499217,0.1032740227903866,0.2433295054428274,0.0609249355314054,0.04057304197102743,0.14786990754015653,0.06474892748860107,0.053997328476651875,0.01562138744889664,0.07613967432324419,0.008334363639068252,0.005696852639562279,0.004273951467040553,0.005976981654910711,0.008854174205740117,0.004904483494874725,0.0032295256572456715,0.0033979381484502756,0.007038772683677581,0.004520609406006358
-0.22429059172858898,0.25557264812309366,-0.4214982186974621,0.003841492956524783,-0.10368570644591531,-0.09772245704961713,-0.10731157951171436,-0.28402130309338347,0.10988398156756382,-0.19324659182089415,-0.22431134087935278,-0.12327647860541559,-0.0638567533862358,-0.0484954206628095,-0.03788844501201017,-0.05527290392688862,-0.12634706888416372,-0.039838893407690944,0.0037070912128033037,0.018067648692029294,0.537616429951301,0.17705513467692074,0.3147603489330728,0.03279026655995149,0.029142064441726918,0.0308335808174211,0.024126060563680437,0.1301787918644527,0.026491960041504017,0.05752192278243267,0.07140294589801337,0.02505752671196509,0.00868027061721733,0.0064858549143371625,0.004909840686968981,0.006973262428764151,0.025140973160154786,0.00628918609820298,0.002881460195303963,0.0030718699095123136
-0.2887877046240202,-0.41829498149440664,-0.05556004815003458,0.3872766905729987,-0.032061450316596005,-0.15022087703282905,0.06847833848651412,-0.07557481598162592,-0.0013266855940862986,-0.09875849333270165,-0.06361531996117607,-0.050410420923597404,-0.003345534561464658,-0.0828382229475247,-0.11421627811123451,0.06353338907355094,-0.04208216339441805,-0.0019041233452270574,0.05918133675231208,-0.0393171878361168,0.5633357003975167,0.3400588064541289,0.05449864662619368,0.26040646038465937,0.012511397387623888,0.039295720372983324,0.015925460142159634,0.014509352498296537,0.010874918226826548,0.01867752027941182,0.010050920768132035,0.006493561127188636,0.003020168091887159,0.015454375651641457,0.02132363918750053,0.009290889963192708,0.0044875982293528,0.0028314974828022774,0.007840696077278005,0.004703351936600315
-0.2460014723152351,-0.01415074464884757,-0.5571911126860691,-0.03755480684090523,0.057259156787938255,-0.040146303029569085,-0.06790614189948807,-0.1942997760110026,0.12650823397603914,-0.1973270973018306,-0.08342412329383204,-0.07902437294648197,-0.003250922413820856,-0.037462675849373975,-0.019613730228655344,0.06577097854703948,-0.021036348771758653,-0.023806330776109896,-0.013493898666655386,-0.012036726193256716,0.30045156808190243,0.1913721057176827,0.5884300750317517,0.0844909212702195,0.060916463712807525,0.046877499432571766,0.03543994704273831,0.08123505540781945,0.0468256083767691,0.07999343579191491,0.02452281419053029,0.025946772217801457,0.01397848508625129,0.009328381967469514,0.00676108497483853,0.013492928042839669,0.007049234205000516,0.005295639448080293,0.005386124637927994,0.004422364367980622
0.07862958755859843,0.016346477738997417,0.17858915441115028,-0.12351811359529187,0.33456577169591917,-0.21954374609161234,0.43302408389974417,-0.17447312492563904,-0.19828603534849465,-0.16342588801297636,-0.3375723184021029,0.11546120451564255,-0.06590231150180538,0.032871033248602084,0.09119972783189124,-0.03726300772270116,0.00225827266647817,-0.02136108611247002,0.016790194640456297,-0.000134533999924072,0.37714158587055274,0.12341384430058201,0.1347648367845025,0.07697198387089993,0.1958379636986945,0.09314229778380104,0.2907882098480628,0.0721522571781094,0.07123195194259549,0.04661738864338844,0.1758579693878816,0.03028171558548901,0.021193352068546063,0.01068365158916209,0.026473383777825817,0.013009344284909949,0.008153405425088038,0.010747509677464021,0.00566368444695082,0.0069266248441096825
-0.6381409148304296,-0.12360330339501004,0.0894861564455238,0.07884182353037043,0.03584435856102021,0.0032698427141775325,-0.05044948466219044,-0.0679891640819544,0.10525524447540374,-0.07925308210223449,-0.030559072977592052,-0.005223282496307051,-0.02914200358960709,0.0005916089415200691,-0.003313641539344901,-0.01815047381574001,0.02762179783349291,-0.008391252020656034,0.00012701672045947428,-0.0014292779585682882,0.6919538034053898,0.20130457636017246,0.0629434792217789,0.04130047250176784,0.05058554085345593,0.031152784936097255,0.037819864410077425,0.02447472013657375,0.04798850195726918,0.026935571430333653,0.0138489410587848,0.012751337013193885,0.009266160536518471,0.01361613686778314,0.006730849664272923,0.0077320549976274385,0.010783492763630059,0.004228616833856575,0.0028217098059935093,0.0037203073133301335
-0.2179863659152067,-0.29703311031171586,0.032751860550234164,-0.46337521217269306,-0.38444528874628636,-0.07856491287766727,0.05595564226592217,-0.030721305695326637,0.10056506981657685,0.00034559344069463383,0.0003786702838704433,0.06027425753805456,0.0284327450515578,0.025112345488735855,-0.02585654303618316,0.04855407150312392,-0.022523163036472105,-0.058311287566505283,-0.03234418779724587,-0.04897731671955682,0.39229504092217404,0.29128069879524954,0.11086988953586184,0.37286797498342306,0.26583259858083835,0.035068936949587265,0.03246808148391143,0.019684848922272444,0.02833296771374927,0.01110157548811625,0.006911447685864204,0.011786040486518712,0.004917312135972236,0.006550055336838708,0.0047139111800465015,0.008212791765212642,0.004250197440939246,0.00920144470297348,0.005243192792148175,0.007334845816036878
-0.28829215783624246,-0.11925002280957815,0.0656436878624493,-0.1848365076260038,0.4293926306059469,0.30111385414578634,0.07672404825414275,-0.03334139686595792,-0.18072139796319148,-0.1139249476118964,0.03478519035642343,0.17418616467029235,-0.19072679497667064,-0.12555781879419808,-0.02474158784991423,-0.28321377581890317,0.004834369905889265,0.04762530684348614,0.036978814478082454,-0.009803316132593946,0.37760763212418497,0.2234176534717352,0.14486583149286242,0.10460758125490514,0.3088883178669583,0.15506584118507508,0.02049862971608548,0.010004217083794913,0.052276975283678855,0.025869562614901993,0.0067561167022880085,0.04796907319663508,0.05486120129306424,0.028287869263045908,0.005583354068806217,0.11880565917820297,0.004828623207564968,0.00735972422527583,0.005294484081872951,0.004381703791427082
0.4806767066579686,-0.015790994056200103,0.03258378637008444,0.12765166004607684,-0.26311356229268373,-0.2529983135246073,-0.09850964292268816,-0.0933293962402194,-0.03945203748847085,-0.17302121571879747,-0.07495880584839253,-0.0889053625464648,-0.002653713889957538,0.06580331135430087,-0.015553714972360229,0.030358542346412793,-0.07410426712416036,0.0012665053859469127,-0.04952050855621416,-0.0186689860726588,0.6553887469007105,0.19152975352404344,0.16365364491988899,0.10405322851295526,0.12941716163015002,0.12569583687911465,0.024634755384209533,0.022210762809258,0.00873540441599744,0.047659025946530396,0.0156772741370471,0.020257483168282346,0.004944587683052429,0.011536010800284656,0.0029512912823223664,0.0043089069349609025,0.012302202830319017,0.0035857239044872562,0.006737232457609236,0.002800658904083482
-0.4226271480046537,-0.18917392709237363,0.22342204979283634,-0.14333364900448775,-0.030984067302848275,0.0066697218983858666,-0.19090625840767012,-0.07008458830229616,0.05693427649316728,0.09933960650893317,0.01701090912571599,0.061351809942905136,-0.20912352233087755,-0.11551658790863897,-0.057412917119371756,-0.018892154616462948,-0.019055177570982063,-0.018491927847028522,-0.026290293020631336,0.05865568120037979,0.6865606844412513,0.2542878943107209,0.18670477176210298,0.08218976750280933,0.021586969879657435,0.015932361827218286,0.06670627224600977,0.014366356840258035,0.023027382098365964,0.0254284190253495,0.006935837942866706,0.013162610154345071,0.06903898781985186,0.023980633921067532,0.010567978242764349,0.00598889348609345,0.0037612157683767095,0.005793231467672233,0.006231891147945537,0.007393942469272615
-0.2891690988839149,-0.13042551198719532,0.20547694081674583,-0.5281072495724276,0.03277694880508935,0.0020203853596019446,-0.0538835074542855,-0.07669077968023104,-0.09498213790798271,-0.02547786029300223,0.04097825974617036,-0.12201844911046174,-0.11022209680045231,0.015108784450927108,0.03916975787478998,0.056369244828883225,-0.028885625469760614,0.029010048148923506,-0.04626398173452682,-0.0346265057956616,0.351242357262,0.29874676547779777,0.1742532613280333,0.5225930207546876,0.021422240866045925,0.022517421527936763,0.010418822249716565,0.02088533703460594,0.025124044415760455,0.008435388312098415,0.009144633595790036,0.027236796513625386,0.023881939549638787,0.004377868261762888,0.010342272350116958,0.010205904146439931,0.004644050801037846,0.004694643046376111,0.006872245612895952,0.005277881826477627
-0.4912546912506095,-0.004448212308736483,0.3329739036963873,-0.026877091994171397,-0.07469845554174877,-0.04746443803821081,-0.010100176750879188,-0.02031518999263998,-0.07672544245589683,-0.1881133957722826,0.00016512867446138912,-0.1450863882410051,-0.11179849079849943,-0.03817886867185104,-0.10469683956041742,-0.1205619076490601,-0.02746918393066407,-0.05018184885091368,-0.027022909399051703,0.052334375512930076,0.5890223149872068,0.29128844360137185,0.2905032661295493,0.07033820009706328,0.03106361356156118,0.020346476826970446,0.013716983807317245,0.012282310761333919,0.014635191365916712,0.06108669355365081,0.0072942559521537486,0.037836760272173864,0.0219795668156829,0.007842669435708188,0.02027208864778426,0.027388042072318704,0.006040951713765983,0.007896183784291523,0.007012652975556521,0.007137731411928689
0.11363913306875568,-0.08539968735767409,0.004714712263991746,0.0008759248293661548,-0.01754048741268877,0.0090852731843039,0.009040826574389593,0.0327672157184463,0.010922192022093501,-0.003867087895416032,0.01932078078288431,-0.05587759879333006,-0.03200356643401894,-0.036538778663673104,-0.012925575002188968,0.0042097205979386345,0.04106591083688093,-0.012708285721041787,-0.016180715309252552,0.004105437685751508,0.9240877922951739,0.2842250571677807,0.09271274262268225,0.053780017834944946,0.10803596832933407,0.05889846117264154,0.04525858933748046,0.0337681782673979,0.02277745818549173,0.02965293818319778,0.029319447010480556,0.0264040437405705,0.019570225427591043,0.01665579212667255,0.011909642046717807,0.020325421355113,0.02776799350178248,0.015606617715187012,0.009794285987167344,0.01017517336102707
-0.24340596937999948,-0.025983885889706567,0.04919985487849114,-0.039836614004302356,-0.06369388142135744,0.049871354781474496,-0.00994432211717321,0.0298665776298535,-0.011235783157236837,-0.045756332947371345,0.004454651317265835,-0.045568527854293994,-0.005744282601541664,-0.0014776017858736177,0.006559648607604485,0.012004969550378556,-0.0406751663198822,0.020653906772293076,0.004004061702826149,-0.025391891734576677,0.8986280374108779,0.29161033029354777,0.11600332432662794,0.04813309095825157,0.056494521215811465,0.050860097667280904,0.03316535434132785,0.031254414197067745,0.024912115853474293,0.028985859791287615,0.02971929125286124,0.036215976547548906,0.012397124932575868,0.0153450022465283,0.015906838746928307,0.008647574399490645,0.01420220366073544,0.013937463300843935,0.010149427355983188,0.013646443702722888
-0.08267322043493235,-0.04319794110764829,-0.026112466374092282,-0.003709651178644388,-0.02683416859062047,0.01027600546990596,-0.016524346058152808,-0.034749563122183004,-0.010834010317259233,0.05163623099873461,0.005887061729052489,0.0012002471293225288,-0.01660335657245293,-0.01764259905687635,-0.03019320019450022,0.022461561437446403,-0.002594726290513721,0.010864225470575575,0.022630420183136282,0.03220907495604851,0.9350176241373357,0.2654931511210576,0.09414457458155603,0.06601850043931437,0.08274689724057988,0.07067102848556003,0.042508238766469884,0.04993853940467491,0.026582863180293462,0.03468527277723576,0.04285127507669331,0.01978033055518672,0.036639226107681375,0.018810608370222588,0.02861784245799788,0.01649127887184768,0.01216610514378811,0.00796596396370937,0.013511216188000996,0.019315859377719576
-0.19981153854688424,-0.40910434212848446,0.17431908167764315,0.2471011896151803,-0.04571918776175131,-0.2843181891709273,0.025562856121356087,0.04375275655500408,-0.1396105586914825,-0.29420805486239837,-0.059743825784221306,-0.16600926581975994,0.016396800553033542,-0.1985211106807691,0.061504576015529416,-0.014367037899907002,-0.13486296679773543,-0.19619421096491027,-0.11568553947924537,0.04913572173900931,0.4154054804094412,0.3030285444094105,0.16462288519221746,0.15758622792317017,0.03789367716972901,0.13079132289279924,0.01902594577214874,0.015227977806540295,0.029197880700053313,0.1272102030077049,0.011100763980425843,0.04920654799943768,0.007847071631323295,0.05564949066494259,0.009537645853238935,0.008171371173245132,0.02954300138369781,0.050812533219979694,0.022706649429648385,0.010932176232723946
0.3424412407276491,-0.20456504050668325,-0.30915017772874887,-0.34669324166350435,0.24196867277715517,-0.18925376240097727,-0.18285818761584033,0.14166963835776292,0.008865230376426532,-0.16883233831675892,0.0046777865015948895,-0.09069052190732985,-0.05701388610860199,-0.10014954354763668,0.10946295609882982,-0.04888831161350637,-0.029443020637252293,0.018919053161665908,0.014486742702882461,-0.014713862958751257,0.47865554638499586,0.22207112013172403,0.2314309922559504,0.22639998840905595,0.12188349387833439,0.06179660813718674,0.0625689856902852,0.03627940360743862,0.01440955587909267,0.043612061462804136,0.009280844593237901,0.016677254984510396,0.012103841485366676,0.018415886866928792,0.0272087095491032,0.009730546752741927,0.006738446038659018,0.00378741171874019,0.003197399179047737,0.009817443298030108
-0.20951047551642857,0.18766474617316245,-0.28004670714354857,0.04100782251264668,0.10529670569160518,0.0071482176658893845,-0.10611274695241214,0.07593128100270034,-0.09582500086352723,-0.190684960587724,-0.275480377575043,-0.0964303929741152,-0.36041692461620833,-0.08832010118299441,-0.06689163387596288,-0.012983750613371939,0.31466544912571637,-0.31659857245517165,-0.045356610184531736,-0.07649681077157107,0.41961013299378347,0.17263813958378263,0.1917390096188726,0.08786851984531197,0.07515392345991719,0.021507005965289497,0.02994718318193321,0.02752109654352044,0.026379978110540356,0.05217457504169887,0.10737476238231587,0.023321270815181143,0.15709699616570952,0.015756477773593368,0.019762047210396712,0.012614707801743973,0.12414485853576876,0.13251173748035802,0.011823096645174414,0.013274416691928016
-0.3824646749165301,0.3451157063164093,-0.13069359643689657,0.047412484121463476,0.07902861310634735,0.03514151735174951,0.057357854987252585,-0.4040844408869166,-0.1727047648524804,-0.07037320778772414,0.07474705892023796,-0.2507341416412077,0.10275462563832055,-0.05531926406771005,-0.06416437613855042,-0.10451783665991629,0.0036049036412303848,0.0015125946412195951,-0.043984269018122246,-0.062398057538740885,0.4530780519145554,0.31317311173610074,0.17482222505075343,0.09856414176997891,0.05585232430361349,0.019722212477346495,0.01738291827895742,0.2101413892194767,0.04621601983614642,0.015358220705001617,0.013565620649214318,0.0887690625209297,0.02045454072883188,0.008444561192787425,0.01277607020534442,0.022620974130023914,0.0058529569441212025,0.006255939445526029,0.008451499775362921,0.012051579003520484
-0.19501344827019365,0.3322234810815637,0.06877203257278429,-0.3914372167120781,-0.10686911293551853,0.1811940333739985,-0.030856164534377898,-0.13415409740926226,-0.34116157903545785,-0.26492946219535685,-0.1321313232347426,-0.04777675130908404,0.017503058399638415,-0.19493606813853281,0.0667220556025324,0.07542507527993887,0.01655755049970673,-0.011838148927672282,-0.002178300080204818,-0.011686321117114614,0.3244945686152275,0.3545540861077528,0.13757163923085586,0.2785653038212477,0.04100252868267604,0.05869284010765529,0.010503511863480704,0.03919425468100553,0.16093002187079578,0.09784149837531977,0.034808990646268224,0.010103736639213351,0.01043695766094146,0.05799983129179493,0.012438508468324554,0.013186362629555505,0.008942776644952823,0.008067616895539568,0.006739249216490052,0.00634913005732567
-0.4182657709685353,-0.31225933130683375,-0.3780609226000006,-0.29125006373935075,-0.021732449920129154,-0.02259924057812575,-0.00377346020264619,-0.016230217189864816,-0.07257580477140019,-0.1394511318187672,0.05177649843677595,-0.04226461612078911,0.07711765361848938,0.07394045931437755,0.036553673857351365,-0.0577095868713547,-0.04908510085139827,0.01872557934572732,-0.029545040499134284,-0.11013706269251529,0.430353516266194,0.31254003071939085,0.30352785746722155,0.23513442389880335,0.026584262714182384,0.025346667241296573,0.012882021987694524,0.018478862102624158,0.023729098195389375,0.039822278341833356,0.024126513654642037,0.01138528458933409,0.0244216881883346,0.01886538026467946,0.01288251748967159,0.01674315201679279,0.014122071145276964,0.013418124791808645,0.01309885287794169,0.02315025073453451
-0.12840006492114645,0.047292134419189,0.03344026971817099,-0.004737663405521346,0.015446594686327954,0.0009287732633049909,-0.0008081465691364736,-1.4744513489624673e-05,-0.007716140845108984,-0.029647336339884013,-0.03269457837916748,-0.016467495180233827,0.019269815425338108,-0.04275716659129066,0.002065272436201338,-0.008247537896750683,-0.02380036651918157,-0.023785127073409396,0.01685868247599506,-0.02989322069925969,0.9546414038038415,0.16364378523698198,0.11975351110939865,0.10396358379790294,0.07527851925604237,0.03754174693238342,0.014395272685608964,0.023262947147933154,0.02087515900618571,0.013640667964949133,0.013490183420403243,0.007070949701528353,0.009239135999969535,0.01227257265012502,0.011700673062583775,0.005953683242249296,0.005846299039278548,0.011474093672904185,0.020256636422975507,0.010192059034578928
0.07685756391018023,0.0011969974093810442,-0.05258226220784626,-0.03724098959367682,0.002250251233904194,-0.025522821422404515,-0.013428026384182248,0.015189436476022743,0.008517108557496239,-0.058625680475452774,-0.05433394415967794,-0.022922279948574865,-0.02384725295348147,-0.023490870773510017,0.021046316858034767,0.01592638583011678,-0.014918216850008083,-0.018174367704867654,0.017517688270231136,-0.009349380742281274,0.959318215956102,0.1690016649132477,0.1171233571347153,0.08756028671712802,0.05610156428421023,0.029724609304025065,0.02569175881662327,0.028960261669946294,0.018100890442053687,0.030029345205464252,0.02477020910327765,0.012447519093449187,0.012155692980987115,0.007457864782793437,0.019946326700927757,0.009954649087825498,0.019514774103524476,0.01062830312837036,0.00855186564823288,0.009395091120642466
-0.2435952765770205,0.08847210252408134,0.08722900550477046,0.10548845125960257,-0.06471321567775913,-0.03884899277503373,0.029296601655155755,0.016929902352108672,-0.024693186622031033,-0.02051036467209919,0.0002546058081870252,0.0021693373666552746,-0.03894395496314086,0.018229565276040045,0.003782314420367769,-0.004877328335473899,-0.003570003065562576,-0.017117705315780437,-0.016095491168792102,0.03341637709360661,0.7456864015447875,0.4876095360625968,0.26216320982278557,0.15302610868471225,0.06506369737250371,0.07765688833318173,0.042171208638068364,0.03317852833792469,0.028303988972253738,0.026247340059509773,0.016087138737977548,0.012216683461701683,0.01984331508376855,0.010207627032520008,0.014574600767087765,0.012315438227943308,0.010752745467599285,0.009008978832886141,0.018507039374049176,0.015852716107022588
-0.306501771356999,-0.11098313431833477,0.045243443234712744,-0.0006827512263550967,0.02119252490954836,-0.007478855826497559,-0.005203203343439035,-0.009363211961013728,-0.023168052200025366,-0.016625710032971586,-0.030852905775735483,0.005887060829728154,-0.02711048045200905,-0.04380107067974158,0.0003628009150419163,0.009387234828841906,0.014702850402962049,0.01312709131115827,-0.009493659442231317,-0.020725205871631774,0.7337607378580883,0.519943888903224,0.223453825979805,0.112530978819343,0.06784864571103348,0.03838965006762376,0.03618992879459948,0.04306425655281157,0.036514500928726316,0.03201677026979665,0.024056040631538985,0.020563266531238397,0.021905409527928913,0.02048816480784415,0.009505913618031613,0.010003743603236614,0.007593256223616791,0.00872993805817741,0.009614612216994658,0.019065413920821398
-0.3819104611358696,0.09368344547932285,-0.06394190094767786,0.019517575040598242,0.05527494174763616,0.01956925075524533,-0.014606133711464327,-0.01583926653425793,-0.003019195069949515,-0.004932449488282204,-0.022192410388532053,-0.0016193478381694715,-0.02153556165353564,-0.03226783435261982,0.0421772841539846,0.03679910537291044,-0.015698679802615155,0.002617963107314906,-0.018060496125803797,-0.013109743681859673,0.43202019639086775,0.5695642947674321,0.48158223089125973,0.2247827908327498,0.15077648286734163,0.08022638079243848,0.06004734556114243,0.027798236049343172,0.03716185466627972,0.028490905084320742,0.015189061443682008,0.015989138940549825,0.015518102524038221,0.0151412244112699,0.021914393687069825,0.011586639975994587,0.007798524085322565,0.0072437850703574655,0.007362979802859105,0.010233081197376776
-0.44964390933862325,-0.013371490479265748,-0.14129420976952475,-0.018802356335501154,-0.010581849233714472,0.022574401695862684,-0.007100017573827916,-0.0699329951502845,0.007497655710417186,-0.042803146207616875,0.020427011801623464,-0.12315855136636726,-0.00047990074095830763,0.03483207791637941,-0.04685408008022403,-0.007605624708423035,0.009833554907184398,-0.011345543924865203,-0.016390560076010505,-0.004654372238556066,0.6851676729678972,0.4430489724168289,0.23027362283773622,0.09060411502608008,0.04188718884925118,0.06017152575504199,0.046954882773002145,0.03038371294508573,0.031142353388259526,0.029646723921650905,0.05481768754940621,0.05309536944104229,0.05896769854076396,0.03318204069411808,0.024825797042523506,0.027868179507240846,0.012258421469852164,0.01920927577607068,0.01095513798264494,0.023167968415522332
-0.5209782593919747,0.13673232468405194,0.21936400424341096,-0.05158938348206758,0.013160216908480293,-0.06379286594522558,0.03568720666308971,-0.01851235391133907,0.021469838038811067,-0.029133077251752407,-0.025196766731418074,-0.007022929429976129,-0.013659072318494676,0.03416797587961808,0.0046776251246044955,-0.02252968677499293,-0.028779287193852986,-0.003624916896716468,0.003626106171489498,0.021627116339847638,0.6477990420176047,0.4199339789820965,0.19484863856212864,0.03568857217015305,0.0472215555696287,0.03408648527905774,0.024477474927665277,0.013701484313369879,0.043652665488938674,0.011549656049184991,0.056257117703494154,0.0131548225206527,0.020571259740626634,0.020436410607720994,0.009227525787197372,0.02391175238259527,0.023215048404690224,0.015791740177241005,0.021062870589837246,0.023069978892877492
-0.21989041843628968,-0.03518176738372836,0.07402386952566772,-0.07076502973576353,0.02572630803554656,-0.06588648984784472,-0.05147040725925832,-0.14436348058551549,-0.04161305034334528,0.015603756234875693,-0.008554247468038094,-0.02568123413320486,-0.05242875503828063,-0.10471157147202761,0.009873915980475241,0.02820344062271443,0.03819402763298553,-0.027094874282106086,0.038142578926903675,0.01855031633949143,0.6231009766903773,0.4509514065648327,0.48922681761985404,0.18356901392214015,0.07148145831732161,0.042165149593376375,0.06262254607635158,0.06409917550961979,0.035491508308857604,0.02079996627675748,0.02239093852684898,0.019444535109590756,0.039538662984491754,0.04774483953153825,0.04578239195049192,0.01427969437648912,0.01794869690679156,0.030625157135659848,0.017361071891921737,0.016678021011227256
0.011495321627659533,-0.054705155675770833,0.04858131373687184,0.005119602720739504,-0.017780036511557077,-0.005765499458733121,0.010405012198315288,-0.006796791179820867,-0.008238553123123602,-0.01690061018563815,0.009488455988226834,-0.029945989248140382,-0.021667004892957302,-0.009202049528884575,-0.01671940102867368,0.006287631915731307,-0.005645472127384248,0.011765454180228986,-0.00729376655157492,0.004057626758852326,0.8629610918029866,0.45586118208327653,0.1763278524474122,0.06904817532264539,0.04072583659541873,0.023835469198873267,0.016681449908541274,0.012819899793820054,0.00650211081176475,0.010836633681447518,0.006502308788430503,0.00870437494046852,0.008329185183740104,0.004507322530048957,0.005845169868977294,0.004537543845737712,0.002779964950749237,0.0048513454520397545,0.004262980880958545,0.004487907068066548
-0.023344540106872327,-0.019516289603402376,0.0036982873784506373,-0.007835428623553856,-0.042494842534604914,-0.03805101639321066,0.008524936132958159,-0.0035443157152909343,-0.003728501451491761,0.016955836807703854,-0.009583718840689785,0.0010887465426722223,-0.028044702994102687,0.008518196938859756,0.007131764543663075,-0.006014829173368299,-0.030358151846098184,0.01032065804129989,-0.004418007493845588,0.007081989469037735,0.8563898116826549,0.4591921505311554,0.18331552162043416,0.08166423933200095,0.05055477976529263,0.04124728044973331,0.03226155111146058,0.04074133532709423,0.019001229841896054,0.017090866044682997,0.01100489390981241,0.010410987937127017,0.01870009077879363,0.009087881762631717,0.009228187331305555,0.008479137732757418,0.011025192960435085,0.007066985902636314,0.006946113944898482,0.006141536218771081
0.034171633042155876,-0.03214535234264096,-0.03222416251559915,-0.013825778300604177,0.00024092102949694626,-0.003142829867754219,-0.013581895396134927,0.005084722787882563,0.012647989638636331,-0.001560081764204009,-0.01572472435991403,-0.007179463687313147,-0.02793798333759753,-0.026023750838746834,-0.0072464079634324335,-0.018756890301544583,-0.010621729958135831,-0.003659545740492556,-0.0031357313206540846,-0.014266258811808954,0.8606482409673699,0.4507664166840969,0.2046009416206448,0.07116894114363359,0.037219789094315975,0.02180527320103984,0.0162106265308825,0.01382445334283011,0.012781098022099962,0.008097092124096913,0.004539860891459688,0.005035688341102784,0.009015742002783371,0.009234796535594374,0.003630593346005387,0.004648579318852361,0.00376380537739753,0.0048838269020111255,0.003285706938398392,0.003771134884439802
-0.29492166637711725,0.0723683842823053,0.0572796280553487,-0.14122695175377462,0.06636512995311651,-0.052365440546409035,-0.042182999475858844,-0.07437016417512707,-0.008637872830841628,-0.07123280961131755,-0.05356223890126001,-0.056152806645640936,-0.006234535233578595,-0.03029693303811071,-0.010497607498840583,-0.031351492962506,-0.059125853850052534,-0.0291615065969101,-0.026054627084446454,0.05335090230889191,0.7402960846344345,0.3093174900111978,0.13252890045988697,0.27720338573348735,0.1958387967154474,0.15519502473390792,0.05903384671453372,0.1515522808087274,0.03231456643589705,0.08880224512730876,0.03240215347374131,0.0384112947899939,0.04195557788139786,0.04896310366531563,0.0587380708290427,0.0261116343660682,0.024173722082677523,0.024760327451600988,0.02507527433458579,0.020621417010486497
-0.22377175181774767,-0.094655091808431,0.20221022465498076,0.040885869021832166,-0.07359262975091473,-0.19600274345190766,-0.15181141443345322,0.05596872485630661,-0.056705791956551954,0.012211453455908542,-0.015335497272494445,0.04278188510108127,-0.012791241038818056,-0.0007624196764575999,0.07964981670694887,-0.012191103301619594,-0.021685819877661192,-0.013909165014893976,0.042366024576648155,-0.01595034725316351,0.6972106104239238,0.3710507403195215,0.3074420512719702,0.15462178296106266,0.08014562730629655,0.16512378541719994,0.14017700190826934,0.04727530169190788,0.0449235701492227,0.020920079207968324,0.061441654036105624,0.0625528568306865,0.02201261862741975,0.033037625122814135,0.037965355241987776,0.02877062964437445,0.029934749876067333,0.013598185008389576,0.024941595602699113,0.010875146522519986
0.05052663906675108,-0.15190988627635293,-0.15241389181072698,-0.010852293706922221,-0.01752118665004204,0.003596686068809717,0.021976654146252095,-0.0027928791730490086,-0.010002987982153051,-0.0001059924361910051,-0.012871877321795927,0.007931764705770887,-0.010725898368159377,-0.01402277931960893,-0.007866342952866059,0.013135697631424076,-0.0038271505589110985,-0.014187418799836416,-0.0017341003882049644,-0.016175626260022384,0.8771444174724707,0.17003322764772028,0.31978180843061804,0.08100505695859848,0.14157976848868076,0.09861467621632877,0.0754094234235523,0.03476385907683306,0.026219171699857224,0.029507641216864697,0.03467075502668158,0.03329464329220163,0.01736241990950831,0.013489918408901862,0.017320162361122687,0.011123976831118541,0.011164849689479357,0.007697262283934251,0.007510904548598686,0.007729707610141736
-0.046193791307995856,-0.01055437698576407,-0.06387244063035255,-0.038901780821942566,-0.0028665356046007427,-0.01102705544296832,-0.02888997901585286,-0.03544905513039022,0.00013585937351392053,0.0028518384792492603,-0.00038530702942452845,-0.0008934750479445036,0.026603410472514806,-0.01839281955476305,-0.018009808366222492,-0.006602919617836394,-0.0058558096972729425,-0.007211991700867463,-0.01787163436769813,0.014247238535016388,0.9505118056005691,0.24448632034382548,0.12047516763228183,0.06619581239492958,0.053663324154823625,0.022411045783920103,0.027110188412631797,0.025823784694122227,0.016638783704557583,0.010176677536976918,0.011637936549273196,0.008551575537810947,0.008940819310955207,0.006827300000174945,0.012049403977375087,0.004867931337930432,0.003934061817688386,0.005712277480109852,0.005523637065189335,0.004424071162380984
-0.045504052987260526,0.015394498649292354,-0.005273126915536987,0.021557588834030864,-0.002986749442765875,-0.013218439181544006,-0.002635429242327303,-0.012787607884625225,-0.0015737131464329116,-0.0064399525108946075,-0.01941360268692178,0.007402292543953497,0.003981080252860822,0.0036362372297499158,-0.01499772205464642,-0.008413496806986364,-0.0010048480094470495,0.002703722287145504,-0.0014823360513261628,0.0022903559542679377,0.9467063772056827,0.2919280834410604,0.07715497430274156,0.0279760633076396,0.03197970581250463,0.07775557481420618,0.014877457458018946,0.011031543313486812,0.009707241997493168,0.00681372604670394,0.008645443024694483,0.005287595735670236,0.004204447781282021,0.006795842994522007,0.0043872918276129155,0.00529094500222459,0.004120911949132622,0.003569157615755327,0.0025532416816208235,0.004082448474380284
0.5070517025619431,-0.31633071673955165,0.016437679955759957,-0.007660351053810237,-0.06759641975517837,-0.1099182351839572,-0.013706352905972625,-0.02262568361320166,0.07129098657370082,0.022560594703590866,-0.03976629800081599,-0.10137113963397695,0.08317479215916247,0.043349785985290934,-0.12965152166192145,-0.0019303205269768334,-0.03900722565258602,0.0037554748429408586,-0.04178653374277619,0.002736733864754506,0.6950482918542713,0.28997544603833403,0.06547489377257261,0.025290054869929413,0.021169616751769607,0.03271114968030751,0.02056042659293206,0.01966714774881439,0.03475845615534566,0.006130637126806195,0.020905550632492158,0.02591074376420315,0.020643488359344125,0.013804011840304825,0.030835189685738233,0.010989767583136243,0.010118875082429262,0.007580863010225434,0.010508768900750264,0.007746678603522709
0.5309933860111538,0.038330971672965806,0.000986751014693533,-0.03666512802102916,-0.013199105992502567,-0.08791806588079132,-0.15128347052582367,-0.030063029364147748,-0.08819853939591286,-0.053561820952819875,-0.058232141890399707,-0.02952848936837058,-0.058254083418801735,-0.008578917222496886,-0.03939100163919148,-0.006761781178252497,-0.006426589282904017,-0.04544789186054191,-0.004310627040166483,-0.05565724963271964,0.7907094416652791,0.16015891439893593,0.06101065037210841,0.027220264323009752,0.007968512269225956,0.02172900559602961,0.04065870153203434,0.0061697809755482565,0.017584844936617685,0.010777852014457235,0.008770606240818551,0.004503045927713375,0.008046413272250722,0.002817398762751697,0.006058834365474887,0.003016519192449852,0.002512256839457264,0.006251653113628157,0.0022499968147323707,0.009211903681501852
0.5079008044094077,0.05468840778656661,-0.0591309269076282,-0.07947698016333751,-0.09960410850551428,-0.06875970564806687,-0.026332372409001558,-0.14510919737365388,-0.004503230773964149,-0.06897616730913579,0.10897454333576978,-0.02449784140854552,-0.12146162972456861,-0.07653166045890142,-0.020095857445666644,-0.016407807928302705,-0.03999306687100925,-0.03658049080140138,0.003321165557207156,-0.07536571316674237,0.7813024811079943,0.15563457412753315,0.07428950897288476,0.031174447435663662,0.024299883417488278,0.015819964273110835,0.007024529544252905,0.0368801213477227,0.004690696463646571,0.014138237931447825,0.02423089126420648,0.006067157009398628,0.02869768688162739,0.011394272855454402,0.005531499796684854,0.011748424757538902,0.0063542177569884265,0.008119971633954599,0.0035946579943940578,0.013597447535673286
0.03853483468039255,-0.06754035168887461,-0.0018086002934811836,-0.05314955757373678,0.026222615924023147,-0.0014257084072641707,-0.007601413766009225,-0.003362683012662891,-0.005146228455652898,-0.005831412114522999,0.003169742504616475,0.00514195517001467,0.007845810417193452,0.014781336012386254,-0.013370231995337744,0.005066661514086763,0.0009627312952199897,0.00930380307567989,-0.007283765793060083,-0.007470544915649828,0.8640335154329745,0.391757182285089,0.2675208196891266,0.07955493024830025,0.07270623783330384,0.03915969086024924,0.035005448139329494,0.030843513227942695,0.03254436619262001,0.013673217172958762,0.01637122011991094,0.015473903633050312,0.011637664714136802,0.013237583820554042,0.012396678570751675,0.01107103392959977,0.009064888463219,0.009945797380504209,0.009211198958465696,0.007867809642493855
-0.0621661202155515,-0.04769736041001994,-0.04537279885855046,-0.010225407684206073,-0.005209133254075964,-0.007725921478964974,-0.0012404210501101686,-0.004652516988306588,-0.006300567369779402,-0.0018897653057629975,-0.009374624448447,-0.0031080492142880494,-0.001866147195324013,-0.0008671263225516257,0.0022506536463082374,0.005504956625783731,-0.00035110285814827027,-0.0028873671210619227,-0.013735463962377473,0.0009728226935828929,0.8895484486869564,0.24396806967255763,0.36325832004243275,0.05539112574795992,0.0454355036090879,0.0377075917852253,0.020875695360995428,0.017770236525505446,0.01607883183719975,0.014470749851124039,0.008640161568702086,0.009303670044323257,0.010561159429834899,0.00943525333793417,0.0073876534249386625,0.005861998857527517,0.009044851341561074,0.006414476745008531,0.008203404495615426,0.004497321162189629
-0.10122888247319177,0.0015459070289704177,0.04119720237098711,-0.028150801654337997,-0.029683339801854853,-0.001235110609475651,-0.005651829109362734,0.0047948226271165234,-0.008234669832057407,0.006990771463264195,0.004734381982636759,-0.0002669126442294532,-0.0053834482890693005,-0.0005881975464518168,-0.00769810714854566,0.011867725228858745,-0.0013396941614456774,0.00033461453424079484,0.0039027292705085767,0.005305811563042698,0.8973278461234183,0.30043527746220755,0.2812752816495646,0.07218405142535575,0.05148457400469271,0.02609508255609159,0.030345207429676488,0.018984820401441633,0.015557888377630108,0.018808979811557963,0.015512305083377906,0.009953013698895303,0.010403133392926813,0.009777023341123655,0.008070695174947023,0.00958654343122701,0.007073664941538135,0.007018114448034914,0.008692296170668143,0.006337934674234236
-0.14757224382110112,0.14988576918420243,-0.008186594339485147,-0.014974649965638926,-0.02195629771420249,-0.0821333491088713,0.08301118399382237,-0.025625302002755722,0.027363473586232215,0.004011560870383656,0.028041460213773545,-0.02099137134692016,-0.019583405768450465,-0.04198410085621353,-0.01754437009020627,-0.023215282530747693,-0.016766371994016985,-0.01271244176752469,0.0306323365859828,0.033217363186630364,0.8871623628225559,0.34706956970944786,0.1070034537127091,0.06285056392052472,0.04450680264121348,0.027043982531395824,0.04214406506174012,0.0227855105116572,0.02257289005842282,0.0296365720123576,0.02803190733111113,0.014850349256692739,0.028296760101502942,0.018605958721650096,0.014679741669545334,0.008925424110021994,0.015611101365897863,0.026986848341187614,0.01761895601146482,0.013427325341705466
-0.2434950273223784,0.0005317811717841913,-0.04638888046679603,-0.0231151245921852,-0.025115800877432915,-0.012437990629145025,0.010909210490665183,0.003755502015135131,0.026426973675566318,-0.003746304300858563,-0.028999080243261557,-0.008959914125479298,-0.02293909346738558,-0.0043109374811030774,0.018819486199146116,-0.003375004168277199,-0.009022066124283249,0.0308031121966537,0.004218038764120978,0.0006569865714389599,0.9097448218961807,0.29690137278947243,0.10178400436396892,0.06407778660630607,0.03878613042113689,0.013608085168733408,0.02439129012564557,0.01518563595915475,0.00960994592838548,0.009473650091356959,0.010786741688522283,0.008751718488171955,0.006137002955445582,0.0054077829444720655,0.008333417172193472,0.007765566006388222,0.005188234113138676,0.009039519054931899,0.006141230163829325,0.005237954642338068
-0.22087411831042283,-0.015763009703394552,-0.03380658266746971,-0.014547110967180452,-0.06012335720490104,-0.015463627384179859,-0.034853723523791465,0.016488630050004553,-0.013401397556661292,0.03606060291359483,0.04500855399021005,-0.00646516544024488,-0.009638951659698854,0.0015254036414711267,0.0011020504606289035,0.0004411961648618623,-0.01991960560582882,-0.015100822258561184,-0.0035112233022837544,0.009197619141721841,0.9180059025028047,0.2827666130943693,0.08373787710983416,0.05336355856964022,0.0713891930990829,0.019460444909172363,0.012546887089220016,0.01956421533417839,0.011204842963604349,0.01794985445189109,0.01835291407039386,0.0156623222111755,0.004937823337343907,0.00640347385839392,0.005086911248913781,0.004035835163437881,0.007536834383617714,0.009451240702156938,0.003796329671508844,0.006351303525943276
-0.16218842916267967,-0.032054734717956994,0.0004785810123938773,0.014971302542833702,-0.013065788762910044,0.035389386913176855,-0.018550278466247634,-0.018584842624897856,-0.013501102662901068,-0.01507935814547822,-0.010797390675552389,0.0005621574943648704,0.015096520665293964,0.005988800307970295,-0.02738764035260113,-0.013209618768192157,-0.00378507472157993,-0.009174014376830667,0.0020689407663606755,-0.007279751536128002,0.9201151713761073,0.30870225791698225,0.1029650688605257,0.10388099078376334,0.035197308488116884,0.03695046830352555,0.031708529457694846,0.015015002185996013,0.015694336634350988,0.010786502426613647,0.013499955129979124,0.012887525564934915,0.010980219781663948,0.007755620229101222,0.012247143788823677,0.008641250624833141,0.00511685112551336,0.01079937472542607,0.006097567105920806,0.00512000945476174
-0.20328006430405043,0.008361678330119755,0.0044724017418374855,-0.009262222262366044,0.00512457642329624,0.00045738550718705975,0.0006649411622133688,0.0005469505365960697,0.016318997028926863,-0.015421115298887062,-0.0215335152085676,0.009489631059851282,0.009823745197574065,-0.011000499492038913,0.00920313117361265,-0.0159690771265878,0.014447670274332627,-0.01458407764552787,-0.0002323163952439221,0.01027515942796758,0.9094312074038193,0.27483535659346126,0.19213766661307816,0.0945072838569986,0.05936907359391714,0.03572522851120328,0.029886366203978408,0.02116278227299692,0.01926034982423039,0.01871941538973507,0.012404957909981468,0.012931007814457685,0.0128530424372727,0.008449439475235757,0.014164547598854941,0.007654959801393657,0.007017375006227156,0.007748497903992371,0.008551234510612871,0.004614567909761224
-0.19362184267168533,0.03633847040607327,-0.013129182958824719,0.020794445854239608,0.005441588681560995,0.026688393813283837,0.0029038577437074885,0.013026579367775131,-0.011393401894627715,0.040447409501182335,-0.0058077401752561686,-0.005660976226641436,-0.007711169558497438,0.005769430453001686,-0.020855973641454507,-0.0227964453976761,-0.012785449030473229,0.0046674367712938635,-0.0035670821077391206,0.011563888502367496,0.9201529355444586,0.29300488490367843,0.10579527267536157,0.09598006364360397,0.03251525128709311,0.02989138405824106,0.01631528777784437,0.015601878884656487,0.011823943709263644,0.0203216280378185,0.00880907780788391,0.007754374637483202,0.007511973967182216,0.004672854615270631,0.009479246322996359,0.007129085767584487,0.007691421680621198,0.006796903792125548,0.004517379990151698,0.004579827024650537
0.10882143007171279,0.04252061440378,0.06448347704414072,-0.10437933880420627,-0.0009829340240378038,-0.07202802392043123,-0.001446430622153969,0.0149592891130588,-0.0009338322183673904,-0.005049597108150441,0.004364967984076943,0.012594482627297282,0.007233971022591221,-0.0251413738409777,-0.01574920121105863,-0.0013649419713402983,-0.0020549929776351324,0.005776109981125051,-0.023612382850460068,-0.005176014017017879,0.7181434136849658,0.6187864917956971,0.18508344814556565,0.12540613260845396,0.10299114888752375,0.04908073802042365,0.015660010926525567,0.01949783826108392,0.026268205674486678,0.011801741407663142,0.010171318406875575,0.013992981083267879,0.006947428470843144,0.010274308722937796,0.009159101237536145,0.00623653347645807,0.006486770056639928,0.005898620961204431,0.018595668244033952,0.006554620062019706
0.041853189800045924,-0.17188526957606828,-0.07649995605735573,-0.0037505069317102222,0.003264837274880298,-0.0120860205826753,0.001673277567653435,-0.017039441172994493,0.017654845525747073,0.0033664041351727887,0.007480618364288801,0.007790208263697229,0.00022954375186220958,-0.0036458794040643123,-0.006567714346505388,0.017210624513954373,-0.0006337695933328767,-0.005906542989571873,0.0008217001916914288,-0.0003891819332526149,0.7057669144092917,0.6103835103817151,0.23935300950971417,0.10259438390492738,0.11875890772546853,0.0673443541324152,0.03539157267245548,0.02363480141231906,0.025951397577337595,0.021402158533746496,0.02141591900222751,0.01559751766799379,0.012858613807042766,0.01289410381165164,0.009339885030785014,0.009355561763423479,0.008525388290405991,0.010962030120033986,0.007681028099505987,0.005186689346495846
-0.005389041340966811,0.017990824976912154,-0.04129086632176834,-0.021952214440389556,0.0038270372928533494,-0.05425625133376022,0.007970178190264755,-0.005131285236536324,0.014305763164427204,-8.756886550491791e-07,0.014859586266822027,-0.02199199857821638,0.00701064044342141,0.014511011170773417,0.0038861386499108447,0.0192756108476171,-0.002192677520321317,0.0008859937660750715,-0.005874714741197902,-0.011136805117504344,0.8601848764193383,0.42991579169635513,0.1793827902641751,0.12201433350325437,0.08307756287145916,0.09843500409482253,0.029260860904589313,0.031259243262733556,0.02381293279411396,0.02044552852616827,0.019840657467311142,0.013867589648865699,0.013455708319723137,0.014219784523028453,0.009691099991017523,0.011230181773071723,0.00902213121749932,0.009116788758052774,0.00661013061439662,0.00860802063012635
-0.07345005357673128,-0.005094771829020833,0.005357964649177953,0.011621029591861762,-0.02816400149704312,-0.042351729642722734,-0.023300487445360986,0.041149614595041864,-0.02141608060726271,0.042857911309801336,-0.03172188242936281,-0.00377193156340256,0.004364558156281208,-0.01870556471062409,-0.006832834032095722,-0.02945831205412377,-0.01054815054004305,-0.0073626307914122875,-0.02660149926368992,0.003793858732599946,0.9383554187631451,0.2842756907327316,0.10709650984022265,0.07025251075633579,0.05170951257651795,0.03010051209460198,0.019914250211304045,0.023005163335878463,0.013802933337159796,0.017960183892050407,0.01646528006687699,0.009591098510583228,0.013977906160133296,0.012163855594632433,0.011961173236857978,0.013553510856519735,0.012481235646683837,0.005233204180594939,0.010047826913918955,0.006373422869574443
-0.015690368004979336,-0.021771857474331715,0.004526830913773076,-0.017655940361354736,0.013249201212017515,-0.03188635034905663,-0.008069039298092075,0.004953701083632427,-0.020922636964800276,-0.015155508558765326,-0.023645565861629584,-0.008746331079156608,-0.0047497536878062475,0.0003165743279655414,-0.024217764334709905,0.01382573656055397,-0.011884136155486773,-0.008650382270318675,-0.014336210672330867,-0.014942025110227831,0.9369596066646054,0.3054315124831772,0.1268694954464478,0.0629737083178344,0.04001785025866844,0.02158709953750511,0.016661529306266885,0.011163017560572077,0.011398345696340496,0.009859179634218104,0.012687630934018769,0.009990166209079466,0.012707775070381249,0.009784890872858727,0.010235608863006633,0.009194862851272004,0.010348423760186664,0.00720950067669578,0.008190191431545426,0.006626197591222307
-0.0385744776150757,0.03569231791491751,-0.003201135227116382,-0.03690829881959238,-0.008308740399236935,-0.0033830489478798615,-0.020187311151913922,0.016592767094519425,-0.044203245516023296,-0.012160050737685576,0.010574580090794794,-0.03817898301184141,0.017867616063664448,-0.01346229067862653,-0.0011808696113301475,-0.019750589538643403,-0.026078692241052442,-0.02620328177290832,-0.0021205419042153624,0.003708003275551574,0.9367937036344731,0.2969907927440278,0.12608366494786408,0.05647345687902285,0.03449826531640451,0.01694063296245976,0.02222052152849003,0.021788150539034254,0.021156770810807364,0.013364652238961359,0.009929191794022466,0.013430443133799645,0.010215909502609017,0.006944123357087084,0.011803900862168272,0.011871740113591111,0.014318911690310866,0.012959380889121857,0.00956149757128474,0.005809398671938438
-0.4283240344591303,-0.49029567092861454,0.012633311848210517,-0.14254630875074673,-0.11237889256740728,-0.22234481308791057,-0.1952584345483809,-0.04442910823063302,-0.012551516365728436,0.16021601196585514,0.06819876060698449,-0.13110732931491523,-0.21149679389537038,-0.021431753451196314,0.0031285307985373773,-0.09632936579463795,0.009906569123556514,0.009045647723869062,-0.0299507959663418,-0.03909375809126295,0.44448442876828764,0.35841370196033145,0.030047494191056786,0.03409218176186607,0.02838397267420632,0.06249619845893967,0.04900071998373453,0.0210725717440707,0.015746648630718098,0.04220143089196734,0.01761074536532462,0.023514551246034812,0.0956248784027512,0.006579049826618273,0.004846927905932355,0.019335345828894818,0.006968757225580987,0.014932036605656009,0.013684226816410737,0.012961514805829974
-0.6144355855691661,0.005955876773946359,0.008885298818234123,-0.030610285411702128,-0.18022468969977215,-0.06902177053185979,-0.04225020530823717,-0.042420553930298074,-0.050005164022613215,-0.06302243278162616,-0.027072709754783292,-0.11169123260716166,-0.06133992568900736,0.0017208260797610304,-0.07471760208638632,0.008070056145596206,0.014443366432999021,-0.05652672544036057,-0.03204874591096163,-0.03941308343647261,0.7307409884731366,0.08118830353020298,0.02015263897244228,0.008819754567376659,0.05582786942958353,0.011171235345607235,0.008054875213990112,0.008307436822757598,0.006567208360803938,0.010099290334426567,0.003709438537367998,0.022536983239450074,0.011470942047681058,0.0033049073170342462,0.011215730051642798,0.00244056238284803,0.0035693046091982406,0.00865301490215381,0.004582160491885774,0.005198361581295613
-0.6087030937494764,0.0780566240111282,-0.028041221238814286,-0.09299363962622173,0.13833842918871794,-0.18746040566165798,-0.038201519398340586,-0.005804503806161698,-0.0845766951804204,0.006958164651758438,-0.06790445815441933,-0.1714178001708771,-0.04574795980671393,-0.03099882602367939,-0.05341994947174349,-0.01520288758864467,-0.0008433649067638331,0.027788312233422242,0.029605266398048266,-0.027119423938665916,0.7005453817653616,0.08728089017561083,0.021710475149000492,0.02061768457940456,0.03999754086851685,0.06501743548314448,0.00609518518598252,0.0036270094403564506,0.014269998213414162,0.004626123287779251,0.01617340858739084,0.05125428189845614,0.006743685489386152,0.004557261613367576,0.007382828139371978,0.003383760549199523,0.0037224982803367827,0.005055124861605997,0.003362799583910503,0.0030504902633992593
-0.4140332986997019,0.07290678971766117,-0.05774412152537782,-0.02856780275766181,-0.016187392656866768,-0.010897352039533134,-0.003715783680388006,-0.0229178650548197,-0.017288963485206373,-0.020686959917690085,0.0012003163821660257,-0.01178600972960573,-0.008706382085044045,0.008231640000445711,-0.014266673420945033,0.00017012657034212673,-0.011459304434725677,-0.009315619427688875,-0.007641190738500178,-0.009185597344327986,0.7398294760141237,0.2372119455857415,0.44077169173363295,0.10418159588951832,0.03906787665961571,0.045019711044700934,0.048025936783354324,0.027438258426299558,0.01780044853180228,0.015192891799582773,0.011647516384727656,0.010226212843490528,0.011364243256092265,0.009156281583891687,0.006443163676129539,0.004836435300078132,0.007886230794424638,0.006600073294845189,0.0064207630144327635,0.006296649360804951
-0.35114635797885874,-0.024885861304217077,-0.04181092586822452,-0.03860475470228933,-0.002186354337691059,-0.016466579970168555,-0.018117551466114455,-0.002592620870074607,0.004672144623060059,0.011560305435888207,-0.002390052304067294,-0.010306733347265801,-0.012610617517262305,-0.009229515734536292,-0.001993005354816184,-0.002021217209644576,0.0020923438538615483,0.00033529340882765263,0.006226242714340177,0.005493616805326406,0.8114267867203985,0.34323436925545053,0.2571491175686127,0.1406020785629231,0.07961964557128336,0.039536925971746094,0.020519114851009518,0.015883394241041533,0.014897667794688662,0.008769421321871777,0.015196938514058648,0.009332233245626365,0.008854749957639171,0.00837119636427013,0.005839692937739696,0.005973138203588642,0.007833987210150542,0.0037124742169860757,0.004882930038643638,0.0025781699724759964
-0.03902024610977231,0.011859468744696733,-0.057734765836265065,-0.01546295478466761,0.011058151700699737,-0.019561416763145024,0.0050351225087039275,-0.006345890633851449,0.007424244504272203,-0.017734010264661506,-0.01011714776459539,-0.005422586414028733,-0.0003552075117248886,-0.003344876747742461,0.005859472775265505,-0.006737004421980233,-0.007305566060158345,0.00387883339885059,0.0037242841058320016,0.0016443487396984257,0.8754861376731431,0.395454973562478,0.23716960389744207,0.10613853661666085,0.035812451191541875,0.01808252691958155,0.015049823827395295,0.020497386196162808,0.015269235866855116,0.01120078256922988,0.01184632323591387,0.008477406030817147,0.00948867216556787,0.006435793956177667,0.008059764443245764,0.00496802514999618,0.00561551893164959,0.005972464943567471,0.003830886754448358,0.0033247573614672756
0.10640028684592802,-0.03394402681845331,-0.03167680547203109,-0.0096861096826979,0.017180434121532893,-0.016083288969710622,0.0008729495225056372,-0.0027453130360883264,-0.010155299048138982,-0.015655872018671354,-0.0058232725598174285,0.007267892487801024,-0.02129714119686565,-0.027488872623441296,-0.017398650493756752,0.0026632675308585463,-0.019429579954681104,-0.005056835715102801,-0.011261676360495222,0.013558684267509849,0.8922583558863295,0.28159125431714543,0.21109224112707423,0.15982011673393617,0.09602497328867682,0.08380254257536175,0.07372253722780678,0.04895890174938186,0.0449457602074513,0.0433479580926689,0.045205952979463594,0.0329870850034472,0.035543895616135225,0.03311199080228432,0.023575010604265888,0.027811556242795122,0.03297112974825946,0.02532883385045506,0.02773747720483151,0.019623347530392434
0.001462793830291975,-0.027979039844073295,0.06954753877153289,-0.08707911772801531,-0.12721615440074105,0.014042216153191732,0.0012328596395646371,-0.04301549417118407,-0.017508188489308064,-0.020238491696711866,0.006428335978688566,-0.00615335671196663,-0.0059714422758034465,-0.029960481132114875,0.0045305836314015555,0.007356467200819619,0.028917662510895434,-0.0056177805697706215,-0.004776092668447003,-0.020853423120057637,0.855975495201016,0.20113155334745828,0.2882180080110493,0.24121017838209471,0.1728306485397477,0.08510773549839415,0.05128666699910804,0.03716081012519819,0.047387330969595964,0.036815831198538526,0.03131214711875144,0.03693875066856187,0.025460260827874705,0.030270416613031648,0.022095298271271296,0.017063938324459193,0.023770883817878837,0.0164448516297899,0.01760977464100997,0.021757397637017624
-0.11176337770685002,-0.006934879788472877,-0.08452836046635703,-0.04996987917114752,0.03777655521827706,-0.005987054708705271,0.030623252025685648,0.020889849205873882,0.005154016899833457,-0.032278422526952996,-0.01993856350605978,-0.003567140284267915,0.007970296036425321,-0.005813153568216343,-0.010364666894148684,0.006696466462193419,0.0041670982448856475,0.0055819801200672455,-0.0090354504901807,0.01670676956001155,0.9223062538590232,0.25774636507769305,0.1657337233493127,0.12937245721560303,0.039622801069042604,0.04844594938384501,0.03572263882283196,0.025807737741471205,0.02165007573535385,0.036759827452806086,0.03780009552303744,0.017048496877709426,0.022551972301855724,0.020795940101562767,0.013716476181597279,0.017297026086918244,0.016238701386083004,0.013219456297820679,0.009620473476854264,0.014113898599071625
0.4871602378990984,-0.0877915516557492,-0.027018324519660766,0.015538235006332973,0.03539007565277531,-0.028160549230514607,-0.0038290620070597007,-0.05318144775585599,0.004784032271965637,0.00981688972180938,-0.004156173938198577,0.003628558640429649,0.01801623382648204,0.030936828696541758,-0.01247232480536349,-0.06644965145838677,-0.02104548971569412,-0.05110730281696296,0.02135599878746172,-0.02044187899167712,0.8518750727077806,0.08408557446660739,0.03481697611273926,0.039952336517518276,0.033879657537499545,0.01920932697086758,0.017285929096190433,0.026877827531016054,0.0077659876742313585,0.005606487657640986,0.004966550983095481,0.008195714279147812,0.01168900078048146,0.005609566949773644,0.005518530716096106,0.013762960678273043,0.00842949208748819,0.015604952377041048,0.005968208094148876,0.012111383017434581
-0.4706067110100624,-0.15791367061065462,-0.00266222300765793,-0.13777281661973217,0.05790027523607435,-0.05833270567499286,-0.05726364384553476,0.12426221564130924,-0.02596214975605887,-0.10854829982425825,0.08047548010978306,-0.11906869284778179,-0.09570387393802825,-0.010406298906909426,0.017965239970027372,-0.12885481333312818,-0.01551779170860734,-0.13350030375509106,0.024702869246625594,-0.00398667895561405,0.7698143833674979,0.13332275788983247,0.045456677410904256,0.05880724540502759,0.06011999320008667,0.017896504974107115,0.01993541705103729,0.04095796234180292,0.015349749043283543,0.034512060338183076,0.029245513815831438,0.03526373410214592,0.024911954080523054,0.011258451659995655,0.015655228275246826,0.03403036996368738,0.012862554941905456,0.053177369363964694,0.01891568340235151,0.013591747557594949
-0.45714749789317966,-0.137049410059181,0.10476405267825561,0.1892264491537399,-0.15008962571004975,-0.10577309245665974,-0.1005266062712005,-0.11288706460452042,0.06766919642436721,-0.07007891148309153,-0.02388058386226503,0.0165715977606786,-0.16173124143285594,-0.08295304881027912,0.007646047924777568,0.1195126887613594,0.0016056627677615606,-0.022900929655444196,-0.01510593518635646,-0.06924831060695932,0.7490319376814383,0.10694647540887643,0.07353745786701524,0.10009647141261017,0.055294590380151054,0.029329600489955383,0.032017516401592554,0.05114800655542864,0.02170265098695892,0.04671542305719409,0.020983543345746536,0.012063525453078372,0.05255986703136941,0.027485678455337694,0.018053098386571303,0.037004831128258114,0.015640055230369515,0.02672478361668249,0.015252430482158099,0.022486602581024633
0.4493426578787882,-0.3627227882920252,-0.037671766804855684,-0.15207562661627244,-0.018540602933202255,-0.14103783890474902,-0.202588460654749,-0.05722192686968757,-0.12176586084667965,0.014814010252133955,0.03704855229256213,-0.0025089955976737525,-0.03844220852108262,-0.002572279236384769,-0.04525889018276787,0.006896817606368467,0.010268782347315882,-0.021225234190296607,-0.02137182913603149,-0.030049727307656943,0.670368472300732,0.2921919653255994,0.04550922855535137,0.09467957113612642,0.0219588707343304,0.045039661300822056,0.06942388040703575,0.013216626617919055,0.034487967443035575,0.01648164437058061,0.01171693875284238,0.004948236351076186,0.0055712124194994125,0.00914935992657671,0.01676709653030303,0.007478909477623027,0.006443774835833548,0.005543580590738369,0.004718524007755798,0.004937551475309989
0.4373775599545182,-0.3048919076665618,-0.13704179243672462,0.10114168006010536,-0.01849049524867248,-0.23510414852002387,-0.10430410509906968,-0.023128602868119998,-0.11248841308330114,-0.12177414160485638,0.0415210680137525,0.00922668977384462,0.009097039019343976,-0.02522758942909267,-0.01989528844919117,-0.07661803085121736,0.0003119988091354912,-0.0012361915827204402,-0.010638206977453647,0.040304176251111,0.6987119100135553,0.27127053702050663,0.07426130633318531,0.040243277279824956,0.010919909556754466,0.09423020475245662,0.026495193910781808,0.02099031863573928,0.03088884338177601,0.03304494854230814,0.00893260959313822,0.00582811905869086,0.004170458635593902,0.010917824369093047,0.007505868983615621,0.013048044332249206,0.0043704702923324425,0.0035961672006870203,0.004245571328467617,0.007123250822605772
0.3176949533599125,-0.39492293908594805,-0.1839621700572236,0.08067303900518595,-0.23785072560884782,-0.24674686449005648,-0.1612879280670025,-0.16748718578227229,0.04101787097606996,0.05319680669532954,0.010055066168421431,-0.10517329428456845,0.028332780969628202,0.005598712390557907,-0.015859817221433602,0.10298773632705988,-0.029366550318000166,-0.033216843207994506,-0.025043366206919205,0.03510075007500376,0.5763960059855253,0.3596064544576182,0.09282273508930335,0.031267929642004914,0.10892796371173386,0.10354965695043043,0.05127785899505012,0.04403659787335291,0.016060012514508948,0.014050423937002794,0.00633573956741829,0.020275887025488708,0.008790908663641721,0.005686175087544509,0.004974950323087753,0.0195107924760395,0.0065459191106749595,0.007696776923325502,0.00743000622836257,0.01274994973888468
-0.5413085356821988,-0.046361615863848446,-0.09877925214503382,-0.1360280040670768,0.07891509504697938,-0.14661852510164092,-0.18411670817003845,3.533535292435357e-05,-0.1664941277638939,0.12045894614472484,-0.09897380027538907,0.004197987915184918,0.10221688335407603,-0.06220073941146845,-0.023631707838414968,0.04548469219193561,-0.10961423835552672,-0.13032644806877303,-0.040790268372240535,-0.01662051794715616,0.670140559220053,0.17419448488260583,0.11799013933950107,0.08237229430927036,0.038816274293264244,0.04642585261433927,0.06919867464436617,0.008996176183815301,0.04719642157679361,0.029492335771678726,0.023863266819352358,0.004210608795796296,0.02423369365533481,0.010927584865355637,0.005494409899042832,0.008373914075827445,0.02518180329300256,0.033710266342780196,0.00675583874025758,0.006644730113722453
0.12798719128067432,0.43899259284355663,-0.25780580709363726,-0.328441967375894,0.018087533818469236,-0.14447506005623634,0.07885834151208673,-0.03169130123600082,-0.02781895198758802,0.025423929773663895,0.05731639281314654,0.006371508111975972,-0.09972622220989126,-0.09023605574736533,-0.07810224204558547,0.034141123842808326,0.004643354392665914,-0.04215730178638128,-0.0022372809013086097,-0.0794023179047093,0.3190765911325279,0.5293721726329478,0.33566001883808944,0.21994923628292878,0.03676797498278003,0.05077116602755418,0.026352865832132717,0.014480168318320469,0.014224282367610993,0.007582569218124021,0.013301426702695967,0.009726771087217475,0.021167801981947523,0.017684753507804258,0.017176253777428138,0.009433107133821646,0.005383874132991928,0.006515438964811659,0.006246151557773252,0.015005290289923878
-0.4998502252981352,0.22415840126892747,0.17061869201157934,-0.1466139751668439,-0.08627397888473164,0.005037350450501699,0.037321175941321776,-0.0710905543643123,-0.1459641458868,-0.015884326889598205,-0.0732986991347041,-0.03664139143033379,-0.040155564140258636,-0.00031269193687147784,0.03052036100534909,-0.004549482679040865,-0.03615041707653493,-0.06326474417163683,-0.06343262726686204,-0.022138130757333917,0.7157792109033413,0.22061659855902122,0.12247372220963983,0.11310996516025797,0.0418033523612918,0.02087642136176532,0.01638917961474656,0.019959256432708957,0.04482219111221598,0.009390399806174609,0.017248516146636295,0.008816687193888811,0.007710191426577444,0.005477986301604319,0.005273917888202301,0.005421329210693836,0.006156709438961927,0.015050839746702037,0.012923449635776067,0.003736936210101635
-0.20551811960399988,-0.1508137936001404,0.055256405381271745,0.034744438295692064,-0.1649068566738477,-0.058223910098193984,0.00752531784415383,0.016316451414034462,-0.009805888710026526,-0.03067057472006543,-0.13744042626500869,-0.09863889588766894,0.051033302723468135,-0.06407107515505862,-0.08766268336965777,-0.021914947867576796,0.07675550557879965,0.003732829833283972,-0.04698914782008119,-0.02509512588778668,0.8332890374195419,0.29072388833060586,0.0833878415286729,0.09215487658059258,0.11507782293656674,0.05223264489234589,0.031751365502709225,0.04715846713324416,0.019849403716300302,0.12562453483243496,0.045758047814757855,0.037789415324976046,0.026025143177257994,0.047012565462883286,0.03617064666013472,0.023310376289671763,0.026763070041294967,0.01823554005017416,0.0848189290288938,0.018870557948061594
-0.06244543323092014,-0.0879716630513091,0.018844017730591137,-0.008792427304093806,0.10433171256742643,0.052248429601499446,0.012631646155101402,-0.08611523885737424,0.12143477173725623,-0.06015958563289965,-0.05352652410095204,-0.06401017883798314,-0.002042959619265997,-0.06281502622763538,-0.10240040437499202,-0.08018462712959311,-0.01676504503883434,0.022027058018518585,-0.0003512469280057901,0.016644780717006136,0.8586786677370264,0.2948580993931549,0.08445758970571285,0.0996957489679048,0.14346541749356997,0.07455668069873635,0.09937150676562778,0.034799603185188877,0.13356392123566002,0.059643973454124644,0.037143736295526454,0.08512171795418791,0.03749219189253856,0.032502240151575996,0.0533875398558739,0.05125041430920634,0.04131418608060368,0.0166692436242964,0.02202633716645483,0.022399811018711788
-0.01874654922567007,-0.2605553897919217,0.08718731808235049,0.003017228381271697,-0.021481003318340918,-0.048479587194902286,0.015893984439365752,-0.004493947744540077,0.022605865320265366,-0.0029777802370102163,-0.019711254397996453,0.03785589939498343,-0.06256006848353227,-0.007403353436901482,-0.048400377249550534,0.008349782626362977,-0.023847260642325514,-0.023219020465966935,-0.03690759241345836,-0.015329193243206434,0.823251324085805,0.3043955390342902,0.29294108238212513,0.07272069697332649,0.084069566783561,0.1407037799610176,0.08770160035773443,0.0565345648666313,0.05587343972038081,0.05258981642127667,0.025336741303121017,0.02314597180398532,0.028751484547440437,0.0262995251996262,0.01932501722345773,0.011053925128487312,0.018294719999621865,0.02746248295484333,0.012685158500670556,0.0072624522657369186
-0.11329477643518814,0.006542982912184661,-0.07891713938434736,-0.11021091160136758,-0.035315004505773684,-0.005052445343763552,0.02471691943552267,0.012036513523077249,-0.01373751714927619,0.008581358338185137,-0.017049386005211515,0.005081498203258017,-0.0009653196033252578,-0.029174052377894936,-0.013778038696635209,0.014562782197554533,-0.007173540680518034,-0.019033130958038727,0.01281905290988479,-0.0032483287078825963,0.8987151708669869,0.35102498116240577,0.07646407340270621,0.146351344154141,0.022864273786708467,0.05569761392590053,0.015166508623504237,0.03167496214132393,0.012427189634070765,0.015798945603214,0.016764041817091502,0.006522203724005078,0.010839182400535132,0.011489719909324228,0.0066521640846946405,0.00880874590695971,0.007111509297835197,0.007579348457735188,0.005388146872872621,0.005469003002489545
-0.2451066436885313,-0.18086410482918056,-0.022721919375398494,-0.08315918489181184,0.07961223589348873,-0.024138182233169565,-0.09584580013282042,0.030308401187572703,-0.06908374257914099,-0.002798715321962659,0.010524846796462104,-0.023391243354558607,0.009452115312871701,-0.025146161621585554,0.005195116570108503,0.0021403132545712825,-0.0030517573720879676,0.010856477894761869,0.004392243453304733,0.005813386055115588,0.7833666411382927,0.3239901816963549,0.2565567940845876,0.123400238719534,0.20384405495626925,0.0883006064906278,0.07673466073641244,0.07212374688101118,0.08337619618233551,0.05187152572645023,0.026451036790842555,0.02874703310729018,0.02752015689277306,0.034185765469039876,0.04075085646630413,0.01590980864946058,0.020133298684551104,0.015339468205248818,0.015966896449567114,0.018881951000555286
0.026466696855918938,-0.009535611636010556,-0.030930018825697608,-0.005650662253634693,-0.047873572286632755,0.012104716904914768,0.008457179009613047,-0.03376353774234945,-0.006036197643783579,0.026302495189072593,0.00999325670653683,-0.020150853128972128,-0.012349612793906844,0.009721300730916522,-0.012194001846012832,-0.004953300898844309,-0.005987040481761861,0.0008015713650585928,-0.010800470740657176,-0.019978578225499904,0.9632575605956486,0.23693915801822726,0.07176519440477899,0.036601303994774126,0.019392499593266416,0.02019395402920514,0.012574420724708817,0.019003505569313375,0.008303989678830037,0.011795996354785936,0.007246413165264823,0.008044394633422049,0.004907121683276164,0.008460788689428499,0.005567176624129435,0.004169040835835502,0.0037404168832446435,0.004186512229557948,0.005281977025396062,0.006024551981785326
0.41553017546715226,-0.14142954943149383,0.32592437976288907,0.0337913824770497,-0.06579854787135825,-0.13686282250153348,-0.006067091683975011,-0.2626389586805428,0.04591553316852157,0.0428051604093589,-0.25140375342469756,0.01291978827027611,-0.006704203882095606,-0.07254781300910855,-0.01656362294949841,-0.12371374107302563,-0.04023622470904689,-0.014891223507452409,0.1050933483437837,-0.007098745773973059,0.6240041812015252,0.1781656243156145,0.23213614563844898,0.06366514221666181,0.03677550600616193,0.040524705826610316,0.015842657339216998,0.11489746247283046,0.009567531368855957,0.010027192280687769,0.09762720089553494,0.005660776315753758,0.006721932700813219,0.011910005000950845,0.005500810277320436,0.027863014150214655,0.006791761319810443,0.0037204339268839966,0.020516310329931654,0.003291966506834558
-0.4931408022103077,0.05543400253616108,0.0496057813207209,-0.16839852274261066,-0.11427385117549052,-0.09007497332374313,0.015099749139911139,-0.18494888882464738,-0.16228786674100276,-0.11665208787575793,-0.11005676831487073,-0.06417860786063016,-0.05745445548834138,-0.13234922643983643,-0.04792755183153682,0.004463425698666977,0.015213002113439955,-0.04265574917899862,-0.08197017050943951,-0.02059243712667839,0.7205141313706752,0.1786985979624961,0.06390087110466158,0.09672903271512381,0.04917511223698948,0.03388977423896438,0.019384900551091447,0.06951555401745199,0.048212867501935715,0.027821502655742514,0.027805293050952324,0.012966012611805789,0.010519672371670953,0.0319825258716424,0.008068864739243781,0.004009409032072834,0.0037250382274683362,0.006876507152235615,0.01391266014922443,0.0034226381498536286
0.4069575129575552,-0.23793305343694335,0.14076699390970313,-0.13340245419650118,-0.1773532565813089,-0.10021835730978217,-0.2785001429438931,-0.14826852936807638,-0.15778515825553757,-0.09007234127049508,0.02321141359683106,0.09207618551249887,-0.07986564528790126,-0.14593572451615183,-0.1009924130822339,0.06735091291936258,0.007104751485325939,-0.12725797743265077,-0.028041426999893346,-0.0013824077064378832,0.6235182315452987,0.2541466130244287,0.10242059905981377,0.06279424079415341,0.07725525216340556,0.03416808056306563,0.125160336958191,0.041746580806635986,0.04398356088928921,0.017139154664131687,0.007221534292981217,0.018780399545850892,0.014064152378358242,0.034597325924876646,0.019261907150778107,0.011480377105504811,0.003866328053260402,0.02701712798423297,0.0043541585813787025,0.0032502656186630405
-0.08577967118007673,-0.1963588073891402,0.03182479025860276,0.05784183080405582,0.03720992490724876,0.046447676990202066,-0.14948295050085506,-0.08993098768840439,-0.14756061564319842,0.008844340620728862,-0.0664342923859924,-0.08930914730415997,-0.08333167205724587,0.031945253539720116,-0.04311191394321805,-0.07464286336633749,0.013908101817843292,-0.05174312775261272,0.04186341165488315,-0.03261360215508394,0.8046135701715322,0.4073308133902207,0.12159601578948477,0.07244738361035952,0.04998520021513294,0.04644026082593319,0.05582346176672367,0.030462302621839982,0.0809400241077897,0.035331378901173785,0.022500703877921666,0.02835498896057402,0.02904217328596279,0.02543380932418477,0.013740498579126492,0.030819611774148593,0.07339192553854831,0.016963172712013787,0.027540608975835195,0.014196372987699626
0.08867415534312799,0.07485969667420779,-0.04561727550067218,-0.03653483347353914,-0.0044950274287655105,0.07427615728601229,-0.031209280634512827,-0.012882169135081835,-0.09357760593741678,-0.010150014954374023,-0.05004595128698817,-0.06990470427715707,0.01981998518959224,-0.045389665594111644,0.023008703071477662,-0.033939230272536106,-0.03766941855149087,0.042872961901090884,-0.06250080833687374,-0.020253698488820922,0.8835611994310102,0.35867860862758594,0.139103792493221,0.06944006508122914,0.04567061204432203,0.07157848579171756,0.031028537706222388,0.020191668549458756,0.03876070443550195,0.022483078419328728,0.02898453200202862,0.018915863117989644,0.013914409167728391,0.021772727997279882,0.022507309440447484,0.02238811494748214,0.008026966710175613,0.013990766838271364,0.03434557319862062,0.008815250143122422
-0.011502663265873498,-0.05117527924048475,-0.004304815309857647,-0.00214236193513165,0.010338767700090469,-0.10222833925069179,0.03205304423888505,0.02289296890413667,-0.01624802745920548,-0.013413400084077754,-0.004617738741608903,-0.00037848797036288536,-0.004734374678427424,-0.005580942279962355,-0.05423904345299505,0.045657349210307965,0.030722649088262863,-0.027030505125440543,0.013044017908921306,-0.014494469245676657,0.9127058371475257,0.3325567573176079,0.1175733693721781,0.04769894927622854,0.05016310956170746,0.06847235047399802,0.03942401264878709,0.018361828827520237,0.02100952705736833,0.03042194955782762,0.016677994070741924,0.014368284198301736,0.04535424722002074,0.024088728603371568,0.02139229706112144,0.045464052786583775,0.017514743857060838,0.016064619486644727,0.019037960987822858,0.027476651424079353
-0.0493458878471877,-0.061296682854606606,-0.03201093241561774,-0.005410199518511452,-0.03143275945527487,-0.03195269649977927,-0.001326505137859811,0.00550308684360177,-0.02372961626074991,-0.02802649475959233,0.004102955304000678,-0.01995060390116847,0.0184603720793235,-0.009923365256631492,-0.048506722768448154,-0.02700108775139683,0.01509345300838786,0.01338345519940589,-0.00962662202688952,-0.004766743227115554,0.8684098511856607,0.43431023885032294,0.17163796746042997,0.07658318252715539,0.029979072014646186,0.06174454970235933,0.01927294073314643,0.02031964226077312,0.017992401181726014,0.012534777738426801,0.0070662076622590615,0.009651265596980102,0.014484563502868687,0.006952205309618636,0.012208120103372735,0.009691462495815073,0.008123570774529885,0.007420655485657249,0.004327599380960479,0.007733263790692164
0.13205225415249863,-0.06164999964270334,0.015775951823609566,0.012069589434032107,-0.00553243747935955,-0.006251955431657752,-0.029126850478342844,0.0006170080608610196,-0.013942927167375722,0.00045054891681016847,-0.006117726987472506,-0.0254440088841671,-0.0011803639923868743,0.01616216600094065,0.009056361486157618,0.0058119104312209825,0.00731121638071138,0.0006914445979631482,-0.018057649368475127,0.00039636776851821885,0.8442403709629656,0.47469201879710915,0.16877790865026857,0.07335476896560164,0.03535546751126221,0.024438241119794025,0.02543295628022896,0.019086871104087896,0.01741892450344116,0.012388542107256819,0.0119059440097505,0.011313181199211835,0.007629339829243854,0.007565980798844593,0.00579486378411225,0.007881458230842603,0.004329532182799657,0.003941934089384788,0.004618583150794541,0.004179717057298264
0.11761347209325157,-0.07735061891687832,0.026418881623107522,0.0020768248378970856,0.00278798401567141,-0.029195502168431184,-0.02914933931546397,-0.01647709798724871,0.0024541844740626484,0.00662963053767836,-0.00017651357587870146,-0.006168242393384626,-0.005817192373535598,-0.004952269054363213,-0.0017673014610511755,0.0026126453709135753,-0.001518321750040524,0.005709472218428777,0.010936072615840146,-0.007175093269061128,0.8431779686363898,0.47971853980478485,0.1634984699835293,0.07250838929398283,0.03538182401125807,0.022520079697969327,0.02606358471157492,0.018696420796486157,0.020385460256756485,0.021099710375015648,0.009876237821950257,0.006793760962199983,0.0061419870483686865,0.007048143136392511,0.006477642160944175,0.006646594363609654,0.005699352490101954,0.005298614177645009,0.004417269878888303,0.004884771165920525
0.02140401118189066,-0.019621903519629152,-0.027211269312305726,0.0012339498646828668,0.003989625727788008,-0.017795202369364632,-0.00790182152342819,-0.008627979998286206,0.04355666484808382,-0.03595407406695225,-0.02385737390737033,0.004920999362041425,-0.004859188659171488,-0.004871981734867322,-0.010258963024724716,0.002383779683480987,0.031287002695947516,-0.011467299467807815,-0.0006190082568902429,0.007964692723885083,0.9144117912445303,0.30219471882875115,0.21276155192134072,0.08198476279285719,0.06677325888776067,0.04096188286399546,0.048152618450299,0.03264413086411026,0.02840878836315016,0.031260217397184764,0.01621208303203,0.021588830335065333,0.013089310862265153,0.009633951219855238,0.01770497281775732,0.016218374451135442,0.013778765802124367,0.013021349505818503,0.008444766419085547,0.008044738617130289
0.054463612634219685,0.025526306306001775,-0.027290871353853722,0.004683063428134618,-0.012762791371200238,0.018257345647588213,-0.09708004886427105,-0.01528623970387665,-0.009044182339838508,1.5508137131169868e-05,0.01299523182133968,-0.012419906559075052,-0.003531441188453815,0.004319709423711791,0.026993567438045898,0.00906788934055093,-0.02431622423958898,-0.005584479905509715,-0.006671651131753852,-0.00416317774654407,0.9170293354311725,0.342213391809272,0.09914979792252393,0.0825931192691333,0.05026117139987835,0.02769187787437862,0.04755696488867265,0.027082558394616662,0.020988419772560146,0.026483704088713117,0.013024246613376124,0.014886445379836926,0.018330483094710737,0.010327512299781539,0.012745643201156018,0.011183695811882577,0.009540664765481585,0.00858963753805509,0.007253753156364612,0.0074638677125045015
-0.17462038853374753,-0.1647315414528166,0.033645638276468826,-0.04006154080204119,-0.008148404945875551,0.001955999007141257,0.01817325982970788,0.011755841204699883,0.0015866764154958241,-0.0069945162531529085,0.0351942343622238,-0.012861335388263492,-0.03502686102936589,-0.006463100730572268,-0.0035392524525674663,0.015819597517650857,-0.014082446523374969,0.002814741824208071,0.0016653568076416714,0.0016654987234828228,0.8262882442569423,0.3525139707156926,0.2912122582678162,0.13169715262035894,0.0677732155015112,0.0882886165171632,0.06828412698527316,0.057588396652808384,0.030303529729585308,0.026514050214936042,0.033942850754686026,0.03525132829289201,0.023891700468812505,0.02013278137282037,0.019208250431341226,0.018498338150925026,0.011538690645931646,0.014788901657801105,0.015534892068316175,0.008125244651616322
-0.43487574026867765,0.07805008208548041,-0.08902075224179082,0.18502470770692092,-0.2503421465094486,-0.08690817126932708,-0.1801152445455473,-0.2055995039410417,0.0044934711031160415,-0.15660302666465278,-0.21507650714113435,-0.09861914727568431,0.04991136276034601,0.04801515995837143,0.029348343020416702,0.0952032648033447,0.07971707521916176,-0.06193307696965254,0.04472968145101564,-0.007538696358306452,0.6775547535178736,0.11912247961962587,0.059677461304304145,0.0842113537767059,0.10208289897378661,0.024976235726119938,0.055292972154803846,0.0650595885752728,0.0055082866544200046,0.04170348753630916,0.0701262606384738,0.023859218107452573,0.008203237663429671,0.008048717510261674,0.004081371334832769,0.0167790070603171,0.011172027295481357,0.00916240597403935,0.005185078660718072,0.00409788316464014
-0.4155359525390471,0.22531983029148445,0.06588219572816124,-0.26276036619802867,-0.15011429137992024,-0.2272473177774499,-0.09701757687262111,-0.2385241214983115,-0.03701305007196184,0.011264377421764785,0.11139102671219023,-0.009660562634846739,0.004084536404479169,-0.028415430704954434,0.06716638444716504,-0.09501248752351818,-0.11999010247313056,0.010126363684844571,0.035804116040435256,-0.01599893019071764,0.6633355837612737,0.18326728373157974,0.06020233242621317,0.126001139800907,0.09178632264053226,0.08376391059546345,0.019335534146409265,0.08657127963109287,0.005729939070486722,0.0058574978217916405,0.01978410321259574,0.004511022429508449,0.0018902492439596423,0.013698906306665455,0.010204207021812028,0.01953023577189849,0.026505831909888228,0.002185095772958233,0.003951054884886552,0.0025939507142351747
-0.17006848013710332,0.3590444886542032,0.1366892424125451,-0.3907351345468646,-0.2950176349370766,-0.2064284198582474,0.08708559654139783,-0.12404930827031634,0.17519706426276038,-0.06463338872232889,0.20739447541467754,-0.05368802076291334,0.054783658377995606,-0.028652271114614044,-0.0716124265413844,-0.0090396775755014,0.09237966865324534,-0.03967178815325055,-0.014295691442478936,0.023993673940944274,0.46691791457155074,0.3071458837765821,0.09582175345436937,0.21901480153300099,0.1843710295612751,0.07217415767711681,0.025947354269945565,0.026060436621545544,0.047409574102833356,0.01118756425325271,0.06542913865237612,0.011613613558942642,0.0062009923884667065,0.0034643395931109365,0.018504090730172326,0.003239931777660598,0.013234854818699657,0.003957236526265443,0.006691447478290368,0.00413067023402633
0.021120149314600174,-0.13391845725938303,-0.16349900036737203,0.02905913916268451,-0.02807302090123375,-0.014567913298898125,0.001893376876331829,-0.02221355677271079,-0.00295590177665948,-0.002772767716203528,-0.013139782523304465,-0.02479882690673876,0.007368232964641783,0.007900987940843226,-0.01536760219910734,0.014222504396117172,-0.016921878782466933,-0.004997142786218997,0.004706471788960025,-0.005391081049589662,0.4942145665743011,0.6332789236442606,0.5419655902206654,0.07028783678772946,0.06280342749408768,0.028030455396999724,0.02486424119975212,0.013097514122762473,0.016821056499422577,0.012871430534519612,0.014658081610561183,0.01097563085569632,0.008684587595210524,0.010568018067830368,0.01000020733551759,0.00852835171131676,0.00818250021186863,0.006721960151983935,0.005625747237372822,0.007725695557636382
-0.1764140143145465,-0.0327344978358429,0.014047787823663073,-0.018587441383123644,-0.013589261484725109,0.03385920977272198,-0.02923504993672042,-0.006246304520741075,-0.018892538167465982,-0.008677475897804774,0.014868037963748363,0.005199564556546152,-0.009923639516352802,-0.006604964658603627,-0.004193545747564333,-0.014391596968932403,0.0008542469381965841,0.000694737542318293,-0.01066550119907418,-0.005014985879083455,0.6002733880648852,0.6828248628771205,0.3479945978124943,0.09278155681116827,0.04255452127373966,0.052728870403600935,0.03281865461471593,0.014171417054684624,0.014826019451783242,0.01781964857955319,0.019482097553733823,0.01217850125966053,0.00894582436921933,0.010492917992455912,0.010349565108279482,0.009662624960334331,0.008342918112976796,0.008609870370244202,0.007344583953019953,0.00651476156424612
-0.04585935002990557,-0.12675718338411646,-0.09600493952555045,-0.019542863140571968,0.012399273478606334,0.04548037599074405,-0.022766013542673543,-0.01871321643881474,0.016128268187827248,0.010021540199825233,0.0033389128326005223,-0.0031767844730208107,0.008263499866348495,-0.016127170258900255,0.011067740994168115,-0.005315381905232252,-0.011721611180530313,0.0005109685233969774,0.003957567189183979,-0.0055959852936139365,0.7270022292107527,0.5410520183393844,0.35367711041447697,0.11058277649807668,0.040455210712758684,0.056359643765163926,0.033330649102758673,0.032432216191811025,0.028650240550121324,0.018315464031810526,0.014030670313673197,0.01736063633755566,0.013795277682986771,0.013191287581831496,0.01052206723259374,0.010648662149820583,0.010843474641235343,0.007977118261042276,0.0051018888870947325,0.009101011725820915
