-0.5976044590932753,-0.12073389301145152,-0.00270750830826915,0.0246681002193703,-0.02347555474440062,-0.019046179885014346,0.00792392907035282,-0.008600124503205738,-0.039660786826376616,-0.017849174357957385,-0.011122786701505873,-0.003989796494865203,-0.004618577928529713,0.007110486575156777,-0.02799621087380773,-0.001520760122211519,-0.0015380482298378109,-0.007562978315649291,-0.006457978206834822,-0.007759899995652721,0.774474966649993,0.12621939179714334,0.04110939927460917,0.020907329563297355,0.03157290588333204,0.02957802265608104,0.027110357677284952,0.024233326094813126,0.027315070702548048,0.019683592064122003,0.011125301908185272,0.0241695564446802,0.007621349991672276,0.009832589039768802,0.011530868716862886,0.010347857566508184,0.006323505136067352,0.009057188122666787,0.007614548863510582,0.009744599365373354
-0.4275643258176732,-0.47446116542344624,0.22176792347548713,-0.05006436981324391,-0.044849863351299084,-0.030261635609139085,0.02769530738316519,0.013070527814038089,0.0028468320140281307,-0.03122340586723219,-0.016953299414794037,-0.005579900086195899,-0.011541672994785916,-0.010319829497228771,-0.0011723192222997194,-0.0005617716377783017,-0.0017407477429994614,0.009516437762494279,0.002410647252093319,0.009600070627580662,0.550323165863888,0.4143316761876281,0.22083174176962814,0.04665141348555815,0.027138186654142103,0.03377214650570505,0.02487935802839097,0.035639918959734,0.02318512322563429,0.027390245525651134,0.031890614118283374,0.02475874477336422,0.02456151880961163,0.02430719105957333,0.014782919351337527,0.02080587793849906,0.010535204477313969,0.01879229846656347,0.012568269234887972,0.012932802165369912
-0.5613049993588427,-0.006294410846547447,-0.03878707243017515,0.13993866538906027,-0.10019901283759218,0.04234675789956102,0.10640112659980436,-0.012714400339942823,-0.07780413357298872,-0.00023601842120423114,-0.03782165919522727,-0.03208018033765526,0.035170808061111065,0.014845745375595956,-0.03792129099218615,0.02599529012526964,-0.02145466262385373,-0.0024855588384461143,-0.008843466651579323,0.00636536321570837,0.742122614377183,0.16960517837726327,0.11143579476549587,0.12528998139868364,0.08208435179657124,0.043634827367208466,0.05590421492886076,0.04311488222288796,0.04752785216327918,0.029924882872336123,0.028095447429618548,0.02478245011567136,0.026870241190576523,0.019111784050480467,0.013205851259678738,0.011685594135309871,0.014592830127089654,0.012742556280567542,0.013254005574477125,0.007987129820277751
-0.4713866253786833,-0.14600665852727643,-0.3237459378594535,0.09077679916578832,-0.0808861626476106,-0.036817835310454516,0.04786898940298914,0.01882703996896295,0.007967363219570396,-0.023685231307004773,0.010238064634753423,-0.020948839044812068,0.012632715011020918,-0.03701348775495499,-0.014902489830000686,-0.01898583685643883,-0.0023568956867198003,-0.008377362681724539,-0.00487245289745215,-0.01278749708298591,0.6656422209020613,0.1605172965627342,0.38003708869850994,0.0733106093981409,0.05897144409418071,0.04523590033201501,0.03631136206445948,0.02554332027174722,0.029618627723686588,0.017649164965547512,0.016739181325298065,0.022778247334964627,0.01779228813936755,0.018054762287807877,0.011321651054987862,0.012212959008575877,0.005468232247927422,0.009706686476217094,0.010880517198122944,0.006668709442798317
-0.6839920195813268,-0.006755442322021884,-0.0062299568824098145,-0.1729310284523468,-0.05943883992595072,-0.11511363868337363,-0.1752100375167446,-0.010956985917519512,-0.0324448403232578,-0.05083720274102833,-0.006270111633437412,-0.045889171396927775,0.00010725233318930173,-0.04692911543128764,-0.011474426518383133,-0.009796350249413083,-0.044666325154060514,-0.024939936315497686,0.043691870652562775,-0.02755443943164126,0.45668497768992783,0.3445945273331568,0.1633322232411349,0.10239970681242064,0.15842636641576263,0.06645041124517867,0.16458577852032705,0.09141021589109047,0.051240285396672136,0.04012640457247749,0.030358555196516698,0.027075021986540854,0.025264015081553605,0.040953870928074045,0.027393964129464377,0.0103420252277497,0.03469071293373613,0.01524844178250266,0.02524791947685864,0.022357124774509726
-0.5007367820299766,0.1842973131242897,0.05767993594598902,0.04865592689605979,-0.04831931437973977,-0.06276914984651806,0.017765963324151486,-0.043180474279908565,-0.022427537484865246,-0.00538964476983469,-0.002272785340575504,-0.02510923699635025,0.002884113029196547,-0.02381161625385834,-0.007676880211069022,0.005031095771550491,-0.020207969256425828,-0.009629382242961889,0.0033874174083856744,0.0033344561159059784,0.7596310283486488,0.3190424516218779,0.05812359152100655,0.04692022337516769,0.05066417388601489,0.06934507782580027,0.03505409571655937,0.03707019310680183,0.02584052701076751,0.020838677324753665,0.029681177375745348,0.021161458113770272,0.016707638174451585,0.021995393759938663,0.01654003184513894,0.017600329192065573,0.016961113550958903,0.010248277466456717,0.010443365413383587,0.011503241820719472
0.42640118546155414,0.21272815354397567,-0.13060488579750348,-0.1292422554782177,-0.3182511056298115,0.10417595314641147,0.050580191183493065,0.0798440494637746,-0.1275387086963619,-0.15540441163671215,-0.07298818496960363,-0.0172565361720135,-0.00523353880979102,-0.02997183053124658,-0.03524405876497663,-0.04497044283929226,-0.03283174546656234,0.009685624256329068,0.03269702750038144,-0.0008162561599523798,0.6308864161017094,0.3235670244341569,0.10899796886129579,0.06415045691671653,0.18991657693317762,0.04307244263008466,0.022713967687987738,0.02574012899684487,0.04349601595561158,0.05840337526058171,0.03063947592395275,0.012347187095112512,0.016276201142502944,0.01697459357286676,0.016190270309182655,0.014595797267940209,0.010884689324892612,0.007090258738294705,0.0127863897024153,0.00765856957801997
0.11422636017700302,-0.23019520165665178,-0.2108275722606824,0.09148423420751113,0.45468845546817477,-0.16790564013678558,0.12245395639038988,-0.07198105509101944,0.07531512301233517,-0.13824612124202615,-0.03226951098072569,-0.13416497893684567,-0.10842682290321741,-0.025895300233584828,-0.3205743164749771,0.05215423488974457,0.10526480957874587,-0.014693164287449354,-0.13227285054659738,-0.11526908652389536,0.3918161490519453,0.21703829737859082,0.15617258848964438,0.08436607873088012,0.37686480158575286,0.06921194864943168,0.0561597705796268,0.037881106842150375,0.047354726171091384,0.042016314227204324,0.022361328600993047,0.04434088486391132,0.032307393558695156,0.02142972689175837,0.16593948745838724,0.013349498486329055,0.02455695900328294,0.013223024360793798,0.032774848120616894,0.033642069684401685
-0.10090966513975962,-0.15948127627099665,-0.3508948272348685,-0.4510848870017814,-0.30796583335209604,0.06856902324982513,-0.11043803721879702,-0.1474727378397874,0.06875286956511711,0.008021117624328089,-0.12252854577035413,0.05771380371393051,-0.05628179199194354,-0.03382673942481313,-0.049556122859011426,-0.13731610477923537,0.007290749506314136,-0.03760116799934179,0.0019389994206568156,-0.05178101819269746,0.3173865605614247,0.184755255270848,0.2158710601540382,0.4622036099303181,0.1885072219134096,0.05215576662790982,0.03929413103385978,0.07954917491333753,0.043276548565655375,0.03733758457212973,0.03947343126457241,0.03338980107928925,0.03166661017859765,0.026508856606946688,0.018251283428409013,0.038116409024722867,0.010196319120202023,0.015298570761751975,0.014014083320024004,0.01354720681577671
-0.48751278966320605,-0.10327025825878026,-0.2110415279199157,-0.28267504022957785,-0.18417632222518632,-0.03024455369158692,-0.05721173238007837,0.012788374236856071,-0.03575529705903729,0.014444935105926135,0.009517933209057654,-0.0038246928983557476,0.025125595877668404,-0.012107390781471489,0.0019919177396685375,-0.007979347150178813,0.0018509905251497814,0.0011548707301484986,0.007850601539776052,0.01656653244220945,0.6458574380454082,0.1702347338771153,0.17714797333754562,0.2616428020091414,0.1529032691278229,0.08411210848334458,0.05581814914149731,0.03990890571185697,0.030044289733163827,0.028666434305882327,0.02595822403417261,0.02912017570229532,0.01654170058187565,0.015298211197605112,0.016965537618813278,0.014690541480829107,0.015206193291016348,0.017425069754827945,0.009590523214612609,0.01321712232095292
-0.49492865543787734,0.049039587272662756,-0.2289151583118129,-0.1844347551566642,-0.0162359434959065,0.0007884886567291097,-0.058569291847307456,-0.03419654282670933,-0.028696256509259385,-0.0016006559621085678,-0.005308985560569866,0.006903873630656093,-0.0033632071239730133,0.013699608130444544,-0.0002907728426828697,-0.008430878657060678,-0.011456353346382769,0.004269915036355381,-0.007705015890619538,0.005160421109809368,0.7527502088275374,0.11790916644969275,0.21044838436608043,0.1451929762301896,0.06278308425934492,0.05644260216146057,0.050559127676036694,0.03951405018659581,0.025661864693976574,0.02176262959051651,0.018257834059262634,0.016232423186186038,0.01544113947769266,0.016624714303313633,0.014965457955682984,0.008206455454238341,0.010788768599970898,0.007891556753405733,0.007096440383703923,0.0060603164241710885
0.3932136456410849,0.043238418488392716,0.16428256397237528,-0.3808882563139507,0.12803910570258253,-0.08370679592850665,0.09347932586246742,-0.07067719720304513,-0.07809946360412084,-0.020314250043368547,-0.22321545125206985,-0.14577865630053344,-0.050056855713955704,0.05896069539288,0.02235644141856039,-0.049459163863791865,0.008224802012952753,-0.038191302214269134,0.02235936688449304,0.03190364003842275,0.5694774902880908,0.2940286180524496,0.17466992085600155,0.28918334511363475,0.06889746248922911,0.04064445971829591,0.03368896945790275,0.01902886421328716,0.019739977826801848,0.009938439802967016,0.09294715898005797,0.044443847019977986,0.013235939767334287,0.013582656382622741,0.007537546965252055,0.012821134473552846,0.007905995152588545,0.009082866194161031,0.008759851120397616,0.007624800694479215
-0.0709745305275203,-0.20469470869519946,-0.42926819230249885,-0.2743800194169278,-0.17586563976272498,0.24399995672801064,0.0903489777809221,-0.23795172085601368,-0.10255893725657461,-0.0012623476330448898,-0.028396117339206817,0.11077493626838697,-0.08865644642757589,0.08490022506583711,-0.0832643669644475,-0.05738887253679043,-0.034870018425554455,0.04884187527861806,0.04558292993145943,-0.02577395263765518,0.3701172551258521,0.3733596497371323,0.3834891152119228,0.1563796010122357,0.07453474402215636,0.11832152577475602,0.029005951977191972,0.10033451708980848,0.030834959079425014,0.016355710614357366,0.014900781091597608,0.03145344751575239,0.02243874620340489,0.020583406372733044,0.023622619184050706,0.0158849021317436,0.011973194337348163,0.011422341579606749,0.012106280424611869,0.00831020886301297
0.2605240543224961,-0.12541736262195474,-0.26252499344223357,-0.5212234664781762,-0.20401947750962132,0.2561877829098869,-0.04760920911662241,-0.07881368581126288,0.05489629959586777,0.014146585759743958,-0.05377361088676281,0.008670902777672495,-0.0022740900969659915,-0.018198260261529972,0.037598163993072406,0.04597141910985206,-0.01736095950379972,0.006342721776633944,0.011301599763208122,0.005673709073311689,0.32587856591139847,0.17549770744427903,0.24833433548559153,0.4550783395799272,0.13780243767170108,0.13278030941601654,0.03334834864566345,0.0564967115720172,0.034782995028376416,0.017279059826114763,0.01653408295388629,0.01404421511669203,0.013315556650563151,0.014965468013171265,0.0113338379752114,0.012340725530880205,0.009076956667869401,0.006626635521673461,0.005265264155268977,0.004789643858716535
-0.5451130688360709,-0.17866759304865434,-0.26030931607145075,0.07283652040839178,-0.006893699155068686,0.06650186018384424,-0.02459825982562478,-0.006723212197161679,-0.03581160422854587,-0.02523142807053946,0.023398112930438027,0.01992160854353566,0.008176731027127643,-5.605844886445133e-05,-0.016537242505429227,-0.010197954423024564,0.001547072628806014,0.005861399599900994,-0.008350477345161018,0.006953884168749888,0.693892532096298,0.21925427358829266,0.2253596948644,0.045960949421802004,0.03760934012055924,0.05426993513710565,0.024856603527247955,0.016613752716180385,0.024051900001972392,0.016825546682877862,0.013154889401222041,0.01368965217281213,0.008119663155174083,0.005854434602230306,0.0076999652605243,0.009380377593430087,0.005497676465695874,0.005694725220282884,0.004165701085207724,0.0043406474361810735
-0.25199012090527095,-0.12623958063433108,-0.5713026374918588,-0.0952850438690833,0.02528451011269898,-0.03820032100945436,-0.03043226105181932,-0.056546517388005806,-0.043328217492772846,-0.05341446246619464,-0.005995626462968459,0.0373075363118952,0.013443846709959661,0.0158008933590612,-0.0024322581308539224,-0.006579380667564495,0.016437896449591774,0.003384843770141038,0.004876103719595307,-0.041901879937508435,0.3052599971004206,0.2057310777214604,0.6492097338719542,0.03900581340468379,0.05862705899529829,0.032469329111930484,0.02586176692211236,0.05894073026329401,0.025327912678636023,0.028503750408402858,0.014777856377647369,0.017736816640099795,0.012072145856548023,0.015088369417777452,0.013485656984472929,0.009745914094147849,0.010008683307176513,0.010847949916274547,0.008685116325351475,0.01043899892226987
0.32268716888224785,-0.3609759062810693,-0.34166570936319524,-0.18438719932792288,-0.1281856818933734,-0.06367735291106132,0.05305668726495382,-0.006548072954471788,-0.04494955181113331,-0.04202750637248513,-0.008496476564821576,-0.008063013708907977,-0.0516100327861147,-0.008908762494909349,0.019155964883482833,-0.037626751234176005,0.004111693739589415,-0.022472345509390305,0.0051461786168503585,-0.010793651353387773,0.5816534035908874,0.3704656708575519,0.28792425183890324,0.11818376704738376,0.08265599699108014,0.02719603965894797,0.02885258267096471,0.016650482857379648,0.017927656197781878,0.016379123832501175,0.012925514712647856,0.006894076380841444,0.011568692641581745,0.007479460238028734,0.008502836172815359,0.008719282162724322,0.003853819090887747,0.0071183338169067256,0.004584980400339038,0.0057381458146358675
-0.449023147868818,-0.30428205558995636,-0.08645630687056158,0.03012920742669445,-0.003930619697103835,-0.025273033076259378,0.0031678750545806236,-0.009893639207891103,0.03606124715884204,0.007413229504508175,0.012923566139461292,0.00419382453536051,-0.0022810321703462476,-0.010521650070509217,-0.001393589704995934,-0.0014516225519913687,-0.0010750013974164473,0.0012443835768848484,0.005551098361955131,0.0006961743349962339,0.7152123703748484,0.39953239051064376,0.12681352661733675,0.05799558759679855,0.04000027476971559,0.028538807112389805,0.02471560574862174,0.013038227735361646,0.019232198312257347,0.012885529490160582,0.010153597425890263,0.005939672950846925,0.0070296666962279125,0.013140271557743556,0.007786462817640118,0.009534874307769921,0.004379755820552635,0.00556550192558954,0.006578306163432143,0.00392878311071124
0.3229186073452508,-0.06839420348234732,-0.4593405890569789,-0.07495199235679917,-0.07811280403179233,-0.0505338136195176,0.045822071145606554,-0.028949501520128804,-0.03705088078693979,0.0006487498914344867,-0.002550448207817329,0.00027307515585853155,0.027095519469360795,-0.029877140835459642,-0.012788769502167792,-0.0016820297430998408,0.03727335849829015,-0.0025294531004243486,0.005484995595382358,-0.007896131876147943,0.5445919318773867,0.0833790139653248,0.5884848140635449,0.05347717181457577,0.05030434874531397,0.031965196229106145,0.028240674664945127,0.020573336949874687,0.01637895369827804,0.01067131694995243,0.007212565983742047,0.00508484828218849,0.00705059485748755,0.00750065491428652,0.005085354559114515,0.004371849149759664,0.007412497373409456,0.0034284746687854827,0.003399574140092826,0.003343473792888031
-0.13778549536093027,-0.43574983705564296,-0.42072352401634777,0.053540705995815355,0.08084942117819305,0.006669343214371961,-0.015989912145424473,-0.038481888509946466,0.020855047010776638,-0.017274870337060603,-0.01968841256647518,-0.007307197915119395,0.004239340534735604,-0.003904399297654021,0.0036908940900578745,0.0017955313332621004,0.0057699728028197655,0.0027774825121186036,-0.014479593044392091,-0.0036384413605933838,0.30933772537079884,0.4963269005150722,0.49413279606140076,0.08891883095710326,0.06090203342559514,0.036275073627863454,0.029584613860078032,0.02395574686385264,0.018912217971348233,0.010064635364046169,0.0115159987056647,0.009974537193480505,0.005809780109670057,0.006104217546711809,0.004470824198014923,0.004674534423854686,0.004452145476513944,0.004055332842289498,0.004346817046991664,0.004381091433516729
0.3619377155468571,-0.2809233261961698,-0.05685061041045269,-0.30878629292244464,-0.08394901148485093,-0.06903477226604875,-0.03450863206446338,-0.037065243979909394,0.03870191994873907,0.011989575807719761,-0.00494236018862358,0.01208888669342656,0.015949044748586917,0.005337807888191403,0.00867517577193389,0.01864497387139894,-0.0025536952496313767,-0.0006417114858108926,0.009849665302523493,-0.029850890963986704,0.7174925334832059,0.1992675009799705,0.05208402642766658,0.33793327483256114,0.02509358826284878,0.03198923297046602,0.012225399571001593,0.010330617068804894,0.0075421181627316775,0.007066894739270771,0.004844307399318239,0.005929120311041597,0.004882797851865269,0.0028423913069575736,0.003747770494473684,0.004117865189724888,0.0048003424877252725,0.002792405146133912,0.0037951758013278145,0.0037205872734851026
0.28699965850897213,-0.4553658330358644,-0.11757930565668473,-0.389148373667928,0.12950344601431188,-0.06350183806906508,-0.006117293537025334,-0.1387603543707125,0.10943666281256013,0.0004285224225355172,-0.00912376431026685,0.002418965646664126,0.01840027897725159,-0.000451510587771662,0.021037409039246644,0.004628374538290843,-0.004086824971060132,0.02091478718775849,0.01076917043592932,0.004666699145691513,0.364741259292526,0.42693085491175126,0.1281449477863632,0.36504916020838324,0.10372776095363521,0.045830286671226426,0.0595018782065064,0.06500568011847932,0.06090637539999291,0.016705927051997548,0.017528338858022463,0.017526452100125156,0.016563624362582876,0.013442689319608144,0.012288978115005027,0.011708096821687582,0.014142505090592608,0.008849004343542435,0.008167375809370577,0.012267879423714172
0.46622373573328074,-0.3316598612637889,0.2786419931659147,-0.05473660239871208,-0.23006639611039173,-0.022012916422181138,0.00741899145495416,-0.009419253400831855,0.022224002403470545,-0.006571070274696223,0.005676698571735141,0.00012106605195432029,-0.0010738306294461799,0.012188779489463097,-0.004525673457816028,-0.00025012969538159056,-0.012341117719914784,0.0023874230196009342,-0.012170759836700575,0.0012896203534046844,0.6033081257510464,0.28042317859457583,0.21035496011280377,0.053145999759754835,0.19942884796013013,0.04344096750500154,0.039605460364754666,0.025324774938353552,0.03700462460779246,0.01931854958185205,0.02316397538999713,0.015090097773284194,0.015610322316917403,0.015111575628441102,0.008381934810920526,0.01795560962727956,0.014046934529121338,0.00953139255380762,0.008665693492119252,0.009908463776507141
-0.10472651585630108,-0.6015333313840597,0.20153661882375132,-0.14636558928192053,0.11039782913252265,-0.06308976200410485,-0.15356821653401778,0.007785005332656916,0.021941330890030544,-0.046894648282800745,-0.005897771825580678,0.004020457219429376,0.012747715494586396,0.021137719202357377,0.020512931920629765,-0.022195325889080984,-0.009730822010969737,-0.0019296732987656704,-0.01700510617937187,0.012488858669635484,0.20765245392680717,0.6530633462504971,0.13722657885322911,0.09106734118148353,0.05491968758806117,0.048644662385221554,0.1121282348750314,0.025396789826584974,0.028335116379859273,0.03313416531151043,0.013300110185154541,0.03176630227223832,0.016744761977299655,0.023509291913740026,0.01668853722292048,0.012385435994944486,0.02277235449308309,0.00943042580288174,0.009888418350789565,0.012151348433131324
0.08180368366092812,-0.5828368281855475,-0.07663231879369398,-0.015456812028595028,-0.09537269052303378,-0.0035109454905242164,-0.0054718876932112965,-0.05498993232360438,-0.008257837422492,-0.030652167227506223,-0.0026522769079983504,-0.015704788592005182,-0.0025949521585470954,-0.014033622228613322,-0.0012708608878988772,-0.0196947427591254,-0.021792560461008498,0.01684288143552523,0.009706113497690379,0.007347758875167883,0.2443225947413713,0.7429352566537543,0.08322022100365631,0.036780558988020136,0.05165808889507177,0.026127402753710473,0.02904503972719486,0.056272032430147376,0.018855713715875386,0.04726261730663357,0.027005719941472005,0.011707734938270912,0.015107341894633008,0.019467531965061374,0.012710114732579186,0.009171942381873601,0.01886326028985068,0.011548557220927081,0.013448427008783622,0.01759973815695697
-0.3682318280989167,-0.09155472689650888,-0.17879412311804693,-0.10747499286747929,-0.006283752832700316,-0.036649355239199294,-0.02227260587818997,0.0012318775941685585,-0.08462442094721166,-0.03163230554951037,-0.05289921867798398,0.021771601200080586,-0.008767643046037209,-0.04776299440345341,-0.03547655780671016,-0.002459623247248151,0.009398871122568212,-0.001307614819992442,0.01725960035011899,-0.008125535655327866,0.6583519082636448,0.4755213469454822,0.23871750580031936,0.12418903082004773,0.12959376079008533,0.12218645391732788,0.044763215082613744,0.04876168286544031,0.07932648321725937,0.048782311018421814,0.056142639201878966,0.05695338332830238,0.029204236091330656,0.049267369685211525,0.035260809142081066,0.04277743874690642,0.028126356805291738,0.041470447339980725,0.04038776295506542,0.03857169617840935
0.036977242644218256,0.08370391783323453,0.0755376019048471,0.04460227896328823,-0.0168606536710924,-0.029545087394168727,-0.017702695275199458,0.0543859186789158,-0.013556021315510796,-0.03483548050344116,-0.014073126594197878,0.031144953104034232,-0.004328147688705901,-0.054865679007344244,-0.01808490036097947,-0.017911335869949443,-0.005276281055542413,0.020312982418742378,-0.009334954628458613,-0.005614879979189205,0.9012547559239198,0.24472211772823974,0.21946966809245277,0.14063998659199728,0.10694578502544476,0.05944718041146378,0.06688253243270834,0.05596332594874301,0.042956406396429586,0.03271458977709924,0.02882805747775292,0.029274146890936683,0.036789098559740954,0.0360753864203712,0.027583820034263483,0.02151318996025279,0.014740683180268591,0.023459539055509075,0.01927056852489635,0.020201884762654783
-0.16089537569836693,-0.1555396584538125,-0.06902069908326673,0.02103009078324222,-0.06949244547865255,-0.01469459112172029,0.026553578498540724,0.009855328782480606,0.03520321045476438,0.0035249615605611115,-0.01862089695201962,-0.005648702615529769,0.0007447109759126342,0.008104939924441616,0.022131967424977996,-0.006380673781116705,-0.012753198460619647,-0.010330025079763064,0.006536536132094588,0.00914795094574748,0.7015337859238284,0.49993549355515654,0.33971159536332113,0.1640681755712648,0.11899506791207637,0.09664062428523838,0.10336209018798846,0.07021776270160301,0.05287835957860079,0.0311631406987657,0.050344678209840496,0.03086613088179527,0.03794316707249815,0.02862185061181704,0.02146030073360409,0.028104189058167667,0.023773070657575897,0.019488669465078493,0.02094110366053681,0.023987735604497407
-0.27148048977334494,0.4907838722849952,0.07771961426370813,-0.17993981888313837,0.04611479885899615,-0.21721228289052008,0.04143784280938199,-0.10382801135610226,0.05912660960202074,-0.18526455649881793,0.02157152011563801,0.03975532358590752,-0.04250563345956124,-0.032719233120930856,-0.023434573478176988,-0.009703607423489866,0.003940770921453448,-0.01093209315807168,-0.04172432373663842,-0.03676720498963002,0.4728683361502796,0.5216563358722923,0.10185829212811852,0.09749335768851963,0.048553130827323605,0.10403211309638676,0.0225523232454091,0.03326408382483088,0.021144583882616846,0.07379199783052903,0.017220559671385166,0.01859352941638322,0.017488288902820965,0.011389831147499056,0.01516084011734211,0.011005611619163849,0.01462997032494119,0.009327663715545404,0.01670571830435092,0.01691992749120887
0.10971819756470602,-0.07965467528096787,0.08826217848213178,-0.05902705625283962,-0.0025512713061995075,-0.014092962886827886,0.0145053937414856,-0.016569237263985383,-0.03568800818950394,0.020807629993450292,-0.006979497571842677,0.006617168716649703,0.0038910936225072714,-0.001837539739686319,-0.004966365568267253,-0.003394723701899561,-0.011292245832729917,0.0034400997185991843,-0.0014046189593922135,-0.005178867986745872,0.7163955409203933,0.5750040297896605,0.28204202383206994,0.16024881594251114,0.08469179982465914,0.04590666458197558,0.04563751444073834,0.037479277978404085,0.042217382556739805,0.029571787850750954,0.025077229412275796,0.020350027966883098,0.01826466655332616,0.020234618312100272,0.020275032173406513,0.012226980861961818,0.013345176786722241,0.015012070973724792,0.013947933239688855,0.013492219603706907
-0.24757212225359387,0.0017564321552444293,0.04067883088490019,0.016763558362867075,0.0056510529176103975,-0.02251742960903596,0.05458313803918706,-0.01768523657667558,0.0022604514254651216,-0.0022051662772613672,-0.01852871859937471,-0.012193538511045899,0.014218787918531803,-0.005164299941998911,-0.00122233865707102,-0.0003613077777539301,0.009051348816041555,0.007075613877983663,-0.009965170814945011,0.013195910960406919,0.7520770069390996,0.5004328825877501,0.30877375453798106,0.06221608067889138,0.051891080972487034,0.06715117605854362,0.06229650524325835,0.030743055278013725,0.03278535519577445,0.028982493655433983,0.024796394113417504,0.01824135238478295,0.013815735780208938,0.01871094524584921,0.015448816164082233,0.014912491225429174,0.015094722180155428,0.012099647636315596,0.011475170366332523,0.01170072497869259
-0.06441310879536795,-0.04231949366870359,-0.0016911961811781357,-0.06923343085159388,-0.08146022987516686,-0.00010876688690958731,-0.03384369927722358,-0.030907165403250163,-0.00793134374627331,-0.006584831282067854,-0.004990022490352273,-0.003499711193300632,-0.005710694117905423,-0.0014374730444190274,-0.004824968986506275,-0.008475172792275604,-0.0006220655815614723,-0.006260680183260812,-0.005293403914407077,0.00029309829678876505,0.748827936884014,0.44389470759946237,0.3743848080575287,0.23157678939926654,0.11061289382017765,0.0763486828826137,0.048253234062050766,0.056649287495310056,0.04030291800726195,0.02221464991912547,0.019331088189170117,0.02284071406945977,0.01708148633858475,0.01961986374881646,0.019610963036982065,0.01902597030515948,0.015569633745704053,0.011409496952108108,0.009315024592806215,0.010548471683049522
0.008927923996370855,-0.3202980404400871,-0.04930245551175517,-0.06844144905511136,-0.04690743650691773,-0.06691039459719382,-0.0024904833614424957,0.04320051597650293,0.028174859706017744,0.005334300685529334,-0.027181344315775492,0.0136754595084144,0.005223179834596183,0.01984419350528624,-0.0023906103397992088,-0.0005470299391430478,0.0006366336174588021,-0.0029436829460557433,0.0010747766435957942,-0.003371685037699671,0.46203950295336216,0.7777337753722842,0.16935162258330985,0.1357205943053141,0.0666852377520259,0.056575865458619166,0.02403963176339044,0.03039600364729527,0.04742381314973831,0.03215994027675462,0.022986309825300463,0.015080434832253338,0.010572205811559364,0.01450202096009288,0.010443100836158169,0.008846428232267329,0.011959058390063946,0.006453097827630284,0.008427391762117464,0.007987170428086648
-0.01749933311122331,-0.12004733218158431,0.029259592143698325,-0.12152262486296467,-0.005318407362542042,-0.009342708271457344,-0.07994681585168882,0.01693725687424313,-0.06003064455755261,0.002622260433256454,0.010551675234579882,0.054037720123498625,0.033453314817643076,-0.021257310941902318,0.015090033095847666,0.003036016470308858,-0.009070669414033115,-0.015508911654523809,0.005535293930431934,-0.013904139152645448,0.8103304115777895,0.5056621264550715,0.09352440852349868,0.1176553802977339,0.046186268333731614,0.046026370465411456,0.06064528221190482,0.026812332831708266,0.05267643932655989,0.024490523802539462,0.039883759939986656,0.03318573459257011,0.03561798676321903,0.01828972492840282,0.013309455669206325,0.02918498084691981,0.015063851819294977,0.023347712294729255,0.02352931970491784,0.016616396680617776
-0.035949571831652906,0.014466323385003248,-0.040296141694524584,0.020742097680770993,-0.007016085491891627,-0.033540203013844826,-0.03989953857599907,-0.03961843260052919,9.184107024130362e-05,-0.008910351728279418,-0.022694545406668428,-0.007006725421801419,-0.004255593474538183,-0.008366828740691069,0.008885083813641075,-0.0076993738284562895,-0.00204859787950237,-0.006083481473464325,-0.006534953843269148,0.00822428452426456,0.8258628008818916,0.5192278725901103,0.09418616835563523,0.13026437879176214,0.06792051980332306,0.038081330529706726,0.04256769189760993,0.048810565501578015,0.02201213526374918,0.018854664558426926,0.019363318305299887,0.02039918475655203,0.01568846751073737,0.01433043727818026,0.019516034728028316,0.01718949993633684,0.013727313421599338,0.012122620168535976,0.009876490285345431,0.012272230677940069
-0.09997565317283379,-0.006647111578577695,0.09818635413163582,-0.11778705817947586,-0.06387759419304367,0.013607597309618979,0.03510754649239099,0.03868201632827861,-0.031288668710213706,0.01039684326034357,-0.024248748058697037,-0.050589872607309676,0.021459761891497755,0.022323202417635593,0.018917476970918536,-0.013400503709683908,0.009599037349920379,-0.008791353052831763,0.017625138908535103,-0.0025413122792347104,0.6713679943163925,0.6468854046908139,0.1618036189262094,0.1396455255295558,0.09533053308910805,0.061233814129623934,0.09008298188228545,0.06479763942999657,0.06361612019279514,0.040973734340111236,0.046731135607208645,0.02923708807553901,0.037777810578918006,0.028646691136833827,0.020087270098379663,0.013693745001660537,0.02077027096463331,0.0161907633003284,0.025979659180924024,0.015323761025166539
-0.11195266637756261,-0.1415664628909061,-0.0072836620392088955,0.15364963007237145,-0.018907623919161044,0.014406017706430886,0.007132785429684169,0.003981651166333677,-0.01828728724772341,-0.013502678217889329,0.001898814604096614,-0.011705179814819531,0.03142958953140448,-0.012114913493168677,-0.03487807671587723,-0.01879787793001794,0.0034411491045564205,0.006761776129681049,-0.005761563877969807,-0.01366049387632121,0.8295233057418042,0.40121748077098557,0.1273800521059237,0.2181791930695695,0.07539193860041285,0.08670457647425518,0.05927245364576474,0.0578430830649302,0.033568789318806476,0.02430628206009139,0.023578859765529373,0.019999784154562154,0.022460952944390208,0.026764301514321326,0.034935580941383736,0.01734264511899548,0.017375278854269257,0.01730641368970895,0.007991325597372074,0.020963964212639775
0.050560966328609826,-0.19656217591703207,-0.07799038453291741,-0.05353524676485209,-0.11932885876909533,-0.01906017981237295,-0.0019416907623251488,0.002391766764947962,0.0016401222919347,0.011045619832566167,0.00041676051633941937,0.0002233429902804244,0.010215358432252828,0.02240608448899257,-0.012090587921393265,-0.003639205812051467,-0.003411102162186571,0.003168723108851038,-0.004769391006082661,-0.011294963722690147,0.7238330091681034,0.5616667766910883,0.19881901847663006,0.1766560291005239,0.08692318066882286,0.08112602281058641,0.04285783146712694,0.03969285730757764,0.047095833120097026,0.03131501265496041,0.021992778405950184,0.022145659195619945,0.02657511497839437,0.02116528833227181,0.01887405950827463,0.01140501515803545,0.014735330477467003,0.014287146521433645,0.013701648486706772,0.008467235228256036
-0.2870554474226883,-0.10331076094173233,-0.03695997280141692,-0.15147951805911392,-0.006800184564325771,-0.0040183402414972706,-0.06728354676394066,0.007461962750730089,-0.0013002210077247887,0.014496314346492897,0.005433636447682289,-0.0023867084125433207,0.011936005775434085,-0.010182928234798041,0.0076474539315773355,0.009039729833794113,-0.004861096338763765,-0.0039713296697706565,0.0022877585030229635,-0.017319504927528897,0.7600151955873331,0.4413495497283559,0.18582093952447795,0.1763917404350712,0.08588408278321018,0.09305694930675941,0.07205122702710454,0.0599906988055072,0.04851854465130315,0.05076895634245198,0.04564065901377696,0.0483049618574184,0.03455212193799284,0.020758946779185404,0.02431551283861385,0.027829793543597773,0.02064972635827986,0.02132967189211608,0.0254137270009024,0.01559366799290278
-0.08697762706928457,-0.07884752415090317,0.011463107774238186,-0.23881195174024744,-0.07146899923770564,-0.09325907522605598,0.0004339826301634812,-0.017193013839847344,-0.09505605117591333,-0.015562173597127023,-0.01671263669181946,-0.002903290552907848,-0.04921289535675751,0.03001324639004518,0.006415739973337104,0.019600826831288016,-0.012133285360649329,-0.04760012651392405,-0.001604892395922935,-0.01859782982090104,0.7426376828430813,0.48365463422423205,0.1574506687589211,0.20520872855051614,0.0834708608772666,0.09678792697568152,0.0518931989621655,0.047750347009685876,0.08839182413607541,0.041493280309995925,0.03745816369129506,0.07313177868002704,0.044717963572636125,0.034680503894381015,0.02712189972406031,0.03480424883571597,0.03421493327305717,0.03604044362745001,0.025977218895087126,0.025639409949494932
-0.2615667178411233,-0.023335614088759248,-0.18629125980566377,-0.013404064611044247,-0.0933304139380046,-0.036998329227854405,0.054452672892983105,0.006726674349129172,-0.02339898745616371,0.02541674480295477,-0.021883949936945948,-0.008019703039681232,-5.25307290201735e-05,-0.0012658465518068092,-0.014326267915136767,-0.02404253765070403,-0.00580463259115231,-0.0003485601066496968,0.011274189218267084,-0.004095277950504189,0.7947653210550268,0.3530614992212335,0.2428227923986479,0.13620591281366956,0.1020514968174747,0.08535756797056182,0.07889811662079123,0.07661389469922507,0.06594750096989355,0.05328488879978406,0.03643884588841315,0.03388378256959269,0.039466231363318734,0.030255238794060866,0.03856327666685752,0.033734093836865285,0.02557456657528035,0.021166765920591586,0.019298751728221753,0.022669350397861818
-0.046121540321777024,-0.10720748095690805,0.02253874171715522,0.019366048702168605,0.0006758932541297577,0.0005921755025333454,-0.013273602564261097,-0.00901227031861458,0.004589186676769252,0.009024182678462556,-0.03001744708698808,-0.020833885162032665,0.004648583441740905,0.008979378820676969,0.01439958205581308,0.009241311435406942,-0.008107045367940366,0.005925690618823459,0.0025432166366759702,-0.021366702639999298,0.8002759191313601,0.4974132543657081,0.263689373252891,0.08152939538939163,0.06322122554046458,0.038159863753043005,0.04144054502007149,0.04004110512588663,0.03526930337775433,0.03293286896326752,0.03480586015530134,0.026157206008286436,0.03487268390077053,0.03024117111275915,0.024739917704504337,0.022696904711231505,0.027203187141308836,0.022225578327311875,0.025060096581681277,0.026141208239328962
-0.32104049602036516,-0.11361637755907193,-0.13843629303645869,-0.0150677816588291,0.027607727093239803,-0.03612379371814268,0.04757865190845456,0.006638880420821686,0.035578687484713135,0.007316323746436479,0.00879898572305578,-0.013568102808864202,-0.003731357984691798,-0.024406944072169333,0.04442168665953333,-0.004315888011485054,0.012217512503809196,0.014715595065800615,0.016083308456805702,-0.020357263383779696,0.79744298879142,0.3912070530259485,0.21378999654242978,0.04362322647051887,0.0449013417714301,0.05755355219364864,0.07199023021027824,0.021460387531567187,0.027089636446144115,0.02486446130499047,0.022706249548543674,0.023958249820053925,0.022926858400812815,0.03335692803734904,0.025530040519484806,0.042870870865957214,0.011023612040676716,0.015257956799184201,0.018588540459790637,0.015092212043413992
-0.11618032524210416,-0.008548643264599236,-0.05787543688035731,-0.028425003074959983,0.007134796803976437,0.0038947943094004987,0.006829726524381236,-0.00876856646139557,0.00778601781111331,0.017584579261156,-0.018308650248908376,-0.008865722317640464,-0.004546096845447863,-0.027656513837130452,0.01569589896493255,0.010354159975293941,-0.01009178241670826,-0.014400299326189655,0.022433293232992063,-0.01093528680092749,0.7533903723788626,0.5872172674321657,0.22173540757259255,0.07532233645319339,0.06142668632658447,0.030358075734557507,0.042556099971783834,0.036700767700320526,0.03803188096561832,0.03216067803822612,0.017223657209206506,0.020661647209971167,0.011268420753651911,0.011720902757187249,0.014347368944667756,0.010856426280352712,0.010391105419624874,0.008800635319786787,0.010054990037804627,0.005844911328910491
-0.018911154850803854,0.02284131982598989,-0.0229199318892185,-0.0071038186463076,0.003459879769152876,-0.01115077489538137,-0.02538471560689702,-0.005648119812942528,-0.008757611873290905,0.015792528699537834,0.015551430909018003,0.003930257801160612,0.0008705454040345766,0.00986327547109465,0.002216497807619359,-0.01778981534907631,-0.0013887343598075943,8.90632397297795e-05,-0.002720889625420151,-0.003539484080926764,0.8534178156421877,0.5133589582849065,0.042549549762830916,0.02374618230896476,0.030364470358372572,0.024905877742208715,0.013523748617250324,0.014216027224938347,0.008668242693988998,0.009437488011305952,0.0076969004609149134,0.006018968586959685,0.006549232409468968,0.007832122514784982,0.005423113811818944,0.006342434550727114,0.006229963451207821,0.004135870933853342,0.004590100761676142,0.006000661535262755
-0.048481790993011906,-0.09539132094296209,0.05603634959369148,-0.07679166785100561,-0.042506796987842016,-0.0007165558958190344,0.0008646072098569831,-0.008664944115981857,-0.01885396753619011,0.013751407708189441,0.011200973123391767,-0.002237491932765293,-0.025864834294059818,-0.005894310156118889,-0.00287306020530671,-0.013597552693738918,-0.005897936997472566,-0.016322741226076676,0.003232123167585394,0.016676325716898602,0.7287393991652867,0.42072022731341796,0.31434708736448247,0.2537809668714213,0.18617001625620616,0.12281142167298764,0.11741721267639907,0.09842737514133729,0.07599921294882192,0.07086595984171688,0.06542578785146433,0.06394941880782039,0.0538451640246592,0.04461058881405404,0.04453229271860464,0.03857212405343888,0.02911385484847035,0.033018469921397155,0.025405338142508237,0.029230583756995655
-0.48952691188522757,-0.11631505755082507,-0.02467502175887639,-0.008582291153420738,0.004263405479265906,-0.021624879075271854,0.003217040660113886,-0.005454897255320348,-0.01865539927245961,0.010904747492088203,0.013213606408791783,-0.02302789659683375,-0.009840666106134615,-0.02132154531971283,-6.072349446697127e-05,-0.0005847145394402713,0.007777159043989892,-0.006941712344291372,-0.004706608393690223,0.002755815969393911,0.7314568417214209,0.38438052122216027,0.1790840390796282,0.08046735164681627,0.05937123286353555,0.06659511508827538,0.03321545738984406,0.04469045891451327,0.04713278693785112,0.025631971737709303,0.031091219351183478,0.045499933279547565,0.022976172694726786,0.02219753870033248,0.04032511818535899,0.03164495101383066,0.023448892407060027,0.028426326288537616,0.00766868936463503,0.019988344293611553
0.40081464103076686,-0.29098900262567823,-0.28291964764550687,-0.039876710985573535,-0.05554232605521969,-0.03106758609276426,-0.1975965595273991,-0.041930273498275085,0.07947973845893569,-0.04785641830212611,-0.05484875328131089,0.01633320956622347,-0.013777719717359926,-0.024282915588034467,-0.02658506597847896,0.03726132342695112,-0.0013809912095079895,0.02356631854681479,0.018225292986942657,-0.07813969796898237,0.6377431406260206,0.40257536284686835,0.15553622153509586,0.04212253463089736,0.025758356332176543,0.01308301017285682,0.09373804666639186,0.015189256169417277,0.023154187519109585,0.012043470329881659,0.01239214088429048,0.014182561110145991,0.007076272095918027,0.008873586259684697,0.007634769757704732,0.00940730828371642,0.00974391100244807,0.0073139575465559145,0.005991131825673803,0.018364615859048028
0.4259619112052602,-0.3405598498138873,-0.1279936617069632,-0.1900171151046379,0.12149000081312104,0.041975580772923966,-0.1725525855489987,-0.04085989392958111,0.02276007420618687,-0.04323217966730822,0.06638634488494492,0.07990068620989521,-0.028366396806004973,-0.042306445660148136,-0.018390211859391797,-0.0020765120309060407,-0.01306375697925267,-0.010615847973922848,0.006112426254213873,0.005522649044247756,0.6524548432552881,0.37673023621304863,0.04006011366919635,0.0633657162989178,0.07285755910671801,0.020549832116166174,0.06491908803819513,0.016770170210039657,0.014552736003453588,0.012276674383225689,0.022902238898800477,0.02173952782356648,0.011463940582822754,0.010270742203484036,0.015283471551478332,0.009654334360302882,0.010004674961013671,0.00941395990421541,0.006159011851293439,0.005924462512579435
-0.507404212903472,-0.32029247680141715,-0.16641414948861225,-0.034366383996205806,-0.0029152258553194507,0.0017863679900522915,-0.15131767968905052,-0.16454342369116354,-0.058665817222465735,-0.1691146579710433,0.019312066973396776,-0.0025318272548409118,-0.03927385235415096,0.06585463231648368,-0.020877316792934534,-0.018105203149504673,0.03105732916604032,0.01641765828047341,-0.0022166380201839473,-0.012537405059657596,0.5922229101606952,0.3713741105078897,0.09686295266574063,0.027126702962299895,0.029710304319199278,0.024230989009301616,0.06759304889262208,0.07970729851087786,0.030499578102292157,0.07378206707413766,0.01616163417637651,0.020561494218024123,0.015744964107408565,0.025625596309595638,0.014069726405903631,0.018144496437647012,0.02137645794717994,0.013706554877086604,0.009378657444536783,0.01601034256061582
-0.4939432880535681,-0.08371125807882718,-0.0808390375513212,0.04025945963466196,-0.03973943106898007,-0.09349300286117224,0.028001816446980694,-0.010615330951617036,0.0362413636701224,0.004874987220499065,-0.06051698428620692,-0.05694282572266529,5.496866396460728e-05,0.020865724720907013,0.0141942845383566,-0.01604146664549257,-0.003897910804396542,-0.006690686124368414,-0.023986164738465442,0.029403835951269462,0.8033691130409583,0.2540488716943122,0.047236169386762866,0.029373645507056043,0.022343717991634746,0.04030278313546747,0.029121972105676377,0.0292534966434077,0.017520674940780863,0.010634395426611033,0.01867349293153533,0.018804273113795258,0.012616909107312889,0.013087904202400894,0.010729812572403597,0.009979891518200565,0.00752378333322257,0.012569931420041274,0.0133106976153953,0.008948223842347626
-0.468434687171242,-0.09446865702037861,-0.04694378799066297,-0.04687916800646185,-0.015949807279838975,-0.010605426360922182,-0.009894875255801676,-0.011770519939622472,-0.02064485450745205,-0.0072073942169971605,0.008163731697135851,-0.005454497445223438,-0.00039669691392787005,0.011337757035140571,-0.0038535126867153776,0.0038110360778893914,-0.009554433102646332,0.008271403335623038,0.0049921657257422395,0.007382693334477949,0.8552948674702792,0.15264212829773177,0.04582514327524662,0.048214340630056654,0.04374391469441312,0.03504525969932623,0.030206232230337148,0.018799395391324376,0.016938219775223286,0.025312515690776517,0.013785148373958325,0.014555459482497552,0.010918829710213735,0.011541056368534178,0.011558072734818585,0.007596390390116217,0.007473073259724892,0.007891237420842105,0.007393718784184622,0.007817379288634931
0.4989215222958264,-0.06081027387624276,-0.015306001998301295,0.0344935739655589,-0.006061426530445456,-0.009218608775304353,-0.04789029129442013,0.005659782235794256,-0.0425983126277797,0.012639785486259113,-0.02581945353454302,-0.009860680947057833,-0.011712787574490516,-0.032504839312210695,-0.025445649374511128,-0.02131244063571481,-0.01974031695401314,-0.0451624222089378,-0.022653495576482535,-0.04191698577469642,0.835413373693975,0.08488502791682141,0.06271849892624093,0.06425389326703163,0.05531889001402984,0.0728406807059798,0.045469442178960706,0.03536907491971754,0.044333257918072834,0.026841793678533375,0.029217414754802662,0.037531580523014904,0.029677207389982526,0.021934953888007987,0.014586620490131758,0.018075981455098113,0.01674856988967314,0.018586796247079925,0.010942352994231665,0.036221813607046786
-0.5164152013182577,0.19004224028938152,0.11917235104828915,0.0896479808277064,-0.14488426896489165,-0.18092979669211684,0.107634314841557,0.06783219956082953,-0.012922986875230164,0.003569891433060654,-0.06337596991219732,-0.22817562292926635,-0.057827966323244384,0.006361384647646851,0.09437385879677553,0.022871351344268043,-0.08268859697053699,-0.0811096003803743,0.019843813090957216,0.04727220549126117,0.6165120353519318,0.1755569598146608,0.17225098021655144,0.1157903582310589,0.13116778623025543,0.11479045177855254,0.08156187180666886,0.04222441204367712,0.033861343168754304,0.028950933610493692,0.033666244403058126,0.11084138560350416,0.029060675749970323,0.024617954594166318,0.05079787531377784,0.045926273276371075,0.03606623112654046,0.05238980675255415,0.026543847221411704,0.028837158816956088
0.33091581046020974,-0.2505896054602551,-0.26629802554921783,-0.1972733971997081,-0.07319820831667412,-0.19714859282925076,-0.10975874529177544,0.37283286619523687,-0.28139352343108925,-0.29529393882619226,0.1658853561382819,-0.04626423572480338,0.1395329697172199,0.032637257920141376,-0.07810132363697306,-0.01902025298049136,-0.07658883200202012,-0.047416478050474796,0.0401732577014722,-0.1168934616918843,0.25992189878795835,0.1830108173252565,0.16804168675113274,0.14941258916465616,0.04612961762401064,0.08416734236536996,0.061566792467282444,0.2220323703079123,0.13134610130032381,0.15382070279503973,0.05767683982251225,0.03955510115877898,0.06373067963052682,0.045308259316603886,0.05157523547797413,0.03257484386433227,0.05364099867370267,0.025476796949564753,0.03299688816875104,0.044651110944019794
-0.2231984978559737,0.006581619911133545,0.05342265068705535,-0.07548032753331355,-0.020675168635307304,0.0023681504038587874,-0.052494687575153395,-0.032458124020448245,-0.015597999604959478,-0.062674473728061,0.011340002359320365,-0.018303883218256968,0.024616671112828777,0.006539987064279907,-0.01099016278181238,-0.004511065575633009,0.01733982648422524,0.013207609331324846,0.026061024567485647,-0.027436998804301043,0.6979512596890367,0.5859429853195213,0.17200063411285574,0.12804867135940715,0.11343181375366951,0.08428680739149155,0.09247391985726491,0.07509940919612237,0.06434542344640265,0.06480955876595951,0.05309246310566507,0.0326418222940213,0.03587589687387515,0.03710400306728853,0.029393629145187554,0.03140599441168329,0.02427828274556427,0.023677967937777135,0.024993474607572553,0.029859614752018305
-0.040883771721341625,-0.0018275647474316917,0.059345683592676765,-0.12153880960642918,-0.02498013380640705,0.00626189899745373,-0.01402908808052607,-0.004104044090455944,-0.039175742121546744,-0.004182868235615779,0.03456573799032884,0.008011856816494153,-0.03326573971973825,-0.08043851714627365,0.0432950946793429,0.03164533679618207,-0.010441839582568878,0.000326480204607391,-0.047014088334573344,-0.013498419659547633,0.8151694208270959,0.4416869787627085,0.19901591996462248,0.13137189777043154,0.07920957149565003,0.0487167614401865,0.08731265814763127,0.08295847393654043,0.06765498078699357,0.05556281072073643,0.045672544438072504,0.04771398485898309,0.04681468487836873,0.06336820505424724,0.035815862319940064,0.03316691942921273,0.027561419193244417,0.029715594768124222,0.03188101061862234,0.022480072891889413
-0.33555479080165096,-0.0942907302229257,-0.03948509444673566,-0.028977834174896706,0.0025259471154027257,0.020692569812192634,-0.00618147995950136,-0.000685696120547849,0.0034761641443423657,0.00893026072708514,7.584054058013393e-05,0.00238894291165174,-0.0013021140875540817,-0.003059940526610477,0.000582896903259367,0.0019192701200183553,0.0010569229571894933,-0.004807010144823683,0.00012981103995024046,0.0016067448280707082,0.9113477639676978,0.1767997671909891,0.09979092628174888,0.0534592007414049,0.01851898239986999,0.017559068930252397,0.007651787765942081,0.009106152147270126,0.0035691178442714025,0.0027102169712670417,0.0046858841145150714,0.002801867901952473,0.0020625669352473735,0.002231838598776125,0.0022189173361808084,0.002000621960062726,0.001778683176047798,0.002204288910090968,0.0010589157339490206,0.00134011546997866
-0.06257155540577404,-0.09764794190902301,-0.03280595022274936,-0.08520420402602429,-0.017469717281531308,0.012927983457610058,-0.007272649191683999,0.02181764552346601,-0.011477253709241539,0.010445400774250452,0.016953773905044506,0.01149971304928593,-0.00533811554918689,-0.008645637104114257,0.005977375193789721,-0.006809311918401467,-0.006262694966456595,-0.004016483174486414,0.0048108445398935915,-0.002419872891008767,0.8930070951580034,0.34166220793716773,0.17555756233873232,0.14693974227752726,0.05576010718836325,0.06136816728182393,0.03593236000033247,0.02095108433147779,0.019000519026373525,0.01414015132330532,0.011181429065405,0.012508104795417547,0.006748563009302693,0.004055025836212467,0.0057061824755000115,0.004508516418493756,0.004807786544451708,0.006110764745490149,0.0049280626193413685,0.005329804528451097
-0.23687602194381982,-0.3647995744525975,-0.30284471198664237,-0.4873702671019456,-0.15672698167255758,-0.05839613461711825,-0.18204214474446806,0.026181719413435563,-0.10750627297637942,-0.031742505969129864,-0.02724340633055022,-0.08398631467885435,0.07066618457609376,0.11274034583161735,-0.017661620970539506,-0.10008771068011653,0.0523079460678629,-0.07369517087766309,0.07536575032686377,-0.024847049414040423,0.3610141192994722,0.2888467319126573,0.15334994437163676,0.3326054400790393,0.047095566861752695,0.019438622523889577,0.061118382492211555,0.014091158536801478,0.023733367627259003,0.008806994284105798,0.008444397683641074,0.018094314830853192,0.014140412017524778,0.022363446092667424,0.005838677884560646,0.016012141026556726,0.010752621558948721,0.010558799101954702,0.01237432981555439,0.007904972926731077
-0.0633470682278292,0.36679613969358704,-0.03289938055131837,-0.29897618810292953,-0.0029294285420389905,0.18410633754745442,-0.19283949732643274,-0.13763527377331466,-0.2565069374789511,0.01009390571245004,-0.20940842755438,-0.14423883212185248,-0.0727163545269015,-0.06648892617385203,-0.35455923617376006,0.1082511710011791,-0.2553801638506883,-0.14889216507914288,0.09668831658869659,-0.19937949945437597,0.2631908031121403,0.3371907237814608,0.03307677637927929,0.1414275460819553,0.02541522591318457,0.06108823054584699,0.05592774290234968,0.03848631121215572,0.0871024349758342,0.014432845715941901,0.05948555960553215,0.030302042613317665,0.01700051987883398,0.011100852933331311,0.16840629132438417,0.022510833063003062,0.08556363337340038,0.03887602374813539,0.017748849744311415,0.055077326259673945
-0.46605497544264063,-0.43498838183344785,-0.038060083911912554,-0.07510769628797287,-0.041474891466694,0.024509180270355986,0.02255133615423416,-0.008504590267971124,-0.19102935591856954,-0.008503277918245723,-0.03677934698071802,0.03977120943848562,-0.025887566012048453,-0.05895941372531849,-0.021151900364590245,0.005948791634676412,-0.024541179070248633,0.022623578879705186,-0.03705351173787908,-0.032699613180668226,0.5699091103239571,0.449898363795336,0.025287856179030933,0.02362871416834211,0.015133911251691556,0.023256907234720434,0.01559604980436482,0.007227668547797005,0.07150271250088364,0.014154270815042712,0.013299090374743305,0.011023929126699925,0.01071679866508756,0.01846593857998072,0.008609104263080493,0.00635337171070101,0.008546059808356314,0.010256047310806737,0.006545941014344883,0.0055682177891261024
-0.11279853255642512,-0.09570326806769083,0.4200193419796024,-0.4137141209966553,0.2013622768749375,0.2842245536041224,-0.28492893996816243,-0.11232010426035022,-0.009948385413986748,-0.25346838738682786,-0.12761179277960086,0.11313541642597705,-0.10218317364300541,-0.10256026248153784,0.07710690530952663,-0.0015691886330482514,-0.024886404893346006,-0.05530269969806431,0.03447441199206289,0.0030484591835943193,0.2672036877184084,0.1687064455129245,0.2747930865074263,0.23925198407281895,0.09651759012080557,0.14662178824622765,0.12035940743121767,0.0242100517878662,0.010267838288444946,0.09369579312370602,0.024972942246534794,0.028147882744841837,0.019835980465154616,0.024408056727717505,0.012714867585619679,0.006794332245904464,0.006126397705543186,0.00886405096170737,0.0068235643325248695,0.0062865353558544225
-0.16705415944805105,-0.5495127964575611,-0.08824801924971588,-0.09948199126276495,-0.03736839062709307,-0.157232484493316,-0.21542672804132437,0.0206805667355835,-0.050443169548858906,-0.0510226508893367,-0.06638683803843012,-0.1931374851515273,0.025557649368684012,0.014961485935606133,-0.17130399826561257,0.09338301444019648,0.03758988409876924,0.12310362449609724,-0.06681518609961982,-0.041789266929176005,0.24034779532325168,0.625570510822354,0.02870947174575194,0.03962113422997646,0.02651795711860205,0.057992433824222735,0.07595121787172247,0.016436385946165373,0.014870069193915944,0.015509435039373458,0.016033768527361814,0.06459382142549633,0.009664593641287777,0.0059329150617926235,0.0494075132184683,0.02440485108062293,0.009550284416274053,0.03076279924010175,0.011492321612670716,0.008998738304069557
0.40143976426908,-0.5028781417856081,-0.13573098887231513,0.036338013183067244,-0.06044803065687288,-0.009745632529153909,0.05773607208388838,-0.026531990901925644,-0.04862446094752161,-0.03686038735110595,-0.15107153012140587,-0.026810456485788114,-0.08102853126861745,-0.07258842620515903,-0.11934769930345933,-0.0811402668411655,-0.05220741207169555,0.020426889203210438,-0.016568588175536428,-0.14220793855829605,0.431691229862818,0.5252633052912896,0.05876959772321764,0.0377218213302588,0.033038668120681736,0.01986063575154508,0.021310013903451573,0.018112388794731805,0.014671820158815173,0.015721112396495592,0.04444790099681826,0.010413992014308105,0.018035771976249483,0.017088575238891394,0.028609001003025356,0.016743578587096315,0.010935970952551092,0.006298264159603441,0.0049006399922556735,0.031828105887857394
-0.4775168590764027,0.004131645107760481,0.4267280538629232,-0.009215066469903518,-0.17892687677241037,0.07722042254786031,-0.14270815638440812,-0.01634367938932745,-0.010058654601723208,-0.012687411224353691,-0.04853632786866923,-0.011548759707301444,0.05616881974564178,-0.013503442003679386,0.03646498681585895,0.020390071135776438,0.0038590579634609056,0.023179073586702757,-0.03886194889173775,-0.0014187192401361674,0.578191095733137,0.11856591311218309,0.4046546756193917,0.012228794510595165,0.07535539366621233,0.03247960539692191,0.03787174682113685,0.006410146448726916,0.013422908527028158,0.007609475505644509,0.011804644160025126,0.0061332086470963195,0.012663439293621558,0.005428357905926493,0.0073359522165874075,0.004645509643223934,0.006440677206749096,0.005943332480591605,0.00592055409719517,0.003347519102363021
-0.49428051368253617,-0.36724523157750544,-0.10175043700752556,-0.08301529295849594,-0.006413481524784324,-0.08375961296729283,-0.023044794147394753,-0.05729434569932022,-0.008432118336104173,0.00492130840594737,0.0173381090276904,0.008799705450595663,-0.021814074188007054,-0.020552357824655438,-0.0020311962931453664,-0.008651614011959931,0.00431480420538252,-0.003794044246694792,0.00011015894744967268,-0.015823059191196805,0.6717441801432638,0.3641182701413248,0.0642713859992417,0.04093352214269056,0.012093955373978095,0.02190722396264778,0.0069607381323040065,0.020048497404433548,0.0050432905553602705,0.007711493974046509,0.003217295544233609,0.0038787435907587948,0.006579680705628107,0.0031527146784374235,0.004675288309141656,0.00501539984578901,0.005089627553418724,0.0034771510165374584,0.00280213257567464,0.0026134025713368267
0.19785023839287086,0.31488304530138844,-0.45910808755072036,-0.1794893936276276,-0.08173663471940222,-0.062279252451838824,-0.07109053026829401,0.053193843844719826,-0.01530529648660538,-0.021377134733848377,-0.07830503892296854,-0.043965426529494964,-0.03762037519656048,0.017140095016703764,0.015555486743244066,-0.026473734554264362,-0.0002509852539727369,-0.0024944713069035536,-0.022452347293741712,-0.004863833305229655,0.4377533128709498,0.45271806767980893,0.42469176425835664,0.09143685165337193,0.034388580241975525,0.015517112679231995,0.019003204785855016,0.015931737799513117,0.010172391364865864,0.008012378300181379,0.016766978328470065,0.010835087598989032,0.007837927984282057,0.0056140330093019325,0.0051870719004717385,0.005540099825832646,0.006738661766045974,0.013007028117724608,0.005617540445333874,0.003975675632085679
-0.43000352154986815,-0.46889109140024154,-0.185117456212614,-0.05655165422292564,-0.03247551456961005,-0.029880499024200945,-0.0020719341307854,-0.02188894222126124,-0.017129579997519302,-0.017897507270024617,-0.004114509210136265,0.00700463226899232,-0.0022427757412157826,-0.007503523310343645,0.012570537328279584,-0.004742423521686636,-0.0055825679457446094,-0.005626317829508494,0.007729891749060321,-0.001971186623216777,0.5382347536011463,0.503114085968219,0.10323137815745048,0.015714267269496714,0.01766770169391154,0.005240878468382008,0.004410403982474731,0.003602591786802148,0.003712795418567494,0.007614433854668704,0.003256696887405992,0.004634369249029294,0.004274228398252386,0.0015458336977623903,0.0022375693290498113,0.0022809960576943276,0.0016453886813584861,0.0037749873977361553,0.004887464105670474,0.004571638208914676
-0.39733030782953427,-0.03496939845147194,-0.043466660161939244,-0.021476950155228946,0.009347008363412294,0.0005927285389315318,-0.014361244672135176,-0.0066868016159154,0.004906933002621018,-0.0038570569757703987,-0.009415991441443134,-0.0092965317745373,-0.0002621259181483119,0.003764857617696976,0.004685496629514144,0.001965148944361782,-0.004036827184304923,-0.0021502850812453096,0.0027220027427278,-0.009079509505303104,0.8955767504050651,0.17012919345754543,0.06985462959195343,0.034780186177904536,0.0120570135007393,0.012416844857392709,0.008580443796594025,0.009093236323218285,0.0053175593356287005,0.007685699053802353,0.008022583032589547,0.0048879198523518455,0.0038372197564774577,0.005475743619527876,0.005162262842867473,0.003117037526263411,0.002657958306706785,0.003034354106015872,0.004275528353707477,0.0036797021646112573
-0.3911360673466567,-0.007009929748293848,0.009339692571428929,0.006021524585985559,-0.003329355849674917,0.0011757896365061876,0.0012559850967129727,-0.007619066223715665,-0.00738442168265928,0.0008816688331153097,-0.00199183807760415,0.012593326938558568,0.0019784001501223962,0.008056870907865653,-0.0053579524543126604,-0.0015980629496945649,-0.00036646618779219805,-0.0016251488599422353,0.0016171869721414364,0.0017957961012066324,0.9016364879112105,0.15316709372759005,0.07573679571901364,0.04350988553615266,0.038231466967583685,0.010276187228367708,0.017251883303693726,0.010005774826203944,0.011699570619015848,0.006066311610127283,0.004572911561138815,0.0062213794110810555,0.0063636848982673395,0.00938360800137104,0.0035671805498126916,0.004896267064294312,0.0030669005089862997,0.0027773054222269113,0.00392784177864678,0.002741736386046846
-0.4610455221718051,-0.1033268944045559,0.02654429627114054,-0.006218943478035979,-0.007511896135385725,-0.013991192733250135,-0.010047612769823161,-0.0022570300658354015,-0.004782542856469047,-0.003053662390275364,0.0019250914315964121,-0.001427265234008585,0.0025227232775751098,0.0035373942703988918,-0.002257379171225058,0.00371533034052089,-0.0011837852452164144,0.004738180140232031,0.0005560344178291014,-0.0045114394914564275,0.8402991587600465,0.24541574019520934,0.07416860853630605,0.04983222599447922,0.016737222816867115,0.019150475012428142,0.015427250049222834,0.010124262445063585,0.006047013625787438,0.00549499042957131,0.003872291264626266,0.004512902675158698,0.006325045228699738,0.004441921183211455,0.002668147513079684,0.0033270250094999216,0.004473633222728807,0.0029071209821712293,0.0042391560779637145,0.003031326755211588
-0.09686484607739979,-0.05343035158308191,-0.045999235490973144,-0.06360651393425212,-0.031164303471724896,-0.019882669026402424,0.00800771270372165,0.003702187399908831,-0.0038054631508170123,-0.006823716029035893,0.004242549946796633,4.6765665957754e-07,0.010766534027735565,-0.018378162129572218,0.0009169161847036652,0.01295649900392061,-0.013473301679570051,-0.010659508647588715,0.006292110966790529,-0.0015727998919683208,0.7243655015050403,0.649609141815252,0.16907938421299099,0.04097175053074797,0.018208312268688878,0.011225180012579931,0.02975874618438427,0.011320641827341563,0.007508331697069538,0.008537162627303144,0.010699506699208534,0.0070037958875293176,0.005091813456131731,0.008878103281929664,0.0027925941357454485,0.010902914094838262,0.006109139702198721,0.007865546799674064,0.004976251435336201,0.005854795305005704
0.1078969437427888,-0.12844480863382926,0.06193184487667968,-0.001964506148151979,-0.051612547204187925,0.00026098968390136565,-0.013894659297696284,-0.025994110304136665,0.002383469644681127,-0.007150918797184179,0.02340391737951627,0.000310500632791548,0.013982544151572273,0.0027936254248718696,0.0006668386314465531,0.01162704472136168,-0.006808174787402484,0.0019479400421869657,-0.0004328511607412689,-0.0011235501755929476,0.7449958688499774,0.6128231130054642,0.13517969940768315,0.103370099598937,0.037018788062323144,0.021087848341361664,0.022251398290628176,0.018121117612940215,0.01603986385388174,0.017451854954212476,0.012433313126932974,0.009267718115619572,0.012021847252268368,0.010950881296611661,0.005404805532586521,0.009683124714608608,0.005348581069119606,0.0052396992913702626,0.005096572700527984,0.007251185479138341
-0.13803901473601707,-0.14076737913670168,-0.03121222836070799,-0.06339840098087089,-0.026794243684127427,-0.00863979319325386,0.029770811178083306,-0.009737747145992477,-0.0042523270671595385,-0.013648679041357826,-0.010858042930726989,-0.0035882811621821688,-0.009661133921232178,-0.013344108641545276,-0.0047825695540159655,0.007503428927234261,-0.0026812156503356038,-0.0007878267301746104,-0.00501078812340498,-0.0011987670654249709,0.8169458363165372,0.5079945600604348,0.12320111135781962,0.09228653554910612,0.04618429790607141,0.019963002334022945,0.02615047507289277,0.02023991556598186,0.011223327129488403,0.013650128472320968,0.00791688535165717,0.014672711951541276,0.00791520599648273,0.006740944034283386,0.005228361884449361,0.006318290908724224,0.005691972815248321,0.0041527078640077346,0.005316137417347877,0.004430450011210218
0.11497970647563414,-0.046031940679136955,-0.0024427981776327257,-0.011126121405646552,-0.002445389198910545,-0.010621067475481819,-0.017150595349070995,0.0033935721674533672,0.0134701105539701,0.005489712774306021,0.013586587018335738,0.021168360482785736,-0.0058209659489832566,0.0061860900436388104,0.0013047970207929161,-0.005760166637378502,0.005402103772022886,0.004903758300519207,-0.004560850909090285,-0.010625467191326938,0.8624197451461065,0.45933072353545223,0.09804323567732214,0.07037793450977842,0.06087782159925853,0.051059970788862895,0.03927361863808227,0.042132818874918376,0.027979406740002568,0.023273422206991533,0.018162364466700612,0.02216017087910773,0.016546283301595653,0.016237945465957544,0.015128739987964678,0.015935126309376674,0.012733704087806096,0.014655256612285157,0.015816144895976728,0.015054097104314443
-0.19386582233338157,-0.19628650361443922,-0.006242185234661434,-0.011867693622020344,-0.08210456207887004,-0.013635445284017753,0.013155102699114775,-0.02722340653708224,0.027702543534311164,0.007557989946686708,-0.04316784535736343,-0.024463405818115142,-0.0037484950052386152,-0.017912341491458848,0.008982884520364658,-0.014965435590899391,0.022764337822376114,0.0008706059042238553,0.008622901043918075,-0.002759562355753841,0.7958481954285421,0.44185299667989275,0.1567516665192217,0.1273459068633146,0.10650401110709902,0.057169313577547315,0.0972753727059039,0.06017626709894006,0.045111672615791805,0.048303572405061654,0.04528957959053022,0.04099164933657529,0.0251070517746955,0.036788676657096314,0.027908601520863812,0.025027916455124928,0.02768410708666983,0.023488279929585035,0.02710738090703669,0.026575814194489445
0.19850530637370234,-0.08033036969870477,-0.04416875351362385,0.014291177318950474,-0.00249517559637506,0.03728887075965012,-0.028334431714819523,0.0016732108389545123,-0.008967316505828138,0.005005903530580474,-0.002722805568936718,0.0012773467000668649,0.0026439490182656304,-0.0042500386530394405,-0.017226159145580813,-0.004898232518233253,0.01056112275595422,-0.012592424239633188,-0.009872994694888265,0.011601947171366594,0.7346488535599726,0.5429797745213737,0.2915390798900614,0.10810273857001695,0.06379738516299704,0.08804794762802252,0.036702084298548716,0.042197447201853304,0.029626866605926668,0.018001774434124658,0.014600188830781142,0.01734666490531591,0.012858399801087316,0.012683528799771925,0.01217451833922879,0.011233974601234542,0.00890182760959465,0.01001220528107606,0.00922225547561288,0.008617446623136014
0.15804861539362314,-0.5390610868286176,-0.3272193992012044,0.11246528152607332,-0.03858180023023984,-0.184363419990138,-0.19447744799460048,0.020932672339064713,-0.06246513265906272,0.047500358273953394,0.26120207317787014,-0.20449579807313886,0.01952240014161417,0.035299062284821776,-0.04153627206903482,-0.0005275293310697749,-0.08995867994610872,0.011292258132600399,0.058170176941768015,0.05616330831634283,0.16638895757799108,0.4559753619915556,0.18904692847273655,0.08798517959706105,0.0518151701490589,0.12064540315726843,0.09740701612506365,0.04614788253034245,0.05532406409136798,0.05599356352669897,0.15725100737748815,0.0944062623763217,0.03663845619216791,0.038883029242804505,0.029009274415124343,0.03308711407433211,0.03892632873960091,0.028495530669166835,0.030253883812348708,0.029227471161274072
0.02319246053774418,-0.1129157705833887,0.3626912019425327,-0.31553024326021817,-0.27818403407001285,-0.04973802789276175,-0.06312300860901371,0.08758867801135017,0.013880494067073427,-0.1345624513484552,-0.013738351744133315,-0.18305763370151024,-0.20687308066453153,0.0009756173276086142,0.10864225770807837,-0.004514871210087881,0.07033761488415938,0.2437629251907127,-0.3047944077444593,-0.06087641264053267,0.4838500473137885,0.24449165124791444,0.20076198429433303,0.12987011133986506,0.10427735858113919,0.015487719563137268,0.012344113290109694,0.0188618878085622,0.008006129321799962,0.03446221559444354,0.007862346162194056,0.04975032482247124,0.06718184968331341,0.015651749377389165,0.02511665556132507,0.016389515375131704,0.015649688724289276,0.08219895215513584,0.13105366293333537,0.013963445639872849
0.47887553159612173,-0.10789355610541443,-0.15489391330942373,-0.0893496885142567,-0.01509808521563427,-0.06578700808729834,-0.027523531804702774,-0.035577166651373504,-0.01808792155226484,0.05388037615934012,-0.020617676117523645,-0.018047226306387065,-0.04666282511656653,-0.03708349708515385,-0.09740470617153153,-0.023774661903717603,0.005318242800515278,-0.07115808738523202,-0.011791189780110643,-0.0428467667590591,0.8038063574983841,0.20978419498260353,0.06201130731056295,0.024475934380883597,0.008737391758244218,0.01376660885137206,0.006528711421893342,0.006985511464201262,0.0036462961590098134,0.009587366339585594,0.005587767055116269,0.004414261340458148,0.007353701970685729,0.004380785749757401,0.02068501725579242,0.003340320931624216,0.004910090483064769,0.011912385594389953,0.00436467185724435,0.007761125956323094
-0.47449554746707845,0.12553405111721688,-0.2493868933999981,-0.12239812517228627,-0.03587348237224153,-0.020172856633462903,-0.01607539092975322,-0.031513923284980226,0.02061037578033524,-0.03178609973045772,0.0045743614124829435,-0.022652526952045626,-0.008011204921064623,-0.0751737485648028,-0.05083226277580242,0.04124505411989915,0.0928743347056234,-0.03648497146145485,0.04625746611272837,-0.05299938331063289,0.7523151828031898,0.25932475580578046,0.1298344844405651,0.030967710947726962,0.010893291062320416,0.0058939617103437765,0.007372905709642042,0.005856538052534628,0.0045573325212160095,0.006204779850928849,0.0031871594364857297,0.003437285007385194,0.002881877443436577,0.012197988645351184,0.005985821749773118,0.006920108232459368,0.01822185029925856,0.005005986732127631,0.007997746734444026,0.008425629409075886
-0.40653010328995626,-0.11085368225743356,-0.07331891001238629,-0.002351845441912687,0.0502786569883205,0.01573032470366219,-0.03056931859237491,-0.039279512644688715,-0.03756632449848376,0.009924827941297525,-0.017878435072582858,-0.028926260400439843,-0.008838615108306785,-0.010583522045544918,-0.008658272962271238,-0.00010652172838525674,-0.023028756274712577,-0.01849709027748572,0.00885943868018173,-0.0021043942222456324,0.7168848420726651,0.45153308071128795,0.262898557993074,0.0745738123957952,0.06513171510308337,0.055417052466278996,0.042205495309225835,0.031100392231477012,0.03836768005079459,0.026140633951057517,0.01613218925182688,0.034039620502238625,0.013611709922374648,0.017306015296803468,0.015066216000325743,0.023990529137142193,0.016000350265314545,0.011863833511564366,0.009961566772695149,0.00468034467898193
-0.2535666638859085,-0.024621801636940308,-0.10322034825394799,-0.05193659132328978,-0.02970127512245545,-0.023222909479500432,0.022701543144117764,0.010497182639921662,-0.0044578605642296215,0.005187218466781247,0.0018508250388190343,-0.016891321549428743,0.03635997196171359,0.000892941208717898,-0.0005190194086378254,0.0046641986027266625,-0.004566007114761553,-0.010130347355278029,-0.016437923643457013,-0.0030058701875044515,0.8273508075868024,0.3328404259586472,0.23636928568050744,0.1322856976959622,0.10497830958878733,0.060826934893282184,0.07700503219196154,0.05424174318435688,0.08345763518863547,0.051712628970673045,0.06308681863936973,0.04164677210635413,0.05213841627503691,0.03782690816483896,0.04037972440509492,0.018518441151716025,0.0417888148916309,0.028932755277061576,0.025240386787839405,0.025775564665349505
-0.456322341459149,-0.17528744090159293,0.1769453329514139,0.0770457278522605,-0.025937316143673596,0.06019588328261591,0.0526212457496573,-0.026153299042512474,-0.10033680811733811,-0.057847947014111514,0.10250072631949948,0.012024441919874203,-0.05133380645871851,0.051548224237477396,-0.0063746267349464505,0.005697720427330392,0.0014980986962736256,0.003787931428353101,-0.010142192258973856,0.003130100819271857,0.5589298357280011,0.3186021268335323,0.39829688225427695,0.21991422217242168,0.05864345819712095,0.046780639616904686,0.06138496830482506,0.10448501061789443,0.12348732437903598,0.04187519825922979,0.10407921553022662,0.031027449842403878,0.06831975909051727,0.05576883908744507,0.026717054563468633,0.05494312133102625,0.04727797884801863,0.030736178016277236,0.028463830555644394,0.031083266184939506
0.013408923671755077,-0.12400088154907743,0.05170283523097765,-0.11875191235443923,-0.0037715268240408437,-0.08676339198752311,-0.0507274395004116,-0.032207500018172394,0.020361877390974163,0.025244880241667735,0.010889299924269099,-0.028029536789754048,0.01711541997979782,0.010593945250055995,0.0036540637120635053,0.004888882070312188,0.025055369379132077,-0.025127036137005107,0.01352814916051245,0.0023770050353275015,0.8493856547825737,0.30263359124988853,0.261838564861494,0.16389904583670464,0.1318478014308789,0.09114450865116612,0.05465610079322281,0.05114603237349814,0.06086520832005264,0.039441687154604645,0.033654661644614635,0.036607952018889764,0.047720115058844235,0.025621030867231293,0.02052956364134503,0.024838954203180042,0.0240955515959039,0.019542320691566747,0.010669834723524318,0.011335910561884295
-0.45174833745140613,-0.07177260842824387,-0.13294962466155955,-0.02962439019611953,0.04031143234924596,0.0005018553888971886,0.0047039441060824985,0.018009902944817604,-0.026158588230801767,-0.0040766369342972245,-0.011299197331518197,-0.012528965506506654,-0.006402140307124653,-0.0047885142295899415,0.014317413964689645,-0.0070950107762608235,-0.003663693478424485,-0.006238569616871261,-0.0005015866356755719,0.003234366936060296,0.854304046648764,0.17620099152019475,0.08510970580140763,0.019255156448968986,0.011792729602923248,0.007369002944310996,0.006883349013885539,0.004557320553417621,0.006124220174441638,0.004440108296181508,0.002572373888078822,0.002155488152005317,0.0032924716071390924,0.0027759449842854147,0.00389904845704669,0.0015382871677246566,0.0026673831639989682,0.0019520099510818706,0.0017233688810735501,0.001645987579286557
-0.5183922625638872,-0.1468419129804839,0.001187442062738544,-0.07314493704205102,0.007611320791520899,-0.012827120381607859,-0.0035245478467736107,-0.0037334884758739154,-0.0024597201961181017,0.02536571141990572,-0.009529820808211876,-0.006340334271123877,0.005822282299800694,-0.009300801968191491,-0.0036920435196796868,-0.00953809812854293,0.004655574800689602,0.0044360526376473934,0.0011926746776711678,-0.001112658926338011,0.8075595847569893,0.22230762063952592,0.014087976848928523,0.03332778321611586,0.005918599895268924,0.005395610049227032,0.003811630256003499,0.0026746823888770333,0.004497632834459772,0.004915020978026781,0.002668039408859156,0.0021462749573739333,0.0019206626763365144,0.002510645764199454,0.002605364492895432,0.002036726129405934,0.0014628591936450615,0.001863519337100987,0.0017640159317120056,0.0017382246166865983
-0.46151061434117113,-0.09882000206845622,0.023144522425540034,-0.059962292384123844,-0.03965726813510687,0.007694715945222121,-0.010362235765301493,0.023466182856481176,-0.024669114370121214,-0.020023922565574143,-0.002697583021087262,0.008567268687808226,-0.003909930775735394,-0.0002308444901694162,-0.009261022424289032,-0.007419050280981833,0.00222859739937655,-0.0052889559488974915,0.005811738521330953,-0.007319239057733153,0.8404531464856556,0.22600121201696938,0.08214745067400814,0.039084395136809315,0.022217401956317377,0.02226058773592473,0.025974792754662697,0.021885198149542345,0.015643322356041718,0.015317255196807766,0.010301179713199363,0.015782388416196547,0.014180758348643107,0.008929444705920699,0.011528414223656006,0.007027228911226031,0.007592053335093325,0.009167234230236646,0.0109149518748306,0.006304333791693171
-0.4290095392087102,-0.016747528422098666,0.01877770332704289,-0.011065663824820875,0.003950398005427108,0.000690527998465918,0.002469092175350153,0.007844224040195876,0.001118293372314713,0.002067117132686169,0.0021640997908410533,0.005663195403934707,0.004798664452787807,-0.002892310470394469,0.0004749757347047821,0.001064294033821822,-0.008731319471508054,0.0028180038791568757,0.0009308571646197213,2.0767792183025063e-05,0.8827129265380074,0.14419697422822195,0.09947999490992593,0.02399642214543255,0.037473760637848894,0.029273650251038494,0.021639031409598226,0.017896396752704442,0.02094672481357706,0.012409210334077703,0.015334974778553875,0.013034941393163808,0.007252316903839859,0.009308374747296032,0.006084910425453339,0.004524737378252147,0.014701009639907848,0.003960010984946574,0.004048140863189661,0.003465732580249998
-0.35222515925927733,0.010985072412132509,0.003636534936711622,-0.008361279777627885,-0.003238229186414362,-0.003257255127609801,-0.002406895242501782,0.0023079925851662675,-0.004808812107881238,0.0017418409086933234,0.0041353265016474015,-0.0015772567151154822,-0.00013422573550529593,0.0008502077418308211,0.0023690379348560698,0.0030078849354403764,0.0008089538366118694,0.0003817206596911682,-6.670670919078414e-05,0.001179190444550096,0.9239207323185761,0.09624930547851818,0.0627465879887655,0.06773363169562842,0.03403704370749151,0.03264021208955526,0.01985843376002529,0.021525376540208984,0.022451782022736056,0.012609051612000906,0.009502529708268448,0.010627998954228477,0.00687420894748305,0.00598370096255612,0.005411217911985648,0.0077938088978257904,0.00601708250826222,0.0028863081085665782,0.006611048624165282,0.0032235496610901887
-0.29859536291434885,-0.012871875568593403,0.0005650211811329748,-0.02095397298410234,0.0052287055081405255,0.00326840671659387,-0.003095075294185454,0.0023051487404924867,0.002789071067501729,-0.004158523057259067,0.0031667563803303976,-0.003507298146760539,0.0006794229835327864,1.9220491763189396e-05,0.005000670922124459,0.005247407022035277,0.0041577435944961764,-0.0012827118467895965,-0.002891246993998176,-0.000647718478292025,0.9437550739931545,0.09349603386539573,0.05629151405098345,0.06472757169746972,0.023334064887905164,0.028503666899016813,0.020145732060956524,0.016226172711611763,0.017839390930333765,0.014176081874808785,0.013846859342527709,0.009353555560248175,0.008543635672199582,0.006849113645341271,0.012226197901388647,0.00737056070801971,0.006455479069777773,0.005583392854473431,0.005551237712065202,0.005411429401896706
-0.1444173880257095,-0.25459556186768545,0.040173301872531174,0.03837035044603544,-0.0712498858634304,0.0027092361099455412,0.012782782220354361,-0.08288633346756114,-0.06588266101583928,-0.03736068742629808,0.0067111847702203044,0.016828376801384555,-0.0024191260162760805,-0.017355134089960055,-0.03011439219576571,0.002277731693146919,-0.00519994311128414,0.006411976300948889,0.0002682952158070824,-0.006880756512060479,0.7987449692142587,0.3731017337841557,0.14211769996640952,0.16030047160448382,0.09974163994106862,0.09657639704933826,0.09054084793819367,0.08142704913645468,0.09918190889370344,0.07254800554180581,0.04433858374883647,0.07787015235893059,0.04884981573650965,0.028304120312412674,0.03699540500943001,0.043003815685360505,0.04545428916600236,0.03807854338343346,0.028200743349462862,0.026069636125937715
-0.034882766153467526,-0.2404596778070774,-0.035987305804466505,-0.05673239502511672,-0.010743290312377836,-0.05026983467702888,-0.04046864085192456,0.03636236408681092,0.010778340607743235,-0.02085449605739419,0.0237517934926503,0.00753727701002071,0.007841903267612067,-0.009328283711393553,-0.0047525366463788115,-0.00044720272348561544,0.0035593911562520775,-0.0018402963196042783,-0.013359878823110415,0.0015576190598250402,0.8500959679808053,0.2886182704136699,0.2161978582553266,0.17254963786906158,0.13586878809459751,0.12525826498821416,0.05705310949483887,0.04860990336227696,0.04241271660593979,0.029666798473240955,0.02993013309447695,0.02519824509465625,0.02362657552823794,0.02043613227250924,0.022842844062885843,0.013611907943427901,0.01668432779058624,0.015941718597197486,0.019644999103793023,0.015760517717051035
0.07112893217212174,-0.008899742402441665,-0.13319487815304235,-0.1292690645261552,0.0057380676838470306,0.124799221600908,-0.024423594152603232,-0.028942877608946947,-0.03275140949884021,0.003237853767126364,0.018482417331679296,-0.01944845127892066,-0.0142023767199959,0.003661810089398151,0.054514976749915144,-0.026298828134390998,0.008277203821860953,0.06503862610772299,0.02489378312030518,0.01637696464954737,0.8570346650606823,0.3027119642633264,0.2171144405021588,0.12166957777875749,0.09683144065045673,0.09353981303080487,0.07868141901255113,0.047454304537447416,0.05650471563285891,0.04519847979867126,0.035516901325105245,0.0406544112417153,0.030223651402770883,0.03420953492048477,0.04495250536075211,0.04762756784062636,0.020599797278151553,0.046250996525136485,0.02080409043820597,0.01808744210535152
-0.28331587327950464,-0.08212766464336389,0.00521360673364346,0.03008764939456715,0.01582350453199624,0.0454792908553097,0.014805808600062722,0.01619900292090413,-0.017196688492195217,-0.011978340411811663,0.023447230662384324,-0.006764008525835281,-0.0072149038219212125,-0.006970573479889393,0.012880520486798856,-0.004928014427361224,-0.025466878883869937,-0.005783487051023047,-0.017576566969947336,-0.007762122606294685,0.8451225390639395,0.34474509101311623,0.11186313504604857,0.10431222497192183,0.12072083552273498,0.11528353328331228,0.0484648950313859,0.07970848615924664,0.050826166666167474,0.049136582555083484,0.042466104684688886,0.04455671761806552,0.029769630142793446,0.0324845597849174,0.025396869537440043,0.020071410357865443,0.02325504159740621,0.022329150548297233,0.028014874965996736,0.015357676093543549
-0.5549698745556396,0.0072483258796973175,0.04141014514865383,-0.19813170943655575,-0.06566224763732816,-0.07240638838900651,0.050506942444344685,0.021134470698558196,-0.0034564888168621515,0.002702293645012812,-0.006994891129321332,-0.011810185151407944,-0.007610115217931511,0.000724792801424234,-0.005055580773769226,0.0014411623998265277,0.007681210218891863,-0.004787799161577248,-0.0035009099819514234,0.0025040217385943397,0.7053226033068862,0.145550026971337,0.06698658697504072,0.2699993114838348,0.1183267009977207,0.11240686851360514,0.0699812071496478,0.054598327121306627,0.0509623577644192,0.02071200985214643,0.031628327810790426,0.028953948776918332,0.019759197718101293,0.024078638123764273,0.027539552590557285,0.018943301962841982,0.010766044987579404,0.008236322260730542,0.013755570573527868,0.012130917637490395
-0.01152865873676565,-0.2177447105468772,-0.15581655404290282,-0.005887144993339149,-0.04024397048216225,-0.026258884842166628,-0.016260403773257017,0.02420006277398388,0.007491300978883654,0.012759779070556079,-0.01562202798516037,-0.01406037080861832,-0.022744271513616222,0.012780953259188417,0.0010003898939013834,-0.034604523190417895,0.0061691840496593065,0.011060103390319268,0.004908655315591263,-0.01147041004744087,0.7958512831782544,0.43086559365018756,0.21981514207043543,0.09181444134952527,0.0688290646567882,0.15777364390012458,0.043097187194988194,0.06400421922122196,0.05811968765152093,0.03522040526529999,0.04354368125094126,0.023920089677989156,0.02838194668809185,0.024927574701698884,0.020452884326140213,0.019142535459485837,0.02361813150491758,0.021595549672202362,0.01374330508743954,0.016051560615196296
-0.00982956595454175,-0.23621466998907206,-0.03762886666411003,0.00020445042826187768,-0.01942536726600978,-0.018549653154365207,-0.037024924049524184,0.013174080197048616,-0.013145602242679955,0.01937298503713665,-0.010579247404785387,0.001511800875262917,-0.01185452752489681,-0.0062649827063549456,0.007082385113182774,-0.0024393879076252275,0.0005752439493514206,0.0015930290965797845,-0.009136487012373889,0.0018484184254883825,0.6533240605946179,0.5675984481141196,0.2139256132022945,0.2778274707021059,0.15228121422309715,0.0744129529234294,0.08683512777405433,0.0812349929263575,0.057705733841737945,0.07677500888035746,0.05610402892186791,0.04788012093567963,0.041180258263708004,0.04192785757674244,0.04190606442148917,0.03699036757085953,0.03359752967138525,0.030185334795938795,0.025568522879584277,0.02609448390980069
-0.17563054704000697,-0.18935574944155845,-0.14659419456293837,-0.03356175223619974,-0.03566840935372142,0.015504696860881292,-0.05671377038889728,0.01969529458356627,-0.001945434706252037,-0.0055368660100578015,0.060196913032081266,-0.003924406005640014,-0.014818916706802524,0.013221696900470033,-0.015304566914141629,-6.738718872076847e-05,0.010873590866667398,-0.006374299755735824,0.009799156756735688,-0.0018973052779584524,0.8487806251216179,0.2657475873841054,0.20066220472932264,0.16155788275899613,0.08920663554728296,0.08291721950365757,0.10077292169636183,0.05091054412461193,0.04474353545852191,0.05608536089612628,0.0732496531840031,0.03231626148570564,0.035343902238775676,0.036928680013680985,0.01345493555557179,0.01614889622799399,0.017931729454521476,0.02033355223124168,0.018261819674972653,0.018084038017203607
-0.21718744498057937,-0.08315405258153387,-0.11247942684333422,0.028918610259258497,0.004170264798836996,-0.00736006682359501,0.01728447262831587,0.0632213176281145,-0.009909363707905404,-0.04380342566343108,-0.02810742953451101,-0.003984835275273478,-0.010533379621407437,-0.039636400182269514,-0.00671483465092618,0.003987528693423525,-0.009013820340677377,-0.013491285637178206,0.0019357916101807584,0.0064187499498401255,0.6968862796063338,0.5252612124395055,0.20087110516996856,0.19120690988324224,0.17748786789401988,0.09479981533705892,0.09341836393051313,0.10268039140471358,0.0790111112755492,0.053918407339790496,0.05607495531025524,0.05605768624893389,0.048831985659120496,0.04219699358383632,0.037155435062086635,0.035694977055447906,0.02583042824670398,0.0275763374246869,0.02839571422826772,0.021838130370264785
-0.16912627003802122,-0.39948269589627694,0.06129357430075706,-0.47704097096469944,0.020928580355056257,-0.07791857690496595,0.058032989219050465,0.0034564784644135244,-0.1593223541264173,-0.0904551892061854,-0.20159079252061218,-0.11690990339002452,0.052188465274154695,0.054496576216548194,0.04072710491086367,-0.13197484122279515,-0.08442220565650226,-0.021132653549581517,0.044302334579163584,0.01585727216907735,0.3564258601423018,0.40757851981534327,0.10466666120436384,0.3611984625253015,0.026870526269793953,0.03471864784379178,0.021851404050635227,0.01240584212120486,0.05537672952051006,0.021893586506101025,0.07086146040782473,0.027246339899571672,0.012188636188765999,0.013221887338196247,0.009774213277787384,0.029041147247288006,0.0158102944818342,0.006286370290135436,0.011200313643783212,0.006412802417381323
-0.45649416556674977,0.29041754361678046,-0.036695619975288335,0.007667381772330027,0.030667303327047504,-0.01600830167996173,-0.026709689323234715,0.010914913397414993,-0.0018290247631703063,0.029556443463075104,-0.009813994565564454,-0.019132252574084036,-0.004037943306979512,4.2834023371712e-05,-0.029493828896657786,-0.00704354168376289,0.01807832950390993,-0.0007880965682449787,0.004627932762220146,-0.017404542937126323,0.7260515364620803,0.40737055700804575,0.069826211633096,0.03292907284385408,0.028308434784798938,0.01774622395235533,0.01578432401810302,0.010041308714500263,0.008297772406748104,0.007028980917672885,0.0070932416378305845,0.007117264258897159,0.004444349431374694,0.004311419647660955,0.008973976679771617,0.0037952115222011436,0.003581225051135892,0.0022158138774141284,0.002254287629855544,0.0024464788041755506
0.23926443921604423,-0.15157117369770712,-0.08250004231201086,0.49992629916145664,-0.13355323852637688,-0.22759893440277315,0.041246752883103935,-0.14910270250377014,0.07651754055783508,-0.03153699228745714,-0.1425205104933035,0.017775246728948896,0.03125022179520158,-0.04344895162815016,-0.08401247444057805,-0.03211139272595312,-0.09454340701851004,-0.023198466953120833,-0.03636775835697552,-0.013201740584661666,0.36472779458965776,0.29228916976293196,0.10492435191150071,0.5253058419972004,0.04469303615620217,0.08368629285593734,0.017835341926672826,0.04837080077616908,0.022851579936897674,0.00752448314497837,0.03821941938786927,0.00641835130846955,0.005406230254292341,0.00899344772271422,0.013981858081002461,0.006967219303684211,0.022518607764292188,0.004885957107858321,0.005017400257558307,0.002528768015595663
0.42768155007809194,0.0289635421321515,0.05945398844061776,-0.4255132057629968,0.10357110280953338,0.08974749462172879,-0.07274046635321432,0.05755229166099227,-0.029409907386342842,-0.11380888268387997,-0.12073594630501351,-0.07799088895107496,-0.037671213929529164,0.042278363513665235,-0.08695733429969198,0.05750278011799506,0.025254565148810363,-0.04794739982173002,-0.008773718247304376,-0.038234389350119094,0.5805316660348444,0.230682657926767,0.06690690127731898,0.3875569697036456,0.03952219091559515,0.0286009060231479,0.016707698056685285,0.011989905446939123,0.01177321848306614,0.040709983785691586,0.02779467527907832,0.014897040461333078,0.007192483236510467,0.0074489035027306945,0.01925453788829273,0.010714901033065076,0.005791643081367131,0.006694232411166129,0.005169705009699572,0.006422878655014467
0.5264864249341289,-0.12905103884622043,0.14508482513605897,-0.019171192294280257,-0.04467008983785559,0.034037054587135816,-0.2219924412401264,-0.09132907583082389,-0.058613745041609294,-0.15240788281270495,0.06583826899665772,-0.050109243090303755,-0.027709899873003544,0.02817132316815873,-0.013275624227784768,0.04643538050186124,0.006348100133657948,0.008360372830778062,-0.003234804311665916,-0.0003276330790815961,0.7220427607279891,0.18856657554228193,0.11501461782104311,0.009280514436962825,0.02082643780987513,0.011398259108769295,0.10935888331675901,0.02199204013147418,0.01271548231355256,0.05266438338716889,0.010822108027450282,0.007509003088136285,0.005105334820383504,0.002967738688022965,0.0024816328745910325,0.00722083903149173,0.0028126699430925596,0.0019439639330152535,0.0012905554824758022,0.0012530099685519552
-0.5222074158947847,-0.2921539862048215,0.03335842822938656,-0.024053594895079473,-0.006902913281150294,-0.03139008799232534,-0.03401916177571524,0.05603162584491075,0.08015697536893489,0.06748243144277527,0.054616805906913736,-0.04673187318755083,-0.06769971704156838,0.05292974547761606,0.042435122514345,-0.017474152491950803,-0.054215027529046535,-0.007190165622164804,-0.03344419646346845,0.02975460297412203,0.7396842868993293,0.20408735132905406,0.0814899890439659,0.05981060180552167,0.030862741361165034,0.012956747221065068,0.02457899171419287,0.013218566413330038,0.03112444706671618,0.03202551581405013,0.021382987671795372,0.01290124708409832,0.01513602541683607,0.017813965748784688,0.007051560044515875,0.0034083113108925828,0.009367078082942433,0.004351057743643599,0.005482805538051808,0.005334723740664875
-0.3566032454222972,-0.3783475170396633,-0.1384659659262117,-0.19163492211638053,-0.2910525098375459,0.013757950027669217,-0.12094936286996204,-0.007375441236566631,-0.16297266419128914,0.024148402032955995,0.03853332219242218,0.01473294055074606,-0.07254677515860836,-0.13686812630151232,0.08420781475055565,-0.1449433105123112,0.16662000676192423,0.022369818239427824,0.016197196417542907,-0.011396228266526398,0.49686702612624517,0.40864977034681504,0.11350581594628302,0.10201124165696324,0.13269291968675864,0.011395352290384414,0.019679016150414588,0.018084409164509693,0.05515807247128747,0.010414630925202839,0.00859497520504545,0.005194900933349664,0.017350365271922852,0.030633554438809038,0.014548811640989966,0.03842307596513278,0.05263861786338476,0.005723716480359925,0.003156719696451696,0.0023374533746571315
0.07804186211237742,-0.11591461179096725,0.012600090976730063,-0.014422567322746337,0.01558277816422485,0.03137839181162003,-0.027279503961061113,0.02089726616809331,-0.019968636940717044,-0.008516262464259645,0.013666137529748596,-0.016439147141109934,-0.03393837995605493,-0.007883490519091915,-0.006504013209825466,0.0045084809185711155,-0.0038964615230140916,-0.014087291962983648,-0.00397272164210918,-0.02035465417192216,0.8118131159759889,0.5372599171291079,0.07689984911886569,0.08524750430705218,0.06058637853595292,0.057940724720050296,0.0382516710955345,0.038222718241873524,0.027407577077553882,0.023122092007730487,0.03009823038882602,0.023333035271331844,0.018589616931188897,0.014617762111952152,0.012227257151648102,0.015267896886090992,0.01076613891110917,0.011193302822197354,0.00644334281564052,0.008209550594576636
-0.0022370178384911715,-0.11586523175180266,-0.15347245327962455,0.030280231260287015,0.002524194877719836,-0.012910186084532356,-0.10094429463193853,-0.03292780271818566,-0.005571288796305136,-0.003899726925740389,-0.017358250126242605,0.0282217096288231,0.001747425338945974,0.003282610067563863,-0.013655025932914892,0.014916148242896374,-0.008944975880711999,0.000287157293748002,-0.0067184116244956675,-0.001701143633000544,0.8320050093336097,0.3024455081521691,0.32541968766819895,0.16534547029138333,0.063349551845876,0.1049148704732469,0.06659418336525766,0.07201858301173489,0.03638090105146854,0.039083966697211765,0.022927635996822307,0.03748792192610311,0.01957334926676988,0.015674467803826374,0.01978374019824388,0.020625387764447424,0.02651860143077536,0.014117421238813432,0.0110741726377242,0.010963071399105408
-0.0496607699203836,-0.25146032040576105,-0.22541650605830793,-0.5036404789211671,-0.17167065053943198,-0.00816763100175658,0.010610451521246116,-0.05115095080955916,0.015268705300841285,-0.005322932616193051,0.045000128048153364,0.014443799176979286,-0.0036657514039046416,0.02659534427852354,0.004662941559147508,-0.02435496499907146,-0.006339344630004702,0.022763428679970134,0.012942787170767288,0.008629055799944456,0.3080550997977725,0.2599333902112123,0.15358226151711393,0.6317344685648436,0.06802660232598119,0.01772960585561397,0.026434653990562187,0.019737763817500958,0.014378551412420941,0.013961841967245163,0.015487844206781079,0.016661239201974896,0.009462942630388684,0.018183017877491353,0.011356042716390598,0.008187176087465685,0.00929015530700317,0.006572050952354704,0.0064561085928818915,0.007841357522567224
-0.2742725057298061,0.011151671489883717,0.08643500507186314,-0.16228559920902202,-0.20725708582629318,0.05537346180482755,-0.07935095019994705,0.01737334406639728,0.09586350416183777,-0.16834351262331257,-0.14821690834986093,-0.16920786709441007,-0.10615189940236758,-0.00182615943883256,-0.018416111480252403,-0.058057661989366724,-0.08638459180138394,-0.012900251154477346,0.06917624980379905,-0.03752223276019441,0.6517991839079673,0.22729108428047118,0.35807378506704146,0.1577792129994384,0.1762057213450153,0.10705151951779292,0.08792895424855134,0.05040288964608164,0.06848167504249116,0.10127661815226047,0.07349306132367016,0.09579256267010088,0.05031638424300735,0.029451996535619522,0.02995834508868859,0.034045769658452116,0.038280502951968845,0.025446267842893656,0.03787468169964191,0.019180860833740526
-0.1674279502815019,-0.2882914978780293,-0.27276777960272525,-0.05148711497699554,0.09972656244200907,-0.0735171378659193,0.05698289113933366,0.09170115642849723,-0.007807754443813379,-0.007691564647251866,0.02778822165107452,-0.0853124639654439,-0.17190266821417327,-0.0023798701277012355,0.04833527797166016,0.029591705040598836,0.04818068863669668,-0.03642492960919761,-0.01404886714604566,0.007464688076145697,0.450930697964025,0.37574824741614743,0.4021888541774117,0.26348638641661193,0.1984330049236299,0.1579073114788929,0.15291064657263256,0.10762091589688151,0.08154432954357317,0.08389283531636409,0.06814836029058434,0.09311461384768578,0.14043637516867757,0.058151741027780285,0.049542032314337556,0.04938749882677977,0.055758808527917064,0.051219359192753174,0.03974061906432216,0.05162014322968009
0.3691689548907813,-0.12368442243006862,-0.19572450666960717,-0.3775163017818641,-0.17505420498468763,-0.12745477134912056,0.02144621899592886,-0.1156820302058472,-0.1558390438258032,-0.0868422339100675,-0.009728496110809684,-0.032860022685479336,0.018533254029718827,-0.03099994321600905,0.014415720143697722,-0.09497589013736185,-0.02219042928157507,-0.023061358935210368,-0.006324973053037147,-0.002577594942489451,0.6507429537712544,0.19935932440888526,0.10274871750333288,0.2738545964870008,0.0680480699987635,0.035829337064194014,0.016115068476410855,0.04383784647565575,0.06266836278359571,0.023573442923923913,0.007796696484846418,0.011184093458654433,0.008923440391286258,0.006433755067893545,0.006550605070617072,0.021400854905923,0.005565158808383053,0.005612813691267683,0.004305595031064283,0.0046566046687183445
0.43967736440463234,-0.23614235968930347,0.1459320539494222,-0.28771245215537217,0.021109584603710815,0.19953282479088275,-0.1871595223799327,0.1671224604557604,-0.06994176278739585,-0.0489188499458299,0.03955268900181902,-0.040482891744348104,0.019784320768903477,-0.01591267217081175,0.03846387458619505,0.003733027717713044,0.008557900254184786,-0.04345920437936456,-0.04135457279707321,-0.015128443512561865,0.6256095532632736,0.2694973934661788,0.09811931037991649,0.16869746308306005,0.02941453066155659,0.09874094275796556,0.08511266593182365,0.07620342644781354,0.017285321260008226,0.01316787536076882,0.012907070812819265,0.011246982369124251,0.009458298391720734,0.009906990176745912,0.00967043910584507,0.007308737584785769,0.0062538971069182525,0.010508289076692795,0.007498580412731578,0.005206358317864476
-0.42756758557083885,0.2528187412486676,0.19710830047975778,-0.35632486831432586,-0.17912123990862938,0.015101949140692267,-0.11899718194103269,-0.030182491619003587,-0.05526422682182538,-0.12853481728388536,-0.015406644943779019,-0.022286200746845078,-0.12892712485061175,0.0499707903884684,-0.004031504738953761,0.03148279235254022,0.0018769067244023576,-0.026908326772736683,-0.010354262029270943,-0.004274885005079806,0.5620836895338236,0.2749075607035567,0.16328932756084533,0.26342356662066674,0.0721754111422977,0.02503814985016897,0.0456790122382702,0.016730691487889433,0.020722104218268235,0.029147832352093426,0.008926917267036484,0.010356216988559147,0.03411225625568636,0.01193284784307218,0.007538843491684676,0.0076265321351929646,0.005649102804073704,0.005787105695100912,0.0058052317109034916,0.004496273533737111
