-0.6067347145067928,-0.03379665522348385,-0.08134947659763729,-0.028419461373057352,0.06375168713128343,0.03216460125662702,-0.0013720075685446243,-0.007546700027587408,0.003447256906977215,5.2558156961925385e-05,0.002216463382338192,0.0011265453041619004,0.001851199358888086,-0.0021246901581547218,-0.0011555544343162544,-0.0010877470705799239,-0.002124448500021915,-0.0023457419802524935,-0.005624060189348992,0.005949560134359181,0.7121392135438662,0.23483675126541725,0.13812380124464643,0.10836872094904644,0.12523667774839545,0.07690988424555313,0.030123182488450022,0.02719293963938657,0.022664300607110496,0.009936493385950361,0.012855526695423634,0.006401338645203513,0.013009573393799656,0.010963470698916861,0.005709276071971347,0.00571624528029288,0.011995505085973574,0.008806245834449278,0.01310912848079043,0.010804037799206176
0.08892270666894989,-0.3217130136386307,-0.04220117448217518,-0.05138912535329208,-0.020275847027068847,0.022194373870862368,-0.00911948553636376,0.01480327320269918,-0.002323883508848425,-0.023901256424352427,0.00305079962155202,0.005819086192916494,-0.006660469548927872,-0.0024369047962476778,0.002161952063762526,0.004140799132741077,0.002029386126085588,-0.0015787932073262516,0.0026879037507999597,-0.0020889323537942313,0.7512541953618477,0.5366935991552114,0.14485714639155742,0.07440404847784088,0.03341299441094009,0.023575565817382356,0.025694097168924776,0.016201604088187053,0.014915539826653022,0.012753445665909783,0.008737907981451182,0.007142712027586073,0.0057573626063349165,0.004484230351783998,0.003969514198444618,0.006081134103985458,0.003114922978426239,0.006069479031405777,0.004888848252538188,0.005409538018225623
-0.26559873283569435,-0.25303602685258253,0.11182800395131205,0.14979867431778146,-0.02382470669126071,-0.005562261778585098,-0.035795996579747864,0.00408905228787857,-0.01801058292400433,-0.008284018250202968,-0.027983757032225928,-0.013485518087283505,-0.004171744970669921,0.01676207836881695,0.016010674729256238,-0.00788173659366359,0.0010878786303868179,-0.0392125328047155,-0.008061710810149583,-0.008306839396869001,0.5496442593208348,0.5170004640690259,0.28528687364156413,0.21853227662089889,0.20442197186085823,0.14278436141498774,0.08017029123542384,0.08661860525103116,0.09303426561532023,0.05647056707829459,0.07078509850348474,0.07938129142407765,0.050090434652533745,0.05500853739243069,0.06466913036670033,0.05670647755868262,0.07929701978525631,0.05677924863738086,0.04500287531937163,0.051629486503358364
-0.3875728059492404,-0.01917301733174549,0.016735394731377837,-0.0028224531634291512,-0.006479543239193974,0.0002465570295385042,-0.004845066028995205,-0.0013312659910672167,-0.0011039864831241524,-0.0035224002526989396,0.0010017212255242771,-0.006849712240816941,-0.005926205398247228,0.001206482186217027,-0.0023239349639943238,0.00018342598269942335,-0.00023259719937244864,0.0004301407808278937,0.0014048698594282026,0.0015440692453920258,0.8738757875216534,0.21065098349617706,0.1758009280217711,0.06696805218397223,0.04817187262410611,0.01946055302042921,0.03906751324410079,0.01341569811518573,0.007768173636817085,0.011278455236215158,0.02041975172525336,0.012820955753344443,0.011946106807308881,0.0060018912546590635,0.009630989375326589,0.003701772282474846,0.0037420879497262805,0.004965653657569179,0.00395060953572114,0.004355326404348296
-0.2146677308992993,0.016346872268285025,-0.159623236381077,-0.08681166116156365,-0.07212018191583212,0.011544458479245194,0.018254686989967756,0.006910232558283796,0.006191854460908654,0.013265159547894936,-0.016213018633522664,0.00034814605381095317,0.008102067558154877,-0.005262477675247447,-0.001851857958754917,-0.013672464275015688,-0.0037096722648048528,0.0009889616509882384,-0.003115630684470121,-0.004243678405390329,0.7362767361870535,0.44914902174954485,0.3189565712865346,0.16906732344738204,0.12918803812222043,0.09059817031487942,0.054643016841793714,0.04574019107348912,0.03639824937922668,0.03043435574034759,0.03239491719453845,0.03703753781967638,0.03532474229750358,0.03232260031657062,0.02812970460528986,0.02516973567903519,0.022327884860219853,0.021613206013676778,0.014987991302300071,0.020118753403125158
-0.14754768355711395,-0.22138405115695117,-0.06992971011951651,-0.06909807759446451,-0.025579637030554745,0.07422225263917435,-0.03350883511775245,-0.04573683078366324,0.011255351377247022,0.009213785368244694,0.0015694861779507639,-0.03144806766186624,-0.014295284723921909,0.03172408306275249,-0.008996684669215793,-0.018124915093062424,-0.017304674052695684,-0.010349313729962418,-0.0015552816352925928,-0.0027796090428720446,0.5787834771022499,0.4927730744488895,0.4457754572283178,0.21712948826433515,0.1421355931958922,0.11148807327090063,0.08474468431019457,0.05598831670075694,0.07694702582734701,0.08872837296195814,0.06166178023674742,0.053334139568824636,0.05385740535416384,0.04753739170199039,0.057491796227336876,0.06503492016677508,0.05174222178366534,0.045097458330948734,0.034894494723360994,0.035311369793620505
-0.158420071251115,-0.15561571385056072,-0.051550451810250066,-0.011586624261407401,0.0190388811418169,-0.007038302798226782,-0.0011688104600445237,-0.013311980316163615,-0.03545954462060816,0.011300697274671544,-0.02232151051086821,0.008435023319617495,-0.011288010385746713,-0.01595659229157202,-0.01148194405779037,0.005521002585801461,0.0038001690993408493,0.007777744933202821,0.008111887999447228,-0.0009893533126204036,0.8659808305532117,0.3707438704904911,0.1882775273020506,0.07889216396341776,0.047158619574317884,0.0506122691073312,0.038683395062911616,0.030086766207182983,0.04146641405035855,0.036068557816873556,0.0313902166780004,0.027907918100636298,0.028346997657341166,0.030556856097094184,0.02314210229888252,0.017922837499615554,0.015110358800339145,0.020802611501071523,0.014181257840464812,0.013775977522116985
-0.09597580826224579,0.10297952719662345,0.004536169123415518,0.02752271276483823,-0.07077157000224099,-0.023558987509681162,-0.006605299041870039,-0.02072336010391215,0.012199778594856159,-0.002234786108470175,0.008621918552750666,-0.0012652063513182924,0.006961392378850405,-0.01669220772403978,0.0048012757456571626,-0.006036957135225977,-0.008370980840494424,-0.013155648651659241,-0.0025735637084570396,-0.015162795637684717,0.9362878660680359,0.24693618749901136,0.10589464881891043,0.07873444695747195,0.08934377644520804,0.05780619325906413,0.02625780612460966,0.036655952115567166,0.026120840376735073,0.02272443450283011,0.01671647366384795,0.022206216979432487,0.0230389537253739,0.014292488554142304,0.01406479978391438,0.019169233599438267,0.015030083190935187,0.010386801588107248,0.011793567631116057,0.01209578514156025
-0.21441614949042484,-0.01266049106798896,-0.015043746992901114,-0.029413646584000832,0.048876771878888635,-0.011027700154695503,-0.01670342221496455,-0.05550991637526276,-0.008330470492909562,0.022109175607397166,0.0009137264211542583,0.03624302072847334,-0.027017206374943488,0.007562259409168711,0.011683894675877153,-0.0011725447873997096,0.007270141659572282,-0.0001225416716679018,0.007071060916015481,0.018154683711249387,0.9057732809729863,0.2988941250227263,0.053793428129965695,0.1308272158579421,0.04617954151328138,0.03678537569219855,0.03322665244735017,0.03858729924346295,0.03047231576625931,0.03247255967846287,0.03045876206735446,0.03106647060913253,0.02579691395407631,0.01896747362518377,0.023677603456827546,0.027602303442721608,0.01974251781399128,0.020045916391297807,0.017435254088151123,0.022418642023097814
-0.23251998092002152,-0.09153037849447841,0.023812023823632553,-0.03668374445400248,-0.04101948574038017,-0.023685554323595488,-0.016120752913993765,0.004047322635928478,-0.05752312353476317,0.017006824404328217,0.002156139007667523,-0.034376485066535956,-0.009688439863437778,0.012398764546441744,-0.016213561061786643,-0.01743111906058814,-0.011200671558390505,0.009237742774577805,-0.0035443738468001846,-0.009232118812032394,0.7979232989822513,0.36794371585943186,0.1880843281786049,0.18577220036697403,0.178856795596523,0.097590769793326,0.08873963140807405,0.07884277784260832,0.0877231321563682,0.06613996470202334,0.060139556394557384,0.05675147067319942,0.04975386624913943,0.045437502952220966,0.03594229016821295,0.033746639225645116,0.02977633029898464,0.033422600891012094,0.026849698326750798,0.03252973413511324
-0.13830844022630992,-0.15179587375507156,-0.009632973801363177,-0.05947218103236781,0.04805724818677886,-0.05495183223281626,-0.09567383605092301,0.011138788736411062,-0.01525222147869375,0.007455331140706941,-0.043238713569043435,-0.016475207503025953,-0.011366112503671387,0.016432966718749643,-0.05489645137487374,0.013605058390606236,-0.021266621303841396,-0.020284059255874537,0.0021948498592293145,-0.027148352765900136,0.7562208603511466,0.435681319647813,0.17228097854297109,0.14749216401896398,0.17032642729216296,0.13628120237438252,0.11297311189967045,0.10321334160066245,0.08791907132736962,0.09919780983792092,0.08831009687668256,0.06306124453631558,0.05450871547285688,0.05834759777100611,0.04907522357934927,0.04680739315071303,0.04228087979887077,0.04604461408981246,0.041098171942256005,0.043817205255345985
0.0939000275873011,0.016542551848509716,0.013151894433222218,-0.13384844194987913,0.03331536332931873,-0.021587164597064997,-0.0006003730950833484,0.0224280153870451,0.024367164058165816,-0.004438533299406461,-0.017252460285554584,0.0019266234992031958,0.0026631804671314384,0.005195289110051037,0.014282069401759806,0.00972677040468451,-0.00770145529230357,0.0003472273571787334,4.601099479229643e-06,0.009313353021377821,0.8519317145281607,0.2609450256607795,0.18995064684144505,0.253026507560329,0.13838530501845894,0.1272357231506924,0.08354446394520092,0.09779519452247162,0.07886587821848201,0.06409693895766197,0.05524109202919268,0.04946760392117745,0.035110511649960374,0.038773726532385255,0.034179021500627384,0.030482307867059678,0.02846135686500136,0.03262088880377025,0.023065026024101827,0.020362245545386456
-0.2758269477183442,-0.06295067110848672,0.03188904449141299,-0.1478253835606443,0.0027614341449779486,0.04186829651296,0.008825342916924658,-0.04557252042708441,-0.026421224909807306,-0.02725327370650647,-0.009179135575805393,0.003999529115201144,-0.0167107841477777,0.008612331911637669,0.004218619999253119,-0.005242720297981321,-0.010563568927411941,-0.001658424894212267,-0.004919463651824427,0.003699407936506782,0.6452671047214895,0.4876292023873192,0.38249959130993993,0.18901052046635708,0.12522165949156164,0.11372043325412247,0.07062660037997817,0.08319682382848596,0.05749809341080721,0.05188720736474247,0.037118947862929366,0.040009335717175104,0.0345292220381453,0.0351097939744419,0.02492282350485729,0.019800369513618854,0.022828685116658875,0.023784768288533483,0.02299644228230818,0.0185462467300914
-0.17778357591249616,-0.026669160640722573,0.061417763718227505,-0.00920162565325609,0.0014156188541604407,-0.019590208870433466,-0.05406744338895727,0.02929079572565562,0.009874803060429411,0.027664868154301966,-0.01886117024887912,-0.02430176587554763,-0.022079333706512043,-0.02274210297842649,0.008365037897229895,-0.0005633643580543526,-0.028440118669107037,-0.020824149195356693,-0.0034863448353130897,-0.007065319548810662,0.8116518089100305,0.4177720580910403,0.2444488252778829,0.16231102584555931,0.11158670045490127,0.08345644722767405,0.05811286293936106,0.05240034127208522,0.0361526897379671,0.03826903701202206,0.03124690493737709,0.032003490921193985,0.033828756925045445,0.033174955234844025,0.030654904694728115,0.022553277083538523,0.0182369370615613,0.02226803648604397,0.0281583040368031,0.02075265678631916
-0.2835001535556194,0.045791958727703266,-0.056462551126394894,-0.07851507481202293,0.006370993297041903,-0.03734244084207089,-0.0242654138661135,0.005505871730860665,-0.0009409967828085396,-0.01938143123555309,-0.0019361930758734147,-0.02031210121983298,-0.03673705788782277,-0.008163935962698727,-0.027691286092778482,0.003727988320625661,0.00914327858866443,0.004686058680149408,0.0071310046543788,0.003777539281450387,0.7844869871131042,0.40394295792962603,0.26370598762026337,0.10771984112411064,0.07856273200601414,0.10142746192958836,0.06755602317716539,0.07280638619375236,0.05189229631727713,0.05425882946089688,0.04959757787038349,0.0368071692271505,0.03392192163923726,0.03453728348563532,0.03641207298524081,0.031709639706732906,0.02698761372377886,0.02769402950995331,0.019954289989201825,0.029752773360364353
0.17276872807075033,-0.09986003823625239,0.0012824194218831397,0.03069043508325023,-0.010428208258427635,-0.04390508335749389,-0.061929742339664424,-0.0036726239110816726,-0.007578218274642598,0.025984312272874413,-0.01516986272232771,-0.03474568186956426,0.0035839780949272564,-0.015597624510821294,-0.01056322706945679,-0.011341367197661828,-0.016925766587579428,-0.009373346948334717,-0.00395958291927538,-0.017901315760674497,0.8258589387737635,0.49651921412280753,0.05608540128061605,0.04944041667969153,0.032563297229415436,0.03728038565916991,0.058640026048304525,0.05000224616162197,0.034937827096589935,0.027195726338362636,0.039920031141890966,0.022035945023306386,0.026551919732011153,0.023960222664666225,0.018459142024721483,0.01795628691504742,0.019064636116905575,0.018796434218121244,0.01970875649275477,0.018252569585575414
-0.392001146365375,0.04209347772777525,-0.053337227702533026,0.021571178457004403,0.014040379564020856,-0.0344678184075478,-0.012021114799624057,0.008007356479201212,-0.039357806819549056,0.01106214550130867,-0.01725334449988002,-0.004088655609364224,0.03300518341258151,-0.004696058336515634,-0.008647014541726889,-0.0006099447047771337,-0.015386635206116587,-0.0042940569281314294,-0.004249099772565649,-0.01983756616202777,0.7745483901058223,0.3266467422829534,0.26106475501322757,0.15390701810846194,0.09619601622394573,0.06642259661629492,0.09093745201413703,0.052698040579044966,0.05132934764513439,0.04437886145656565,0.034759487047132796,0.023729193718774536,0.029958573848172663,0.03551054735263639,0.020807615230859253,0.03172107445171334,0.029750839508216307,0.02752155593388556,0.021717287620035858,0.02355795642063452
-0.1231700089005689,-0.1212916000506471,-0.0451749087819113,0.0058615303013141344,-0.03564780545109831,0.011778747260490432,0.014177407944929308,-0.002143250051729074,0.002448316901210747,0.0024687272805412326,-0.0006126918580946899,-0.004039842082096993,-0.001655541204472428,0.013047844638456506,-0.015494756533318341,-0.005946725221777055,-0.0071425131917566545,0.0031322113108976724,0.00047810220201329097,0.00663642095132396,0.9381097137206461,0.1942329135926558,0.14795515972753212,0.09926142741054603,0.047060484238459835,0.07914250538326068,0.054454737791636135,0.011727496413802265,0.04749559736647965,0.024850814244208822,0.02120391730240234,0.015031533995886201,0.014240560930111069,0.014556902449594098,0.01448983800242053,0.01367704150925835,0.011390193876789445,0.011633622182916819,0.007422422378637114,0.007951109297133253
0.08577022874718669,-0.34012755949378815,-0.07896440050246813,0.03488420896713697,-0.006449545684751967,0.008503789721461612,0.015812247560080636,-0.009824949909529817,-0.005366305195798575,-2.3998110529998853e-06,-0.0013045751158699047,0.004343832111803793,0.0009771018886437371,-0.0028465310754162204,-0.017512330365639282,-0.0044166374682004786,-0.0031884799321712253,-0.0007861676358868462,-0.0035517057988350134,0.0052258720145639355,0.7420468010966812,0.5207827856258254,0.15224303060535793,0.11239090732630626,0.06509542833562204,0.030055805168411585,0.03699185900183622,0.023521667097108404,0.03557386394330605,0.02216974275721847,0.02438172807084582,0.011239377741614629,0.010974889326249227,0.015328137001365379,0.021255262071600726,0.014539229933288742,0.011525830835663513,0.007861443318653422,0.009088678444901794,0.010712888132122471
-0.47383424514074396,-0.10046865515059529,0.12672047461201685,-0.05806907844542579,0.03024103887716836,-0.013024869732794252,-0.009390358511552097,0.007543804057114567,0.0077917195823580185,-0.008585091599513603,-0.00012824183554498435,-0.005107827778250658,-0.007405152963001376,7.33082294863453e-05,0.0037538158184780403,-0.001974962787515003,0.003305536193203851,0.001913897009990087,-0.0006606123037332482,-0.0012802713729796389,0.7761517315790774,0.3361180819680613,0.13037224046142273,0.08244709334539782,0.04367374364202621,0.022962569529018238,0.03751913021991628,0.012513750108862636,0.020656761218871934,0.017853598842226093,0.012302103279153914,0.009574333158550745,0.009108337575063912,0.00874574995717494,0.0037150734592818996,0.007643485152661655,0.005794007991171418,0.0048911471967139205,0.003698047429706114,0.002491056933835384
0.20393509238295074,-0.06355621383253855,-0.0363295421677555,-0.012578627620246382,-0.07412317566519708,-0.06068440992923407,-0.019759637792813072,0.015113506639841122,-0.040087088349285364,0.008706836950561419,0.025686943131712908,0.0019661626816904047,0.019226744455988758,-0.0023486390965675092,0.009534498891622084,-0.015891569230564624,0.016237494134171027,0.008418015917533012,-0.0024104440539718932,-0.01690779071920168,0.7721912703019597,0.4741053158260409,0.14480219340547362,0.12792014097512847,0.1265484140784497,0.11829393438234675,0.049121833867067484,0.07690174784072372,0.09878102520344338,0.06443533634788627,0.08688362400671325,0.06865861392572044,0.06096454025173555,0.05715566458850847,0.05101851243204321,0.03346137115621745,0.038312949035959956,0.03704549179635512,0.03928495942922877,0.03772076657681391
0.06650676996529173,-0.24404457353359696,0.04823938800436657,0.007998988197711509,-0.10334293194976298,0.024177890184664437,-0.16969045650466227,-0.01955483968642583,-0.003350716479603687,0.039836968030244106,-0.017582632624586016,-0.0028258878201301136,-0.001162557125073012,0.00975174432318063,-0.024157864074702145,0.010806582339307981,-0.0019334476772242927,-0.004835979388420702,-0.0074188325233974775,0.0018412078626458802,0.8124850079962957,0.2630250714656187,0.12177901576118315,0.12667176691037074,0.16403924585486473,0.058588412237943095,0.231861377687559,0.09453029766254044,0.04575584060169914,0.07228998285090868,0.08871992394551693,0.07924385654793119,0.026413957227928938,0.029623125616939704,0.024449015502033454,0.050036466028082434,0.05266676266186185,0.06967003117554608,0.04424841171163078,0.03780433909534919
-0.10600949106687067,0.05007783849521149,-0.015077841686828061,0.01040166464670021,-0.047524074479141566,-0.0070245271228390775,0.008453223072092694,-0.006608915347472075,-0.004556859603813118,0.01401359512053479,-0.022123850411190173,0.007343839303551916,0.0006742427977380832,-0.020419162693159725,0.012883151058436874,0.002133398809306396,-0.005675320120616617,-0.011580228458227215,-0.004615524436840694,0.006411417011468359,0.8568304154664335,0.3049696364069031,0.2440811199558221,0.14914679302357056,0.15048073198630438,0.1026777299205978,0.09738544155625338,0.07628836379610393,0.0630112820486427,0.06945287028546634,0.05544647785652624,0.053348879077048994,0.04680383151178838,0.03784860735022258,0.03545451258203907,0.032827170509795486,0.03657780798714229,0.032854504276107685,0.026197345807679226,0.025812787409451733
0.27488512541460813,-0.11890627790172277,0.0434719594537099,-0.08503388999668414,-0.10092822452156416,0.017108393308415903,0.05307969167956604,-0.02898418461965512,0.023489054252072483,0.07082547112145676,-0.12336517283919834,-0.03222772870510773,-0.007800346750059703,0.04635464792828215,0.009528212049059636,-0.028886554047072188,-0.03132881591203024,-0.013928305435514626,0.00267674032492236,0.026643760585544657,0.805733042375033,0.41358771747929163,0.16334369291810713,0.07153617654294368,0.04938935466457378,0.031238073709055802,0.025390607666309472,0.02552463713975846,0.011213300501256617,0.023612379633098313,0.04126167351887342,0.013225157930094801,0.00699474984673088,0.0109608087635892,0.008262280004041828,0.013518181946326696,0.011054532678676607,0.009778732641411988,0.006619189801006742,0.013279545090904588
-0.021883886617256758,0.06791943114621463,0.09323365944825122,-0.1294099312567094,-0.09565100757160463,-0.1291308729664666,-0.011330675185480383,-0.1312800758540028,0.009588833507759515,-0.01683048426616275,-0.029646942886115787,-0.011929200542418162,-0.03953060322846417,0.004199876639636833,-0.03630312050664238,-0.011202528452958023,0.04897851580465376,-0.01196486366733384,0.026264318430848192,0.008161711919790862,0.8213085576779763,0.4660454605616508,0.12608802523940243,0.056590221240493864,0.04478449025620555,0.05260410161084606,0.0086076793518551,0.0447033442307597,0.0127980577424346,0.011006191414889852,0.006252678948984904,0.0066509502504088274,0.008210263551424303,0.007459357598469446,0.011247961039507997,0.004146382440895605,0.012914022479609788,0.005294541509371583,0.005988513232892453,0.0023308131027018836
0.4021958950837344,-0.04251644543101952,-0.167431033183056,0.03963812245467289,0.047828954923749875,-0.04362285234114378,-0.09052050764859665,-0.1202493855873124,0.02624766408353665,0.005971719223736662,-0.03616518434986172,-0.006297229138974684,0.005068648668379937,0.001168917421402476,0.017185742676324264,0.002884898099869732,-0.010485726221040428,0.004040223522993241,-0.029021018000364118,0.01603394020534335,0.8374822256771363,0.12905574090481578,0.1050124889817942,0.05022162972040203,0.03820362163035927,0.06335538567773434,0.1555315855051877,0.05991035303599564,0.05317317092987922,0.042964015085476606,0.043010490111997576,0.01709180105288643,0.026515498788455653,0.022638432772192022,0.017911019235134686,0.026962280902810717,0.014706217469373083,0.011636917420450081,0.04265562458556692,0.01640898460793311
-0.26819414568874445,0.08031330504264184,0.05531720390005757,-0.007689996971133709,0.05026867111353305,0.06313130820602814,0.0004413333581183192,0.012315695304010535,-0.08968368347262394,-0.05972648322076579,0.01993921360617766,0.03639335787999477,0.03327620450870702,-0.019959496299111604,-0.03686892094146205,-0.026330892846417195,0.007111975125948666,-0.02176641764711881,0.0060380088885163725,0.01329691870243401,0.6849138903533382,0.46590776292527136,0.39539709616037066,0.13302612949561712,0.09995575430986195,0.06802889416587184,0.06117257185572478,0.030643019179609033,0.04424862284321037,0.05015672773441616,0.04894262820590985,0.03997172889977728,0.03452866247116526,0.030714111558519268,0.03540422160812066,0.02872107497963784,0.014216200771893348,0.02243049166993482,0.026642267267685652,0.024535014292569383
-0.4753221625504712,0.11047296318953256,-0.06110955974036894,-0.007906821557878363,0.007235848638991023,-0.03274360665422984,-0.029984229895357845,-0.03832335028924068,0.02224588792093931,0.007944950824550687,-0.005618840841813301,-0.01795139934952619,-0.014024816414070693,0.014083807838067789,-0.005522626346595581,0.006570862263686158,-0.006473580744205246,-0.012701861540030784,-0.008154594537382017,-0.00892738741355158,0.838000667612154,0.16896085281907328,0.09799926905856002,0.05036275514733513,0.05570016456617677,0.04780949047220929,0.03777520884361629,0.023041319205886517,0.0198615212083659,0.017622472535126228,0.015176949937540976,0.019459732550365164,0.016468961222007108,0.01517410978848538,0.013939309549397618,0.013397381224837883,0.011772077299878819,0.011084213241942996,0.007372342647647488,0.007813298901481766
-0.3906753484285089,-0.015151092393948356,-0.012991778820473449,-0.014133227933211805,-0.025960634671359905,-0.0005615881416263381,0.004045384273966215,-0.011584724517875233,-0.019903273913568467,-0.0003964498211726651,-0.011963086116973505,0.006741971309069737,0.002257991037566346,-0.003672807251813591,-0.0022091162616359825,0.0022155755599761913,-0.0011517825495349773,0.0014097320997764546,0.0022003963806101192,-0.0007033395105697876,0.9138569909453297,0.04778489602275725,0.05074254979168143,0.03857642293352537,0.03894385453399051,0.026354819904923485,0.019939689679563985,0.01613793551991382,0.019014754216134938,0.011362026740989288,0.009535463498060745,0.00830277048461002,0.006562559145110173,0.007299426602509395,0.007150219374821665,0.0052169411675443995,0.008311112014331564,0.005766919387610025,0.005377214145840513,0.004617827075627288
-0.4191127415996427,-0.044904876355498044,-0.020004063502255774,0.011633089063194933,-0.01610706567308714,-0.004590850617405546,-0.01595732146694465,0.0033350283082281985,-0.013231132037308066,8.214381286388646e-05,-0.005704584709663643,0.008337293804355314,0.002959955491441692,-0.006780512310592595,-0.00039382016741547316,-0.0029862648840351482,-0.0035932036170270324,-0.0030493509379530925,0.0011569865978581938,0.0003420267710603805,0.894179152050509,0.11827276638774743,0.05724380582497413,0.035622038297904675,0.033889481510764846,0.015532635285702109,0.01706491240543219,0.012610397169858184,0.01880162610897352,0.010387221428720096,0.008120266767059998,0.011185276801466523,0.00788989706196961,0.007027037024287666,0.006818275076098839,0.004687620366681649,0.005222706474394683,0.006591810766216129,0.005399952614890901,0.004324007719423262
0.13011550501303504,-0.333820575955382,-0.5507746969638285,0.23020379334213112,-0.14306823451547193,-0.07505455383328351,0.041404211471467674,-0.19051292119309837,-0.0993130584195258,-0.01702754105132728,-0.02263284625420957,0.06996126315936639,-0.2880747188774755,0.004851769548993126,-0.185033067796384,0.02641702620084932,0.014341378285136432,0.031192976194814637,-0.02073018096131159,0.03291560689338079,0.17234738869496252,0.26042893985675253,0.4295835066334184,0.09303972034578158,0.053506932897566466,0.018603535411285833,0.021255759833812355,0.05459443186884765,0.02091151198036721,0.009641645394364616,0.007879218401504805,0.014885699178336443,0.11906302391612444,0.007761045246208421,0.048070065052239944,0.0069343777996845775,0.006217727863409104,0.007549169679027527,0.00765047838522189,0.006987842842009902
-0.45961642846392436,-0.0913370049519996,-0.2188756371717486,-0.3167127091736564,-0.44904351769818773,-0.1908950219693049,0.10085367285417957,-0.07594473923524891,-0.018497647444197383,-0.02848946547541518,0.0023151271836570576,-0.07760771147659672,0.024918305580377335,0.03555228511013153,0.018861892141671437,0.005332573275601107,-0.07446572901293237,0.046856709665482166,-0.007012477153608717,0.002886526083860039,0.4666609513388536,0.09944158860209296,0.07468661823260797,0.1823786117413509,0.29645975088096804,0.0685258934022685,0.027271110834458958,0.01860276173573882,0.009444844090059936,0.007371371416415099,0.007581928522315149,0.014103169724579805,0.007181273117744861,0.007308974432564265,0.00557627300069231,0.0053583412497379196,0.01131125280428547,0.005922528896798165,0.003155180186056997,0.0038131749395438957
-0.4373169521441717,-0.23759725408107166,-0.5026865368909924,-0.07834570121204694,-0.05909977544063299,0.050730137892196804,0.027278988529563456,-0.04189902822900322,-0.03083175126204615,-0.0061281982543520495,0.0008481511236785601,-0.020425684803573332,-0.012879580027048903,0.006889447135651682,-0.002361884988791778,0.0011058747758532687,-0.006693154060461072,0.003763943420441007,0.0002637225195233553,0.014012887697126386,0.4057275669801692,0.1941235472275632,0.5271102013666873,0.03520472873068931,0.026643701563652037,0.01567937234851327,0.012249358451134078,0.013493520341577213,0.012290888326057606,0.0071326654019718055,0.004920133260232898,0.005272936349524331,0.004556794806896031,0.004627652795152644,0.004086410793942315,0.002710426065625326,0.0033878442850170994,0.0028623216542981735,0.0022712817558653863,0.002406725683340003
-0.30067718270413063,-0.32197980139983157,-0.558017543153564,-0.026938439987614953,0.17522459221678485,-0.1580480296477177,-0.061298273367274184,-0.07192327125543753,-0.06571157817328804,-0.0013539181168110968,-0.02062672179275196,-0.02887778436370827,-0.00040584882670676353,0.02194059547151958,-0.00717162502377239,-0.032063925941435464,0.042808050758271016,-0.045253673470114116,-0.023798400706231085,-0.0033857212659377904,0.281188180434887,0.25254983230692774,0.5177592165663043,0.013278623912773097,0.06048151219164824,0.043272455862311106,0.01686414949372323,0.015816535739116795,0.011308115341411712,0.007846801014216353,0.006362392053005932,0.006331518178463826,0.0035429410022017405,0.004846434426947952,0.0031967821824011393,0.005427760647869505,0.005499621654847574,0.006386106189506572,0.0034563918999631596,0.0028659679614630204
0.03392767262486785,-0.027420434185925456,-0.1224640313912958,-0.0489133457412698,0.017906769412737857,-0.04257088539131109,-0.015991433528260195,-0.035725097132430786,0.009356560585939607,0.0021888170537198936,-0.013705146929622528,0.013008843976607678,-0.0009940202999601233,0.016293138061619042,0.019264536380214033,0.003795796758367923,-0.004649753722632222,-0.008440205520311274,0.00021202125312125994,-0.008849415430246399,0.7944393993978954,0.445088145500287,0.2878333789184759,0.164067705168953,0.10082515961493177,0.060262328657218034,0.07600206260764379,0.048781645320724105,0.054327258136390194,0.03676199429388075,0.05526570150425676,0.026044547162916914,0.028239667475573715,0.03009647180506596,0.04069026391717807,0.030803336472258136,0.026779349473436232,0.026651958903460345,0.021605695483248418,0.023979935505198835
-0.0636324814909463,0.0022265069014157784,-0.11770626644671363,-0.008899153325102797,-0.012095901947137484,0.03192172490405287,-0.05330843068194173,0.033888215883396716,-0.03976823928765017,0.02356193926867076,-0.018011021603059955,0.005737775158674666,-0.021483583127932103,0.013485951782005791,-0.004340589658235943,-0.01001243618716532,-0.00711037199781582,0.010816488856249666,-0.0024906700543770844,-0.0007174838065316888,0.85025186279419,0.3235405328482129,0.2808031597279769,0.18827961094858978,0.09290680535687632,0.06588565722442025,0.07632673829781299,0.06635906239202406,0.03327320195874441,0.0373219984119679,0.028983052483623654,0.03555262656632342,0.03321491567526985,0.027263341987030062,0.016246811139123497,0.02310508202177967,0.014727946393754925,0.01816770828598021,0.012825381738808029,0.018911603236042268
-0.1801457087213467,-0.1474366324615084,-0.0012511858471507262,-0.07820327007473879,-0.04491998463644829,0.028001629413212888,0.0067708551805494436,-0.019651964506292852,-0.008933416189414737,0.015743689693353116,-0.008680890101347472,0.005425859588494675,0.015075886263700905,0.00748142059811905,0.009187291138893114,0.0007817866405562963,0.002820509092503475,-0.008064336859283242,-5.321451580676217e-05,0.002673644380102393,0.8068463621659383,0.3352395339733475,0.2778829442926341,0.20267364065795104,0.08003915621516926,0.1408106053605389,0.07177230140427426,0.05501296080488253,0.04878160812644564,0.06797798207242092,0.06009999552263871,0.05299752890125988,0.03343590316643272,0.03421886944163901,0.028435986333835872,0.028565615901726845,0.025244400550024332,0.02200420000334329,0.024046761733368397,0.021201680070393567
0.059954484677521055,-0.13804881951966955,-0.09267024340334434,-0.049126536580983544,-0.08752449495837425,0.023638564033557064,0.029136356117296144,-0.06913847792505513,-0.07335882213280205,0.04353541274917014,-0.040731219728609026,0.01993043463279401,-0.059803147099816864,-0.05139711668589958,0.004031750446137989,0.016637834638866315,-0.022410820888793634,-0.018117620409183573,0.006065584210627169,-0.016270225353881503,0.7049361600239141,0.4946060466961981,0.357099480202032,0.1311027193509362,0.06825739808609955,0.09080225537922,0.07240816345715173,0.06749109226703641,0.08199687281865949,0.07435393905883456,0.04778474136086013,0.04657846478470674,0.049661243735530596,0.03893055048425775,0.03734237926695748,0.033312708890876175,0.031330747721905715,0.02841999207997906,0.03173107102362485,0.02355488268718483
-0.4398977984591642,0.024902251410641337,0.014662806529716558,-0.002878943237567733,0.013256154019878261,-0.014273074347044154,0.0034597827099139356,-0.014017017354686086,0.009210340401134824,0.00013692432519963997,-0.00012781526056282954,-7.793961065617237e-05,-0.001801270970684311,-0.004873542713563359,-0.0014927179390805505,0.0015428796702054047,-0.0011465430422521233,-0.0005769067128250253,0.00029732092797537054,-0.001003447367000558,0.8449144111606435,0.263986954045801,0.06741175481664935,0.10241104393345375,0.040446404141003596,0.030650190460080034,0.03203001299340551,0.027695424811956606,0.02735124230715275,0.011547953444354886,0.011548409094241393,0.014409326691218189,0.008712217782415843,0.014475025816564452,0.010032248568419003,0.006005403841809632,0.007904854392240658,0.010471697284136402,0.008728090967840909,0.008738357612433509
-0.21795826854767603,-0.030077874158325964,-0.029408604612210693,-0.0033971328533787077,-0.012110879163437236,-0.00011353491701494509,0.0022461216026628647,0.003890448909217279,0.0014983820265338948,0.0005376589986942452,0.0007833983571242057,-2.282870447797861e-05,-2.810994661970465e-05,0.0006877665900485785,0.00024960780003703396,0.001522651257284053,-0.00020881698487176448,0.0006985325965525437,-0.0005839093646944211,-0.0010969185096255348,0.9247690513758462,0.2356480851639948,0.12685776480325284,0.10694925768010582,0.07038508908625798,0.049707157421277355,0.03331011022357342,0.03087130980707208,0.02297476096158014,0.018948983334517083,0.019482388546293365,0.016905369462750026,0.015637010573519565,0.015996555569372472,0.01335365622735467,0.011789602310618737,0.011732283401996061,0.010854625696818068,0.008684920762670906,0.009537700747713101
0.17432923150470706,-0.3614719824567127,-0.02496861415809869,-0.08466602483698696,0.02653366994876635,-0.024488298446022936,-0.017254794041648123,-0.013510617701726275,-0.008657606460590682,0.01233716604544221,-0.016121429925969596,-0.003474631811690148,-0.005240468805695446,-0.0096348907981614,0.0033018158040543357,-0.0022963795063573916,-0.010185131933306333,0.0001904533462814909,0.001392970815563452,-0.00012995215578713928,0.7195581177349186,0.40426094220232645,0.12274949049820952,0.26912139379945105,0.1213194198822927,0.14231260149784064,0.06726327178332601,0.03426964422839579,0.049193121955648796,0.08112166747371646,0.04890360324829267,0.04635826913581315,0.03019958410241629,0.03485551978260898,0.02813189801707394,0.02489134828128927,0.03121649358724804,0.02054278309841252,0.01684939222055505,0.022716398295678997
-0.5480977001898824,-0.27834372681744063,-0.16942235450423077,-0.07031206723235105,0.03783600689329495,-0.04109344165796076,-0.007047164416874241,-0.027601329353473363,0.013762539938851613,0.012652427933920084,0.025585978183655395,0.00981413849022449,-0.02439880770597431,0.014701538209554244,-0.007210165452056327,-0.037879287417749624,-0.021776200277655772,-0.011310728514389905,-0.03158485256284599,-0.006815314052752042,0.6884262161446849,0.2805021538759149,0.1304512145872159,0.0605855585009894,0.04164538913665434,0.04222209858055634,0.019659424881233508,0.01767947929018138,0.016356975800888015,0.018558053631213104,0.012240891466473322,0.013406109267613597,0.01369646954467927,0.00985079646174326,0.011113156744326391,0.01571578692437959,0.011176539974985402,0.008853535787265703,0.012155460659500707,0.005029282386472339
-0.35207118862490444,-0.022754107945587226,-0.016309193913521244,-0.007592628417305079,-0.01617900492047243,0.004851849644663661,0.007388864661909964,0.006344452016147654,0.0016787151435690621,-0.0012273218661786086,-0.0027190391331662974,-0.0026282834470032993,-0.002783439744725172,-0.0031702307668385363,-0.0029513034819181505,-0.004897082244376853,-0.0008483812651045564,-0.000281069211024076,0.000543963774402219,0.0006338897716269095,0.9335802812601541,0.03809191105112319,0.03267141175903558,0.008969779808863631,0.01847626149031531,0.0038230196676506526,0.005743096730834115,0.008693517500235245,0.00537784801984314,0.0056586132428968925,0.00445687117668643,0.003241704122340423,0.001394740345984374,0.0014619328286608294,0.0020430968573937535,0.0031750966567414087,0.002162475271999537,0.0005858145050320803,0.0012076171039048416,0.0014285048809204058
-0.1863472504241238,-0.4630027470392727,0.48232429329049986,-0.1280866359836035,-0.013938112978624677,-0.08910155894815458,-0.14706554047021017,-0.004604259603866259,-0.23945225285440333,0.09557235848339309,-0.006490977130517282,-0.04822599727449344,-0.09320302594029631,-0.06794945905689068,0.018103233890357184,-0.10667479119259145,-0.08871717294161974,-0.1026685495947485,-0.05608531636546823,-0.013616505459434627,0.2354361731544548,0.38346291324999326,0.37023391127271,0.04504285434370797,0.027500407175935996,0.03328513102065853,0.042838273094171375,0.013270317108240054,0.09247702995046149,0.022187094057905067,0.00566967031184617,0.014910106477360137,0.019870110841845447,0.010860857317895356,0.008414210624001333,0.0203932659286684,0.015133166879730008,0.018902750955543623,0.01126967097186978,0.004631655303247521
-0.5472634919360756,-0.015053916668129236,-0.001978586801689064,-0.014922601819390808,-0.007511671787522649,-0.007151391766234782,-0.005920235131012787,-0.006225554288015311,-0.03393338615365676,-0.009694158833085146,0.01196120590110511,-0.01247354404868623,0.004390455226905671,0.0019595616288180413,-2.3233053470697457e-05,0.002372352061048888,0.0005623841036852789,0.0005495088023197772,-0.0008854481280566056,0.0003023566058920525,0.8323944311454293,0.05490956088717899,0.011303088337256463,0.03632859104618665,0.0051449410237000524,0.0037827905295156603,0.003607004041260093,0.020827790211409028,0.012035034868880247,0.014469723604873624,0.0068641028206468295,0.005473194642279129,0.004271042638115911,0.0017912790874983035,0.0021108880148318966,0.0009908733479093914,0.0011038133553687812,0.00041742431217035516,0.0015128720461324051,0.0010993723745403902
-0.28607394878974796,0.051054243529210556,-0.03868017971862591,0.0005247502709256298,-0.03241842119860844,0.036958261506920644,0.0608220794105629,-0.01835478385934088,-0.08911442505664721,0.05407374615573983,-0.031865439221137465,-0.01879518244249382,0.04106717629633617,0.02777038502553457,-0.007707489487566312,-0.029156518897026182,0.01254624653019547,-0.007489252691309246,-0.0023486918015681304,0.02742210494008685,0.796401185712059,0.4185260176063876,0.19854186977084295,0.07788236553342144,0.08827939461877177,0.06948230719615182,0.06891606491181869,0.05022859304743986,0.08942381699240486,0.05424023092026978,0.03149213469715923,0.02291829451388292,0.040806885805482015,0.024589023098326057,0.018273295943955187,0.019618759290056294,0.016316882103507537,0.014437637105431235,0.011181874953860223,0.013880001002754874
0.025909597059970278,0.06284022046381685,-0.04924598190235019,-0.05340409613552045,-0.034098457325507384,-0.008220414602637751,-0.0035937353858112885,0.030966406269756587,-0.005047810435958522,0.005029750784196511,-0.01852637282174322,-0.006281741365469617,-0.01669243582085323,-0.0033886313306249285,-0.012814320837926753,-0.0052549385052216456,0.01637603562805167,0.005098624894158586,-0.011458001603689838,-0.009690188760994931,0.8933267667717646,0.26116098681624655,0.21021927429377754,0.1346273908403829,0.10759144058017579,0.10418622634691219,0.09082693101056762,0.07727301497231703,0.060389836066904,0.06019576993493364,0.04737607997115176,0.04503252553035054,0.049370730219208764,0.03344325671550097,0.038285107501340836,0.035473674183189204,0.028618998463472958,0.032245076223863106,0.028231272952338113,0.02795062402667613
-0.2184719127319881,-0.0885704695781581,-0.05254032912335431,0.018384964066195084,-0.04563230103628608,-0.012291845356696142,-0.00891467884962246,-0.023812165839721972,0.022817227099272298,-0.019164253377884348,-0.0038418413375720614,-0.009154419204769806,0.007883333763631558,-0.009481679463641523,0.00353588762718215,0.007062238235412643,0.0024724341637260313,0.002924186059849581,-0.002847738610089793,-0.00485470352741708,0.8340927732309528,0.2789206431197297,0.16529001100606389,0.18306598704891563,0.1754326684198272,0.14831219424218442,0.10794079456126335,0.09414058399599276,0.08121858291020055,0.06565416970549344,0.06189661265330942,0.05302871664973372,0.05177425936779731,0.04308045356984782,0.03983826474750443,0.04049990988926523,0.03587942848503325,0.03458175686175809,0.03044555210995053,0.029108715304782526
-0.18943242365701524,-0.15027474242137948,-0.028757886635443066,-0.09155318727636862,0.03386341341387913,-0.015192539923529718,0.009943926155188416,0.05440290794271068,-0.022887700810950595,-0.01094140303821927,0.024748324974331142,0.018749932189315498,-0.005910340650448647,0.0027273975427704903,-0.013238900550061303,0.004743865881280602,0.012896555143698108,0.0018163856764451623,-0.004773409664433739,0.002409656934554249,0.8039430490373429,0.2858786880987435,0.3074916686659519,0.14437882161958795,0.2102639175954854,0.11303367264179254,0.0706084205394412,0.06393985148420592,0.053533055604815485,0.05228257918031422,0.05674491208868608,0.051083868464403624,0.027984836919291683,0.026041127829671794,0.035292329256027856,0.023363684186860547,0.022828270720003197,0.021594483874934726,0.018871499748624745,0.017547293997737315
-0.15705647605725387,0.10039473509902049,-0.059889012825953596,-0.010610814508142302,0.02419662370912652,-0.09169505724822057,-0.030552959469482346,0.011798812933518673,-0.02925271204117014,-0.009120848179450036,0.06996774675335896,-0.0067543482358731885,-0.0532055434365878,-0.039432681016527533,-0.014230460800935865,-0.018750611322789747,0.023935005222651087,0.0011810648511806664,0.024212126761024952,-0.0038740178439379503,0.8179312003778598,0.45140704452499597,0.17412548406548334,0.08015928418494117,0.08810692503412214,0.06519971696556576,0.051370416912456925,0.05058285310431265,0.04545567411342846,0.0527455292166418,0.05113510600255707,0.024344283143996587,0.05296594441763261,0.018422048622164598,0.018196197825983553,0.017470910857050024,0.014355611806089581,0.012905148544534176,0.016901992844331016,0.016181368335445884
-0.08145611901263751,-0.005188026867800475,0.009198313123217226,-0.06657993718479015,-0.02644488308314108,-0.04270502456204395,0.011263279290177614,-0.01652116435683389,-0.024266724924072485,0.0006224775222926116,-0.0025571394825897016,-0.003864609070164775,-0.00781715725189238,0.006177979674091982,-0.017117986133425366,-0.0073723307812527785,-0.001073940095077096,0.0007064859470568438,0.00904243157269664,0.006916995683248318,0.835202623882169,0.3089013250378593,0.27093582362279567,0.21799837155259183,0.12640797278343988,0.1368197180216575,0.07876557367799486,0.06951172727318934,0.05978128743160308,0.06730787927305018,0.05538004320480894,0.05530197086720137,0.04450724226772905,0.04351703625370881,0.03575462260868139,0.03775050474929564,0.034956986826392436,0.03162342148965869,0.03345106055937703,0.030215418532812375
-0.5736697710019156,0.053835486435558175,0.03442456430228335,-0.013962323210543791,-0.007752677653076324,-0.0018360255147104939,-0.011601441917045612,-0.0055122122201691865,0.009173018511462953,-0.0009568941041582875,-0.0018413800892294672,-0.0042212484510083075,-0.0022286628331234784,-3.882227806597787e-05,-0.0004578401665606229,-7.78821177596549e-06,-0.0011291761709049082,-0.00016675490332224065,0.00031150944540633076,3.388059124357546e-05,0.7889372904095308,0.15900179036231615,0.10770204992408755,0.040925988867908575,0.031204926302116204,0.027784229153175317,0.030967734319596214,0.014937285129579408,0.03650882543494161,0.014568134346319553,0.016200992951234682,0.011515056199774793,0.0112975428393641,0.008050713987362146,0.007369109099932128,0.009556887852221606,0.006487539979745858,0.005566846292000413,0.003549274791978285,0.0036552386568004308
-0.2625762286715985,0.0755359812392198,-0.028611983678782243,-0.02578541384628289,0.007435081624336024,0.004283316615578063,-0.017873936712673115,-0.04893844003202939,0.02652296175009013,-0.0076572535073322606,-0.01687213204302276,0.0012645305847392382,-0.003748705040285619,0.019660802897843613,-0.027925190400366045,0.008310887746467942,0.004755041589493679,-0.012837994517357355,-0.001148748059074915,-0.01256801919642327,0.813696516451427,0.2867191139852298,0.1906873439372098,0.14740969503015142,0.13191801650504642,0.14022674436231214,0.10056076383841688,0.0904619970646775,0.10349889517281517,0.08228046906760404,0.07562071489308263,0.08213086885798779,0.06813889559858895,0.07886736490221273,0.06757964046819563,0.06291360959735896,0.05659100454954719,0.05221667442902239,0.053334604466609474,0.05060738623357243
0.005323063719193107,0.06040409961762416,-0.08396181832376866,-0.04352051947609622,-0.019973137168864254,0.05565793197345121,-0.027856470990147122,-0.027553355391589752,-0.015000717482826895,-0.03086946091993375,-0.007612016943447573,-0.02887478885281909,0.017272073261933373,0.003122996957628287,-0.026535500068513216,0.029301196176724983,-0.0017744848107262277,0.051641585890779156,0.0044064638995999815,-0.002839935509252235,0.8671312491536848,0.3030761882152331,0.1504672402181506,0.15060170496426808,0.10731190364373418,0.09823887673461226,0.10478356038981329,0.08895595707259003,0.09728017875959141,0.06738083263198799,0.057178028546278965,0.05405727637183589,0.08863364636810918,0.061302799154139984,0.045080814741284086,0.050734621126970435,0.04286460623122982,0.06308313801438807,0.04744180277371608,0.04554253184507413
0.1710846160786267,0.043946260384412926,-0.1346701580092004,0.09428659323772877,0.009805189493843514,-0.04699496896666178,-0.03224381911006566,0.012780235614868723,0.0032487886151136712,-0.04136728377280058,0.020653416960204056,-0.0006830438401594625,-0.022023532121534708,-0.04123384172206678,0.00252047461608232,-0.0009564473677445157,-0.01857091219430944,0.0038588736457754952,-0.014339623714985981,0.0036489776465197074,0.888120022935088,0.32844231483719527,0.14191932862768472,0.05397390418695458,0.0496754190480441,0.07013633790052426,0.0346230822594353,0.014707550250268705,0.02856570707528973,0.030386867000337003,0.030365975256828662,0.021631069308941358,0.02355340694407426,0.015836105819409644,0.01998914814836011,0.011288552303158322,0.012154180901491137,0.005266298496964541,0.010710254173123615,0.010262682731357345
-0.16401161296802344,-0.05083698474832097,0.02507473030209272,0.032789801153968415,0.011920897989285386,-0.011543703490208612,-0.0085970101226206,-0.04021286292177571,0.00012899690245668605,0.024618657075548837,0.00711877663347099,0.002025834575840104,0.011509563715270942,-0.015413172579519649,-0.01481703730263564,0.009183820828710531,0.005020686875276301,-0.0021655222985273908,0.007712017588982026,-0.005902857011424721,0.8710290402916512,0.3613522915546181,0.14434952788619074,0.11699372479730634,0.1222324784517323,0.08247925047305321,0.05804430132596424,0.06399520955664154,0.047877310331530074,0.040875801710256954,0.0397082729428955,0.03639645025724771,0.03673922325522507,0.03569715153808289,0.02991641625654149,0.01922137864217122,0.01954464220808659,0.021914954405532292,0.021089153600428397,0.018082023257592318
0.08913041297456192,-0.098048235128378,-0.12643170031641554,-0.028037322846861935,-0.006356072860494319,-0.013528874515822333,0.001516242516153694,0.005718315325999262,0.007513047818628961,-0.003678380003012131,-0.014293758390680995,-0.006555804360079051,-0.007580643532084656,-0.004258628800614956,-0.00845522646550018,0.003589596162957823,-0.0020753821364092534,-0.006737599139790485,-0.010769311361562634,-0.006198711492922905,0.8507374892548587,0.4698233735214796,0.0864464443636779,0.07088430818211244,0.050828470167143085,0.042036604328380814,0.01942102297292871,0.018833007506641294,0.016574622271095216,0.021379831624138392,0.027031561057555678,0.015288862825453867,0.014710175282536885,0.011856272522205382,0.014316031383694576,0.007249858513406844,0.008940238059372652,0.011360870296351907,0.011033392801001652,0.004655985977193796
0.019792238229738454,-0.10438995731547693,0.009951707977722072,-0.13137799899994868,-0.02648340126234847,0.03472121715582113,0.028256333527313125,-0.007960659689539186,-0.0020508920080159008,0.004613683363329538,0.006299658506481792,0.002306703928627087,0.006450643996044721,0.010520501136061098,0.00014080357807026922,-0.004613388449305763,-0.005427207395722787,0.000632279834190757,0.001162744616175635,-0.00036864961727683205,0.927614604052346,0.1904683904699222,0.1874824537904935,0.12764403222389875,0.06412853360132025,0.06397461255612763,0.05425689466024087,0.03303341428375583,0.041868333446274004,0.02243391514264448,0.041431532804694755,0.03302508735724071,0.026437967883643096,0.018968219014640766,0.020017489676452557,0.018828178424048273,0.02219465215272601,0.015598974901338804,0.012884811008067475,0.009913850555418185
-0.16290288585158588,-0.11150276552623879,-0.20235176267755448,-0.1842714546383955,0.022491027948661667,-0.04454030400429645,-0.03446133621319787,-0.04154539857949105,0.035969612022566995,-0.010581326753243811,0.03809072014490257,-0.009472540907947344,-0.01051405844531568,0.010014532460789607,0.019060110659381405,-0.011081044793334304,0.009312952606352396,0.007339261770700531,-0.002518637190421989,0.0029759185723085804,0.8918916456351281,0.08220895472225623,0.20251081386419387,0.14852097783464008,0.03481818541636358,0.04681962480823525,0.04949093498351868,0.03283326989428135,0.027214982668398675,0.022248762450960535,0.03746447534227794,0.018839306346747964,0.014742108569708343,0.012996902632671585,0.010445922527425123,0.014891415163054653,0.027289558943231356,0.00961351194538565,0.007296237135100635,0.00967554822576629
-0.2719605913759424,-0.0997800923092132,-0.16100034033803376,-0.08609307854483642,-0.04986026992613584,-0.041795526571642594,-0.00041417529840177044,-0.02452901679704833,-0.03438162517333503,-0.0003377328118506228,-0.0008886737536465215,-0.01315387865346615,-0.02138602670179171,-0.0304958537557668,0.013733096984414226,-0.017288779696690237,-0.026168145395578966,0.010896219019589795,-0.012075744045260092,0.013614339650264621,0.762991860429714,0.24443875444680582,0.39178084648264394,0.19882231919828308,0.10045183357729051,0.09062571903653717,0.06571157266350784,0.06054965872059123,0.0692327729869308,0.042147033004722834,0.03264597255641049,0.03226575905559859,0.0314115468653812,0.029267658265543617,0.019915478019032696,0.019411483572413252,0.019607316297965634,0.012744518354040446,0.018120024709782998,0.012740832724636957
-0.11767653131032627,-0.2853407215676245,-0.19739125578085534,0.0724633328534933,-0.054258476138273636,-0.020809106811121213,-0.016836059910904075,0.015429477228123177,-0.041283890421226696,-0.016943427930028697,-0.041481490158125425,-0.03884154347118163,0.0005618241848817629,-0.025659149194380476,0.02767908508594457,-0.018160756453991928,-0.010191573537505173,-0.02934438275665042,-0.013463249024262547,-0.009054812843552449,0.6645216676549567,0.47252434508129115,0.37212433477395485,0.13552540552924958,0.07459677386124225,0.07679362982276897,0.054440534359554316,0.04566799019280829,0.03571974526539984,0.040200734502984364,0.04480945347902953,0.032072920265319896,0.026458028234192285,0.022025163282584796,0.037599526313376624,0.01636443075713961,0.012228158986858863,0.021186754746574877,0.014212216778614561,0.02444621043167785
0.02577661052722603,-0.24664640384796477,-0.0015755969259264025,-0.007746230518506483,-0.07957625735448266,0.030736093999194306,-0.03904251052797327,-0.043014530149390905,0.01317953959512877,-0.01784356007010069,-0.005312054171387684,-0.0075705512146651745,-0.0026436977495863188,0.0010698807873125331,-0.0008320212347030125,0.0005507901624783188,0.00514950542350057,-0.002074314915742868,-0.006282498365392266,0.0010775016461698826,0.7842537942883471,0.4929204572126922,0.17876246731904682,0.10407911527135465,0.0831096313725558,0.06152305386518087,0.06909301555278198,0.04906116299093144,0.043881522233084565,0.028101200004479947,0.027123209943054536,0.02527315737701341,0.053244155711898854,0.0173228438789034,0.022170493815285672,0.015595396327176018,0.012277770984502666,0.010519170072546692,0.009804269124556935,0.011207306826658044
-0.15393527346147004,-0.11427113284170984,-0.014928380914014175,-0.027757319601770598,-0.019641203219256536,-0.03190809094955909,0.016702664891908782,-0.005155340142894143,-0.05514980101972561,-0.037691850255774775,0.02220959348081659,0.003866716910483405,0.025183822125237922,-0.031063926909548602,0.009790256480648726,-0.008183842095182307,-0.00899999850620408,0.003427603444903057,0.004266124906815253,-0.0033204541560670855,0.9111239844855046,0.3061443299649852,0.0676233637397391,0.095265104443822,0.037921800757752186,0.03440431432418881,0.038934291240268114,0.025125816560025924,0.05704637071691091,0.034163112869298386,0.042287287589976436,0.039395351274164894,0.03201410977725248,0.028243851901750057,0.023042051893640298,0.013794931552407106,0.02132137156233106,0.021032685438368837,0.009885672184799986,0.010008431600857196
0.018778621513021173,0.0004107799819079051,0.17330321660160913,-0.07723094868945168,-0.10370904337981572,-0.061213705651741744,-0.0087026990016974,-0.015608321262662928,-0.0039673886769106435,0.013438912044213474,-0.005541628757412146,-0.011179950496108865,-0.00546310442366284,0.0007059714500030557,0.00045189911338169695,-0.007624620983101009,-0.00327930175947909,0.002163490841176266,0.0008756350004147062,0.0020580293714798008,0.8347893990725443,0.2657669568724798,0.24363318026718717,0.24262260569323604,0.1246135834044137,0.12343941572331478,0.08356681600594454,0.0814296663784387,0.04743210315983845,0.03984119428768406,0.055058480845638226,0.05901393921823379,0.05473373818914784,0.03744808615598364,0.024297730439544973,0.029603849551408386,0.019424972675765723,0.018178958655240284,0.027465566296666563,0.02405782450807521
-0.2085928079565836,-0.022625088275405755,-0.0008070030545241332,0.04183210444181368,-0.006753076451897492,0.011652974486149189,-0.0069375290702425,-0.003181230175085905,-0.006408194750247261,-0.012103630926089383,0.0014937948973070944,-0.012982581448439596,0.005595111985591449,-0.005161851035569143,-0.0005599425550872253,-0.004702487930469156,-0.006358999487900755,-0.009811195065235848,0.009222357919729128,-0.005152830719517904,0.8449891522868288,0.3266707358372996,0.2279713365964436,0.1935555559185323,0.09046964941144192,0.0798538599322726,0.09018229826866374,0.06294101054272262,0.05985562677001744,0.05482184070252025,0.05309318085261047,0.035842435078932665,0.03284553771056868,0.02646021916967312,0.03264137458791351,0.025176671110193796,0.02914646009482181,0.0228651402710466,0.0242544133683887,0.018930678470782225
0.1974075255501614,-0.06007575161246313,-0.04149212495339136,-0.05783382340849917,-0.007363076281090345,-0.013930152285541987,-0.005149470362984862,-0.01390209240743859,-0.0330636595751224,0.03192583111685114,-0.015205009155015709,-0.014915022366630863,-0.01461503676075387,0.0008818966014828538,0.007439026883772084,0.0010329013220754207,-0.0015014956874002934,-0.019231113898653115,-0.01372798627625749,-0.009115014854431157,0.8891784838115211,0.28194882978907276,0.1484145349481212,0.14790480636914863,0.11592387924764479,0.07241623491033025,0.06274167893025571,0.04918318723427684,0.056725262093986754,0.04139358015430865,0.028372165522585466,0.0239270642855443,0.029297235999925442,0.018117766408921297,0.025925012083289768,0.013739594888516268,0.015376064389750727,0.0168143613729632,0.01816212797839613,0.011265893552198532
-0.1298775163447583,0.1060803841651341,0.020500459237280496,-0.007731112694611945,0.03131759366128087,-0.03627223338597374,-0.005438199992065882,-0.007439904128148134,-0.023679582192972375,0.004762388424688955,-0.003517522049213487,0.006853429697243761,-0.02595405502142842,0.003715606377106954,-0.007125635612478556,0.006939091079187194,0.0034012846281527096,0.007976272894945728,-0.002765394562923863,-0.008089596436140935,0.7213806436549963,0.5439986906945036,0.2959356438302058,0.13258783350836945,0.1048773791227752,0.08070930224891931,0.08137542581691708,0.06998752036671861,0.07411020867952718,0.05252026551141409,0.038913371206388034,0.0328789214474042,0.03823188772753308,0.0318068085887979,0.03181553370696552,0.027391059761017855,0.025858747621467875,0.02549125167953541,0.016758104153671603,0.015599023761959058
0.03635162708543901,-0.025757368617581152,0.02351974245827148,-0.06814056059047735,-0.03153411086369969,-0.012363119403541971,-0.016961750536856255,0.0008327471885751995,0.019580711379779518,-0.029766086267619965,0.041498358351065544,0.0035861363619004126,0.02326367534276479,-0.0027191027454435018,0.007440059945392817,0.0011018203196973256,0.0029534655426259044,0.014924905548184667,-0.00855641614163557,-0.014264429073558987,0.698481454112604,0.4438028662659525,0.4376197587558433,0.23258407424344182,0.10143864098068472,0.10288795392215028,0.08656214604782166,0.08154197659183117,0.06786402450395121,0.0740176936999459,0.05420792749750816,0.041673849309033,0.046105427276583504,0.040404843299702724,0.02527873068847061,0.026923032953488187,0.027303005839526707,0.020692781528100185,0.022500429867767572,0.015572016636940841
-0.03697401866951549,-0.07507758798959928,-0.01425985803650912,-0.010572288563553927,-0.0090010392568846,-0.021411929409442164,-0.006301136587414466,-0.035682978451348685,-0.04206219020266733,-0.018636198887138307,0.0011596520675723446,-0.0044318085318503135,-0.014054528038635402,0.007876265347047303,-0.005913971618448567,0.0058903087935539954,0.00011483425575949376,-0.01943932012426702,-0.0053168877048960644,-5.538836457235349e-05,0.7216928517033051,0.5168064102998556,0.31813196355343515,0.24336286433891835,0.17223037534206592,0.055406799757126694,0.03896339334417709,0.043615571353499534,0.019757480707258284,0.02289071302972011,0.01933780802385749,0.016925952218397163,0.024846013905926334,0.017505781158585972,0.011797647747214294,0.014740163514426969,0.012707288774174664,0.01537117132672522,0.008851370499318374,0.010397318625920894
0.03005714401372025,0.040678564706974125,-0.021316710757247115,0.009033672143376071,-0.046422115220460206,0.008780347843676447,-0.03614323917546403,0.015708674254457333,-0.008899293706806154,-0.029479445328011823,0.006738720167553898,-0.02543383144065958,-0.01481492732492788,0.013771819571435076,-0.0067411263956065545,0.015456980078988415,0.0030700954272210625,-0.004010198201139159,0.008601973767321806,0.0034437506932347337,0.7439094269180265,0.5735362093420668,0.2087158131210093,0.1862154539006329,0.10347070421733895,0.06645533029306655,0.052902044953066156,0.04655693580360162,0.04267025456292814,0.036021065255248515,0.03621282571018845,0.039504971912204756,0.025128217820943245,0.022122325992123642,0.03018011157336119,0.022406966393663175,0.022189596683365405,0.02246381053108473,0.018432779750935244,0.011927158813892278
-0.12384731872532588,0.15924889284696553,0.014440436948926685,-0.014061323407195438,0.0790780566781942,-0.018814274274354986,-0.016112402841284054,-0.014667070630789661,-0.025185183748638155,-0.03581342775378048,0.01847882712979514,-0.008990509582885305,0.008714123489383606,0.004607840371450223,0.019989450916179305,0.000872153790848948,-0.00013305944675080696,-0.020435137261059288,-0.007079071808313867,-0.012135313580820373,0.7404242449272458,0.43635972950204027,0.326563105631983,0.19981235084075966,0.17550402319822073,0.08396805473319578,0.06946391151616217,0.08115270649520422,0.06257657054980008,0.05760368873639438,0.04217471364248322,0.035416589107880946,0.030949971339799542,0.025467045102234052,0.02181110608261186,0.021560709652106214,0.019465423578115943,0.016670588860195776,0.013863043773783681,0.015130477824937122
-0.5327367581021529,0.009939601507424138,0.023673612982309942,-0.035431337312132286,0.00027069023592795385,-0.002786972165872153,-0.008390417043995462,-0.01225007335341294,-0.0029176620102381533,-0.018304089056651752,0.016551071242054988,-0.01286386497280586,-0.003053619546465849,0.0005867746081887904,-0.01072497427153157,0.004555272739421944,-0.002882441131984549,-9.774685820891185e-05,0.0013719453081165094,-0.003873696889245778,0.8114551626821974,0.20544996397095575,0.0473612084723862,0.0774779783293689,0.04421691850907455,0.01939347344764987,0.021707577830033027,0.020850429389927653,0.00574935977240528,0.01495834989628123,0.015958812981646198,0.014214902261333706,0.006358127192740056,0.009051528041883224,0.0052259239892159404,0.006807408541307842,0.00213216763929452,0.002968740265744567,0.0025243048899116077,0.0036636752267660074
-0.1273474103084433,0.027221624595546463,0.12894199135665213,-0.032506781414137896,0.03373595042000576,-0.02990101157516965,-0.05373797007100408,-0.025979720498183624,-0.010391903816387648,-0.0020420126137371255,-0.012321123641139494,-4.351479978079996e-05,0.004059306682919227,0.01333002766447757,-0.006686960996993383,0.010144727158186493,0.008553352756059897,-0.012609706666717554,0.011270721358181177,0.004104791365148067,0.7190518618046032,0.5420595220977161,0.3338821096299159,0.10955625980352349,0.10285210778785062,0.054143525122952736,0.06264067558495018,0.04989239207994915,0.04263568633859012,0.028280189327247598,0.021805072652908708,0.017683346000660804,0.01662421852906483,0.0118855681305567,0.013515230160420208,0.012185478200892266,0.009233613426467073,0.010724096989076051,0.010167127664644946,0.00754348696913597
-0.024948110038388437,0.30053464116935336,-0.01807956223350523,0.006805332240742163,-0.027582313835014898,-0.02194569092232281,0.0028780380434716667,-0.00514534392827996,-0.006774499219988218,-0.00263991926363154,-0.007656485620167192,0.010181736188611273,0.0010166381050813044,-0.002675505482747047,-0.003472752080141342,-0.004018891971743601,0.00024344464762021543,-0.005741854534950845,0.0010283777125063608,0.0020629744988696105,0.6851954872952392,0.6253058228181932,0.17618223761565202,0.06478249259513914,0.061242052264399355,0.03775901337054829,0.04022627564823712,0.048198431909722284,0.020291081920950044,0.01178625777790576,0.021780632814322846,0.016229603824729832,0.016324127678644145,0.012798827380373605,0.01387079042301403,0.008813508254032933,0.007446500999226115,0.009646231163316652,0.006733539727538766,0.008881830193676964
-0.36425215776852304,0.033740743107966084,-0.08014055579485542,0.06326204621174067,0.004995600732624492,0.018757804208596154,-0.024950284424887927,-0.012634764608002974,0.0047114335946065785,0.003566458675787165,-0.005759694889324798,-0.012528826577515311,-0.0027086261275162263,-0.0041745226397916875,-0.007125041228146486,0.007084567902513659,0.006249878876124428,0.0031698369721504097,0.0006465917290389298,-0.0009953222127099886,0.794642905546372,0.33946237066607765,0.2306239701296797,0.15112394576874574,0.07957893785635935,0.07367316692373502,0.07196528318694609,0.0610240959382967,0.05113213198018331,0.062064380044971716,0.024894922309536036,0.02893747725583195,0.028762246810353664,0.026182045907566336,0.014828742721867964,0.02040190207351179,0.020414937806599177,0.008058649870609148,0.010218895618336131,0.012530776695362537
-0.150005265289233,-0.013022351176728017,-0.08153001841660479,0.02274543247653274,-0.022370758777828948,-0.008852804465406395,-0.013211713311711162,-0.014165030248380216,-0.03853402174407217,0.005894981381823399,-0.010930543228866132,0.009217085720752043,-0.012664053569477736,-0.005240894990028184,0.008206832943261858,0.01579530301065355,-0.01387959164990179,-0.009616886115026304,0.0021692267403079753,-0.0037844245690054575,0.6850006929113496,0.5812308408422723,0.32481684734925964,0.20992875878261671,0.05562972657399392,0.05731995108268885,0.030079979698115596,0.014723726593366196,0.03176132546248754,0.01709359717163021,0.012982691623709795,0.013634369647462619,0.01731887199854078,0.011604618456679084,0.010039560000022688,0.010978600050673762,0.010274840789473825,0.006408628335743811,0.006744559922772147,0.006387046265305565
-0.053494816864332474,0.05095687367010371,0.02275838413913294,-0.01527194964092007,0.002664320563052514,-0.04285360812500103,0.0031353536943711335,-0.020388249055928613,0.01599289703974998,-0.018253537189396884,-0.02343343784318733,-0.010374791887373457,0.008278339961577504,-0.0056127239956046595,-0.0018335048071452889,0.02277705697163731,-0.005952284321360762,0.004328275907488209,-0.013922883048962552,0.003414309015805354,0.8229984839418253,0.45886685115881637,0.2725336702765345,0.12353315223983356,0.08272372817615824,0.04696754148985836,0.029940545651396436,0.02453810222293498,0.019144586288235343,0.01198782627484611,0.014288392334546113,0.012903455868634612,0.010340450257172997,0.008081280676787143,0.008065602796743641,0.010009791947807213,0.006703343361617207,0.004602565351726146,0.009199052533496916,0.007532820397841792
-0.03399973495666568,-0.07737590698865031,-0.03231512494185643,3.5669949969279625e-05,0.00017253146595203097,-0.023701560546849045,0.004782781592753277,-0.002040058194411904,0.017198188717432925,-0.020889445175695114,0.011455562679200301,-0.015417109459769585,-0.015182360133917447,-0.0006467895529399034,-0.003943843255609229,-0.0001249593279934994,0.0025879810283043177,0.00714746748788233,0.0010402316439097755,0.0016378930720132982,0.8080038340465795,0.467920797596055,0.22844412887270615,0.18308983446833008,0.1273632430410976,0.07476501654380147,0.05833550299220503,0.029173578621392415,0.045605666380320806,0.028431777471502214,0.02793748885868901,0.027041103055467655,0.02186663217203603,0.017397610903372458,0.015622939187260817,0.012055356881876629,0.011701923451103352,0.013759926116047554,0.012527131134578831,0.012937314413067634
0.001685531871627517,0.010818222313934416,-0.025791823582559305,0.032253219868144285,0.03584995710358956,-0.014129657467667919,0.010251106763649338,-0.0035166820855326362,-0.019896816716778683,-0.010817531177588347,-0.0014994993420785099,-0.030915253628787248,0.001577677389004919,0.00531177085476226,0.0034275907143272223,0.005012222991017267,-0.005340443182254035,-0.012023357760246196,0.005085648558837432,0.00256685036318435,0.8520389396485306,0.36844924378732896,0.22802232850127022,0.17437487790975376,0.16163234436365803,0.08571018547528834,0.08407431779604785,0.04189102478664317,0.04060298814124131,0.03533416536599644,0.040977315737609536,0.02715994959804707,0.028706752856918153,0.0236925434594446,0.018878828469222925,0.019216229285135535,0.016742389138039517,0.018034289768692608,0.013510388616916622,0.013951871687315364
-0.08500024898849014,-0.12474739958368009,0.04408006559050806,-0.014611824316313603,-0.0041612505018543775,-0.03453267569152611,0.002495958854069206,0.04277009778910262,-0.006271599011960248,0.005114146293125722,0.0020720954434735954,-0.00721024448892186,-0.012806055391812838,-0.0073919588361150215,0.004558993290023227,-0.003413297355146257,0.004598198962280134,-0.005460367196364566,-0.0011679832024080843,0.006355095064968156,0.810148972416655,0.48402203761109464,0.2219399292427977,0.11553123319058142,0.062495107603364394,0.060161832087554656,0.046119817784998254,0.05977710959506704,0.039442415651269665,0.028944141459726125,0.025755890926019355,0.02348781744771784,0.01755745095190565,0.017067649072195216,0.017501056111632267,0.012119423340141036,0.013651597095726154,0.007848991717078833,0.010654110885793173,0.008600003294123562
-0.06296992511306622,0.009770169976503706,-0.010008330180866434,0.0020109273001604204,-0.042215311860056656,-0.02743439003489832,-0.028318268523584815,-0.04424810283152318,0.022507831849824425,0.016876936165475333,-0.014662392174186406,0.003930803231983605,-0.03387105229045699,-0.012394381816698134,-0.002056530535581604,-0.016846842250061125,0.010829164148707483,-0.020858087581568867,-0.00115915862005223,-0.019802967012666244,0.8254149553014254,0.43256353290153693,0.1833704585658007,0.15637269009237653,0.11928885680064144,0.10404733942825832,0.07733222995086148,0.06962059968487182,0.06925678263210258,0.06537345953622808,0.05960299412362191,0.05327525292482003,0.045792934528871836,0.036877472591414655,0.03924870997117058,0.03525541723098328,0.02787532778149947,0.028712268187946297,0.022434769719166876,0.028225346480976438
-0.03886222727564367,-0.00797008159653004,-0.043309878893090424,0.00702028152271073,-0.0068760720293082845,-0.03732675361386939,-0.029359948916163493,-0.004266765917641061,-0.024068511815474345,0.01199944272187703,-0.01842510226450935,0.011396669922266667,-0.004425418965124451,-0.0014495081669321978,0.02439866056843203,-0.014937378298127284,-0.003057384384481509,-0.006155501127565435,-0.006130961847301041,0.0035839377044671527,0.7279069062959933,0.5474348323972612,0.2522894972821137,0.22247201916353912,0.13424895990715713,0.09728574503484447,0.07008410874240084,0.08022898705941725,0.04040055188765354,0.0371887654131466,0.04470878280377785,0.03862852311108306,0.032851643108292264,0.026290078412047235,0.023878460536304574,0.021613226016228494,0.0206113538045731,0.018886098112654404,0.014614028066839506,0.015099977679020844
0.10137716597725056,-0.27350076220751635,0.018668139253510057,-0.08237313231649156,-0.0014303971130567796,0.027965605204232198,-0.05662345059617003,-0.035096637310548295,-0.010334103980247965,0.027757234738045665,0.023061880015448788,-0.016835915143788738,-0.005943894171810622,-0.008372087989373668,-0.01117338456933014,-0.02014967733634241,-0.00805267110810825,-0.012466227166829056,-0.014484409932152885,-0.001998116958115908,0.6406802572644517,0.5562342933721716,0.297845630151515,0.16993545142688699,0.1183841358395083,0.10415548664295078,0.08713625416872456,0.06510785387602397,0.0638924373938795,0.08765407257807487,0.050077040733612445,0.04934692796669765,0.046431221099309535,0.03745775621826567,0.037580322209941175,0.03556838526490331,0.02697848114324123,0.025449993901804944,0.029858021253328954,0.02089773716054092
-0.3225074900167443,-0.0012377060702794987,-0.03388036012694037,-0.06498330192506918,-0.05941145152846386,-0.006703107977762278,-0.018647569279040477,-0.005843964911733756,-0.03193550553026204,-0.020310463341973308,-0.04151584025156407,-0.0022862638727636306,-0.019651888789811587,-0.002935298269963905,0.021024304650502968,0.0031967690276553822,0.001932522112189422,-0.0009268798161533482,-0.019380630761911648,0.005082916285068496,0.702579867686061,0.4946932684051987,0.10880604533495894,0.24360853715006864,0.1277980831200951,0.1698126106700616,0.05011085777288939,0.07631575661218308,0.062259750494954386,0.04871642080016442,0.04689085200822605,0.0460767026265355,0.03725595817132651,0.02154906580302794,0.04527397233638717,0.03544891855212843,0.03465214550812725,0.02259849083422106,0.030048123343589184,0.029559532570006774
-0.3513447153508498,-0.037979191671094856,-0.012238602409596793,-0.09757707262715681,-0.017031685179840366,-0.01616265911849595,-0.047198300892836144,-0.006855269919609093,0.022778447527907277,-0.01788722523066626,0.027411361779107277,-0.002876318680539775,0.004388327973227001,-0.0038454887342654633,-0.015462976272158303,-0.013868513712282551,-0.011443992059989113,-0.025390666230382126,0.014515695815978783,0.002427725334938705,0.7221605947728608,0.44076413291021116,0.23597925606026912,0.1617586769863257,0.13987490595900468,0.10169996790743756,0.07066121671584442,0.06296123566637878,0.04313325304611436,0.06136168665528993,0.055066908809125285,0.030288693227661652,0.04961260524002044,0.04149659621227319,0.04034941832579809,0.04148977024887514,0.03780619657823478,0.03737484684661004,0.03047336681059612,0.04681905951365914
-0.10494195635359226,-0.6105270883275172,0.09154290474298689,-0.101990192985962,-0.19768099758152094,0.08267745914761147,-0.0646275645551899,0.03763916592024066,-0.002298483160418775,0.03214789625409724,-0.03960770008518489,0.057694324930871045,-0.004329803174975057,-0.00576238567712404,-0.012582577862022916,-0.004837666567587627,-0.04618222659897919,-0.019626447786466383,-0.006665247069630527,-0.0070190997669516845,0.1181672882762109,0.7142519767817425,0.05767275627638058,0.038017597930009014,0.07715549156522199,0.027802234763367437,0.018487951037760898,0.017802187312724826,0.013698574482086385,0.01355381915939114,0.012735970416317723,0.010418426608895748,0.005339037427765689,0.006559445679055951,0.00561196592573166,0.005479852084031676,0.00854873920255575,0.0052599323075774845,0.003545596544630716,0.003071526163405005
0.14446776225055394,0.2872359948600795,-0.6084867509898307,-0.16172190835102873,-0.10152325550870975,-0.13611057206639776,0.01679850555238718,-0.14091823032665507,-0.07559903591159342,-0.039763813523932476,0.0025441077318768333,-0.029989145209530443,-0.005567565146572434,0.004829451639328041,0.008829215444963522,0.03895612642698113,0.028918855547910745,0.038532612239112585,-0.06210745923146251,0.0003243214839166033,0.15898678249004186,0.195571602902566,0.6026458000608569,0.05328017150747255,0.03416109023612473,0.04329472444371229,0.0163483064358109,0.03818111298943825,0.01642123192705443,0.009744075215051289,0.009592566316283937,0.008812540031417479,0.00648520326702043,0.005494037255415621,0.0065672936096978695,0.007840895893039733,0.006443689531560494,0.006796674333435142,0.009262586871744005,0.003712863283990629
-0.5946672841994736,-0.13319371221208925,-0.02767906104703229,-0.2813827363505125,-0.031125522197860387,0.1307896802431378,-0.04781975523749515,0.02193624016529782,-0.2041275241392819,0.014953436732262449,0.07999384798769817,-0.22677205038434084,0.012305361484719111,0.049763357936980605,0.01248194557771328,-0.11852514399457958,-0.1993815420469362,-0.06593854598008529,-0.06162366000150832,-0.07091551643306707,0.5568999173131353,0.10280606869996613,0.021123336575113377,0.13090162050351573,0.02235444480799454,0.042704294588363424,0.017445321918353556,0.012898564926253995,0.07373233352356144,0.012724042382019983,0.018943143768144113,0.07784029992424758,0.01129656000649284,0.010879168277977393,0.009115074147208886,0.025831201133727,0.06240307989167212,0.011021032677085544,0.009989131786675483,0.012635370598421455
0.0794829840435293,0.08794295674408178,-0.09072031827575429,-0.18115680427945463,-0.029316805084489094,0.004129044351764184,-0.05588973048010078,-0.0228114493562909,-0.046747052232465516,-0.07464061833046941,-0.04995009225564561,-0.062128729629861545,0.00700442233961496,-0.009926047724998478,0.029550299161825687,-0.014879890898064782,-0.0033337325598442654,0.006387608060453534,-0.012877189055701895,-0.0023966784165720297,0.7405231679634805,0.2901802878776663,0.3496299227005407,0.16925322643881266,0.215051610904689,0.1580586457175791,0.08218030237795931,0.11870245803204718,0.08924653020410962,0.10041535728089868,0.07525060685299814,0.05678316473759789,0.06748190874107171,0.06660792734234085,0.056069196887240214,0.06208979470534645,0.03999184909355657,0.04544817524913609,0.046351782881581524,0.02290001051993217
-0.08034156207994456,-0.15843933600944476,-0.06005795911894948,-0.033723064099497775,0.09691641129300609,0.032863969811225094,-0.04762542174248643,-0.04347415232562412,-0.0365238552078804,0.003015522914649696,0.0029973121742926335,0.015099439136632588,-0.01628104623240508,-0.004076880174801293,0.023186320190499307,-0.009275766200561317,-0.02058275273851259,-0.01970585528730312,0.020286813739312383,0.0021706205126909785,0.4736333659706592,0.5120308200735558,0.44091768391890884,0.3287485033522638,0.23646812290559263,0.13523341856102442,0.14419368486318648,0.1207636306974825,0.09662030890866519,0.08508614247183445,0.07030132161249852,0.06629144726308787,0.06434286826150803,0.06265399542213053,0.04754960607836012,0.0562719748243902,0.047662675720251534,0.044611614755124075,0.03791497329799168,0.04098603202658119
-0.0977811407523224,-0.0214940251065093,-0.010528225981069245,-0.04534706888261892,0.018472312326436684,-0.0061607055968021145,0.015447945631158061,-0.005900204689252386,0.01895158462500874,0.005784742949592463,0.010340200655264717,0.0018701210275374849,0.026522946521836722,0.014832415096004926,0.013647475766890606,-0.013053634285121164,0.014068571370626774,0.024753955183456945,-0.006111321347677898,0.01683984889426095,0.6763356212878386,0.45906675547114706,0.37291028866889236,0.24101007026177873,0.19480767723223913,0.1597050207872923,0.14448554772360858,0.07611872963446538,0.07633375328276386,0.06443390157800413,0.04876718297008867,0.059234705956141075,0.05162084573862557,0.044802025364866244,0.04279670700816343,0.0363999397961137,0.039898742945860266,0.04391678287233656,0.030368150611117563,0.025680185674275567
-0.23039654590642156,0.1859572599601884,-0.24783230263989048,-0.1283652037112577,0.027480190244691217,-0.08225581646607351,0.019203261322988725,0.008151745447087102,0.004169554875190186,0.0029893403695087006,-0.019545835496945836,0.004973547188473146,-0.0025581210165615694,-0.017260023785070255,-0.006861177327204656,0.0019046129305643786,-0.0006062052044254966,0.004790321775948578,-0.005258904552378672,0.0022625035442945716,0.661326727413678,0.3681171189698157,0.3018153513543116,0.23147923777891305,0.21449681150181193,0.1883505348079147,0.06490918526100639,0.0886088554116381,0.04003411301308181,0.044370867496146105,0.07202796346817977,0.022701819964992983,0.019769009546952435,0.030431054731143294,0.022090776993932942,0.03266610709840574,0.0334582960366757,0.01919392276746222,0.0268459686376082,0.013955817580382729
-0.04511917654661315,-0.0857299997891041,-0.07329248878608861,0.02724572288328616,-0.06426514556458478,-0.02304699156742727,-0.02208629101577758,0.002827962040811437,-0.0019781819841920914,0.003933234636070512,-0.03738359045916841,0.02268978665457796,-0.02585209085535925,-0.006146177054194917,-0.013384478786581153,-0.007828967665173507,-0.0011485605083029374,0.005151372765404973,0.005317036746024121,-0.01699755247068313,0.7747155275820301,0.3347279206623753,0.3258396885514429,0.14256986509098776,0.13959669555363508,0.15555839714604278,0.14414006139004326,0.10826966439999183,0.10511240409570735,0.11469469202499877,0.08477811680508797,0.07467029020481156,0.07113739130841942,0.06456705886382866,0.057295281925136,0.05238851965062703,0.047611793918632565,0.050368942699999995,0.04836369146434276,0.04295469070733833
-0.4141879579866768,0.017123488675081493,-0.11955855712003342,-0.04856000855486413,-0.026832383155019245,-0.013001884620657647,-0.018722314921403995,-0.00447932718657509,-0.01940391512724721,-0.005260537294939367,-0.0026087975585347414,0.0023828194538285177,-0.002086487977064648,0.005830922666867465,0.002744755797524194,-0.0024016976476840457,0.0002659468136934332,0.005052165567047114,-0.002210107142098734,0.00016029577334378508,0.7894005705621777,0.23365574047503807,0.31100025831428707,0.08189339582630853,0.12079693175772206,0.0607516459436954,0.04423847307173851,0.053058853335477676,0.040520953308110286,0.02689900340967508,0.02117465698520373,0.02578744179197812,0.026926671663273245,0.017255848991644125,0.01955730051933284,0.012396222306318944,0.012640493379269792,0.011844235094739655,0.006643281481207386,0.01146411870784631
-0.019829054580825334,-0.014105337668262127,0.0376358249667428,-0.009501355250930571,-0.10321911253336552,-0.029197405825602752,0.03696992143949258,0.03482867265889129,-0.021740679179741443,-0.03053223660603564,0.009782647705178954,-0.0018999050723688324,0.0075344917725697624,-0.025912333664369867,-0.0010087587494590597,-0.014496407312136193,-0.005004082817996254,0.005702311902957324,0.0012965341364517702,-0.012331503976970734,0.8154102326070741,0.2979473339780835,0.3073548498498161,0.15977144596860512,0.17662033133116356,0.12896453787084353,0.11032551191398032,0.10926371437991043,0.07792596442174397,0.07073923513591511,0.07133988275960376,0.0717265246734187,0.0604705401333766,0.04569273899100169,0.04254290401048443,0.04055185774446048,0.03153277533275184,0.03979332170668579,0.033760849753315676,0.036543925206676764
-0.6822663435336052,-0.06123652092500305,-0.21661090161413457,0.06734328371686751,0.0054066792247766705,-0.035337881219771695,-0.22192499996650042,0.043906026777020844,-0.08427922073428885,-0.0007170210401162907,0.034639503800149164,-0.017015215354870574,-0.001078090856796771,-0.023387329133193312,-0.05910889786411917,-0.022398225411408207,-0.03069644199850045,0.01777440163332916,-0.001986477388019465,-0.008085736119842814,0.34043085669711776,0.043895817438453034,0.07296342407944531,0.17074560844653144,0.06322133608279396,0.08656176607688401,0.2878281619973559,0.18071396061268752,0.04607764452361733,0.027986954717478318,0.22562592831818654,0.1430400629563043,0.1068277887104601,0.10353057824973495,0.11436902230104978,0.07637624312342425,0.07429287537754614,0.06152095378081845,0.06673056604585961,0.06341171169238603
-0.4614441558159013,-0.10722324799709157,0.004336831699415221,0.02681076369018723,-0.03235010459683971,-0.046532088500711805,0.006039564703307323,0.008600757437674935,0.048358049479185324,0.04708781604652838,0.02771743560416319,0.03928053760756865,0.00973624695268668,-0.006511902814608455,0.004334960122744483,0.008657865923050305,0.014644379182059408,0.004268617919206254,0.0008308914861126718,0.0034376419795034904,0.8577481927792132,0.1316658937406404,0.05552135001543808,0.017814058360339367,0.029350523344113196,0.03194394493718756,0.012007586623935966,0.007998167764427444,0.02566753584954805,0.027470633928401784,0.03870326377924411,0.030196863204428298,0.028602996955387643,0.006485879878472231,0.007852424567697799,0.006173777260610199,0.021949131785244904,0.009166498276986772,0.010037517370491182,0.012723659427865542
-0.25713245209030794,-0.005861099288274345,-0.0274743201917036,0.034888943823147195,-0.000372472767938382,-0.006332711149373234,-0.008722463671689974,-0.01161201919780134,-0.007303954712955897,0.0014402454122989044,0.009825643926296998,0.0026435961328506487,-0.0006339827597394129,0.009280126075633985,-0.0003544959085863105,-0.011832254268246247,-0.004037594184617124,0.002978583010226964,0.002642798757773334,0.002115661484143883,0.9076190859427126,0.24222705731390473,0.1265471809610091,0.12180595609533003,0.07643272726001464,0.04987553002178023,0.05442165558390572,0.03379958515278747,0.028756642674466953,0.02792950083673205,0.033749981694924984,0.015540659842536494,0.025166578341664907,0.02384804543132773,0.018570375171070623,0.019018357940353645,0.010377288058257434,0.015561237262293586,0.009203821986640376,0.011891683534474106
-0.2525970366430704,-0.052198855716434595,0.08886570161843643,-0.12623354942001525,-0.033484960564925274,-0.011866817104689837,0.0038839043501634803,-0.05027002760181093,-0.003415937297652316,-0.0027837594461933624,-0.03940878287851076,0.000382186164798393,0.025951593811622486,-0.018695549450870895,-0.01266321941267318,-0.012800400762958297,-0.019182754553868548,0.01632710541056711,0.012956119385540508,-0.023252378813829702,0.6682756525217154,0.41631598106164475,0.35765572340360546,0.26345978773804135,0.165270300042644,0.11344687176719413,0.0705503716565357,0.07090513914848005,0.0855700810747569,0.05999179953794213,0.07057776556121279,0.05514772207754834,0.04458946011055847,0.046536963111848996,0.05780736702105547,0.04598511217578415,0.039011220614081694,0.043490941075208935,0.028579356903022306,0.03684260726621713
-0.40317211520764223,-0.01638933840784775,-0.035382336088324626,0.013724554003398318,0.010556282440754388,-0.013903739098978197,0.011322465372955351,-0.004633223321974196,-0.00015543136656233212,-0.0010497378351345555,0.008686592001089921,0.00391795488157889,-0.002897588052572795,0.002074269648006924,-0.0014863176399732428,0.0016313476123881987,0.0005423091248624567,0.0011105221188200543,-0.0067733041651847625,-0.0010446735678266397,0.9052208941977499,0.05901354931606725,0.1020444864546452,0.0321799942448034,0.013555679389693117,0.018813829857744387,0.007730769444968287,0.008152623271115838,0.004060286857291937,0.002492000424704837,0.006749651572234256,0.0023880835179089805,0.002262338249336165,0.0017979911768181056,0.0032723857135606178,0.0017280840527203899,0.0014059129402779402,0.0025707766051210187,0.001963077726414979,0.0015701454556327507
-0.4224949766848529,-0.006862442383790161,-0.02884404240602772,-0.004752787813703049,-0.0005029102521643161,-0.00743823055527359,-0.004319641109250818,-0.005804725004331626,0.003911854181479558,-0.00020905321792687298,-0.003804121054189793,0.002413144020181558,0.002146604501941867,0.0022818269873902744,0.00372042467209567,0.0035403897632484975,0.0005830570215912046,0.0012274634301270057,0.001726686040486546,0.0005612896045488977,0.8883310424006081,0.15382143370317944,0.07406068641150423,0.026905574036260618,0.02689004513370481,0.017174696288552296,0.013591802807881765,0.008064898164481376,0.004608964302592976,0.006332142439099884,0.006138924491641526,0.003080817359963437,0.0026183899819509694,0.0027684012623340414,0.002972901706834064,0.0020106765646637804,0.0012523128026818234,0.0012177742964888229,0.0009293753636804965,0.001341096725483886
-0.5126210348003053,0.01592107493755601,0.021670386758158702,0.007025862356561057,0.009033630722251662,-0.011407446577661764,0.0007289405609729711,-0.00027970408070231026,0.003982614059922252,-0.005772023677629288,-0.005009696156255297,0.005433169019318211,0.006704307427768216,-0.0017606810558309087,-0.007326726624331062,0.0035964581467111067,0.005926168607756814,-0.003296353410644931,-0.012508308454767176,-0.001797525975301678,0.8323872530188884,0.18434931493162435,0.07246225734704977,0.04277825369621971,0.017152493674090295,0.03349723930665235,0.011979497257129677,0.0014236973629845697,0.008806343425602424,0.008885385156459522,0.005978620277436745,0.0026657746805515362,0.005504480146928688,0.002306984387122254,0.005206832974699976,0.0029559072851331396,0.0043738520160849685,0.0027783453471640395,0.003213830562257259,0.002640635641791127
-0.38728150031771746,-0.26515229992848116,0.04397878413810578,-0.09726075679920433,-0.05035858006237752,0.025547846157054643,0.11068601767994769,-0.055805818188164005,-0.07696274463234645,0.035808832839595184,-0.07790210015488896,-0.07869875872126661,-0.0651761112634288,0.05926165329256614,-0.004845554129201471,-0.004191840715698624,0.002560786732703427,-0.010770812398065618,-0.010729482700884242,-0.01901394546248455,0.7323285500414239,0.41567090957598746,0.04102355792611733,0.05824079029039927,0.02117841939713749,0.02573774104102771,0.05463056317870655,0.013728950010243502,0.03131211598253246,0.017198045501261527,0.028739783624424274,0.022080133608331165,0.013225353426473125,0.01889539220546307,0.012735403746611387,0.006965068150712315,0.004381439642553132,0.007051581611600171,0.0050095171641917294,0.004309522112101809
