-0.6381926520370492,-0.2207582078417511,-0.09507903800172535,0.015281415762368872,0.0961913487547492,-0.18889832942940463,-0.14862440668223922,0.06872155018944444,-0.022179627697962914,-0.23415521550710425,-0.1419590474046629,0.15321089849650774,-0.08031280037026861,-0.0411441360511079,0.09707182661282895,-0.06470126720403022,0.0028055607276757035,-0.059165681112833025,-0.06269019092722179,-0.03237867041527507,0.551661069490427,0.09255868907646887,0.03714180281142905,0.032972572094320377,0.03345531482575287,0.06590580087799433,0.044250615430158007,0.01656249694497763,0.007827789731789077,0.07912684751815983,0.034364707758197194,0.03777620214040079,0.019191453922423597,0.013506103610857679,0.023451271381911144,0.0135800593006485,0.008337331717066713,0.014500993189336044,0.010763744922566732,0.009974510054755144
-0.672640991165814,0.08498350606640948,0.003225391800858395,-0.21385660277669827,-0.08702457057763616,-0.11328091786113341,-0.025241701176654665,0.028535324602100783,0.013708669571349008,-0.024937680319496225,-0.05436599927976044,-0.03304260326793637,0.036876850207253904,0.0246043604321673,-0.006947693613049929,-0.07270393148560858,0.03574433642382677,-0.017252851420506365,-0.02292385652871857,-0.016216305724424486,0.6667272816312144,0.03119683644944769,0.01912787664382031,0.09756164873365838,0.028589910503984097,0.030311137496814612,0.009888728859961966,0.010325074277647233,0.009546849151967816,0.011485970580612827,0.0106237426432501,0.007965283315274727,0.008762450455992698,0.006612041196545354,0.005916590541228724,0.012722547845217117,0.0058111032846808785,0.00617348681371513,0.0061694723407883885,0.007695134310971513
-0.6816620906379137,-0.141053289283094,0.08780900345419707,-0.07667266039700091,0.07503173246176192,0.01332149036086036,0.02332812811643524,0.007801346432609057,0.01715559578464508,-0.03175179808644406,-0.015767947094951704,-0.004968667719231729,0.0040730188206107645,0.004094330983178593,-0.012505665687408418,0.013049197807850776,0.0008667936581713366,-0.011115755294588062,-0.010656220508452729,0.003219954786308213,0.6921087072369599,0.07225462220171448,0.03542129220976327,0.025478248219729396,0.042267363822078734,0.008495697367173075,0.03438884774917619,0.013876704912769895,0.024601764248533737,0.015021456578707149,0.006613718858100404,0.026242826803809818,0.014705822612206165,0.019242305696084743,0.009151803669151777,0.009834977899604436,0.007726973727453586,0.02390124560266957,0.027403662920769085,0.01304466421931147
-0.6747992765916793,0.08831725032887126,0.14161005349970193,-0.08356438871494833,0.028847575881034256,-0.025075831079115696,-0.007679892039078833,-0.03114959185863271,0.008028583539060238,-0.05477474059196853,-0.018561343410576928,-0.01670927290163934,0.02125068627931576,-0.004901812960342497,-0.00966371660170592,-0.0024468483885882217,-0.019413432080944613,-0.00020707502779045657,-0.00018885835611427056,-0.003900101591614344,0.6928455873056674,0.06931222901406374,0.08666697697168113,0.059123633471289,0.026440628198012052,0.008626609376420376,0.018420935424252053,0.024388981079359714,0.016807977880782286,0.06056438235130942,0.013507701874799058,0.011238933107256963,0.014823275204280034,0.004417406906621829,0.005526725675200403,0.007579295078439947,0.016437305370224815,0.008736929666530257,0.01308684491853825,0.002393107139085578
-0.6018161910353305,-0.17392598519808275,-0.25385509776127546,-0.07099455496858495,-0.07194663906453583,0.02915670936354442,0.019488848981417332,-0.01340955492484264,-0.0001777850104135341,0.014349883184316342,-0.00631872086217233,0.01220712197268718,-0.007153141436475665,0.029400505295435458,-0.003689134601479718,0.0020005205231532638,0.00033357887540666075,-0.0006418144326628234,0.002330637994999788,-0.007188758686318779,0.6556835373081048,0.16241204991992256,0.22849311357565985,0.11902133097676353,0.07115181060022996,0.020741768636332366,0.014837903972821264,0.014478337146885628,0.019511365624513898,0.011262578128468523,0.009183199067613215,0.00849450548500765,0.0059141544643951495,0.014808914672329997,0.01621568540453883,0.008033522810071903,0.010387288229235491,0.0047650285496994805,0.00901136615334898,0.007660771761744368
-0.48872423456864306,-0.02585190101484226,0.005829769382764525,0.01733989600718156,-0.004594344926078256,-0.012419317341577195,-0.0015476061880176314,-0.0006496196262906986,-0.0003102499086128012,-0.0025247286490066257,-0.00030243484826442715,0.002607303560282999,-0.0007914860684999227,-0.0016346528374340664,0.0009899341263953742,-0.0007035774203151382,0.00169827395035544,0.0012224477345697986,-0.0002628223302203597,8.369389054052821e-05,0.866605141239964,0.07230259665976627,0.03716479474479045,0.02005429248155015,0.028170927705215627,0.016739164098015593,0.015687324743588565,0.009857030292161971,0.005973255799701256,0.007983351682411032,0.011088208505533293,0.007443959301387511,0.006202689036888159,0.005002745819471487,0.005693536013979212,0.007706292381096418,0.0059280161105147704,0.003754881405215021,0.004418255396961527,0.0032347775121200103
-0.5189487141795913,-0.1688616544464859,-0.011776557909498083,-0.07632074939600086,-0.02234794004404159,-0.030143314972511305,0.024843899906447333,0.020889614560563343,-0.02237021892269134,0.0034529838695968734,0.006435027432191702,0.006565520945523373,-0.005329706129189913,0.0013589294995171486,0.00455117953064643,-0.0016898294524052009,-0.0022286491869828243,-0.0010684343700052838,-0.005811312629750871,-0.006728143362806917,0.8120068896259385,0.15112703783676193,0.06281342704836375,0.05644714662651145,0.023089024993228086,0.029608483200210884,0.024811720989194628,0.02085117519953706,0.01641230723065065,0.015011473137629364,0.013206274571592654,0.011503912720481827,0.010505442179060912,0.009000011580623898,0.007367686335995945,0.006810649443634026,0.006265024457156812,0.005665560821733405,0.006349707999958226,0.005025963374348504
-0.5570996323766699,0.14249008099072508,-0.29732361291814247,0.020692996956943148,-0.034046471802359764,-0.001377539903261073,-0.0055288410879890445,-0.0068185783472186545,0.002426483088822102,-0.006714167765128765,-0.0041295279541001375,-0.00393926197910875,-0.009314147247454526,-0.007196868635158075,0.0007698986402491107,-0.001740782282079936,0.005635913103126125,-0.010711887884527507,0.0055931262355186214,0.0019371423081604815,0.6122263167417468,0.14444300892542866,0.4161027916595142,0.04981432354227744,0.05408428950763547,0.038326620034132994,0.02424525311098619,0.029783376380396024,0.020297162585860746,0.016547530152486927,0.009433735838743747,0.01614228416166227,0.014364914777166813,0.007117548713820411,0.007715180272663758,0.010875913216653457,0.007896368752086446,0.00917395146541256,0.006055837882413563,0.005615328364931382
-0.6510587791822626,0.03227452030621114,-0.002278390448776241,0.009455485786899209,-0.022655316409174907,-0.013777322301447886,-0.003933181207743251,0.0069265748868784375,-0.003959121128938339,0.0039028140629119744,-0.0014504336258304824,0.006029356215110883,-0.004816865314291031,0.0029828023669041387,0.003257667072411465,-0.00029724840720860013,-0.006070406235479154,0.00176310878165761,0.0008569073569720203,-0.0025716243157272605,0.7574258042722007,0.011882226362811209,0.00812122052335904,0.006523005605086486,0.0064981604458324155,0.004852272664204232,0.00333869351414055,0.003561338984240148,0.0027447307256688075,0.001903030528184551,0.0020358991991253185,0.0015998504658127199,0.0013795412178890015,0.001327990705358027,0.0011756837540788457,0.0010989600942397566,0.0010678510368630626,0.0007909777435255868,0.0008219441421614034,0.0007286299636334923
-0.5761319909824789,-0.1536990589224394,-0.029139766364050006,0.001103547718960645,-0.0032406325101813458,-0.028438909142907406,0.016616033890025004,-0.023219295007622577,-0.025064816386898565,0.012779108952653837,-0.001655504950389604,-0.006614461152175294,-0.0050575361079441845,-0.004569565551511398,-0.0026928367464974998,-0.0035793860586602385,0.006122452324944165,-0.0060619398157350955,0.006764108917401246,-0.00512340729393986,0.796827316016374,0.06881084126257964,0.023996783243796456,0.01464501396982362,0.011112367192856354,0.010805212099184709,0.006588624814069247,0.006032004925289838,0.0064333200501438875,0.004057799183995535,0.00252546962658637,0.003438810961703424,0.003193403823744999,0.0028631429807157824,0.002752862551241874,0.002428571080759156,0.002744086900971459,0.0029926117374211958,0.0025442811117811774,0.0017141196903754819
-0.45005751298057595,-0.003393247981124201,0.003510502084965715,-0.003024659159924672,-0.0019254972721716517,-0.0005913325107690613,0.0002007347133869484,0.0005360292401086251,-0.0009589683112316785,0.000343179047360143,-0.0007846666109031002,-0.0013606278626303572,-0.00175391126269517,0.0007456625569333712,-0.0013072644245520275,-0.0006402679779657176,-0.0018322532853284768,-9.312241404882201e-05,0.0007001991925602931,-0.00015860649338450097,0.8926425965755018,0.014145865933568924,0.008804845427812647,0.009447373673503219,0.006447517952387351,0.006724229712526602,0.005449700849834259,0.003924231316788603,0.0037541891846827042,0.0030928758784519294,0.004550403563842875,0.0019562953165290493,0.003195988078234337,0.0016958544916354482,0.003166572586053996,0.0023603088647792905,0.0025033065241450484,0.0015189269270007295,0.0012650397912565446,0.0010478552825497244
-0.11995787602795424,-0.1865521777272528,0.003069077309496455,-0.12480658429816678,-0.02304972180143786,0.0022164570760884136,-0.019583691649521458,-0.00040269183220292923,-0.04995185436125585,-0.00010301255399653653,0.0004616505899221214,0.013034463991406254,0.00023555265783929601,-0.017817239511882143,0.001470337545570701,-0.008014381259590853,-0.009193227505388944,-0.009873075049673248,-0.003831950469577235,-0.014126322780467156,0.7429054820873653,0.3939101148719697,0.19474303520663214,0.3246040253434706,0.14988502368467127,0.07382922683507394,0.09812128933095725,0.07681493703812632,0.13371983466520304,0.047130497824269466,0.0602541122857878,0.04436833326786876,0.044422768431654366,0.03490585529529798,0.034175608203011035,0.035187372532117345,0.038523513251221934,0.04106510711457443,0.027774669119846256,0.04248369779456188
-0.4520297329288384,0.04131526875321359,-0.031646193172855705,-0.020711724595820224,-0.011617427309668695,-0.006077417558190964,-0.00022861192883650913,-0.001218844148043043,-0.00010379382061190526,0.0033783925143304346,0.0013866761949620108,3.724960785767748e-05,-0.0010516161835768425,-0.00047922302991743976,0.00017782347991562527,0.0002662943879688588,0.0011409174912842292,-0.000742900005021555,0.002009720257018403,0.0017860462324767665,0.8770919101013438,0.09812511552909749,0.0787427372751473,0.054787836777763485,0.047546676894437964,0.024528700980087262,0.02356032189721848,0.011834481387602918,0.014134530302493432,0.012377010229529162,0.007255215303093836,0.0071831690917764516,0.007492030006496723,0.004343441982133076,0.005434170581784723,0.005237229645373399,0.004739130158265077,0.0031166505088251564,0.004203116734844186,0.004126740049545593
-0.5360630837924227,-0.1911011900783388,-0.0666011753564693,-0.011799143306668765,0.004494247417839207,-0.004056184727570845,0.014213500758979382,0.002971938108435128,-0.007254196156230375,-0.027396993260844868,0.007860846972521063,-0.008394039864333652,-0.0013232610836282567,-0.0038910880182949125,-0.0010252046779140333,0.005213846158235386,0.004947198326184445,0.0029487326178171945,-0.004118879310277152,-0.00028029853373201025,0.7661775845232472,0.19856687996278272,0.20536289668103722,0.022883289587145916,0.021702032314829343,0.0059446623309148,0.011324754519226944,0.00821139258744334,0.009497215457950736,0.010921329011015711,0.004499065454727608,0.005360256089420124,0.005197342969039553,0.005354100571895201,0.0030608593846242547,0.006163989224591229,0.0042319934723331655,0.0035462237521363326,0.0025554361841002115,0.0029138233280045682
-0.2939048125659622,-0.2281694182045426,0.03778681389528854,-0.002353349373193622,0.030853718997541087,0.0038793758388819036,0.010703958480416774,-0.022360667964804088,-0.00607111253811945,0.0013426637029960347,-0.009406548870643846,-0.0049252646041542635,-0.014270295507448547,-0.01494814521827876,0.00594148490546414,-0.024103676471048153,0.003900218488262903,-0.009159908242975967,-0.011880971037801537,3.1130830117538234e-05,0.752252046346945,0.4615454803233908,0.13962436923033109,0.1208929553649211,0.12572697434712676,0.10015067333017233,0.0543670499425488,0.05760539941316921,0.04072045517287486,0.03741028571602382,0.03400644033802293,0.03917253156000318,0.03470302232269758,0.040775156817091436,0.023452343468408215,0.030512744582579385,0.01761659812644709,0.027903100763426284,0.021154645968017326,0.018617912888715858
-0.1876069749564059,-0.16795539031480528,-0.19839842650018774,-0.04709246066202619,-0.020546766979003424,-0.03519006047933954,0.01150138611470414,0.011102613374302616,0.023089397666571126,-0.016640040102544558,-0.0062262896037443,-0.007490411096037958,-0.014624000876022602,-0.02361587720333885,0.019350131627508958,-0.008873611343264021,-0.0015513151854006481,0.008029061710781936,0.012031602152894096,0.002348923406255404,0.7090567466358626,0.4549942446423247,0.2663635321415387,0.2502986143605303,0.06702051090905638,0.09199350697848666,0.09953763329175087,0.061893294383398655,0.07447857898540328,0.05185118834215468,0.05634039637447522,0.026072464866951642,0.03348861683619959,0.02172575576260662,0.04621150831653859,0.02708467574457005,0.034965408015615124,0.040746640352185594,0.02874629551285424,0.02043260600785974
0.23981361653613703,0.23680215033084878,-0.4485109741113434,0.10229965351802452,-0.11186825471078246,0.01553875007640329,-0.01992169347854675,0.042612847616750084,0.03778590071513143,0.009320315549469322,-0.012845090331315416,0.04714179904812989,0.014345464672029185,-0.041490118576541814,-0.017314518376259348,-0.009945065432078152,0.010424954569769263,0.005239373370792237,0.003542306627799566,-0.0065560708204799025,0.3643804593345078,0.5495830292396425,0.4511701559288613,0.11082217255145403,0.03545313870066771,0.014177620688812743,0.014740589080903659,0.017685414239628917,0.01433261291976761,0.008376456550467445,0.006724021744096549,0.01365748927553115,0.00716075064206654,0.007804821987223312,0.007560003253061544,0.0043239308375373296,0.0052509488100473565,0.0035245584932022955,0.003999807751048134,0.002925952426512106
-0.2333155933516291,-0.5379493475458905,0.21626981713479007,-0.012792360010475389,0.08291306509818695,0.009583560934339734,-0.01047174654285908,-0.014503358717754164,-0.020370300903869664,0.0020642649019985775,0.020984717618277204,-0.020045873627636577,0.024520941928780505,-0.01433062068268858,0.00565440205043059,-0.0035112304670688746,-0.016328968966423277,-0.0018329861906942913,-0.017729244925722205,0.013212168559894663,0.33790841760060253,0.6491622650885175,0.2445720423429124,0.026267822660554458,0.03253224801738224,0.019646277761313495,0.019801261618300686,0.011743283819406414,0.009713277006047422,0.01038336886631053,0.014328526138671561,0.012871547388600848,0.00934711882312185,0.010635403482783435,0.0065020213333434156,0.006078668754651248,0.007873925148301809,0.005770665588137106,0.005871006085039104,0.004922455619369446
-0.5086259166623449,0.03128558972881701,-0.31178175534302616,-0.1089300818357032,-0.028250896501937368,-0.15971021671082417,-0.009177279119817324,-0.0404218275736601,-0.038713333156044256,0.020251452055817777,-0.041517052951414835,-0.0709531242672535,-0.009961349097215418,-0.029713366453979935,-0.01292671357978633,-0.003518330913201401,-0.006552233116129004,-0.0016522052878712187,0.014503394690082078,-0.01781891839667496,0.7168953133602335,0.08348712207612904,0.227877390346488,0.07477581408684578,0.04618257260667132,0.0870067243027056,0.03127587353076454,0.031900002714574945,0.022951632471017024,0.022038768609609245,0.022354486334208327,0.02495856132749229,0.010288028350070418,0.011970820987257564,0.009292791576919977,0.007221741188302384,0.007172345122441841,0.006875679112098707,0.005708467222645653,0.006346405346848895
-0.5066795897907134,-0.039324565064274314,-0.06515143390105002,-0.021046942404611774,0.025892072542556363,0.008583623865991014,-0.012734701147179516,-0.04313571533792078,-0.021229048841873426,-0.009389138497462722,0.024087590878632676,-0.013551415792986724,0.010224919409151826,-0.002480515368540952,0.0013661823713314258,-0.005521675527880733,-0.007231118359981903,-0.024393303749369002,-0.005423066606986879,-0.000688374964597629,0.8325983642746189,0.14064871297827977,0.09548997959031504,0.04989046858436525,0.04188658977849226,0.037100245050830885,0.03698552209992887,0.030930883052829376,0.024402634153682018,0.01840063206933368,0.01698062378015271,0.012963322481322278,0.01179942615608823,0.010477135424062823,0.00879541502536639,0.00914779633039432,0.008264877402243907,0.011538080803031484,0.0068769778364674026,0.00612545831269042
-0.46721891280975897,-0.10657947090147962,-0.0019013630402526394,-0.009741410667017376,0.04551287551210298,-0.015477575839118844,0.011187535240732552,-0.029004477269446004,-0.031137303340056734,-0.004303045868760073,0.00628317822705847,-0.0041028651001460015,-0.005472342900297874,0.009339786137664669,-0.0021669767912593967,0.0005233567707765652,0.0014564356198904546,-0.006642119544610428,0.0011274225031270306,-0.006195282879382812,0.8531555664669105,0.128578588888081,0.10157737729081148,0.05573418270147066,0.05139731928584424,0.04058983033696338,0.034466802886889365,0.02711029193331303,0.023088030770881982,0.014672014674897553,0.0122740237949759,0.012480023469741176,0.011152938709617498,0.00939786384648985,0.01189725122213578,0.008480585270982232,0.007703859108477181,0.007507401862744094,0.006239725782305665,0.006337773238180709
-0.5963205439732406,-0.1910356566658867,0.005006524190578473,-0.006252244257253945,0.005459879456891448,-0.021835030758247925,-0.001754882805018528,-0.005381483836129808,-0.007324329628603281,0.002663212433183905,0.01270745465761353,-0.0048783537349546165,-0.0007662584462630637,0.0011901932472658443,-0.0009743788112064722,-0.00320319867654647,8.386557475010515e-06,-0.0018330171307124508,-0.0023896840862484775,0.00013098123079148842,0.7238136434644022,0.2741912970459589,0.04836867440634066,0.04042737238677691,0.03312195621435775,0.034017027904975225,0.020344417356513406,0.01576082605336685,0.013670643974083404,0.011015473427135552,0.020015926816494712,0.009644696471900707,0.00838641525470875,0.005880102810999188,0.005990874178056651,0.006880272074082629,0.004533866587853926,0.005324270998717991,0.003190587506457569,0.0030837882968233056
0.38102750438058436,-0.5001498899022673,-0.35667450354991354,-0.12226091899775215,0.03442045703929833,-0.06541843146469244,-0.035548840734454856,-0.03152338038083099,0.026851430781659,0.003688256154431714,-0.01809703246440507,-0.018785319439226282,0.03356600798078799,-0.011245995343028769,-0.009965601776023236,0.01873103999210722,-0.013457673633698868,0.007865326500822339,0.0071385387391297486,-0.00604943079470394,0.3555587003729665,0.4531947886765032,0.30167874984807513,0.0690921150548959,0.06482163335916584,0.069320332878355,0.03197133467895646,0.05150634141603483,0.033667101754469755,0.015162420765963967,0.019575419561811552,0.06636078373168912,0.017494604386696772,0.015186263427491435,0.04142856244008787,0.04012572147532904,0.016792561353055083,0.012553148124480324,0.02069287183122036,0.013356199208752945
-0.3323322485213907,-0.06317087743020361,-0.04572865828168732,0.00287711710341207,0.00407500982771402,0.001319701444931366,-0.013205184138278217,-0.01630352542789438,-0.0033906757098052407,0.009897978920844245,-0.012070151926607264,0.010251570786232548,-0.006367777566534182,-0.00041313983678475605,-0.008538681551176253,-0.0022444241032264123,0.004420323768748559,-0.002880519214221603,-0.0015639601001759278,-0.008909275682103921,0.9286089770670127,0.08239293137482577,0.0755624336209093,0.062369404269694256,0.02721113318484207,0.0202783255923038,0.023349903302204517,0.013822733388708684,0.016099895191603507,0.01987582627186608,0.016560119822891316,0.019313502660330814,0.011682359747377528,0.009091509098173512,0.011058545357667812,0.00810421735556124,0.006519839436765946,0.005175896195437086,0.004893469551428363,0.005057807687187362
-0.4304686843303812,-0.03593709914433505,-0.1976923722454404,-0.0399030064608659,-0.015855201762932994,0.03814712490978164,0.013260330215803641,0.05118636838228776,-0.06121390031612661,-0.050192965285569824,-0.02581183716547654,-0.01089589954268175,-0.02437550226336113,-0.008443664155634995,0.000910388310301692,-0.00861490364741069,0.002739591906896989,-0.003643721749300565,-0.011930931689344872,-0.005506843442373928,0.8518968262247391,0.0999043571516474,0.11660596375107617,0.05166325697134469,0.03211695312341449,0.03512797932578031,0.02773282472228451,0.03597579585754319,0.032575051941507546,0.04300055947900192,0.015721439344200498,0.01323946214920461,0.01583407124713878,0.010303893992554363,0.009039132993392525,0.005817188072144673,0.005824910703116982,0.006463194458148383,0.004892227025737454,0.005845332465728779
-0.17227137179697782,0.015027392324074093,-0.17498135278012183,-0.10551221078155576,0.029272373170131632,0.0033481789551284345,-0.04293541223770764,-0.019382298692583334,0.01710505059216421,0.01619904598144964,0.005398198750259861,0.013818090696719895,-0.0016717605914575518,0.006890046888061677,0.0048419890597493805,-0.004286908239171105,0.012668826299025207,0.009675156342399537,-0.0021346449909792945,9.908708735679161e-07,0.9378503604548343,0.07876248615706476,0.15073238439568284,0.08696544881920117,0.03136308880742741,0.032532395474360695,0.0473739154277826,0.018865026212920386,0.018515744167960722,0.03145278820755,0.020036493841897304,0.008105971714855163,0.014215875565623924,0.021588986149001413,0.011276947849824913,0.0146790756800536,0.013919866864742137,0.009020574884253582,0.018019765074671137,0.005498139233315296
0.1571813061111935,0.05018923967214812,-0.13745022386992553,-0.07687610710287586,-0.03548790902325056,0.014722493324407757,0.02263543105219336,0.012311431917778582,0.021114093703040907,-0.022298816515091965,0.025799534942540836,-0.012090737174560004,-0.024276593638157175,-0.01634415685299364,-0.009777676115068454,-0.0040787611300822065,0.0016083938639352528,0.007085580153916152,-0.0015908406412378797,0.007726170336681037,0.9299512400394927,0.14151229547698757,0.13136409179966416,0.1634853286885848,0.0724943002705386,0.05316324160942644,0.039251900293756116,0.026125294940346145,0.022609113550192628,0.024555722840708755,0.024804644622819852,0.017963868489542786,0.015343013371520926,0.02225256249059763,0.01226317980523949,0.01600289028639031,0.014428539757690886,0.013905085882548763,0.010742201910656808,0.012797826442405355
-0.21053289924516064,-0.2586360071960055,0.04495032745386626,-0.013841954739122583,-0.05532029973885988,-0.0002494108750468108,-0.037891692037379486,-0.003194152527521873,0.02701651523223832,0.014659612051342513,-0.0066734420600615026,-0.0024638845573647806,0.0009613497260988167,-0.012432597298585557,-0.015041811978386612,0.0007457729816148166,0.003981941172059456,-0.00046878110159878677,0.021314980836675528,-0.005720922008674999,0.8486706457175454,0.35856269552877656,0.09920513763927849,0.05147323470329502,0.09809692972148061,0.03583018678795667,0.037353897266091805,0.028855055591057763,0.03316355937870631,0.02063006697971709,0.026556368843825298,0.023650936363545618,0.025486616240215983,0.0248335795472402,0.022063154704864005,0.016434285013035756,0.014922446134096164,0.014464970904024006,0.017228009602477518,0.014391236363697652
-0.19971317707188024,0.04159943663470863,-0.0226696107879358,-0.037280728361509946,0.007687747017512202,-0.0697810991593127,-0.015393046974119867,-0.014592559938247061,0.0146911474521053,0.023633157774925168,0.007682442885178921,-0.0028496732934684063,0.0082733326833354,-0.010721424420565692,-0.01721012749272601,-0.00312007567912273,-0.005658390039643599,-0.0018905552780251013,-0.009879919541081538,0.00019614679427975423,0.9332849172563529,0.18638561166708198,0.12674871525449927,0.09364453179501299,0.06827048236346255,0.09476749322412359,0.029894291257584856,0.02310122632108383,0.023999951192212692,0.028229424929023483,0.019580557477356552,0.015816079392258948,0.025784678258563745,0.013590338531053544,0.01758575559672754,0.015718500237382367,0.014245817281138015,0.01196387977064275,0.011015933421298786,0.009707107577875641
-0.3355101446399677,-0.1743698756582088,-0.001910773461920039,-0.0284402726392038,-0.020100492285578028,0.019077905170193005,-0.04347982659221499,0.02348873486399148,-0.010119587098171163,-0.02124840702838972,0.0010859321034835808,-0.0015069396486116534,0.00859569481736521,0.01143943465029999,0.01060177296362607,-0.007489374089769833,-0.002856969015613931,-0.005531235791707062,0.010650336199225634,-0.00017861838690851723,0.8853239976127002,0.21028832142110127,0.08257791348158641,0.056474038003840044,0.06615767191709722,0.03667710499087648,0.056090867322412016,0.03342748831453582,0.03105369166477644,0.017165323666478983,0.021441753530791356,0.023819129163900693,0.016695255673307388,0.02067342549827287,0.013650432963326431,0.011318804736362419,0.01236189592922332,0.011766249410221292,0.015146741569099563,0.009023223346523864
-0.31018194834104645,0.07174865196127725,0.031517830466718466,-0.023681400533596103,-0.03189108102999733,-0.0030432908534320457,0.032579268918278524,-0.010219033189157569,0.019398552364598955,-0.03367742385109405,-0.005200281233587334,-0.0034586569532419078,0.013539863595878597,-0.01187449660945071,-0.0036103164559821437,-0.006119517672723617,0.014207876185490433,-0.007076445434926053,-0.0056611590150818505,-0.0004238298887212493,0.8957636462610743,0.2947471386587342,0.03154801078335075,0.008069151954948806,0.018971281173699967,0.004921602829732841,0.03532212154865441,0.011396018522468875,0.01092282639652354,0.017925591888548992,0.0057337540705889554,0.0036846315357048787,0.007429021090568965,0.003489204140871495,0.002540472565306978,0.003019466042431381,0.003064771178034901,0.0023227842079024674,0.0023778733792200377,0.0019010027958408131
0.18788277047540916,-0.5238592206604313,0.0037221062391263374,0.03757078401558392,-0.08778102801319834,0.02531335861425967,0.01472352052412622,0.009386743569023739,-0.005466782404600616,-0.022329695726904894,-0.01941855664038082,-0.019133836397377525,-0.007954602033432281,-0.02162812986730068,0.002716171256660699,0.02185992202639091,0.00415151445685681,-0.0005329607609393457,-0.0013806067173955962,-0.009631845340889646,0.4629059491761146,0.6162249467683903,0.22858626601277013,0.06450156403096366,0.06140309452880663,0.0938153290377743,0.05588750956671978,0.03638820885510027,0.06232239550705881,0.032209976738453765,0.037008809726298365,0.032309258262761445,0.013321964283331742,0.031060388165055783,0.014164730605182432,0.02935988769032364,0.021453301113368517,0.008482819340311382,0.013131911704245164,0.010188333586643257
-0.08279986511788914,-0.2703865036108301,-0.05059178129662916,0.06394806693437777,-0.0655885379626181,0.030352732079865764,-0.06153828831481536,0.016331400330702933,-0.006928246134987357,-0.01688562826715694,-0.013805798836267537,0.004609030263044353,0.0007151076719616865,0.0185684423307248,-0.011714242023852317,-0.02049355775865337,0.005617523441548792,0.0354469486154774,-0.007263175104572861,-0.01396917232146687,0.827456838580918,0.3633223855878232,0.1350690780442699,0.12936615115582417,0.12071252703108881,0.07487934875836125,0.09431648356221703,0.08360133457755167,0.047641062847382926,0.05339991298573465,0.04766913449015564,0.04262674923032456,0.030226930423635254,0.03187174940428092,0.02595330434540918,0.02041948520014436,0.01555222146609634,0.020815968115146716,0.014473144838271805,0.016748141580033037
0.046891150385124106,0.06810222119285081,-0.06983063083576799,-0.041686142409692754,-0.17449871768070493,-0.11642878925832782,-0.0532045023152065,-0.025777474038781552,0.011268758027018608,-0.012106928206991375,-0.027701064425689172,0.018517472770478764,-0.0285084724085823,-0.014045454794656173,-0.009594340589702679,-0.0038335917528932333,0.011428683839569307,0.004343720213716792,-0.025341281216809453,0.007107013833510604,0.8708818250287601,0.29148473805117875,0.08407677277136098,0.1433817756438631,0.12830380932226154,0.1596913623940747,0.1014410092037998,0.04218331654091642,0.05434230569821855,0.051642483553027016,0.03718280350636955,0.02777813358809296,0.031040509175944343,0.02053371636136924,0.014663632986313357,0.014654334414216975,0.020499048972528976,0.014236443991014792,0.015229631220041508,0.014256190088779786
-0.22133533415526063,-0.1031528527059842,-0.10642994070343562,-0.023443126087525613,-0.06193451251509266,-0.032943470903471446,0.028631408589868672,-0.012700823697523251,0.0018411217077806926,-0.04282096983869873,0.030510298956170696,-0.02859987072885513,-0.027123679594748984,-0.020514863273350777,0.008576699816803002,-0.016511910887293618,-0.036173936330899444,-0.031087706317952282,0.02075702435571189,0.0360924113678814,0.6971253966645908,0.450786839370454,0.23310413348141168,0.18527229440941856,0.11720969715480788,0.20434459528759807,0.14394417356856115,0.1139744569474144,0.09842379944524926,0.075078267665184,0.08245852750045383,0.07842726797643815,0.06755478215922049,0.059671053558227244,0.050967360091321225,0.049265599082895635,0.032477751843938606,0.030982919955581927,0.038863219363924034,0.0385308474299421
-0.06055439289859257,-0.22533090263925323,-0.10399535019759445,-0.12515071886446985,-0.05664648644808333,-0.18455019854537805,0.07953048057364964,-0.027655221845709684,-0.0017632253602046326,0.01917933514809895,0.004203421948599047,-0.05147406544085852,-0.01348942863227194,0.007822194802156738,-0.03212943670352792,-0.03670980183711071,-0.02403342036127947,0.01074906040802272,-0.008898910964067593,-0.0014368571660412183,0.6887118680072081,0.42585221505442583,0.24238726865326102,0.07613896412328831,0.21199065432916173,0.13970300482214765,0.15174642706440006,0.1103036540595979,0.058466659430455405,0.08891567189977649,0.08992393648227517,0.08992460685744615,0.09078420250500899,0.055124551640204154,0.04293401627041706,0.0431180024621951,0.039006840672108974,0.03440420685095617,0.046471761250336134,0.03270529657455056
-0.19799732142306992,-0.0385658028104251,0.045340585179150565,0.030139805587990565,0.015423729355057886,0.016923544644606874,-0.07853911305885498,0.022111856624816798,-0.04578071464435356,0.003872481652349009,-0.053949129997414136,-0.014372227680532382,0.01574204936388334,-0.028789611095841553,-0.01842139448126733,-0.013936281283780176,-0.021256028605575666,-0.007586357229450616,-0.01098624781253565,-0.010561162683125036,0.7399884183366595,0.3952232306931702,0.3697483897124098,0.1842292899928338,0.12708954617670237,0.07675207225337753,0.06750170251332034,0.08170609044430477,0.09632456099827415,0.06880609687805068,0.05362053584546777,0.06420477847149011,0.04612406506871989,0.04766823164534751,0.04454159975512962,0.03849070459836385,0.03679738548783157,0.033566278707815436,0.029557348274583027,0.040508449974654366
-0.4596720403831147,-0.07391849774290851,-0.11235243375410026,-0.04551610787580829,-0.10208246110088223,0.08959882135142208,-0.09020855726415859,0.0010635375351567508,0.026344578030199434,-0.0006898784211615662,-0.007822340339884612,-0.05085511486982089,-0.03729327815751585,-0.016536563458817103,0.004286488516180537,0.0009615504630428508,0.015011044793028436,-0.012020698647091498,0.00041471652090249353,0.017239421352261038,0.6872841310909646,0.23990516370278914,0.15282388410102035,0.10410885822198354,0.19675044999151362,0.15257547889578718,0.19357294808846012,0.12569632665786992,0.12244714810109458,0.07672127666345492,0.11701813415660638,0.0647415179758835,0.05564101164643275,0.034304969986302,0.07313454915971154,0.036009585329590095,0.060703070119979184,0.049265018594400176,0.024503251975650807,0.022367200690155613
-0.36779849026137207,-0.11731582082182845,-0.06047924405826304,-0.009860629543740984,-0.0067385456236398735,0.08143925089507985,0.06298114823259075,0.009283654431229147,-0.0029705073438674573,-0.011283378183690372,0.008625103814162339,0.05804926348131513,-0.010655660443462467,-0.010216857222435458,-0.010223739851503428,0.004261546422241193,0.003375714926268595,-0.0024052869185396024,0.0015530376982521613,-0.023410514152684216,0.7441223251129031,0.09722219426840661,0.16614695685555678,0.059642776381094255,0.25520720101695404,0.25325528785019236,0.24091815852173992,0.06197268811657584,0.12162932590919026,0.06175749477524812,0.0706746140458758,0.08944658010476204,0.05734945075567761,0.0566845312214243,0.03495121046580016,0.05248574858468368,0.03730323982969969,0.031402949912229944,0.035270387668298604,0.02829210603995613
-0.24081340559708847,-0.37124092180464363,-0.15517780219264418,-0.031643322809040524,-0.05029074798504309,0.01848149412539717,-0.004849829224196546,0.004422871130196967,0.005022183052505812,0.0027379457716424677,-0.016490967719078937,-0.00766497303667051,0.012664978280251307,0.01238159605868884,-0.0019047530328893828,-0.006275654447555997,-0.00982003918470782,0.005335678365631178,0.004744462026925183,0.0009483337134644416,0.5535152875944224,0.5863040289645366,0.3444882088757927,0.02831402767562573,0.03798309411548094,0.01572462631381925,0.01269318205247744,0.03898470543690552,0.010482759322033389,0.021408209673343375,0.013843456131424159,0.030482539239662466,0.0059836130688774225,0.016810146986233673,0.007795273257494455,0.0075707504316926974,0.0045436313170758615,0.008117432062806375,0.011530856953445285,0.0020196607772442715
0.06908835776023663,-0.006169988575094352,-0.0553499857216576,0.0016990953878889348,-0.025970693657752314,-0.02930248081638686,0.051485064021683694,0.01010442189736765,0.02941223079179305,0.004174473809106441,-0.002744314712605741,0.0021240674930094973,-0.018080372869317057,-0.0002476868650222727,-0.0025048871209574384,0.0018196022057208922,0.004121478826412359,-0.0013675198783241857,-0.003103297552427354,-0.004079955518910037,0.8903579829225545,0.22271586303915406,0.2956973363161813,0.17551962239962343,0.07086639621130399,0.07649192048337815,0.06546764673462617,0.058962481514740726,0.04966309221569536,0.021007820608010087,0.035439923363201606,0.022330398974075735,0.023451469162607236,0.020188810690050664,0.019305762700536612,0.018011288779358075,0.015577972841945589,0.01714227541773705,0.017235239401708645,0.013785083655263757
-0.005583542530748975,-0.31937801501019863,-0.26705327917276683,-0.03970605084035688,-0.18598656830759036,-0.06354916843292512,-0.0431092829429858,-0.07352341225571593,-0.043499697197197484,-0.0638944060938935,-0.03324301203313352,0.04412429526963908,-0.08033123627358968,-0.014392439712094416,-0.006121159249489207,-0.007547816274683849,0.027248373329860087,0.009031044132344143,0.029801682132228443,-0.00496489747111865,0.30290589892868924,0.12884862135839806,0.5617097213185607,0.5087556964652277,0.20016498850035827,0.07843767470399451,0.05660162950079385,0.07344120661368532,0.03603724271782234,0.11788226115307185,0.05662930159420587,0.0443226137818544,0.03481398639659946,0.034382444526859963,0.016114309736973823,0.01962441767219581,0.012620706729835741,0.013949024796567969,0.01674446675334771,0.010057791055671304
-0.2859080758990301,-0.026996634751296062,-0.09935263795007467,-0.05438359347574476,-0.07969184767623898,-0.033651609365950304,0.04952438229166458,0.0054039739270408905,-0.008067885944516576,0.014577898452651556,-0.007979599701991344,0.0042449029442036485,-0.010665048661893361,-0.005107157580199214,0.015219688668701596,-0.007005244004127571,-0.00016677594752283643,0.008461063228223238,-0.002736585533184785,-0.011054188444256857,0.9040307537840738,0.21741948018197063,0.12205090985516538,0.06058324769551061,0.07906915715507977,0.04108174638560183,0.02213871205493883,0.019557482244557018,0.014750573428720179,0.019097389187548358,0.015814772649901405,0.010543232055297157,0.01668551410371293,0.005988446170953949,0.011625576559427092,0.009542557635418872,0.012029220363634713,0.010604217221146215,0.006882153543537637,0.006527002871453493
-0.4420099166758102,-0.006765848281857491,-0.07078944562971833,-0.044340919312523985,-0.021250028875310176,0.012861567236283556,-0.019092216824836368,-0.019471300402192228,-0.007771596678637586,0.0023661635344044284,0.0032648056254331852,-0.003557859020912575,-0.007064168913819661,-0.011627874818059452,0.019421135466150773,0.004536799751018761,0.001735532092280933,-0.004115399127989496,0.003063504923809157,0.002747546938881786,0.8381815224836071,0.1335712409408151,0.11678694285440051,0.13799687878431174,0.16443228285258357,0.04184358942087006,0.06873100468042824,0.040267620090150016,0.03804905843857462,0.029354903676822107,0.026000015867656413,0.024821123523314427,0.021318650414617103,0.027160116550630026,0.029198487251455574,0.018553426072633467,0.021569710429047935,0.018029702736575084,0.015878113752135724,0.0171880172446757
-0.08195069666794257,-0.1139165133894193,-0.0874997212121847,-0.09977537327884839,-0.03808310380202617,0.03166395011901215,0.0031810586364922947,0.04144713392899153,0.04636059161039042,-0.028248752380300744,-0.013331593957059558,-0.006750125690449887,-0.018151995254359902,-0.0016722519297775816,-0.0072554093506499145,-0.010426323501711748,-0.00297910303512866,-0.007951958808550205,0.004091442115435399,-0.007021726126618207,0.9128273674776107,0.22331438385257088,0.18605766821190609,0.09470735684424511,0.0856174922593256,0.05244961142784602,0.04571767176224921,0.0549864541550939,0.04158371742847675,0.056856864256973165,0.030019563463614243,0.03037076515325689,0.04982464467704779,0.02207673248350405,0.020007250243068028,0.022144364957177753,0.0272582677722533,0.024237448811448986,0.023645167601731673,0.016490315732589092
-0.1424453684344777,-0.007693168499992468,-0.005445402124180639,0.044438237959845826,-0.028984155741517265,-0.005601296954453281,0.013315257283327171,-0.01130671087256014,0.009324693397760599,0.0030888914633422637,0.001182338797461413,-0.01091168631338184,-0.006952039746605785,-0.004680626997373332,-0.005465722899210837,0.0013468338146362519,-0.006116818313973735,0.010528567115591915,-0.001588763505979098,0.0032354505345298322,0.9768063994810346,0.13330990691141523,0.01905703995405027,0.038436463478637335,0.02677554060351915,0.01813065337689764,0.018610738594789074,0.01012371479262679,0.015096498759057555,0.011717258298587127,0.009859907614076058,0.008801860602683757,0.005167805382516196,0.004948812953078486,0.005576963849035063,0.003218345356931538,0.006655253173705995,0.004425199100873389,0.004144121105579234,0.0042531839074898894
0.08779261287434086,-0.007944059554037354,0.056951825295574646,-0.022168731270182304,0.0004100366609907075,-0.028050911989070264,0.030907628713926556,-0.011621800121750065,-0.014915487990703618,-0.00713698912794304,0.011172971539480667,0.016387746211984765,-0.005253695611832151,-0.0029320489205267642,-0.002975272870486362,-0.021563396487280242,-0.0035940740681475523,0.009288993202388612,0.014734766697319933,-0.010640181949724868,0.7277196223608088,0.4386460980153958,0.3172916455950998,0.1557791073132994,0.1658041963473186,0.1493095306590882,0.12565737636356095,0.13664986422151765,0.10414542598233649,0.09385551720720234,0.08000366965675967,0.0692890810412221,0.06911943962521962,0.06574681867460555,0.0641084259705013,0.05283363045771447,0.04869142171979107,0.03917318263878423,0.04100885795322816,0.03729240824847898
-0.19539558641691684,0.0644839190444319,-0.08651151514840381,-0.05910619890202073,0.004023252479205611,-0.06232231615491616,0.029161471507026058,0.02391192071295001,-0.02121104162996002,-0.0002754358742429159,0.013703968349812108,0.0072891872238603364,0.011856856908599857,0.018380084779190977,0.017008500238257115,0.003302146585279212,-0.005370324566737125,0.012382745480312644,-0.003874139621044259,-0.009830381512167788,0.31279511641194835,0.5342308450991679,0.42844536408006695,0.3659960636121608,0.23037244792427192,0.17730177133608088,0.16577781371793648,0.1616674985648409,0.16161012219339588,0.11929565058949486,0.13369616567140002,0.054647986955296636,0.0919172156616172,0.1000590098246948,0.07419787310595383,0.07089309994878641,0.05192641841508312,0.055405443477708934,0.05342096666910764,0.04346098582237646
-0.28773625119906676,-0.01878327005793872,0.0362586022724365,0.10172192147190201,-0.06449674791136657,0.01898238634856997,0.013831555796489871,-0.02599059789300029,0.009002904195281086,0.015380188387563923,0.006502875656701056,0.019138434971128156,-0.022964575827960573,0.037241151575465176,-0.021102468522348556,-0.020669515806079626,-0.011245343063000318,-0.011248977909549594,-0.013951535207197215,-0.009188133799853638,0.8814730770561041,0.24899763922320214,0.07971642142132004,0.15578809734666982,0.11814628679964354,0.05653369004768537,0.0296420297583327,0.026735544215223932,0.032726071260221666,0.03506343114829091,0.020302579345356998,0.042811979289960486,0.026701859057523203,0.02309123356549232,0.020933308961112874,0.01335159393377765,0.01645733343683972,0.01321894323554392,0.01794384862719958,0.014762984357670424
-0.06272856782196425,-0.09191078364407797,0.01686947933123274,-0.06197699218901366,0.029701357710150585,0.010344713576081998,0.0015628369902835218,-0.005252934892158104,0.01163686308224743,-0.0015709944131040237,0.01555246194308105,-0.01649629566239468,-0.0020815029584268507,0.0012680867715507524,-0.01600350503548204,0.0015687034305680505,-0.00022594619125046098,-0.0031233352811730823,0.007845726368989692,0.001178801338467835,0.9676801982291783,0.1278912910575263,0.09859252006997887,0.09776185216830437,0.05689860472348838,0.027936249751022553,0.018424602849090248,0.016569948803631995,0.02499613624885606,0.02823668047126702,0.018212184575455734,0.021951439834070195,0.01866406779853626,0.019447271536363893,0.024556185061804993,0.020273693218102327,0.01625569945207822,0.01886232919162928,0.01105771747139313,0.009693134720271048
-0.17547990064380417,-0.0986100557481631,-0.0970951413650985,-0.08373675832736062,0.021154657121925033,0.04001382433707638,-0.004405863765774903,0.01246278077800015,-0.0029698333443129365,0.003280306113785336,-0.002901178837160256,-0.00043325185009898735,-0.003944176268138262,0.011970011896476491,0.007415198300143562,0.0018728931187584792,-0.00390913073663674,-0.0005768508420518984,0.0031876619863003292,0.0006071690001744894,0.9276609941331598,0.10405184902254311,0.1725184231475791,0.07025275491296333,0.13364239561044175,0.09023098444728433,0.035034955437102056,0.03125137830097434,0.031198051634677308,0.02987731811336118,0.027279873244184998,0.019575459845974107,0.020697871172005517,0.025769937822872686,0.017759729557868115,0.013688071222622946,0.01840870469501318,0.01792525317355349,0.02702092014893116,0.016846407400768964
-0.4752205783932379,-0.09437308269688581,0.06197983749978039,0.015926321002204053,-0.0027081553479641625,0.004103584644858621,-0.020755159933246965,0.05118001242852304,0.007003391672937235,0.005513724706556888,-0.015492733877583265,0.002697726045419654,-0.0016671330300935003,-0.0004928903452408304,-0.006815931511062203,0.013235068504384023,0.005160578303608588,-0.00795836295338679,0.0044019000202614525,-0.004466054618799526,0.8414987247447044,0.041826429666274464,0.059154234040966994,0.050964496894820736,0.014235740183025215,0.07391400966986011,0.06261233054623488,0.14954903060396987,0.04270022836593412,0.02168941702465149,0.04104176641954342,0.03165487650786804,0.04462318195997754,0.013929976257764182,0.016449741264421194,0.028303871534760768,0.015818813992074097,0.019691415256458428,0.020080058421983325,0.014603567976530353
-0.2889755457373942,0.08970281054263715,-0.24924657971989045,0.0890392240145685,0.05939540022830155,0.06393527951719491,0.03105738264009678,-0.010691179832971938,-0.0475620345865722,0.02076733269255738,-0.004087338262921689,0.01178456440901561,0.002208575262407473,0.0011175099171225576,-0.0009072604497033979,0.001775257331598624,-0.0020518578361276235,0.0016946585637724067,-0.00043591663108667554,0.0023276218716722762,0.8481187355577465,0.140771120604422,0.18437330126783547,0.050687300813777224,0.12989444873839673,0.11117679433330335,0.06087145852035161,0.0415996462798743,0.09239875177300758,0.04462877257247233,0.02600912879374006,0.05339905567432859,0.02020739971208646,0.01427546609064912,0.030986864066858282,0.010134724248550685,0.008601647832255751,0.018494398412504817,0.009175072235515702,0.015580217604669646
-0.4511711346405579,-0.11051062266245919,-0.02419454939744031,-0.024457179780842615,0.01419091699854925,-0.0053765660363331415,0.0017563180970501585,0.005715413198152882,0.012408163243093368,0.004990221028942516,0.0032294744511011907,-0.010154643201206168,0.009396240937274078,0.006481094949702843,-0.00880693570943528,0.0010496691874316345,-0.00040757984541927894,-0.0060425273886889645,-0.011236868596081338,-0.013859413303353123,0.8479773077463206,0.20694981503893062,0.03057810201840165,0.053819417293077695,0.040220752487951934,0.06894195548930136,0.027516894787891606,0.044967083755080024,0.04564466694071661,0.01489463368893198,0.023562862590606675,0.034601574521744,0.027923830425025276,0.014583860183500625,0.03187313212820991,0.00954349158046383,0.011398193045677463,0.019850975585110942,0.010490062216726645,0.01611342142568829
-0.16537211747925976,0.14068516859026356,-0.11578212417256892,0.13909547599895508,-0.41192290528733966,-0.03378876791891057,-0.21243984584320405,-0.12025639244734804,-0.16022989678307473,0.052341609187136345,-0.006246242473497181,0.042765757851071104,-0.009024531312088536,0.08643331177530722,-0.114030358292086,-0.06854814596019926,0.030412338109647375,0.017101161174989787,-0.004019417406521788,-0.013670414514780063,0.48335232348992346,0.36789115654685556,0.1774023350512501,0.10830716419462047,0.3771155864263917,0.06890974899260074,0.21099079256628628,0.07603774402217492,0.1114793472990476,0.040716778717857595,0.032815897433327856,0.03668889024870384,0.035056218761818095,0.03558941282095029,0.04729577216224014,0.02586642570736131,0.021748917681370265,0.01889984157246885,0.017711033594166262,0.01561697531298367
-0.2811178584811142,-0.03014710156718354,-0.03892879712887472,0.013485861081011172,-0.00168395126301671,-0.03469672300383653,0.018616817383838115,0.05099749818630397,0.026367208961311814,-0.041396939367126885,0.03382686673850282,-0.017947585380386714,-0.004847592454474489,0.004383041026983513,-0.0031939384493979137,0.013210463997886737,0.009862721535620044,-0.005015300642529967,-0.0004703818557491662,-0.001630565310412164,0.8575781961439323,0.2656204569764102,0.11157223079441206,0.10846550215087979,0.11361923437037938,0.13304634915389787,0.0962100845583234,0.09127259931295405,0.06182298831241647,0.05948643713311908,0.0723028870481063,0.07647806257430455,0.05663665567289159,0.04359931566422559,0.04368490204630941,0.04255527961780192,0.046455283130010204,0.029747356060569167,0.02696186474728353,0.02332100539584081
-0.14760492420986795,-0.0671457884086049,0.008581200958693969,-0.017117711429131342,-0.019036463992221912,0.015544250705790527,-0.008865548578078414,-0.005924080383400435,0.0037664031391761964,-0.012796883681774219,-0.004753346650898745,-0.006834297853925528,0.001055342008357016,0.006023039095212745,-0.008516920645878162,-0.006124621052129267,-0.007169194042530566,0.0012504755130469734,-0.00293809222356682,0.002422365165366148,0.8616507307051247,0.36420156209635857,0.26876826768199436,0.08672614815135019,0.06219653256912578,0.07720964213648633,0.039693106686955075,0.03775972810531216,0.0366351666411689,0.025654544628255133,0.026456256135116953,0.013719464830645714,0.019249952418153707,0.01526682491024917,0.012703650290723874,0.015307515902836806,0.012651135182174552,0.013136946883033582,0.012073293614517061,0.010858089116745373
-0.4221518740847963,0.12126846512216158,-0.028478324217813336,0.010643176409647327,-0.06176959149264474,-0.0289440472164188,0.04706260886616871,-5.269605186345624e-05,-0.016129864086746788,0.05560654730232246,-0.010078730349098225,0.05722696518174558,-0.015384077181874492,-0.0009390546854252921,-0.0037442829982502206,-0.015843242359919497,0.0027769635614877594,0.019279301154595172,-0.037215063213691474,-0.022200777835922718,0.7203198015842113,0.266057994741711,0.20130806857462816,0.13052167397809727,0.188192276931496,0.13192723224345362,0.16724629968397137,0.10675569362667799,0.09232302514356634,0.05973961325813323,0.12131923206527752,0.050896688074441795,0.07852268021552876,0.043248621466560486,0.06358914103112341,0.05564753081365586,0.03211784466779554,0.03329121483883197,0.042001307727847687,0.04383551525302442
-0.21923123832966784,0.050230858596188296,0.019517995153448122,-0.023218386189594636,-0.08614146605625482,0.02456431170310706,-0.03997348886527923,0.01932353201132744,0.0017046741810417907,0.025065606718494737,0.0003309787582506132,-0.04147113926939149,0.010076280101410873,0.010311457134639357,-0.0074510860044178185,0.02875667360584639,-0.004620535044229721,0.004507984408535921,-0.000748683701981834,0.015070115537415114,0.8615909918189613,0.2506955306946687,0.1930082864289766,0.15355604243304413,0.16589096680955273,0.08829944651930803,0.07164684545583516,0.08618541406630865,0.0670160011859853,0.06645475613582805,0.04174654460456118,0.056599003274169835,0.031110263775924234,0.03573287143520884,0.02761620054071025,0.032834189759847504,0.026699359677996203,0.022970292851505005,0.03152979847497556,0.02679994271024019
0.13715275817145575,-0.03913103863353305,-0.0645697290274564,-0.021445926872886278,-0.05825756456255837,-0.03021950741762541,-0.015808186929934777,-0.006532098204683588,0.015454305261340577,-0.028366302409947287,0.00038265080243204193,0.005935529959034904,-0.005497387103033891,0.013152615738915036,0.004204684779371427,-0.009043817843657471,0.006780737328912086,-0.005996012705705715,0.00458307080056892,0.021379381655278407,0.953605399309555,0.15237163586392163,0.1512849789067975,0.06363699683574418,0.061655996484586244,0.03705957373215055,0.02950086957348224,0.021291673920233935,0.025831748203059512,0.01992192526353051,0.015375148272535943,0.012174558446455198,0.010029905318432744,0.013777849415333342,0.011412077681141875,0.008317469228486115,0.007901168900235511,0.007155767011488024,0.006624658127671133,0.01937997854510327
-0.16906429416966412,-0.02132714648229265,-0.053297139412678045,-0.046386398239441004,-0.048817223006387314,0.04093330084646315,-0.06477058676378343,-0.038935019699341426,0.04047057579272417,-0.0015454440881557457,0.01581884754508286,-0.00042924841866914543,-0.021960123301699296,-0.009642945430162362,0.005362468896433209,0.0026756475258915826,-0.0049884121260424024,0.0036703704721621233,0.007777285407275158,0.0009956511295730194,0.8819347541886378,0.1822602874972428,0.2678182261666111,0.10542129724593814,0.13588701924841026,0.10566044592265632,0.09335433434588455,0.07237594550053193,0.07936478282110072,0.040643633657891996,0.038491779940246725,0.05166686055699658,0.032472378782838214,0.027338011501441863,0.028610938484799293,0.019933547074521784,0.022734128361351105,0.015087835334269172,0.012313003091013084,0.011504599083630378
-0.20309839800655946,-0.29675325488333953,-0.32052372368455856,-0.04348708869249227,-0.16385086000696703,-0.10025418133890117,0.02756384484105118,0.001715840036240908,-0.03231130285595053,-0.07835615171349014,0.0007429885169649285,0.017731614158803453,-0.1304236270826182,-0.026830108420723926,-0.06036396654958085,0.017165118991320324,0.08665634326819534,0.007462899793316246,-0.03490825470817113,-0.04430727912001868,0.5127797346518712,0.47359421643611554,0.3330279628865575,0.16429444619542502,0.14227180695766797,0.11902650165966251,0.08194665375074488,0.04999243429087978,0.048104258651928376,0.046369699736816136,0.030346913101408822,0.043151827140217654,0.07600102353483487,0.0327408657417078,0.04161815649292278,0.0288493294613299,0.03848612546116071,0.018319349379405513,0.02804103288280459,0.021600342639724195
0.14540609642172084,-0.26756566804721277,-0.0446966558791257,-0.3345082892029789,-0.15899390521643622,0.05335730055679574,0.04153349113572981,-0.16586624790781712,-0.03915780488745221,-0.0422111437686019,-0.06418973788155533,-0.062129540547436,-0.03466250265283343,0.06021739593580082,0.003663089967840609,-0.02769420605594053,-0.10992115650942175,0.026644184512622078,0.05924792537066237,-0.0048084964196656015,0.4912660199811144,0.5325450274258016,0.13056182476073327,0.32106734761394223,0.11332442085980643,0.07517833964318411,0.07190688625063406,0.09390617971271814,0.06143541628459221,0.04836951089895156,0.06063952227752499,0.05180597468980543,0.04783344116527126,0.05147300118522638,0.03638721751560558,0.036546143523988356,0.049284780088023096,0.02423586186296698,0.03793995031262822,0.0262989446560052
0.0015692405709785734,0.13364755578308116,-0.15405242599713073,-0.047315908384544435,-0.022606236126200645,-0.04910144940282732,-0.11575525500563419,0.08645191693409555,0.06261472017404543,-0.09385875317174926,0.002926871049830242,0.14180492300004943,0.1317624735937517,0.018995417725501815,-0.07604952241784182,-0.009002684318269486,-0.025907051137930945,-0.104142470379766,-0.07465544325379621,0.08664504510335434,0.7848797130527743,0.328827041165579,0.13234388853392332,0.129453132165489,0.06115634712556983,0.13453886980203253,0.11697961937592823,0.10958011837144252,0.11012347523636748,0.05349379672266591,0.05268215922547994,0.07908426417327075,0.10109047320534933,0.03721163397662488,0.04628994129564215,0.02718432595194951,0.02681095423643831,0.05316434818000587,0.04201115766544404,0.03942552639343832
0.1358646669468726,-0.4037732508791964,0.032157325472512883,-0.05284990991449993,0.10573389837506186,-0.02942277046387296,-0.06023524017053462,-0.01056141773951045,0.026033023290434932,0.012235070130216784,-0.05146996809837725,-0.04573478763100975,-0.01861443685663799,-0.006505262097957098,0.0008475276503655922,-0.04610153237120928,0.019599722021515203,0.009521377121388506,0.019824954307117088,0.007560344410260721,0.631333139898214,0.5243542711402016,0.19114586674126893,0.15450764737374717,0.1267432521021247,0.07723193020384736,0.08480348628976392,0.05291682642335455,0.07388571463871174,0.05019126895795276,0.062412352617281716,0.04669217572254848,0.031831098527750123,0.04354968138317516,0.03127774288688161,0.051229356599895165,0.031426375207563674,0.024071875759884415,0.037363016371463255,0.01998442115192887
0.20206465702362164,-0.11950250950102534,0.010135262269688139,0.026440486743515276,-0.002964187969331511,-0.01600088880873457,0.002811549232541336,0.0023676809315234643,-0.03359517788381238,-0.030502150432747267,0.00113129331181901,-0.00900303441072183,-0.0019812434427580778,0.0017404075548738763,0.005884545221271163,-0.008074323449701964,-0.0047739512178359865,-0.0014029287729744593,-0.003856697690566308,-0.008387997792483044,0.8958690729615186,0.23610018639509872,0.18112714143974565,0.14329394985391045,0.07847024007468979,0.10849130831149596,0.04550250343706654,0.03759526056630067,0.05035160384293234,0.032743693465612275,0.02717197994171103,0.03266745526552182,0.02402803576707771,0.017545652549002998,0.019318214591846135,0.022649188941022462,0.015820714741358124,0.021375324453895343,0.017546961317105488,0.013215796956296265
-0.05354656661047081,0.2729003973769314,-0.06800408231079998,-0.01647706117954885,0.01073185266990637,-0.050149524435312065,0.0035899497346597387,0.008986645775532555,-0.0183552613196471,0.005663167421412678,-0.008867683218766576,-0.028707102003489766,0.00898416611464999,-0.021519592618685655,0.0011252284247817968,-0.004280925166038842,0.00011141699569476898,-0.006405524165122108,-0.007687274388811999,0.011146215649107278,0.4757352092218286,0.6602838349904933,0.46125820343101,0.09043443270506223,0.12209347799536978,0.09103882611056702,0.03875296632780288,0.035916240367863055,0.03208196942636786,0.016550210791569774,0.01618344137517296,0.01717957955802592,0.019646123699441125,0.020674641708415948,0.015237809053721317,0.01374132148797035,0.012854200800156512,0.013203114424471637,0.014034253092299486,0.011169262381067047
-0.05512243336997911,-0.004090813638537172,-0.0779463434660951,-0.00592625965690249,0.03417570030596903,-0.01367019011511265,-0.006819985843274137,-0.017818504665928877,0.0009901456729270357,0.022772798028205105,-0.0091818059023606,-0.013586028265027668,0.0035604166305715874,-0.0008139999346827848,-0.005018306054513564,-0.01800075981668031,0.004388980320950459,-0.0012969143718938225,0.006041475431473641,-0.000674700971424727,0.8546069113411556,0.33930009677816747,0.22631775432063378,0.17643450960660895,0.12937988487999438,0.11167572249984983,0.06958706675219008,0.0812604089920089,0.057844739552278215,0.05007727917119456,0.04785701049542486,0.04491362976485491,0.04364840842824412,0.033442758435263585,0.03290103450162971,0.03507700921733205,0.03104326657717501,0.0339871112944287,0.032034333657279486,0.027943961195435123
0.07104264590590047,-0.21729531797390425,-0.11336183465423559,0.023094706690668106,0.006267702848189022,0.011558088421378307,-0.07370342428420684,0.0289513111438794,-0.06239468907298301,-0.014157225556922936,-0.012320029739652584,0.029476061058304175,0.00431567219729225,-0.013162118609373115,-0.02196078688335335,0.007087470419434292,0.019650543752239197,0.004200364976484897,-0.0005735879771051833,-0.004630726585425937,0.7312653901239327,0.4348179201541182,0.3934603183591561,0.11327448260301028,0.08553862988940378,0.06748554485935102,0.07818451633040505,0.04088634803349739,0.06517261235909412,0.03621362821418026,0.04320583655293869,0.0256995238717281,0.020892055865912154,0.017087403108796095,0.02537654197387268,0.018991085255986973,0.013628828821272802,0.010653875390890025,0.018469447079546,0.008428073242687188
-0.5128814187301689,-0.16833185278512972,-0.0946233032220548,0.12524066630782255,0.007590863035803282,-0.021440916744097822,0.049475432205969574,0.015230052726261116,-0.026705542087534544,-0.016332084427996572,-0.03771792422304533,-0.023794044760090123,0.005613279586909663,0.00613022825923084,-0.006113332953263699,0.013141773391233853,-0.012784038803592296,-0.002493845902995785,0.0014843365300827836,0.012828151965046813,0.5181068650286864,0.5891871258922481,0.05313290513212089,0.15237836575003966,0.07752374298356464,0.04201146803951953,0.07558554351349887,0.05117768150060218,0.05457913104795135,0.05180503671064085,0.042785046883055525,0.07851288201217477,0.022562621125710978,0.03335587321253794,0.030503635647858022,0.026083357574343553,0.02609494495172296,0.019178547789263846,0.030280198857278135,0.02480956400801467
-0.45266517307326315,-0.0031116908295827682,-0.052015710305684165,-0.08843336602608776,0.05358523621794777,-0.03614476277738349,-0.027849316167772625,-0.04369283434780867,-0.012505294007123826,0.042579988904268756,0.0026351478756432944,-0.009979030076047854,0.013903215110550426,-0.015100225806621877,-0.03947298009820918,0.015952321502317894,-0.04846824321110006,-0.027177099969595844,-0.0063829692270924035,0.012112492566586247,0.7983707154119218,0.08741481099576863,0.13802631119422792,0.18407318897734037,0.1045152195177872,0.12413490371223997,0.11255008655684717,0.05381574169115722,0.05497662755694927,0.08445177688035622,0.035166474443504285,0.03668758916979677,0.06205413083913982,0.03583942295926522,0.059781365326061674,0.05191128599967908,0.03763248055780808,0.054677785135284124,0.028992239637106357,0.02925085490234793
-0.15136903867915416,0.0050903182639384275,-0.10005245885826122,-0.05889698689137298,-0.04459035298313024,-0.03353403566757103,-0.02653543213110038,-0.006143765014804265,0.011280970417473732,0.0019277631896134299,0.01410918184008873,0.00735329553122941,-0.00016999034836231934,-0.0046644574758609786,0.015022024060739571,0.008658792561933937,-0.001331399210091834,-0.0033979567614557866,-0.010379686508707414,-0.012519061082624662,0.8999286287950029,0.1881170216205399,0.20885377374936057,0.19710688145859437,0.11173180286867186,0.07898557152104783,0.06722804991039763,0.03867322327193432,0.03943506836073279,0.0374299725380768,0.025569271348506808,0.022791945485877294,0.021115783457278197,0.017395749072136552,0.016727617479786475,0.019486626173172435,0.014293613763873359,0.013366304963230106,0.012951181278222593,0.013656169062251325
-0.3162076871323835,-7.5253891383067515e-06,-0.007881649434374357,-0.006125943944307763,0.011962930407568378,0.006409203544109793,0.0035633019428225146,0.0007058575931021211,-0.00645036271964799,-0.0063842305180746,0.00433580304343511,-0.0004585534133842919,-0.002923946295491345,-0.005610816703693158,-0.0013110478824457598,-0.0003192958979152735,0.0015067148669906064,-0.004426672572932371,-0.004297803638591291,-0.0009538727042445908,0.9092172383367617,0.15715858173281155,0.14826680092371744,0.04289290117720299,0.09611655317112855,0.07432310755589562,0.05431884788591393,0.04786528381386339,0.03616141652545106,0.029200927396913115,0.025486285984556958,0.01960137883124852,0.014542863930834411,0.014713421138145739,0.014169964762423512,0.011630932214122328,0.010908241745075006,0.010337086808112815,0.008522380246361646,0.008542442875761417
-0.14305117042740667,-0.10267229313662866,0.08778736509333175,-0.021399872836133652,0.001857468688482896,-0.03297584671909733,-0.03227024684765406,-0.012292054773429711,0.02016608102819373,-0.01192728829337839,0.010857720288173058,-0.014084546507137396,0.017931402165696747,0.005069611958223131,-0.0016344706760801375,-0.0002533863784833684,0.00692351391973646,-0.0024916029268766708,0.0077565236324575555,0.0011368955133931643,0.49982583319512797,0.8127934238993274,0.16018622512128253,0.0906364395807603,0.04223516557677413,0.050410607206940905,0.046178023310559826,0.03544526074712265,0.02734694941802551,0.03584768297419867,0.025592417155061463,0.02135097386171082,0.026400991018651187,0.015783990082616738,0.017083373949729325,0.01481551707058422,0.013737367875378737,0.011162875824125512,0.012005802354023055,0.010487163394092298
-0.2667627079594771,-0.5819310461617614,-0.38369341241427396,-0.010766563306114965,0.012040439278150647,0.06573196543292485,0.024801362404153107,-0.05401533359262441,-0.009074317854269182,0.029115900111389086,0.0012627692606510315,-0.009804491335812241,-0.00770975762946175,-0.004474701989114208,0.004593164304063365,-0.0015709880318602826,0.02274754754248541,0.018644097569512755,0.0027193289742400966,0.030675376977097126,0.1430816340097275,0.5196605707254124,0.3404343388581259,0.0646833086160563,0.04403380951027232,0.0759022332064738,0.01324486239526966,0.06191447680765069,0.06882042598684045,0.0406761488502489,0.014586449594677283,0.018681153789295,0.013154711176368721,0.012587468236759183,0.006556292471685079,0.018469002953863844,0.0246053674854985,0.024268161634260477,0.00805891407623253,0.026064288960919564
-0.53519575588544,-0.06861290641714216,0.039158350941819936,-0.07221100318499088,0.0036448912844215353,0.013165143958246696,0.07287283929936995,-0.010246069042924428,0.01486372978797912,-0.05320649622119633,0.01547406647911017,0.004926836040698926,0.008634086999527462,-0.042904984209874986,-0.011365738704560637,-0.036301603779785106,0.004053572193125589,-0.0007054849208019034,-0.010700741003647807,-0.009638876867864752,0.7608927783862972,0.15571043898511955,0.1096408238439808,0.11490682639436342,0.15424217450419894,0.05207528093949959,0.1189353222187582,0.05520102839581362,0.0450869301994637,0.048367099558940134,0.03928787948387109,0.03916995665581163,0.042463253769529974,0.04325300686480471,0.036426652693571204,0.03571975601927929,0.02636833279692374,0.03751771149034857,0.028107515130649605,0.02936750062881715
-0.48382754215229734,-0.0713846860737746,-0.10278985492592478,0.007723142548440313,-0.057794371188141805,-0.04664810323982762,-0.0704083753560653,0.025640778555331742,-0.044708843631978516,-0.03410794047612046,-0.03734862250014892,-0.003953726099708451,-0.010595563652517105,0.0131692710271184,0.01870219951942934,0.018597431667913,0.03118012366853143,-0.018558382088045867,0.012096861320304114,-0.02620219340183124,0.7258959500825732,0.2639213218370512,0.26580790944839683,0.06135569437428853,0.0893182456659101,0.05284235306890248,0.07293765537353278,0.12681606413239147,0.07757715039031854,0.0598007700651987,0.06035289678885654,0.05114350550290004,0.046357038379497166,0.05295131460373294,0.0359939905061185,0.03458186928488949,0.029091856556705726,0.028597282442597374,0.0327695604041083,0.04637134470851493
0.11929528008285874,-0.40438374254096104,-0.02753891561197673,0.09609746796692953,-0.012459098424752197,-0.11158507841650504,0.01347247682177579,0.046067006845322056,-0.04342197207243657,-0.02944333281095801,0.02224955024756434,-0.06884492435650569,0.007319004509998234,0.009735465692254181,-0.0038216234739919678,-0.00760329771042659,-0.0022289525834233376,-0.003932354342763745,-0.007258778367567316,0.010109229512550506,0.7809379745184567,0.40176596895526956,0.05983125192678903,0.048626805386961416,0.024663291392912852,0.06466974054219778,0.024998528186404065,0.02872569917777821,0.01820579292579004,0.04284450327268539,0.022031754019927217,0.028045559616786255,0.01451400061013385,0.025046286000231448,0.023866304869785575,0.008125455646113661,0.011433919516451431,0.011051632343903006,0.006359264093485644,0.01688735211278939
0.056131768890571754,-0.002935074209676532,-0.13573725450332555,-0.22389007607327452,-0.04240127166702452,-0.007861304013913122,-0.01638767858641649,-0.07166298436789395,0.009666938268074557,0.029376586737765744,0.015937569912074883,0.02201463752770545,-0.01371592109515336,0.007842165763937533,-0.000940412511355,-0.0490668264322712,-0.009772036097807342,0.00976583719254216,-0.00786718612566361,0.021185948762907508,0.5157638240415492,0.35239819759972024,0.4750315682507539,0.47980619577789463,0.14062919188709525,0.11220150604571118,0.07777335266237344,0.0676784316072509,0.06921204505896307,0.07038946366160037,0.07097046443822419,0.05008392712260963,0.05523177493552251,0.031137694204771436,0.03637778357175972,0.03794657987867863,0.026514359534201944,0.024749867384398043,0.030636325500293226,0.02413196512332855
-0.23343556754547626,-0.06715466799911374,0.009377362046556433,-0.024112462945817526,-0.047630744505904564,0.0014152311216698466,-0.0007544758540850646,-0.03100440337861916,-0.007831842214556043,-0.011847946969135019,0.002089060568664051,0.0037861699020987566,-0.003759716654292,0.013499036529024155,-0.004970429202277765,-0.02047547837500225,0.0035485485763685856,0.0033149517251094204,0.012351089531657075,0.004933700904174212,0.9031037396781546,0.300015198591299,0.09615175540115722,0.08320408638869302,0.05120567201661535,0.04157190560278814,0.03644360621286155,0.0375157779519552,0.022724373052274843,0.03867626233456329,0.03478444205671988,0.03176168588565676,0.025176277265537277,0.018903503840821286,0.02100706114411237,0.016737386839403796,0.020954819709132398,0.014492693673738757,0.01824037705318589,0.015816007905681415
-0.3699159052913859,-0.04232209100464827,-0.02805014400096415,0.004053755672112178,-0.018832598069087624,-0.01020654183715629,0.010287217064194202,-0.008710860408984724,-0.021833810591983204,-0.007505625364479054,-0.02091631699822652,0.008013927625845088,-0.01167906655066102,0.016636324092965893,0.009681199448297354,0.0008272004240931094,-0.004063732950272668,-0.0008990999473632909,0.004295262898413485,0.0016598484044886442,0.9160830173834271,0.11388700911064904,0.046048147117745714,0.02352458523345992,0.014765572735012496,0.02430272250268909,0.02289386166402665,0.013050619087748589,0.02242916204405396,0.011961826759524435,0.019414513147425722,0.014838452290970692,0.018782458671725188,0.015349651045808248,0.006128848042977532,0.006445913256955305,0.005316300770931098,0.005331699572013047,0.0037654609358134324,0.003082109329420238
-0.32951953988851806,0.005997910069979322,-0.007041957049169766,-0.006545176225699279,-0.004481264254008852,-0.00012761153119058888,0.005759797156264415,-0.009261978860389226,-0.004675177854719486,0.0034245268110802197,-0.010902162778357245,0.0014509246177660448,0.0021147996177216773,-3.1149252135384494e-06,0.003447488657521411,0.004516583562458473,-0.00041385996856932965,0.0015498994528081876,0.0005939486401235755,0.0016306175827633857,0.9338228584518122,0.08229032656526843,0.08292515495912035,0.04172919377084693,0.03012075161812883,0.02344431644600323,0.020385924138955937,0.01613753466776083,0.015482845004492405,0.013513182352230299,0.014803885699996518,0.010560037583811266,0.011199185131397227,0.011755510031755866,0.008629816939204171,0.008448292506580692,0.00815553900358892,0.005882960936097192,0.009291686116151394,0.007414354918940644
-0.07602535804246902,-0.04176501026799937,-0.019299959944227136,-0.03598926238789287,0.019518876030338275,-0.010948001084553153,-0.023604825253165904,-0.023447037439159112,-0.01101379790222156,-0.018486003487132162,-0.021010808712643027,0.010709609464577217,-0.009050930379877378,-0.007173008163981451,0.008281288693327688,0.0019426906438978207,-0.008476359214762029,0.004258224697883258,-0.00032581498210686134,0.009943299825490167,0.8786755212312247,0.34298110417727556,0.20899825399471827,0.06844948743599645,0.14888075373509232,0.08125577747140827,0.07908292836564153,0.07125225659791169,0.06203691511089218,0.03707917009064075,0.02262671716030215,0.022195201887269162,0.029683386603934894,0.02232439449584729,0.019189229853549435,0.02035309068853347,0.02044122027053164,0.016996871075432636,0.01611611074528092,0.016084198435023116
-0.26951439355915846,-0.07840932355726532,-0.13880310422872003,-0.01793569849320392,0.012445725496601561,-0.021016931341725494,0.0034171408623303308,-0.02392975831243545,-0.04416202612126925,-0.007582301292759904,0.013421537173532986,-0.020640888868563717,0.01966807732280035,-0.0005380265509373131,-0.024331282518262585,0.023931127437573013,-0.024357094765559348,-0.014226617242457025,0.002867570216342365,-0.03590571170109953,0.9012832274098403,0.13257814221954395,0.20581835188966632,0.07174166303630095,0.07847116942213864,0.04876206105387015,0.038525303218123995,0.0300918775503392,0.03715915212911764,0.03352069116640176,0.02746427535847988,0.016835313679485413,0.019173332908223067,0.02017921254357086,0.018023356246941583,0.0169520533001876,0.015508385172895359,0.018537011592355185,0.01225947339142044,0.014173479449188599
-0.15706116238676351,-0.05357544030186737,-0.03423001835813344,-0.06759980901559519,-0.04949216400332821,-0.010717326742828005,0.004671237711010948,-0.04557848333206669,0.014016195543092896,-0.07012705238164414,0.0014428641571174628,-0.03117293901920225,0.030974181264229014,-0.011981653974455416,-0.03141572342931383,0.005710664526343733,0.009341125115925024,0.0038764054089039245,-0.016373774721493147,-0.012202327091245484,0.8694243168156114,0.1929802028939545,0.22025314865263634,0.1606324649560528,0.133364807170245,0.10077763805632867,0.135044597865889,0.0555343886305238,0.08149356326221295,0.08364960904675417,0.0603338865814947,0.05990771651563637,0.05126217369864833,0.05204034622016092,0.0420717019832196,0.044082920635206656,0.0525096577724026,0.03736439359892909,0.035807938811120515,0.03544649113191817
0.24563094390511064,-0.12698367226292204,-0.15754159871743711,-0.19769720072215252,-0.06714622580581626,0.059006151273601544,-0.08850995543946655,-0.04442728139220172,-0.07075364211560634,-0.07266124676325093,-0.011228742115234015,-0.11362853267124809,-0.07096351199705501,-0.03882330472516733,-0.03349904213818773,0.0679594794473257,-0.054286335191089066,0.028496828306221998,-0.0010380794322252206,0.1021477222150366,0.7043517796874398,0.3981706624257681,0.2634154843162234,0.11384102567382998,0.11878883488655452,0.07120069981705998,0.07438603114006695,0.06747142613044853,0.06876324793196043,0.0522985825153148,0.034208825539299645,0.08125171517965347,0.0469399925289309,0.030979322880063113,0.02847207731212475,0.04077797220493242,0.03638148810335484,0.02917762995507631,0.030603613488276133,0.0422973446586336
-0.04293599833571972,-0.1268597230977451,-0.022474900789517516,-0.016693161862114055,-0.10439851135924591,0.009076934147767252,0.0634248672494621,-0.025577019858829736,-0.02107547544341227,0.03283663158654388,-0.05591454107625514,0.013416524753565685,-0.07474854108973693,0.01209960370751328,0.023988274801273003,-0.05592740016905011,0.0031053781549542528,-0.0017026143737605452,-0.014708032966848144,0.018580730888698646,0.8751011839058348,0.19674185059672103,0.2362721563241554,0.17247704799149896,0.12154961118151565,0.08955241216069809,0.07037466364289724,0.06472500812334923,0.059937992114072504,0.0653484740920647,0.058974935389034484,0.07009089867206875,0.042864164299224364,0.04732348539967964,0.04035549189307614,0.034700397387453515,0.03470847853634512,0.043311299615753425,0.043885554688591774,0.02435188622656382
-0.16874575988533777,-0.08574166744420093,-0.01039125128429332,0.0049066464448279876,-0.09600007840535554,-0.020053587344761533,-0.015551990673052383,-0.01449986279992252,0.01596625112586319,-0.008131160748250767,-0.008240057868956865,-0.008032542152132238,-0.006338258350032978,-0.00861686254103717,-0.004461920349846867,-0.0013705263765200228,-0.004305039205139604,-0.01076815088812399,-0.003583177589571833,0.005904929489308823,0.871286354051134,0.3417045145822351,0.10751666861470062,0.11143879276812925,0.13263258380468043,0.07415357020152978,0.04500197885021286,0.07470054568086736,0.0628275388248367,0.054761692181474975,0.05258982736606293,0.046189102186977436,0.04890304702184746,0.04889292937249667,0.02810734738600426,0.031069562335080857,0.03938778982980597,0.028061800778230114,0.03361391040432379,0.027781808641880082
-0.09948902762044536,-0.13584513574385648,0.04311668454261987,-0.02838325572186188,-0.04378107049460491,0.024249317671385537,-0.027389297051991925,-0.0023367061227530066,-0.005034442602811351,0.0008156694610155803,0.009109578261707035,0.011254835885018542,0.0022073645510372383,-0.005968717476811298,-0.0016880795554192036,0.0023798257604061086,0.0003258476112683006,-0.004222155853169059,-0.0010758275603545287,-0.004470644612572041,0.7854354707566206,0.5138359832309539,0.18296280914465538,0.13909801687699586,0.10023435740057822,0.08825505413655257,0.06375630871817753,0.05329808577955267,0.03796361660424029,0.040646661205537594,0.023972352024263417,0.030210277186915428,0.022514847947783613,0.024058552828779604,0.015033923045840194,0.019254682359782643,0.012533504495998597,0.013149071147939164,0.014615361449695876,0.00953862261925612
0.08953897391142354,-0.022104620880372468,-0.10321236814189681,-0.005425223699663758,-0.05698910254363092,-0.0780367170388576,-0.02530394856532297,0.024294487505017146,-4.89562906636768e-05,-0.0008612458352566504,-0.008348077517674388,-0.0053177542491243315,0.00352904233462155,-0.0020785515749368573,0.0095335390437787,-0.010560175101063395,0.005807407411433713,-0.00046764799376839366,0.005514412190131198,0.008122447363617604,0.837053167489388,0.35402728837267505,0.23457643141598716,0.16107856209324195,0.1778270318877105,0.09519038640527344,0.07808691039066276,0.06001571283663631,0.05418581783475662,0.03618461620197087,0.04498780136184152,0.03574649983279308,0.031066880655359612,0.02590644893571598,0.027526410876373485,0.021127125664709423,0.017400004509916106,0.02648502778344404,0.024930243143687945,0.020823899375034746
-0.22172397596323914,-0.08808574784022255,-0.09987684613417172,-0.011350097871104725,0.00502454337845019,0.020490893256890158,0.0028800971521492783,-0.0245024392448029,-0.046087150232013235,-0.02449607155467487,-0.00024509929412041203,-0.003574415984858212,-0.004102930078664295,0.004378044242792359,-0.009045221018157048,-0.020695907234148096,0.00897511376601567,0.005428947048641235,-0.008834359220364334,-0.016614675228785413,0.8883994269360246,0.33302438169392706,0.11784767021006358,0.051312569171097666,0.07713307366061066,0.03629623406683147,0.021139466177580987,0.02899161832708389,0.028257025262106633,0.0180463993602404,0.020849114731730917,0.010818435909309572,0.015695325190757645,0.014768612779807429,0.00776451110780465,0.01281680992045975,0.014498353562588398,0.011853533147081674,0.013131752913039073,0.007213390395285871
-0.575763418917324,-0.06972268001090057,-0.1635841316466258,-0.11637226670965867,-0.025194157925989325,-0.03578323130228944,2.871781233881098e-05,0.003752093549516108,-0.01052687503228194,0.012679142251449756,0.003648702841906877,-0.004092304974587194,0.018548742565774528,-0.007142298596645742,0.0012525100144556301,0.007823419889061278,0.0062367559735326435,0.0032044200902848824,0.004566817685925809,-0.013838267154202555,0.751225658995747,0.15532567328836946,0.13857039936705826,0.07861774949597793,0.0446830883079222,0.029018729418679425,0.03019049062896154,0.031685649390753204,0.012497290558516642,0.026971104076801793,0.005963406196685449,0.012357249384495544,0.00901329716396655,0.010399739075652762,0.009547277004101842,0.012208726723437131,0.008999242529922673,0.005489799616973815,0.007579552605505461,0.01048656615213477
-0.37909775214926705,-0.0030562544017688122,-0.17321331634264617,-0.003770933875976726,0.04302614380664766,0.0599166463840759,-0.0064904997130263995,-0.008831078615197429,-0.009369473835157205,0.0004996497667202706,0.012485976069548528,-0.0122026560549082,-0.02754285070192268,-0.007763551222809273,-0.0049383682140456036,-0.04258574786805487,-0.011383661884595199,0.006832104872427381,0.017976827255502804,-0.006468992376397988,0.8400644903726405,0.21486781402808158,0.22987202778186672,0.04701552775453186,0.05740440442218067,0.030432316386073282,0.015585575349021288,0.007601779202666611,0.01905593738620222,0.01040769502220656,0.009592090695390194,0.03915999565267685,0.020825894098942248,0.008679976360893672,0.02042068702415306,0.029529181863652953,0.024471062010984635,0.012500810362704416,0.023915006235686792,0.020830843885551353
0.16025330774122504,0.01745939240688368,0.27927718878920166,-0.20949451221620863,-0.10820174215886118,-0.1905205017666812,0.026719368300809072,-0.13783727083352665,0.04308075769122444,-0.022269973716679797,-0.012225693048925833,-0.057489980139890956,0.047362811291593226,-0.006312510107488385,-0.04337969617519367,-0.020486496931885555,0.0029334264680222428,-0.04828412555381899,0.010917696210305373,0.036589062407824974,0.7201005704665405,0.4109605026822928,0.23788951380920936,0.08397400408467039,0.049862548884863744,0.09825582312700014,0.014127922755855827,0.06314624643274556,0.02761572507947342,0.010046478027831283,0.01240353547394912,0.017924329041457576,0.020068504421251458,0.006940862411544909,0.01586428957887492,0.012085748472553733,0.007128885387566234,0.015363556097817524,0.008892479134869727,0.01629210893804414
-0.018239697770745158,-0.16593292652138428,-0.05650711034319726,-0.024780588608985604,0.004908783158235932,-0.02577073474020762,-0.046453113420595195,0.019556657212261186,-0.001511843311900666,-0.06015841241533564,-0.008002042719417164,0.03844709025406837,-0.007165266365256481,-0.025736292955895627,-0.02360406492842252,0.019108952238764357,-0.010211694821570685,0.0075466878272051775,0.011478959062859196,-0.03057848168385405,0.7533795929794415,0.4042613201342252,0.3025883747725675,0.27284684772950013,0.07582607192089079,0.11845569402206511,0.07897953976368073,0.08323710416957143,0.0536979968554878,0.06524637809948379,0.05702504428892998,0.05669102428679001,0.05443727738501629,0.03643450363819907,0.03964347636870656,0.04977832726763313,0.02958295119777179,0.03112129850309243,0.042675290686931926,0.038704943447806825
-0.198340045581461,0.17101062319991414,-0.11630746381949875,-0.002279309331450565,-0.03407012973478187,-0.026665368460204942,0.08720350039460319,-0.10634629482472674,-0.06606108162456817,0.08171742297845734,0.03590125966452674,0.005993770992380353,0.0063558523892820575,-0.029724820260397918,-0.047596551249145407,0.007214627567910589,-0.02338687089093574,-0.01867410313985203,-0.004772307186317273,0.03705381106350147,0.6848537057740778,0.586109156912001,0.06091568374507281,0.03755874110727152,0.0955932260234731,0.0456872331931048,0.1391746963978492,0.07020957992724478,0.03616598542703272,0.11108333873800283,0.04737306801946946,0.049851066287471865,0.04130361232683634,0.034579189577018526,0.02635307921265967,0.022406084742207403,0.02660283608739252,0.03658631248946148,0.02473861655608236,0.029513744672032816
-0.2622533603318951,-0.24587742434642015,0.06584820592469018,-0.043211321789486834,-0.06530781423931643,0.0915301697073178,0.07393138524980254,-0.004081720789720437,-0.014723370117678278,-0.04964354899790615,0.0024774829372724494,0.0232444199440893,-0.03573357107616447,-0.02614610598053164,0.012564874596897696,0.01583740459631714,-0.0027188133671166587,0.0135494781868205,-0.012013733034636024,-0.008143700622056342,0.5846994410749582,0.6632933624583028,0.18804186046250612,0.01951421913154509,0.03946319623429808,0.11178175890672062,0.075775629500577,0.012882589283672728,0.016573954800880166,0.025167438696780377,0.016289447314568547,0.017562659593229096,0.02371725704934202,0.017236697800557046,0.011623622686165354,0.010839908040944283,0.009894461406921103,0.006309952885286102,0.01266115924485898,0.003964735104775538
-0.3245433021061559,-0.10455841423554942,-0.0900379274070953,0.10088380985254035,0.08796424223653526,-0.049819260672378955,0.015144887687691344,-0.013911908987018332,0.0040118995708765745,0.010412993785975594,0.033077998179384185,0.01928570635989478,-0.0029021962627329735,-0.014303812540781469,-0.004527182292195225,-0.0026067319302904212,-0.002503609712471337,0.008640516144400655,0.004021536960083885,-0.005725398143800437,0.7354127745002712,0.3405093969605375,0.2621850220911571,0.23307145201623927,0.1486680337756153,0.12142998242852629,0.10934452496151105,0.06657175415865657,0.05517231725372029,0.044289104006824676,0.056203696106352036,0.04823686710533112,0.043726465263711614,0.03412191474931136,0.04275416428970388,0.03268180407617611,0.03067480158656726,0.03150685125239003,0.026931411080474844,0.02552798331011072
-0.18788024260097574,-0.01544882652015398,-0.01795145365090558,-0.0002700510663285215,-0.016016305493669374,0.00045664598051648375,-0.00508329782793159,-0.005600810351866706,-0.03453260494141119,-0.007702873052380236,-0.010625020068063895,0.011083820897184911,-0.02448833767766053,0.011292679933669303,-0.006681582713243228,0.003695768302743375,0.012390623148566864,0.008961299144883753,0.012267118444068649,0.0024145531071472475,0.8016279414900954,0.48269949984526495,0.15916252624272195,0.1795261967677343,0.07604949846817292,0.07124629121010032,0.052572612060246875,0.053569313739744294,0.04909335972890613,0.037309295734509876,0.03784656278104475,0.03251877233181647,0.031055829884962975,0.02684656209450335,0.02838529428826886,0.029029982871862852,0.021606266493214135,0.02353109078181075,0.021517205915146848,0.019799969900973952
-0.3427844445180096,-0.13051377816517234,0.20041371967385552,-0.1517343830958895,0.06360574274687868,-0.0667302605281623,0.03318318916855466,-0.061230248988656276,0.07906855161869111,-0.016508328704640685,-0.06971015121819725,-0.016713535290766666,0.06146553684570805,-0.011359568103395149,0.023212553371583525,-0.013734384809413237,-0.03962613902335568,-0.007167497437098996,0.04622090885555362,-0.00978195354183076,0.7143089782246047,0.39532520738337695,0.2312435074643227,0.15880233884575295,0.05969510413733772,0.045037623280733,0.04265483426231391,0.05399594875773288,0.059924316598594665,0.03329649511626658,0.04975974187086608,0.022348348437256076,0.039783004594404314,0.019240455621937547,0.020885733393221792,0.018036829499623253,0.0324840500226326,0.014379582478606353,0.036217975599299394,0.016569563395956406
-0.3510293369120607,0.10234095454443926,0.07701370245677117,-0.19518378936250136,0.061334617931894195,0.00512066973624149,0.001518515481166967,-0.023287223100942403,0.03877220353774946,-0.010892440505884839,-0.011301338455114097,-0.012499624764981137,-0.034098022223625304,0.019012741811742583,0.0018447982522857194,-0.022149944954954315,-0.01605469104322523,0.023961326804401533,0.0047910123523743665,-0.015330514275069117,0.8212873713547604,0.22310846302119125,0.13495141552988427,0.20044156092098053,0.10218537830566421,0.06632656383068036,0.053840842297144524,0.036672892709580004,0.05275000410718048,0.028843362456595405,0.03223441281451776,0.027691561584257448,0.023694453800749703,0.04547862837082798,0.03088406960977928,0.0260665141782141,0.019253503421851594,0.02008834321501416,0.019532783907152698,0.018088497074103135
-0.1733877971933415,-0.2962734365515727,-0.18830286926930276,0.2172311410808549,0.2670768700618802,-0.2452478375847574,0.03381548965230685,-0.01896684323619116,-0.15058770737941193,0.13592504616571355,0.08745257721715265,0.055943904431941215,-0.18208225792728122,0.010820696167756964,0.02088217067387366,-0.02718257701483512,0.021621368439567214,0.06004151064345495,0.08532914460269107,-0.017281704241210085,0.09912154709857686,0.1902561017971605,0.2528228395603927,0.19552342642136977,0.37653400924219893,0.2999572576342424,0.11722018358544191,0.09917021622791158,0.08539299089438165,0.1999656002206089,0.132383779208644,0.09904254079636997,0.1570110239591711,0.08373882490128771,0.15155463750513534,0.07541849306159858,0.10707110589064478,0.05557125831177218,0.10397675186980114,0.0686048818771663
-0.03863346353215936,-0.14029595168701584,-0.034934602744202785,0.02914836609711861,-0.014900009685987679,0.05593270887764466,0.05455737925838703,-0.014277057624539827,0.019709451521344228,-0.007177185926560409,0.004691061247811163,0.0009673858707943534,0.00840070591726326,-0.01408160591255803,0.00398220251871751,0.007519111215034718,0.0005010387419266195,0.0012555070333524656,-0.002278369439191376,-0.00018926840273783012,0.7778505474509043,0.446599352060392,0.19921038607251024,0.21473662452047537,0.1521229233029043,0.12633109162595837,0.14395090042629063,0.07478160858705125,0.06737037851800992,0.039304068721539596,0.05090599596562454,0.04890828911602978,0.02361097922019119,0.02471529560370852,0.01585073217655751,0.023653832517511103,0.01527110106070071,0.011450529109704472,0.012517130632898804,0.011453200328270845
-0.46050454241171235,-0.029004227152931102,-0.05298419218558033,0.004797055228384032,-0.012491073763283518,0.006918874797633026,-0.007528792614780393,0.002444542970146433,-0.004555535094239829,0.01158683730816057,-0.005251515279967685,-0.00010859403450073289,-0.0050814281204533875,-0.01568617733462485,-0.002969801529299649,-0.011485847389032917,-0.008938740523676339,-0.009006507182640717,-0.0007347387579840697,-0.0011080610932820904,0.8833198406397574,0.015042960689760581,0.04544367385827346,0.017550597114151658,0.011764580706079877,0.005754332208758633,0.003760201895667322,0.003478368644188603,0.00241600781352543,0.005395811584820094,0.0029427510805595256,0.001106552232407328,0.002577785134288451,0.00883520022394167,0.0016659659261793484,0.004671605781752771,0.003589967949675281,0.004293225969731198,0.0007465660520126837,0.0015055732762309709
-0.6228482495043408,-0.09210915981922296,0.0937960976117493,-0.12475309796667447,-0.0052300216139835815,-0.03536432831069679,0.010093703054215033,0.004142750724925542,0.018503063139569554,0.01571211683033142,-0.0047184322626083195,-0.0036793900942793025,4.6787637717686246e-05,-0.0003507776115956606,0.002183712126378862,0.00018396627247505931,-0.0011848695140404106,0.0014013741202586368,0.00045569475482182855,0.001371335667256292,0.742693666338644,0.11337250261124927,0.0381132287801994,0.04997784622379961,0.02043127637590053,0.05353819397004877,0.013942325165290037,0.0067973397042269115,0.018182389049971093,0.050370227276757,0.02029466268788493,0.027796822188224008,0.01498960355148513,0.009085555836252682,0.022532621655236566,0.010317001470955482,0.013276547578161426,0.006522217387843169,0.005037035019648983,0.006528276110107972
-0.39307189916390267,-0.2963979387196878,-0.07118373156511637,-0.07829692946459099,-0.017205992546613612,0.0021293881161557862,-0.0035977071853668455,-0.011283070436437843,-0.005510974309133467,0.002296253637200384,-0.01509806532861364,-0.01348311391812727,0.004409556286232408,-0.002124371058497085,-0.0076246981387079835,-0.0025509195851280086,-0.01715259852529229,-0.005567522245447327,0.006481620401049237,-0.0032906612396627656,0.12243025351119775,0.8034665170587186,0.09307035034008355,0.07228388548584415,0.14997933486532222,0.15036399586966676,0.0897884987650687,0.059441091779624776,0.05789864512004919,0.04314054120663724,0.03816714832358896,0.03689468325421856,0.031239853564654686,0.03597102416064589,0.03161642034614819,0.02903498975731733,0.02672085728085954,0.018171792862651377,0.019936601286947693,0.019335544694812006
-0.21884858815972738,-0.11907165001370613,0.08803129557413673,-0.08552383004597619,0.04378845626429341,-0.006828267790323177,-0.0009210577790769453,-0.0004501347369623632,0.007952492722170641,-0.0074796158160690155,0.0016437075921713726,0.0015610415747120587,0.0016638107823752839,0.0007640838666127834,-0.0023327574350961236,0.002023924265527239,-0.0013966270879976807,-0.001318781997768,-0.0020502716638669334,4.7827015427387064e-05,0.9431317823540439,0.1319212398499821,0.07971944004028753,0.06473869796184628,0.03625474609796551,0.025953532138107683,0.010441915619780657,0.0180436323918766,0.008960448039039417,0.010864916775963691,0.01503891854456847,0.0062690658854376476,0.006524961509459695,0.01218967701135795,0.005568758236634414,0.004353875735972663,0.005357192053128725,0.010102935543340772,0.004969787623419019,0.004808637841365261
-0.11332306454752909,-0.6350459549505659,-0.45877903455557945,-0.1734591453940917,-0.12158971021049877,-0.06571469074612105,-0.03026086113889609,-0.003093162793845883,0.010505806862655174,-0.0018581545457852047,0.0011338277944972965,0.003150102492628601,-0.0014075797438920484,-0.002772619392591749,-0.0037693509292286965,-0.0025561767082532293,0.0040856795776767745,0.0026780632996119477,0.0038503104884468706,0.0012453300121832223,0.03117987940295173,0.38044716532335277,0.37277613018089595,0.13079269090713821,0.09269572050957203,0.07877664837839152,0.04810558038685638,0.007401045553074998,0.03289754313846636,0.029278693104498262,0.017344115400988437,0.013071544214885508,0.02217081447367419,0.01171712725422178,0.02231746579454306,0.014548984271813626,0.013426771731091709,0.0032567931657737897,0.00909779134432423,0.010639659939464209
-0.35570686352197883,-0.1300707576913341,0.06037552500422506,0.019643425702359465,-0.029217458183166338,-0.007292945593570373,0.02437422355246528,-0.0111826545043857,-0.004336067065087523,-0.006243350342883953,0.0074109958996385035,-0.002996839156822795,0.005526667801786786,-0.017248493257645745,0.0009429905240961676,-0.005352267176229636,0.004155739858246831,-0.009914811042463322,-0.00020774851745593593,-0.0034829763015822197,0.8370349303980867,0.3214637369078312,0.18833685898812463,0.069358826293579,0.032057154529698983,0.04562439792160689,0.03399621919290385,0.024208597790600046,0.015177022267575413,0.011710915477635827,0.01345959948379487,0.012477480391076845,0.011804266103764189,0.010523955631162152,0.007201974520734352,0.007618744167570491,0.004582462449865848,0.005864748298801366,0.0067456892805031286,0.005100562421743118
-0.2736956278823567,0.3950423108912744,-0.10209596011621731,-0.08484129332590148,-0.005636476099893842,-0.016095719102531866,0.0019590304241498143,-0.028984673438409523,0.00967628838721835,0.012059409485875217,0.023307034049710018,-0.009408711690294943,-0.01037508569764483,-0.006687535322197388,-0.005610908856160187,0.010281906916846691,0.00396419596999902,-0.0015957429553887076,0.0023671642951394677,-0.0004608078776583054,0.48166688081919495,0.6820151381079097,0.18854229098465214,0.0694737794113773,0.06980010614763373,0.04040934210552797,0.03227325362011226,0.03744453191986533,0.014853914048273595,0.02319477870295781,0.017241295747756624,0.01854843532710098,0.01551751734599566,0.012805472097562783,0.015789644262743586,0.008701657016120865,0.017946163781868835,0.006503771334203228,0.008375761291241813,0.0074889971527138145
0.09086847596818771,-0.003996606720284608,-0.09397975909162556,-0.043796873822079314,-0.051692964530449526,-0.0548891383732533,-0.010189381193312714,-0.0004872878709774512,-0.029964423974223907,0.009093648146994829,-0.0063964461934254225,0.03392389763244624,0.0043802735934484445,-0.011652170019738835,-0.007090011865344746,0.0002028838196005367,-0.002050979328635166,-0.0013994027977348624,-0.002879604162321285,0.00952465751375454,0.8093087008684788,0.45985603312680406,0.24393888707624128,0.10589648491059674,0.09302607822149324,0.07548818877239609,0.06484484677502257,0.053247005224170856,0.05703637138463502,0.03563195247612466,0.04937813443507608,0.0453717002928299,0.02789083710563576,0.03304403857214365,0.039080176258085075,0.0182100422958303,0.02051843287880171,0.016967555011423732,0.019546262041698324,0.017457900654509417
-0.4007121151039571,-0.20293203227221399,-0.015813165139480383,0.027802280099108814,0.01631520559632448,-0.031531523601403294,-0.016660545891195016,-0.00905709568665178,-0.02498688496482926,-8.871617765254947e-05,-0.009995110478865355,-0.0012923483576149687,-0.014494789324945627,-0.0008978217974493717,0.005223371670751544,-0.005348641614161805,0.003160736482777851,0.013950741009855551,-0.00789246404943958,0.0070193985061164305,0.846924073041119,0.17102654778102863,0.1445572794759331,0.12218833764725785,0.039720896548501604,0.03398157828673622,0.03267339205665787,0.036629718198461836,0.04875795966079397,0.026892962544287177,0.017846448662843788,0.03386792133290682,0.022238717429459626,0.019645218297858466,0.02603349791594406,0.011499383531876446,0.009825986470392283,0.013231967424163741,0.011965325971025339,0.011225701381996942
-0.2435394080175668,-0.15168728714200497,-0.1674207423204901,0.04786319696388178,0.12486464772888534,-0.08279106576069707,0.007538641694825398,-0.08067758864214679,0.041755082244989083,-0.0042988977568939775,0.014904569649193157,0.02857769171796614,0.02289802244944756,0.00502363746549657,-0.008730963974892146,0.0012711028061353782,-0.00947821335881697,0.005382844764321191,0.008577529813756169,0.009591689888019533,0.84391610732837,0.2267511079169576,0.1735861326852569,0.08716779555731105,0.1183252250189175,0.1244422648654189,0.04628641082298978,0.06319829965005525,0.065702407054889,0.06278610219312758,0.06272874145743346,0.03836787931187018,0.02115017361515696,0.02642544169100539,0.023363807144200836,0.021820088633102492,0.017601262596793406,0.024835873592067726,0.02215840668258598,0.020492679509377203
-0.5256033647197114,0.012754997184828643,-0.04237087062579534,-0.020171384073347697,0.04101696419058402,-0.013662116419847391,0.03692283664817989,0.03569103040365732,-0.013845871359908021,0.002657861652331998,0.0026627306921268366,-0.015603141961533784,-0.012141231454007565,0.00042689857212576684,0.006475260932858402,-0.00708883396155247,0.0023790216367151782,0.0006916176084309075,-0.004570684078399689,0.005504448498056298,0.828232117830116,0.024856939782464643,0.027067818687796934,0.05261694899348566,0.10723642705675734,0.02500207275381345,0.07325136860877259,0.07548312479504413,0.020892321153258397,0.009682236475520556,0.01467248199991203,0.03476494525925085,0.017249351953854245,0.006595804711747084,0.013388245546991763,0.01314236547741444,0.006215762928541739,0.00453391191390332,0.007880310236764559,0.008914407802563242
0.34514382047246656,-0.45652468787965894,-0.07528176956716791,0.012296630811069216,0.026597575141197864,0.0121489550675334,0.002967840954654931,-0.017284135510301193,-0.007736427859655006,-0.021072171025316933,-0.018447753475733762,-0.0077666476618169465,-0.017206535643057408,0.0025910184387305645,-0.0001464595441750498,0.005358985000182751,-0.02056356531642821,0.012933220414570892,-0.008995422652070262,-0.013156229919740381,0.4977169374136252,0.581370310195391,0.22071872206531526,0.14182180818718998,0.04395425676092829,0.03651425891933352,0.03627398838178338,0.029629185153987846,0.024945658477513396,0.025769794798411176,0.021904159719914364,0.017059475859350307,0.01829833372223497,0.01589320999455355,0.012091588626086442,0.01047718424111562,0.013242849032316628,0.011676581684695517,0.010053513785156922,0.00914010977329949
-0.3204736729377305,-0.04880944397406991,0.027840650153102255,-0.04697208769928851,-0.03893320777372164,-0.05744719026291647,0.018922882546305038,0.012086874804894216,-0.0064862435138739625,0.010425264800420667,-0.009063014831211838,0.009330038039486977,0.002709408048903439,0.002358025828623871,0.011984586504497234,0.0011187206621506762,0.0054490562507082665,0.003880945467864358,0.005540952072615451,0.007457480521133287,0.8154546018534208,0.33997710870164505,0.2001557983308086,0.1845380899776602,0.057911596482399644,0.09772833447280203,0.06371945094386758,0.06376426682707756,0.05209018909419402,0.04311580206809574,0.03588125760009716,0.039578039113855115,0.03857821699031638,0.01514003151593524,0.012832531633158555,0.01743954560263519,0.015470863311198933,0.016050518477022685,0.011741373328732044,0.00765094333193264
