-0.5856334229320604,-0.164043783534954,-0.09505334118506913,-0.041632740809015516,-0.054599258676528525,0.09904343152440401,0.19041936488696912,-0.03453150736691922,-0.04672369477389149,-0.1272755672941997,0.07739005967654199,-0.11577520261657859,0.0037830907589778266,-0.021006644415992787,-0.09219470958469471,-0.044961560163303035,-0.011475699403041979,0.03938712047643827,0.07006506221631226,-0.0509054031127365,0.6249986648702858,0.13981024582577958,0.0859509438080349,0.056066461527468206,0.07755262835254145,0.07871935475487223,0.1374511826648639,0.04125316086197724,0.11885413072759332,0.17815255156125684,0.028682967279357176,0.036492226807108244,0.025935411763098735,0.03806942930752278,0.02224841300855637,0.02787758272647701,0.030486720560239187,0.035289387126409,0.053876825888288175,0.03433101828931789
-0.6754347140491376,0.09835504597354373,-0.1470338511770347,0.10923440105681155,0.031158292551920947,0.04326785795322964,-0.07851122977227552,-0.01751766886121822,0.0005392832991717426,-0.018889927540522912,-0.08224259981974104,-0.02723317641549298,0.0856194453176127,-0.01109667571622434,0.02339038948695268,0.02594331539925544,-0.054170693885710844,0.010607246269087914,-0.13541318519292903,-0.05961053804379088,0.6131315027245834,0.11000898586604216,0.09774206538433466,0.07255433474735364,0.08641217750163782,0.05156809417315614,0.07689577548707356,0.03994128662099322,0.03633314747002795,0.017130394594783677,0.03280935445554876,0.018356294121291607,0.1075493837862643,0.0817384519922445,0.030971764482694026,0.014522957470751472,0.02772007108730047,0.022373967629413533,0.0518308299032214,0.05376347409063329
0.30220449800710975,-0.3106117035314147,-0.317564399153333,-0.1959100021992298,-0.13192735024583793,-0.20550060405281445,0.0613248997508049,-0.1811837946249232,-0.01783487565924131,-0.014685652204730842,-0.09415886603878786,-0.08149512881831175,0.005087367165682999,-0.14496507707707804,0.035925444093015305,0.04931142042306212,0.06693555409102742,-0.009078539006371634,-0.04727204822271706,0.0045402817968541315,0.3463202849096265,0.44104349654516867,0.21461412923054565,0.16364434656975,0.15142619728730275,0.08361175158611918,0.15667089930852615,0.199780689427058,0.12407551981285554,0.042087637108054896,0.11603637522185806,0.02949628076585818,0.040893544121088324,0.09522951037982577,0.03709042407514158,0.01654030473116099,0.04030905752167553,0.021980240700442577,0.03561024799678612,0.013326266879082383
-0.7009465426727498,-0.11344512869727878,-0.12373441319694195,-0.10599801123486444,0.051041166016597014,0.01651775721089017,0.04744829523368881,-0.04415711270126147,0.0014777246713448507,0.0367546231002289,-0.14062346415952826,0.004176605332980783,-0.07062059095111159,0.005830184561461766,0.04127625621428855,-0.024645140944070724,0.09330801265808139,0.05797246286462307,-0.04377024306394616,0.0038215696202237924,0.5984556972334629,0.12872102713427075,0.040176631173846615,0.08439456780890954,0.07686357325790201,0.09088461754423777,0.05176217176457616,0.06459134130279719,0.015940692763606962,0.023999439461817634,0.06685612578878013,0.01826454584392739,0.037961461416426145,0.058835221485484916,0.043421219549489284,0.020260779832533948,0.03717262296800161,0.02245647200778826,0.01969714350001313,0.01110332943770138
-0.5375041726277778,0.06147693330394591,-0.2355543734884329,-0.0926379580210886,0.10605280324478882,-0.042541041748222486,-0.05307613927048425,0.009059575021703136,-0.22605155212479597,-0.0571896034591673,0.08707559085381722,-0.04003002381614093,0.008025654414892306,0.020672676392497886,0.01610586883454747,0.0375332463314192,-0.018527935441205446,-0.037685773762056944,-0.025690039044630887,-0.03670197693699393,0.5241029819579172,0.1659573007518497,0.3372716995218797,0.2094001999893785,0.15730561578139,0.11886644408721865,0.06548071805803833,0.0700622979170539,0.16223763149130999,0.08888606400860911,0.045969816344941995,0.05614794606136185,0.053197838832113035,0.030263636991924033,0.05540467390028829,0.03272467859255798,0.015464144143942165,0.0278018944932604,0.03032508792534904,0.024459049603217372
-0.22360009492265304,-0.2993671020894903,-0.23276146813342627,-0.27025322457098216,-0.16729212180424355,-0.11766087680353667,0.1379665109626338,0.018806326933067538,0.00576631929968804,-0.06518251154221841,0.09485510586353389,-0.02441335119667172,0.10107937413328223,-0.29372099969273346,-0.10379378008942919,-0.009343887180694387,-0.12090094264053568,0.07798185506063644,-0.09452844805927627,0.026096742656047396,0.28894645576614797,0.3631982261193318,0.25983477721511716,0.19616412882893847,0.20542623502876986,0.18903260378959494,0.12243333512772382,0.08921516902363692,0.09705966966003662,0.0724211381433071,0.07169439495914276,0.09670702870014407,0.08536340153633644,0.17123286892985107,0.06433151022707059,0.08399426007253455,0.07901710979966103,0.049991634017272635,0.10873386509251474,0.024570124815489976
0.2888583985526224,-0.3464297415806966,-0.06985634187198726,0.05444523139101645,0.13502376230995275,-0.15194505333342886,-0.027217497943464446,-0.11474353885288545,-0.15227198765270092,-0.39747323701086373,-0.10688519482779588,0.0325665064645643,-0.17542563132061625,-0.010291165568799216,-0.002299174362999533,0.008860960178674798,-0.0019792498395299917,-0.10727196770438514,0.08693642825737363,0.0031544141111176315,0.3633567153498664,0.28250976305251374,0.11847863238518241,0.18133501288499504,0.13258834575746187,0.14819495757822518,0.139019452231642,0.060996150064261886,0.10494872309630723,0.30421028155345553,0.13973222729717374,0.05001146902426443,0.1099031619844965,0.056379898055679376,0.07815009514750645,0.04736787191881798,0.06744271402308345,0.09983488813146081,0.06319853600527355,0.026971833536423684
-0.4154607826905341,-0.1748867466848575,-0.37947648537617207,0.06972154828939903,-0.0708363704513124,0.10112466589861609,-0.038775154660171625,0.18800955388419846,-0.20784168965316155,-0.11476935973456581,0.1352222021775421,0.03598585495912117,0.1276681194693589,-0.13149339392080941,-0.04005700606448803,-0.08304192030675116,0.10780524021119048,-0.019759177650578406,0.08200996386410665,-0.11629075898507542,0.3392696016461204,0.24613586367699314,0.27493264336718326,0.12303753139585878,0.14768690861410005,0.1666023072512485,0.08604368135015607,0.12166963400618488,0.21602037359348972,0.09185866782199413,0.11514750610287298,0.06844034872643945,0.09531940779368342,0.07483742596446177,0.04007720632862374,0.0631313118300532,0.056205410750141946,0.019485906886009895,0.053928427534043984,0.08710733041280039
0.25011433173860687,-0.32252073675519394,-0.2736261130687852,0.18060577423596166,-0.09574226383938035,-0.06395358538188001,-0.05666338029078596,-0.09483620579457627,0.002509872538961709,0.09066057170990444,-0.24700446782383279,-0.13998266582412264,-0.07387777126482956,0.25221183907171935,-0.17205573797019771,-0.17310446757261524,-0.0707979039791347,0.09619546596377292,0.09021766358655046,-0.005238821424601421,0.32414953525546375,0.2121343340129966,0.30532627804791673,0.12115192719013962,0.14139138033072096,0.16487298082823207,0.15089791664416052,0.1309453578844237,0.13062797905352566,0.11138615587672547,0.11557094764899548,0.13516715536924082,0.08934636559756289,0.1453558100018008,0.08198065293841238,0.09709715054840919,0.04499669923645038,0.04429214912439744,0.06988965471028025,0.0165854202717346
-0.3803425444543342,-0.5391846450761487,-0.022197237528299666,0.04179878410983922,0.019400686690988184,-0.022049757873307638,-0.012532308147222582,-0.0007043757677224552,0.12968381379605634,-0.10619143057463526,-0.02826574581866798,0.001244160156588969,-0.021298028561807805,0.010398351103380107,-0.034823647169095154,0.04117002544199211,0.01583988787439141,-0.03525310741645119,-0.05985965221677675,-0.0027639174026436665,0.25044348070020406,0.4826772835128641,0.23201299641015016,0.151426143232336,0.13540812654896534,0.15400741737152504,0.14002773506957147,0.11750972205713442,0.18196121861749792,0.09891412632930646,0.035872150824131914,0.08702403044530677,0.06644308008996822,0.05936725139538667,0.07087293141921526,0.059548471632873405,0.048142027903244095,0.04896926616914684,0.04227992406774824,0.03487349612083134
-0.692428843732608,-0.04024355045393417,-0.12021548780093064,-0.07563715651054029,-0.2019310966916481,-0.1491742519620857,0.11112913287492482,-0.10652157483675873,-0.014182159595087528,0.025177478984629374,0.05692082969212891,0.025852887761280037,0.011674534099045716,-0.007570707264598184,0.03242788829965425,0.009172741827903683,-0.011150650049945194,0.007178217489500381,-0.004719497342979037,-0.008177525303929206,0.6248560496878388,0.016329880279364016,0.03679964124437254,0.014373242194043711,0.08663087894524671,0.04200398708843695,0.033085359484474344,0.037429705741905836,0.01109940996050962,0.009216327434565222,0.018049546722876973,0.008450516573136927,0.02946823929654286,0.004882617276400678,0.00958657681462747,0.004100920351705811,0.002834813357992462,0.004065403005630367,0.0041742367343409,0.0009780734286089392
-0.6696240961756746,-0.06765164393277506,-0.046739642116095964,0.18949997619262665,-0.14099022512661769,-0.07210340971378941,0.31083960293003804,0.01477900658373071,0.007806608784263762,0.012200095286606887,0.055346599618466365,-0.011250965883042646,0.009273842305864444,0.0035564598410907475,0.021400514520563105,-0.007664036998247479,-0.004818308021691078,-0.01878005178530602,-0.009804770886231912,0.004274946964377389,0.5802056992366941,0.021916187116606946,0.025198005134442775,0.059329627054325616,0.04149229784081562,0.033603838671830935,0.19242809404328953,0.02345631721391691,0.012761373315428579,0.005082420809991044,0.015120628498908509,0.00196015595669422,0.014510165178656411,0.001333969592171546,0.010233907998061037,0.004003547913088385,0.0019266228272197625,0.005566715632453053,0.004084260561195249,0.0008495362660786687
-0.24280281812044752,-0.4805542103822088,-0.1924802445095111,0.10281586997632271,-0.2958566205642166,0.09829580476331587,0.004273191218835499,0.26789554892888373,-0.11400207583070726,-0.050883067556288894,-0.0012061953025843905,0.16124997759450654,-0.11806997532782261,-0.2450220797763146,-0.09482278594963627,-0.12792798989608703,-0.13213637519881422,0.041050235698187415,-0.18585292329120623,-0.10990092258870152,0.22200034361532622,0.37491275111486394,0.13515804506470383,0.08790180988021268,0.1561046343976701,0.06175417726910071,0.030986201190202838,0.11896383823161413,0.056114747986928976,0.030381270773691998,0.025082171400968373,0.06725183470140263,0.03707097797398934,0.08840221774120242,0.03244423803648229,0.04414745272311438,0.03514891845671547,0.01978894329071623,0.058965092105743064,0.034310313653306286
-0.2093095969470969,-0.1254453063871842,-0.15652287249938604,0.4693349993599386,-0.007047765937358046,-0.1550906557061683,-0.22089722768298653,-0.12097221152093593,-0.20916295909479013,0.12842082313267747,-0.23182988332103358,-0.08873122390456363,-0.011135605776024099,-0.2106335473575795,-0.02918317438079246,-0.02000019245935719,-0.29798966398751875,-0.20803483310547577,0.05080134154111728,-0.10094710798272494,0.16706498608458176,0.16550285942984846,0.11769928076435898,0.3657147032316834,0.09313108964543049,0.0788321060242081,0.10151855774495497,0.05420662664183792,0.09439593850962656,0.051223979497176796,0.10409349083850684,0.04232015624341221,0.044145274081932195,0.08140603999776,0.03307683103150557,0.023405369962472066,0.14252543518815036,0.08369551571217888,0.028648112770025765,0.046306957739019404
-0.26853051642119136,-0.07766161573625846,-0.07177024560665386,-0.42167947087976415,-0.3516919358213774,0.21668605363751828,-0.37277462171338255,0.16701121721191503,-0.1334668810738021,-0.06998995372645658,0.04715109688859192,0.003954647761995981,-0.12849775813989625,0.07795453263973137,-0.19197215835409567,0.050686443281427344,-0.07783899080105389,-0.02901053701721454,-0.035434653954826034,-0.14052843953438063,0.3117133386494109,0.0861330059527026,0.10398659060822306,0.2527791127753557,0.18776666158690195,0.0970507255400153,0.20616210691574646,0.06258325095590285,0.047175077687179844,0.03323836611841482,0.021861008435529603,0.019962548105332704,0.03457051058862221,0.02449564949555425,0.078547565576063,0.017430256636752826,0.02803678517607226,0.013937862164075434,0.014455790936826194,0.04981574696705879
-0.3963992809406322,0.1623276539493821,0.22427878965732112,-0.15930759300624442,0.1257889945694671,-0.45710698258894583,-0.06600904577771839,-0.10639672149870968,0.15387722702836837,-0.13440286959885034,-0.267669330298608,-0.09342199204074564,-0.07345776744985685,-0.13882414375745583,-0.09401055705431538,-0.15508857169447318,0.1591238288302436,-0.04060548831746797,-0.06502640598385484,-0.028643325165319124,0.3594247906633292,0.14791764150079903,0.12397211527142592,0.07389908520723386,0.06075863606962832,0.28715581336105395,0.03917124973990136,0.03825353660044908,0.05419261769634186,0.04104333141738809,0.10637129542518906,0.026976159291904847,0.027503512697586115,0.03842876144868913,0.03331752405018166,0.0478284883224179,0.062013618840563875,0.01913102680398647,0.030031505402585364,0.015640451264688954
-0.3812782462686085,-0.2536340832956019,-0.41635223457227116,-0.23868495741058027,-0.17208847491446125,0.2710005251978637,0.17896747698419302,0.009193160074249732,-0.07851946559526517,-0.06588932323553812,0.11143913466688814,-0.0073090396983185695,-0.07742539671286805,0.1764112822196559,0.016203832786362442,-0.031352770881327194,-0.1166935072312352,-0.021301502964024627,-0.1992445627341096,0.015543325007526955,0.32933398512712303,0.2050442401108371,0.28506037573180387,0.16376840178163435,0.08509570472601616,0.12721177621350516,0.07068689653314587,0.029543848556650956,0.04626474142239028,0.03751378920227383,0.05215064537330985,0.02740510446686704,0.029205122577402293,0.0680079641718544,0.02756975781113822,0.024106088290867158,0.03381825888343179,0.018818636140912625,0.07524063476216405,0.02413493272011499
-0.19764244440392523,-0.47217674808516896,-0.43164575503763825,0.04050516134484343,0.2529066595380018,-0.2674328167224416,-0.04291720531955911,-0.2005850175980562,0.026436211720065838,-0.17728351322597072,-0.1213260001657094,-0.05454967040679713,0.0020148663606238217,0.012108975174319374,0.0037371531594517287,-0.06083265325824839,-0.04382774860289746,-0.010520317597406513,-0.12323151635228381,-0.05767397595067068,0.16979365529652685,0.35849676802717156,0.2662738723341766,0.04589016710216394,0.13575178566014678,0.16744654997502187,0.033012269739601516,0.07369418997537114,0.03479874409131928,0.06432351084253017,0.051527370760797435,0.030874854443560754,0.017140307718844727,0.017157586877022006,0.011672773547391732,0.01947490127077392,0.01769666881783904,0.017523012945186916,0.0503816935457435,0.04089459482876707
-0.4972136771159785,-0.1391855112648922,0.007842383207227258,-0.19953274188473083,-0.2567649796083902,0.08691603591114516,0.06494257071804475,-0.20590857645525043,-0.1307703564354087,-0.1301273375566767,-0.08151382165463046,-0.27604436313135866,-0.18405535926311384,-0.128361512862713,0.005777150732508471,0.11475756851264213,-0.05181996065288845,0.05856998683750221,0.05678454766787924,0.007581349875626114,0.5175233884610001,0.12289168238036208,0.13372679948158986,0.1023078265887019,0.17000217635825335,0.05818999492430547,0.04533752554778792,0.08895014440301273,0.06124175221184789,0.042401210295468596,0.035204939537538456,0.11414868518566042,0.07308885817363049,0.04513790078645065,0.01451427715783079,0.03166458670230207,0.021506443727214653,0.01763934050314608,0.022545507047887447,0.019254395738112048
0.2572514586092864,-0.3370525457250055,-0.0611581589898852,-0.41486487397094307,0.16601937794554797,-0.3358949291033689,-0.19445891262923334,-0.20562626299595171,-0.1659352477578081,-0.14336318403666057,-0.21191229923445143,-0.04082154734026474,-0.013284306511792838,0.13725905161992696,0.016950684192371095,-0.04134760407128658,-0.048153470160274006,-0.07157210714904866,-0.003228304154248333,-0.033037462884386026,0.2998619715213985,0.23404028745952699,0.08142839271532401,0.26441399532700954,0.08461407717160616,0.16751569156403057,0.08229752095267248,0.09206216329398864,0.09381352514031091,0.0607100821655235,0.09625253655129475,0.022078139400352984,0.02266844708182043,0.05389146021353759,0.021058590306660442,0.018050640541811432,0.025844182460734923,0.022558532836846085,0.013471185124792883,0.013085008745932826
-0.24217316570533376,-0.5148335339716066,-0.11460221961104784,-0.16028005611952012,-0.06665777541901202,-0.24937500819057185,0.020260920194835018,-0.11527105725613851,-0.04118683977424342,0.010099761098398299,0.02612482966459863,-0.0018821937683118346,-0.03594280428149547,-0.01260906099929636,0.006008084616783257,-0.012705678199272664,-0.008700997770375718,-0.0016398134729190064,-0.014964935153861639,0.026218182622501574,0.19056235726614226,0.6805758521651077,0.09182830062536516,0.10217025749796463,0.04621606729519981,0.14775599311235463,0.037389898186448334,0.051407621920131305,0.030556036534674084,0.024568426000418368,0.01937624971826121,0.02033264442225903,0.02177602997958781,0.013900035751000206,0.023856470557558934,0.013593576969102392,0.028055410282757983,0.010135706472645828,0.018315547441091744,0.02595444323182818
-0.602571933361772,-0.3241142758610284,-0.1763890294336931,-0.20343170503216979,-0.20306282504378823,-0.20900146383177742,0.012087569157975896,-0.13469744057459507,0.0542946794647371,0.05769605054051548,-0.09320670603386287,0.014402939360652272,-0.010749550916761549,-0.07888977923542323,0.024507502667768383,0.014263135424598354,-0.006814119262640153,-0.006450334431943207,-0.01076095170563747,2.4748501906685823e-05,0.5179040422042431,0.15228731258500022,0.08485242275143616,0.10115255247035194,0.1068378802083542,0.08826842208111603,0.018691382748374563,0.05194822507591082,0.027325839847756706,0.01974048710385794,0.025958810054357052,0.0113265041835243,0.011865026443029118,0.017259759526061364,0.008321553976682015,0.0017736659186926378,0.005061039854506029,0.006865427593450835,0.002706291013606402,0.001996581162530519
-0.22239197549170756,-0.5287769045008731,-0.44727312211743386,-0.24380278320589666,0.033581361388043345,-0.1696628345837145,-0.08304841713726543,-0.12639251775580185,-0.05659079111255239,-0.13287780498703897,-0.08007214450793822,-0.14328079012345707,-0.06431359857290858,-0.008328955122309606,-0.13875561360973587,-0.07682033833134709,0.03540112542518725,-0.050418116921725854,-0.044290633416667946,-0.07253099384995133,0.11192467165110241,0.3987138625655609,0.2832395093339231,0.08973784489362399,0.022171706845682308,0.05086230501821196,0.023204616960289845,0.03161507910638643,0.01641928855318229,0.03501997198569158,0.022138379987784864,0.03367168829439775,0.019010102587553316,0.01280623571007589,0.039810456843257666,0.01641419845178866,0.00911635003646684,0.012891324000475244,0.011635504410395741,0.014234599796188742
-0.5814222657063343,0.27240058170417397,0.15895757989057216,0.20296574441680965,-0.060802044226980816,-0.1554643565125542,-0.14349984871412735,-0.22353818486560004,-0.18347125380104146,-0.0849459332498803,-0.14797212227552858,-0.2698130330356248,0.03671796489868212,-0.005957975795169067,-0.04044955410278146,-0.049125189094905576,0.001838638613103699,-0.13061121591274763,0.020790340533923014,-0.1157860752810756,0.44191941934057233,0.13157338464798987,0.0609851551324354,0.08088744812072304,0.030260009381100173,0.0416069967521971,0.03966704101380844,0.08427102784615105,0.0512969123544192,0.027977964589500283,0.037636688886848395,0.09689392295744385,0.00592878308817629,0.013741272751672553,0.009461475508169536,0.011832433680756338,0.006425456501531946,0.036657026775211064,0.004768530062895575,0.026086925166509678
-0.37984387311858386,-0.28345043252151025,0.4303919861191876,-0.09671655032398252,-0.00716218113415562,-0.027418407618227576,-0.24877474423484128,-0.20119770337155013,-0.14502163985186278,0.019243747413769413,-0.04405516438421779,-0.21127104331308183,0.05426685221558464,-0.18869607216250744,-0.01896328898655447,-0.052786255124168534,0.04147596566980147,0.05010334274271213,0.07513414538876663,-0.28479444613590205,0.2533919009723557,0.21191020359237817,0.29082760770547134,0.11161366797127543,0.04423947092839594,0.07780137142133906,0.1216578530900548,0.07773623896446927,0.07271704150658874,0.04468328819578418,0.045906259372507745,0.07697789203097923,0.03411690195044456,0.06915611839232301,0.026402623848552083,0.031990858600033735,0.027350327268241558,0.025259261223076142,0.016575414209570438,0.13153483463379192
-0.2402240496481973,0.5618437867291135,0.2181448216181725,-0.20015141079357282,-0.2354596577729659,0.11098933736646908,-0.1477439443964159,0.15896414803861156,-0.15401229292534324,-0.015002320398214492,-0.1456712406530568,-0.006497271832929384,-0.25349401329327786,-0.1485565209557459,0.018158531187670482,-0.15679885594866633,-0.0341834171499342,0.11914037249552471,-0.10276047377988919,-0.032658952540074795,0.1347789027043305,0.4206673327483636,0.09872021459612712,0.0845303494737642,0.09134191079474403,0.03241496644473128,0.04415196748985392,0.04485834576164831,0.04205791735083168,0.01144043354863192,0.03459446352720662,0.011908284572689349,0.08369364323693416,0.04341389409718935,0.008292506060004841,0.0395990396046767,0.008363265741027371,0.02934679736445438,0.022628078028877504,0.009859288439847529
-0.47780547503391607,-0.3699806385387695,-0.351430396951028,-0.1971462804208743,-0.2374170605311126,-0.08287722986106295,0.011449175697785146,-0.25409664413589234,-0.06476354224305235,-0.060417178572610135,-0.08455142759439485,-0.2478860541114219,-0.03726435880022842,-0.06119254101172706,-0.13976671304041463,0.08892215375241071,-0.0330117973029613,-0.2009544869029627,-0.05244933092211588,0.0689541584536759,0.2671206630529972,0.21335943230405335,0.18015169314102325,0.08331646268704367,0.08287063676099203,0.02702672165204915,0.017927321568204875,0.08853758346596566,0.02009262817384697,0.01673828409591507,0.0300068297867245,0.08197851022169203,0.012995204259782778,0.011571234386750192,0.033553565158418425,0.015842574699545156,0.013219130426142466,0.061583745740656816,0.0161799441907592,0.01663617774366587
-0.2500790944960278,-0.1540013676827023,-0.4348305627753927,-0.18160964516015599,-0.49172681166390425,-0.17287110119999374,-0.1924752216806474,0.31244009935450123,-0.019500420328022666,0.015131758221782508,-0.013203976263107696,-0.06378149015139561,-0.12086554748499558,-0.16993589040860232,0.08356466639516542,-0.06500359916047213,-0.042743587462320876,-0.1318003452565095,-0.06376189295761175,0.023463701840422093,0.16864728106992236,0.06376692038263525,0.23055227378627818,0.060145378428991016,0.29380966098361877,0.05179418486088768,0.05844806480323642,0.12198839599570915,0.010772129925906355,0.008830642073510853,0.010527648615560417,0.01452702473342269,0.02401582920860291,0.04956767057052196,0.015105476513972366,0.012365474013486394,0.00838270001234583,0.031733522821929684,0.01404195130356344,0.013733880053633879
0.04437694650122984,0.0016398491672346934,-0.36812326029825665,-0.5504331137156107,0.36019934525760705,-0.27922445701065063,0.0070186081150629175,-0.015606139838133378,-0.14963864715871653,-0.09565324879405206,-0.10337882226997132,-0.12393529498465587,0.08985853885516927,-0.0890331818916421,-0.20360710292979056,-0.0898232376982401,-0.004792547063608424,-0.06759962597177784,-0.032504673440771084,-0.02074657957374995,0.0581011620579455,0.045300762863327806,0.17957000047877755,0.36767207973710936,0.16850259954985278,0.10610662591271014,0.013503901255704921,0.011149437400703078,0.034866723931799744,0.02593908303193365,0.02014907704661231,0.032649207189291596,0.016699680771189926,0.016050440594866874,0.07026946466942467,0.021356854351711183,0.006623241655250053,0.01130774769110887,0.0055724961772034825,0.005679111841604939
-0.2292973026626674,0.004366412589215655,-0.37488471193188455,-0.3733767964441323,0.011792394335021685,-0.3569061355897006,-0.08231451512885317,0.2546921563955108,-0.0846062821310933,0.12508703726225334,-0.01472138350533218,-0.13015681185101544,-0.19748237900229446,-0.17860943411190744,0.12812200453766812,0.07024780922356932,0.031729722999207045,0.1770999181339089,0.10485433621721481,0.1609459963093478,0.18346237611608962,0.1386137469242162,0.23634666929047002,0.22311309378988906,0.05887466773824277,0.22725382500933985,0.061444617026637574,0.12452256234410633,0.04133830981941368,0.0698797603642258,0.03339896347334855,0.0436707065735831,0.07914603980288071,0.07985089056149508,0.033789684437326245,0.029440937858505413,0.03694806311586479,0.06419343711932093,0.03663740655733256,0.05303593448443625
-0.5113970877496957,-0.02458527662668009,-0.20661265891347258,-0.0008368639667566548,-0.06184780554419224,-0.01397520314154924,-0.26502536276317024,0.008000065079378095,-0.1227254054991834,-0.06488355194544176,-0.3554179915313724,-0.07661269811001424,-0.06324655032721743,-0.16585161285167752,0.04114530747052611,-0.005799623378112634,-0.19299402499385657,-0.04688419759983566,-0.09392611847608283,0.23385841387442383,0.4408177092154523,0.11757896957025471,0.12964711025381,0.10076490647690457,0.06956471809195652,0.047383157519785064,0.14287081887947248,0.04976304081218824,0.05364102400041456,0.03830221238926153,0.19769097946026887,0.06739104443193103,0.03408128463478903,0.05352476551372802,0.02657454087445397,0.023168632524518885,0.07070706319604181,0.025162954885944354,0.023141668035138133,0.0933702978012829
-0.07231675199299178,-0.15940416627019524,0.44655153771346584,0.006398752206143004,-0.253959780869775,-0.3177305259135644,-0.010439026448650976,-0.3187245715130525,-0.14638874363416388,-0.1382218387831847,0.21866829470666727,-0.09920561850880255,-0.08362444849122583,-0.09511074777846688,0.11052848023425454,-0.1035120807142143,-0.16421810347226545,-0.16173368811054237,0.05414916326376141,-0.11571497887540003,0.15776650675221907,0.1620684034084511,0.35466860501918424,0.09492378284815536,0.13416305241601423,0.1627510569832188,0.040670842732075975,0.17439362142596532,0.0647030662156827,0.05586461398663922,0.10571077165488249,0.05130110066110515,0.036586067472410395,0.0346471004723987,0.0333429885194322,0.049139808584887146,0.05080032729906494,0.0440370375069112,0.02159039064292901,0.03848798342797515
-0.3051547768475367,-0.12645124549519504,-0.42669616565482205,-0.00854559480318493,-0.021969814002934237,0.20116613552397974,0.2913146289011979,0.16500560743803722,-0.23588238218224855,-0.015108144160051759,-0.12745868585224437,-0.2726687916413418,0.007729650898874834,-0.04266416836029904,-0.09448337968088237,0.10256718289134928,-0.2671163299540226,-0.030350209261830532,-0.08674393497333324,0.15509226649061308,0.2149240848768089,0.1734711751021574,0.32256350104889675,0.08376905635403499,0.06358326286713434,0.10510661418137159,0.155980119245825,0.0816878828838267,0.10564710778587537,0.05027928652411474,0.050360760672273006,0.11521595907449873,0.02463888240324141,0.029424881296469304,0.0284078045506436,0.04584125317635303,0.11377587581623456,0.024286947963650538,0.029738041943308372,0.04820234200686366
0.10315391120045769,-0.4526034709320232,-0.4550718060880287,0.06290744370436811,-0.10592460853880241,-0.24237797040901485,-0.06155078541498437,0.05778850772036502,-0.018780816396766396,-0.0224510039864615,0.07591473847974245,0.19276594001886196,0.031421850054536835,-0.14152028224113544,-0.11886760771066435,0.18625854702113653,0.10060807909242135,-0.08369736523039543,0.07424915420062746,-0.16321296050534426,0.15827056552692817,0.3279233457076944,0.3628004356717399,0.08024584930913034,0.08604756002756746,0.11534174615811622,0.04564897893682845,0.07862464902350212,0.04815104275164433,0.03117238347963614,0.05420323328022882,0.08582265070316328,0.03675414391426956,0.06033655719669289,0.051724448933726866,0.07308940436048168,0.037890404162225444,0.03137910720433364,0.02516130781179519,0.06477561230366913
-0.17179052905713613,-0.20136586190660133,0.2482956309549138,-0.32881625326118397,-0.3847145008788449,-0.017730778009255554,-0.07754842947850943,0.14241579718383848,0.12021765332282984,-0.07701392372564247,0.1439159573584113,-0.0737120241608843,-0.09636669801806237,-0.20005071118045095,-0.17916505405693484,0.10037053317390683,0.029423591126161285,-0.3542913882865253,-0.20934213843876054,-0.02032325392573337,0.17172784367936425,0.1493169670989701,0.20969985841745648,0.20902386861080902,0.2465521508420698,0.04251702876263293,0.049745700661308116,0.06534146604869015,0.07774118020531766,0.04133372056984613,0.07519091771284653,0.05090488323721047,0.03343672567740307,0.11067646877354793,0.07272108877853942,0.047626378038133084,0.025410870251989893,0.1539421767576243,0.07425785902367041,0.036716448259509885
-0.0036126489058915952,-0.40550132089179103,-0.5267462274713045,0.07054020187608183,-0.03972965425775221,-0.0915969630965543,-0.14741493874850162,-0.1976770183550206,-0.024832545999913892,-0.06615944358393162,-0.25761098464528037,0.21096243632534326,0.06521630709357036,-0.1603139857964588,0.000859038296020331,0.015400733365882867,-0.09444877888281379,0.017570222925403004,0.10349531459614439,-0.11176979677497709,0.14025981769544854,0.28341823900590885,0.3916226648371645,0.07463033809566913,0.053126147798262253,0.08809396257461038,0.04711426098687206,0.07131927635590413,0.017113155373141474,0.0375463007602555,0.10389227993080745,0.07485632459432041,0.02572388067157112,0.05351818327293786,0.012432134698564109,0.019882993883993602,0.03423113071160873,0.022755521518974302,0.044229944246547984,0.034757950337517565
-0.13132563305346145,0.25758894083014056,-0.4697741492632697,0.1868134883530928,-0.325484051300767,-0.308190104564291,0.02613536814630513,-0.08579266938344973,-0.20576817070996858,-0.05941860832014794,0.011484141871067508,0.0628022787397838,-0.12561577705860202,-0.0627981851425625,0.09293104842066899,0.07770794682320226,-0.01744580639863343,-0.06529823428763466,-0.09707309265711674,-0.012144568080465311,0.30634010865560146,0.3138864748999497,0.32115137291068446,0.10562285093182998,0.13438988015665057,0.13243991036065578,0.016334939936614723,0.028975950580234035,0.08141875733254451,0.014728886581806223,0.008057398472717043,0.018147171179022915,0.025368449689892606,0.022980392292314182,0.017582911425741414,0.016313665026857577,0.008015346982578242,0.015178008026170932,0.02593906208100503,0.00640353399417126
-0.5225714950707683,-0.2360511715129515,-0.1793727756338423,-0.22684254622603908,-0.04127519151699422,-0.11829495956241198,0.14599613998827038,-0.08534887948707047,0.04417450931747606,-0.1655921728568705,-0.03450183356271608,-0.05122758089540469,-0.012989628221344971,-0.020204746039947628,0.01381546201939257,-0.010363646921061656,0.03817297245099696,-0.019958995438736245,-0.008766055788183309,0.007845960644965769,0.6694275522535645,0.13459939929874176,0.07533855050814559,0.16635036119344057,0.018062308591197295,0.030366072513229436,0.04565452310620485,0.022121811875138547,0.012244003297613566,0.054211667514896394,0.009757129350570264,0.018089221775300517,0.0058375885136113794,0.005215101141420652,0.006790111810049257,0.0058552451655153335,0.007935773862004364,0.006687636341569299,0.004957303626577945,0.002882028376333492
-0.31512403896099966,-0.33636681820265424,-0.4512879419798758,0.011996205228712288,-0.11460168174101468,0.013634894242904167,-0.02893395548530424,-0.028315767744612596,-0.1161095716000845,0.11877096042567377,-0.07744916672722622,0.04713428379813395,-0.15011094025008423,0.02225709314563631,0.018301905403991695,0.05893003883104704,0.009100345833137104,-0.04439048447882024,-0.06387883658005893,0.010908755603210167,0.4877669428154274,0.4061273608288993,0.2969841449774155,0.04900139531633096,0.032866433218675696,0.00915726175608829,0.009283752726591665,0.010048235443010006,0.031101754882336113,0.02867470323655513,0.014252222046792174,0.013191573342645185,0.05041436031633963,0.008066176928193322,0.006907245274713903,0.008693741032571601,0.0033604670719260526,0.005971154387081529,0.010970858818297015,0.0046842176146801055
0.019975859082582138,-0.32882662452258116,-0.5661515588910969,-0.18890619491724522,-0.10445160169812329,0.11322181308212938,-0.0798942157330242,-0.11506974316578228,-0.01470303507158233,0.02693675350809584,-0.03843069730081986,-0.037446426033558515,0.008770347757309269,-0.0036438466081681465,0.013990210072923618,-0.056012254168062395,-0.02200553904664305,-0.016715057099074834,-0.024981458084291294,0.002291066426840576,0.24288102797224617,0.4024541765365643,0.5015084720004053,0.08413222678193984,0.028795305001717363,0.02748980043298286,0.01830507809731688,0.03424177512978315,0.015277320450118505,0.005799299785052877,0.010480219067457403,0.0068405505520512805,0.004082090948765803,0.003453127110595666,0.004093738643420405,0.00912051797102461,0.0032680728347333184,0.0034256445176591476,0.004519125921286655,0.005767110031441484
-0.3094014186201567,-0.3920134884160881,-0.19018352508594852,0.05082535199212641,0.4008803676128644,-0.0427033701664401,-0.14788865402647133,0.09104834569364399,-0.11901832602402848,0.008625922530791303,-0.02684823256536061,-0.19778481825328872,-0.07321640821090449,0.14352246264728297,0.06525498913990545,-0.023639015966327306,-0.004284348146666807,-0.1284125576418009,-0.0973948692911509,0.023535791792388766,0.4870062971343838,0.26153979794438376,0.09114199024002767,0.04389287934315185,0.2728733327222907,0.02725798821807148,0.05084770972603609,0.029791542127466777,0.04638414211061307,0.010539175321523568,0.019536967617349174,0.07979747052400166,0.014165583432594539,0.043819373434217664,0.01236944277511677,0.01141167409871946,0.007279420306167822,0.0341164679483125,0.02351577166880702,0.008758435750435412
-0.09124782819708126,-0.30370959458475666,-0.543577216423728,-0.31358780218234816,-0.250519153867925,-0.012391190686755578,0.11116929190928182,-0.11849088447603576,-0.17002955012501392,-0.062441192231147156,-0.06719506542623234,-0.004195757533718082,-0.03262300535484049,0.05431160263615346,-0.031543299399768465,-0.008517404575371425,-0.023139912833762207,0.037272910580850034,-0.018148421677151565,0.017527245263479475,0.3282487688995834,0.2512391331983322,0.39568637399347073,0.16186972698957103,0.10589238077804343,0.028616769809976718,0.027382864094250788,0.029266008632351962,0.05605342391450674,0.01282545165007857,0.015139750237745874,0.007927085039930034,0.0075396589258255025,0.010507057468974245,0.0061932437021005576,0.003724803401550838,0.004216126143958588,0.009982994396985958,0.008079713116337013,0.0068654161845247905
-0.09116990374728998,-0.5403960477024142,0.24407956345154083,-0.17159050787676286,-0.3215783891896703,0.043222960278633635,-0.0704610363549718,-0.03916955943805799,-0.2681457156062612,-0.004664709523052276,-0.01048558867016376,-0.013191243272816813,-0.05119878670647791,-0.04587376968257731,-0.05025933020556748,-0.02917989249423396,0.06192770419631858,-0.12894112931112664,-0.02109908113510833,0.054064279780617466,0.1573800632831233,0.5249227304533169,0.13585770977877143,0.06771821383658837,0.22815827494401777,0.030795744608743465,0.025629017287760108,0.04292262407710289,0.11222989643372275,0.015626030523004805,0.01514239141227517,0.015316819385051014,0.016012427391414744,0.018931076757577103,0.01927382139238723,0.014767980215073659,0.021061633971598798,0.027040650742150986,0.007032648883096446,0.011432406962976914
-0.34966348837872585,-0.31852932339142354,0.4084348162090167,-0.012178019281870848,-0.25428405318079905,0.015344944437443523,-0.3619125674143106,0.033695149043768094,-0.31609050250664483,0.1291189475324357,0.006765958782679622,-0.03699303595671636,-0.06186866981824948,-0.05614526653647703,-0.09661480218633808,0.03499461169491883,-0.07269101948771459,-0.026146907768235448,-0.0338730026658256,-0.06110547998182546,0.27168647792484973,0.2325633343792835,0.2366183648471058,0.06624927751193373,0.15690098614282788,0.04109366382296995,0.1609546535603209,0.02322388932250672,0.1338890253579208,0.03799793610093951,0.03704668766622942,0.030790092083358384,0.01912635254778608,0.02698160161190177,0.022068693423055383,0.020871842489398263,0.019336668515783365,0.019617340542466426,0.011645237040379171,0.016669905415540892
-0.19034293535297825,-0.5386361013824331,0.3321040818047429,-0.07576936303962463,-0.22807149679659758,-0.24741293102305828,-0.24578248121764518,0.09952088570488461,-0.11032010892947346,-0.05136654973764868,-0.025903054731036313,-0.049639705483055525,-0.03547968039055747,-0.15744903704672852,-0.00600834836743573,0.033031242081642265,0.010605602062056338,0.023393896557775656,-0.018818788532015743,-0.013676142382771157,0.15158411516391027,0.4572744367941074,0.1871139725717763,0.04817949996985861,0.12541325221618063,0.16421090719757353,0.09485051474421527,0.03966283422299544,0.025556430693370637,0.02198209564014921,0.021831783587562607,0.013396889169880829,0.011197298001428196,0.04630891989224571,0.018804632672684524,0.010068657160444113,0.013984582539912296,0.012873769021544154,0.01098308723259224,0.008299701929742173
0.1645898399755682,-0.5312872718498098,-0.11027064954510854,0.055653883829339106,-0.009940699324956878,0.03979980310080026,-0.12405877513732104,-0.0012604794763332048,-0.03539490831909315,-0.029243082467926656,-0.018061239252402217,0.048113593438694334,0.042129765534995055,-0.03165813799322484,-0.004288971353362032,0.007315944685170622,0.0021363791512003277,-0.015182645840864884,0.0207971022369522,-0.018347329915259822,0.571113728918774,0.4583084728087038,0.21387425005260788,0.1861674815353671,0.025193405982987974,0.08028023118385663,0.056504218422994905,0.021003939458780686,0.03620395218589516,0.028505335937699043,0.08578729822182801,0.07410865910959169,0.051721532031027945,0.028505055633160845,0.03404897551319635,0.02624619825182021,0.03052269756082144,0.01990739222958578,0.02131203282327631,0.016889179948398444
-0.5855143753980833,-0.24479039187718782,-0.020550862311685666,-0.07714372735202968,0.09136267624083785,-0.20120145421048474,0.004599260114571204,-0.016327413345137046,-0.10091365467361015,-0.0047261800659020095,-0.0909687471796296,-0.058739660026455504,-0.049489853760543955,-0.0789633371159856,0.0501731553701548,0.0023644295872506157,0.06709129693277151,-0.03485649727039099,-0.0547139749760328,0.002670190357491898,0.5682475704669692,0.2555963534310382,0.10556618113237744,0.057147990676776304,0.16030657306087104,0.18896230617387175,0.08238044184151457,0.049203310874254676,0.0819847444876911,0.04936439016792052,0.04402678287342967,0.06339629966393244,0.04454914213784145,0.056745793463139245,0.031526710854613636,0.04285305469905621,0.039775671801044334,0.02386580066549929,0.03175624906826959,0.01832881870228916
-0.4655461040224255,-0.15200608855766642,-0.1145716303645857,-0.07564780537342239,-0.06899602028402331,-0.006615810754317269,0.03406015250221825,0.04202355020560472,0.006767212863594522,-0.01968489898835612,0.02376504023923604,0.07999485093906722,-0.005172855650661024,-0.002040402556289586,0.031536378739433324,-0.011202718504056098,0.007536908250834491,-0.025128492404701625,0.002340961131649775,0.007199039259011805,0.7683842899218696,0.267590603057935,0.1687220521630199,0.09459054398912907,0.05615714539038617,0.059779766369331085,0.05992577129948243,0.04296658049419305,0.06968235559849444,0.038531894539150804,0.02406498058554834,0.05799957713126728,0.01640937002315194,0.0246994752646406,0.025870499298900913,0.012853410628898337,0.014316935214509323,0.01616296985939788,0.012010030810085713,0.009047493772134763
-0.2236579382638764,-0.06243231180781437,-0.48133826897095017,-0.4837129659750218,0.05092192564327075,0.01395936833664602,0.11020098581921754,0.0402236006465383,-0.026012523683354008,0.10060898521948758,0.005730054108223956,0.00014604257980042223,-0.018325638158413534,-0.017169473804648974,-0.020033614311982677,-0.002578292017016902,4.915391802082632e-05,0.00411836336035755,0.008293693127993405,-0.004330881408833759,0.3460306763989799,0.10076653734541503,0.363369046267701,0.30716754308949173,0.07941763897910309,0.040763964404713575,0.17369020740585103,0.11806371861390451,0.16133296983063034,0.10116305273192366,0.033020989159005594,0.033816253330463605,0.04792460135436897,0.02313734622280169,0.03045370490086432,0.01963310429533085,0.01602209660084592,0.01814048741382135,0.01259396790297932,0.012157207575433062
-0.4238639945331926,-0.195347021326611,-0.30640346598665225,-0.2029969876032853,0.004067150335034217,0.04322984852171003,0.11093135588745832,-0.2549273476395674,0.15885370678669453,-0.2506761340085398,-0.11837797983767609,-0.18900272972069312,-0.04851365876870586,-0.02099576989573009,0.0017167094913200748,0.0028333847444622084,0.0003024011738647457,0.00038832876857187304,0.00018741650292002692,-0.0003125462207332704,0.46631410171821036,0.15613005480057618,0.21236752992156496,0.1302046220440435,0.06796211652009518,0.06892260661662211,0.07674037083533215,0.1843160362925276,0.0713234879549193,0.14080171302339456,0.07330077899327114,0.17530828497644918,0.049027709960885645,0.10008869011208078,0.013669883904760368,0.020104544863838537,0.003700024331039557,0.004366768097526848,0.008305431328716648,0.007282589892930391
0.10292115922322245,0.09304511846460503,-0.31764102751533363,-0.15734081541720182,-0.08869533832967308,-0.2535363888392651,0.06414667218074727,0.015093727415893845,-0.007350915413880584,-0.16474315621689292,0.15225535978542495,-0.01685704553361731,-0.03655029203788549,0.03916177130118038,-0.06441721160766227,-0.18963526826625238,0.10190564036346995,-0.0529037849962086,0.1276299620376871,0.13137575733884777,0.540389318655221,0.3118933004044494,0.2438831531679281,0.1578108488013332,0.13806968256890056,0.2246193284738772,0.11594843886112938,0.06805990346368611,0.06886079298002247,0.08948848196020665,0.09893075749357587,0.07213759862887682,0.06462713599126817,0.05913593891644205,0.05385793206678347,0.13582913220897266,0.05419616072697075,0.03713813030029766,0.10468447965531241,0.07013773384739357
-0.3387874333080488,0.029094294185930892,0.16423201966796017,-0.08298512738852627,0.0827464194062862,-0.06590212208937556,0.021354997638528533,-0.042327849119908216,-0.12091564890895795,0.08672220006282695,0.002026929211353857,0.01769104611934879,-0.08437485087045202,-0.17834456129996754,-0.09948302957840903,-0.1645396464654308,0.03653729090514738,0.03016597147775263,-0.013384034444663727,0.011579226579950511,0.7192260460620403,0.31373045626238244,0.1684285659932417,0.11717645230719984,0.0712188066520511,0.06383960430955644,0.07107612697836611,0.1034449486879338,0.08036184237635506,0.09102601449295122,0.029394657137924843,0.026295703817041376,0.042864352260510025,0.11328275883584644,0.052741008295498534,0.13154514578056412,0.0378832462564633,0.025517242133400432,0.00992833377112222,0.014684424638092611
0.22915771834504775,0.3975863433864652,-0.3667394289456452,-0.5424994612305579,-0.20588636265646684,-0.18075109069042433,0.006480459684783386,0.0317477245411705,-0.09052568553493043,-0.033085512322434306,0.059482431857269286,0.023269172507857976,0.026197839729549383,-0.039060103925343065,-0.11866143370590834,-0.001761149693730948,-0.14486333340775187,-0.07192460772721845,0.03763241680676115,-0.02812947614521248,0.17309363091361524,0.16823030655036228,0.14996043431740014,0.28330462009592483,0.06804045084749882,0.06331518668675047,0.015870358771128773,0.02131191777288886,0.03489474202294223,0.015615869446874396,0.02790858184407218,0.021969318509265544,0.016794580495169773,0.08474669049585723,0.08125473910549837,0.09971576260422405,0.14081413327607326,0.07793815557857253,0.03297511079489783,0.04886325505939871
-0.449672023476461,-0.36178517493883866,0.013228709474117941,-0.20830741338421593,-0.2301720246402726,-0.06114267557811342,-0.123369806029768,-0.06133007361092559,-0.022720781427692953,0.038690212329430304,-0.03229972805742942,0.007426099131320852,0.0010627645233629412,-0.00010991828691589664,-0.03840494855374891,-0.007824907088033965,0.007965867452237946,-0.006394359846399195,0.0004950143330068755,-0.0008189514624014433,0.6225897712548306,0.23763741337945063,0.1345695132301155,0.11494151067684345,0.17821700669615068,0.06616844697508982,0.10320191992883303,0.07903428078858107,0.036127917024530776,0.04696543642457203,0.039116902949331796,0.034925756851109754,0.036951264685751085,0.016854565828415834,0.06728493951155706,0.015227565141186044,0.03978390044717497,0.010407930361262203,0.007493346350695918,0.0047850890899041425
-0.5911870280431011,-0.14106723600575796,-0.09969867591107383,-0.05449385730525743,-0.007233728663175076,0.017166481478960324,0.014774205357653267,-0.04927037660641029,-0.0662478394018893,-0.11593972556994475,-0.06773097131568262,-0.07887151722499337,-0.011509443550729196,-0.029489212029608896,-0.005712151929616057,0.019207899834288923,-0.01327542775516408,0.010783308880487608,0.009824193111840539,0.009535038971918779,0.7278099029912828,0.11786446209053951,0.06013738851002726,0.057635176020356414,0.12587834257057465,0.03376780740484713,0.049290812519711194,0.039454538057528805,0.03951529619019796,0.059209721271061645,0.032818404566553425,0.06584316124462651,0.020237835580504952,0.008439197345358827,0.02836004860989848,0.008483461668165822,0.006440341254020737,0.015460362517499696,0.020879180971679335,0.01051104330783512
-0.31689942007656224,0.14005445655005327,-0.14423561432779677,0.3184619186926155,-0.6013904562186848,-0.07720812199449423,-0.14968203910682296,-0.019638057375170107,-0.09022572263810613,-0.09736379434988025,-0.0035275719174905178,0.005398978585987138,-0.04990023583833337,-0.011956037229204158,0.022579780888171575,-0.0012919761699092642,0.005905584753138565,-0.002655140746777201,-0.0004864537001978058,0.0014493316139983254,0.1844197375813332,0.20729854769546247,0.0920443558796859,0.18746538867921525,0.4268846285554534,0.039237749691823885,0.05554421780167015,0.024642897624454332,0.11960084524739362,0.12415465935893276,0.005993563233982695,0.03171041132577135,0.062202109788325285,0.037519435142098906,0.03750256413158297,0.019314969475868724,0.009880801792566427,0.01921443760263117,0.005033910313719789,0.009743476526115962
-0.5042869846873582,-0.32854474509629794,-0.1324681521259087,-0.06811181360560559,0.01431115475146155,-0.1590813771922214,0.08009746010339482,0.03614034818762378,-0.11959503295452042,0.07643795144297362,-0.002848039132524213,0.09430421186947505,-0.10272959879968296,-0.09347357403679454,0.013842358941112947,-0.11562878128661455,-0.14012457763424532,-0.05414669307765827,0.023390099955620525,0.02627618126969384,0.4209209640191871,0.3801354098744656,0.2447515986386893,0.12384517635822226,0.18952344359239073,0.12718584781787193,0.05801950670291556,0.09973506766584017,0.11748060587630882,0.06518057335699631,0.023784453890805548,0.04652533954411753,0.05323931726613671,0.045816954307457976,0.034894968112984016,0.04360996262990195,0.05151515872351947,0.032309909292577654,0.037597207376735046,0.018889622714769672
-0.2825757292163625,-0.050872884539344354,-0.13818917946378095,0.22505551837255613,-0.11147588843566562,-0.09050343585615682,-0.3468370752275509,0.21435749900496182,-0.1091535956229774,0.28801677640128504,-0.09310457571555639,0.2131030285034309,0.06673283361698727,-0.0749414264762997,-0.2003693167370952,-0.06578770865553045,-0.08130674229374929,0.008694320529456203,-0.010416396159523738,0.004725614319109907,0.32506105600367263,0.40194782378137506,0.10759523049183978,0.21898303916683756,0.11556780604207315,0.10373548326835412,0.2003565657550018,0.10529644684012836,0.06210819180827369,0.14103070615853222,0.054275179774131155,0.10291118017075847,0.04214199226429274,0.03176216562808206,0.07127678262636465,0.028210748590060692,0.032150629030865144,0.01594717672905047,0.023120759611929217,0.027757057196523795
-0.216719318960189,-0.011663631144257515,0.08783746957921525,-0.12460313413232724,-0.39100239427454025,0.12125663241879821,-0.30692988116172226,-0.06497837599613768,0.16026809764901773,0.007541964026422715,-0.04428805559416862,0.014760588155593607,-0.022478506098542236,-0.09770653706615678,-0.036227986988808566,0.07092434569168266,0.007148509452450194,0.03255847913873415,0.02613568880357219,0.042291747530031315,0.2873907464937915,0.560961384727603,0.22248626056598186,0.12380079891422338,0.26435271195259735,0.10070251095566367,0.18667125539615395,0.0726978740833309,0.08603747100899987,0.052858496363822206,0.062093740542884024,0.05016421720501731,0.04867644084016834,0.061010766645618046,0.041710286363154145,0.046465415141421516,0.05135621299039419,0.033004297397602154,0.03668712743063954,0.04309971304439841
-0.2025295452822797,-0.10385731851084075,-0.0646205526408629,0.0923972852776568,0.2090446159963834,-0.2155112640281773,-0.0841307051931344,-0.047542174250020976,-0.006884699435025016,-0.03674944594911866,-0.008692589697174556,-0.12063287945652659,-0.11173254923790132,-0.06479738742192691,0.07311618904891769,0.02267442745014179,-0.042726720400861715,-0.04644295275200019,-0.027850411658922776,0.03025209008138202,0.34532150905469694,0.6659852329191157,0.22519640616274117,0.2020635517358858,0.19539504941643696,0.15656183866546544,0.10540298547058966,0.1352780669560661,0.08063882553408229,0.06935242459919225,0.056807350219567614,0.06479425754735739,0.09384694552351384,0.060778430342999824,0.046374828407588733,0.0338110236467169,0.08529626239150978,0.03148368381979179,0.03403052853919185,0.03704786121277185
-0.6882972218656691,-0.09094145805552589,-0.0316838820301695,0.022170596259897018,-0.17187234985734248,0.0028893826387547455,-0.029837736206937273,-0.026447001806987204,-0.028769869062771326,0.015525049552035177,-0.012326347162344157,0.007981760970010531,-0.04755111288506975,-0.02419843946945849,0.01411907749635845,-0.0103191289300809,0.002156535377072893,-0.009060253596989618,-7.647930934169593e-05,0.001423415856398732,0.6541858181095002,0.048492424093588615,0.019011468099081764,0.004005354056426435,0.21066095482596792,0.038182202164552904,0.00583367953158411,0.013857854912208435,0.01141199947864627,0.019410074624957967,0.010694223806963464,0.014101108252085933,0.04416276835922067,0.0172691458480714,0.020340493223887184,0.020287417579386315,0.008859989745885656,0.0045008190350796385,0.007079896476449304,0.0049301527791502705
-0.562854895472588,-0.5655992041937776,0.05351053925245079,0.09786276045795134,0.11282704894066126,0.0012340259592151831,-0.039134719561280215,-0.0554840891335043,-0.06588492797226389,0.03725602579150872,0.026454109032028463,-0.03132129140919958,0.012888393470267306,-0.041704640121355434,0.06885525820121499,-0.04163250716077223,-0.015113670039311893,-0.01050114973601967,0.035425103228107324,0.012590709312031264,0.3483010901778912,0.4150444819814408,0.02091933235303143,0.024711227307441543,0.08336819582372389,0.03233202885598797,0.021222967124019144,0.027985772070007933,0.020743943879171743,0.011718655008776233,0.011965709633962915,0.06566659944153261,0.05054177960432483,0.012351070426553477,0.04149944462540001,0.01856899218029981,0.015558098823520437,0.024568177683255994,0.036138711602617384,0.012911945489766551
0.5765539538921673,-0.4743043263995397,-0.22128767390956663,-0.2415310260642105,-0.06434780919636822,0.10144629024296975,-0.08516780165829899,0.05002000063249311,-0.015088942771369124,-0.010112385052618285,-0.0024497932570368888,0.020531608790387672,0.0006910905088714292,-0.07890349216860369,-0.035374431659217456,0.06218393981321988,-0.06384552264869359,0.042202722127323324,-0.03539808633624973,0.0017501454840733034,0.42254361888831254,0.2672001612463754,0.07995053012190773,0.0857531867319508,0.038699336275572684,0.0351351219332287,0.023551739511836017,0.048458984539568734,0.012892040521823156,0.011436375725220053,0.010082158370562163,0.011017568801336768,0.012582416744721948,0.07957091908092079,0.011593998779592114,0.0571544124352997,0.10639361560084823,0.018846751337212263,0.02056133655823877,0.009181487035600337
-0.6922748473670889,-0.018063248757632485,-0.11727184977449424,0.17360979785146377,-0.15433456256369152,-0.03106315202555164,0.1018549143177057,0.037846783206301624,0.0918001941894077,-0.004397484190679881,-0.014243625844239223,-0.018949004739200172,0.015763862108910533,-0.024131443970243624,0.0005296107009540303,0.010359271820143193,-0.011051579017260444,-0.002130505719034542,-0.0037122867297168026,-0.007739026969373262,0.6388778435625023,0.008305347850137914,0.07659433903700603,0.07991234821503337,0.054521283479615774,0.01594975268252625,0.03516318597392816,0.018214387289074912,0.04777401411580729,0.004808689432465605,0.016041309182427372,0.025611656998023515,0.016491538039405163,0.014988444750761347,0.005903236884533542,0.018254145126050714,0.01787996393002691,0.004184946838551403,0.0055196930657960205,0.008071153700841082
-0.6742313748683717,-0.14616155720009452,-0.012280816815862669,-0.12409902415873754,0.02800764761742503,-0.038247983348018134,-0.37123642810014373,0.018220305212794954,-0.009280664403267842,-0.03768681705313079,0.007873018398183714,0.037267305981275034,0.03339924403235668,-0.02057891751205579,-0.03161397054147131,-0.058818044783775565,0.02257860581729241,-0.04879156691710308,0.028919231167403317,-0.017295777920301424,0.46972270749097256,0.07223339006755837,0.09065437639785283,0.06276360101097457,0.015763668976695566,0.022267290912345045,0.31131804778987104,0.028705602629529797,0.044108140597114036,0.008661479089801647,0.06706606232320561,0.019792761519968415,0.04639594257120204,0.01180459113127424,0.031181192974817393,0.06624164725349706,0.024692458024265427,0.03101530887411655,0.03795087213237846,0.032317707801672424
-0.3593486266618012,-0.37302696172829747,0.2334024199090867,-0.3721176965138611,-0.01641984099003914,-0.45352626942209223,0.13853181076154505,0.025619872704086243,-0.18854209824905233,-0.03767660280173272,0.05572664795287537,0.029624042898833556,-0.07062005323038562,-0.07693429863200613,0.010967388195692717,0.006147355083974188,-0.011754874236838058,0.012380392914708561,-0.0363611768177196,-0.017935525082101063,0.2550351211077354,0.24066973479400547,0.13738992935465247,0.17637002743162752,0.03769389923416094,0.27250791372469446,0.04226082310444254,0.01937424259527565,0.06320351016243833,0.02093528447504762,0.023363595459067132,0.01908451233995371,0.042449977445690526,0.019916621635899173,0.009277725142727074,0.009379169541117569,0.00819541379284369,0.013476493261336365,0.012602193026301141,0.01022906985119864
0.5726486670794491,-0.48706028486183656,0.07085282165578634,-0.2815906091645826,-0.06499235932145425,-0.07689848626547609,-0.03919700472351557,-0.00016290594476822096,0.019120787596423574,-0.019204014915202475,0.007851947377540627,-0.007117596957755132,-0.005515815730480169,-0.007668597153810528,0.014066089804007587,-0.011894064224320464,-0.01666215776190016,-0.026262902279228204,-0.02354983037636284,-0.002392421359213113,0.4748514381331634,0.29262680619120374,0.03830276710758872,0.13258518792258517,0.018475761857341205,0.028358097466800996,0.014177822052903374,0.010582503239541345,0.008390841726381297,0.007760555839580912,0.008227787907077962,0.006128229993352832,0.003231448349473294,0.004561826653050979,0.01864279174633626,0.005496047001485685,0.0044718835466312995,0.04999294633241117,0.03546210530385862,0.0038813836219883536
-0.5853857379251411,0.09367288231818262,-0.1172601151929631,-0.327743616779248,0.007261587987413823,-0.30440909897244794,0.14066375621756774,0.1070517055288024,0.03930489267511953,0.05129075525455138,0.05055613442455029,-0.0005657018413382698,-0.002956852351760357,0.04388899014210561,0.014181914627188904,0.044609838599577456,-0.05877261878008356,-0.04594264033471612,-0.03227355253711118,-0.0029260313260769453,0.44067214305909413,0.107284668912503,0.0969866993826031,0.19494196860505242,0.08101633234569283,0.22990537981224135,0.0714696820795497,0.07799413240457331,0.11754225925505754,0.1475731312661273,0.04722118223019587,0.04425793542350592,0.06582829534801411,0.047789377033473725,0.039459854815229935,0.07246324942231394,0.051625989626688296,0.055338784340877585,0.05400167553282176,0.01930164187836775
-0.025326728601741483,-0.5644589770161186,0.11086453166255122,-0.29853444079497626,-0.042884193481701235,-0.11479549242910171,0.0210211395215838,-0.007614741926784113,-0.113852308959476,-0.18195999028849255,0.04545088451609307,-0.022350717173809723,0.017724983899707444,-0.01624303156395667,-0.008124286199062908,0.024974786208748212,0.042405299981942694,0.02728895455948775,-0.004578274429449016,-0.041258012547152625,0.16840599342791487,0.6489430818198596,0.11883647872400913,0.1768932161217518,0.048973545717892385,0.04238691801835623,0.03959213676872763,0.03164522557098764,0.03834173079262946,0.0632730331681788,0.018027419517804295,0.019094925921326007,0.026670586248491952,0.013675476696264734,0.013986820555573643,0.010084234117065636,0.011772075729481685,0.008777932609862359,0.006721350917667768,0.01892864267245941
-0.4522195946919773,-0.2221076334561954,-0.18508075229048587,0.42376085975163924,0.0959254003895902,-0.16057599258026584,-0.06368161615747701,0.039619172842415694,0.04336005236508282,-0.1009288719503613,-0.015699033217955707,0.00149084512972196,-0.04961287295507269,-0.0002019835978044438,-0.014090391966249515,0.015570782033524883,-0.017556695055582935,0.01844870660429025,0.021988915060368864,-0.001236876649136871,0.5030790170469245,0.37949207140544206,0.0752488377637813,0.2610368079865177,0.03390702988835508,0.043151664301653646,0.01507943267731325,0.010945142619768308,0.015892850120553057,0.020258111476465564,0.00835035683542832,0.009324441122280308,0.011516723461274157,0.0056636619079338205,0.004076154517572097,0.004162821983790504,0.005200447796574573,0.005254200040749615,0.00407064727949788,0.0045625844628782546
-0.4377805872871504,-0.5858477055376368,-0.3199713296530991,-0.046759656182291116,0.020010922336990537,-0.14900560182790504,0.004330753391863503,-0.0351358839773489,-0.02490832668095388,-0.04595463887123711,-0.01623860708830946,0.012625413548937474,0.022746695553187465,0.0749144214503225,0.042451845760819354,-0.034347053437712674,0.03326656713578466,-0.011888372727611701,-0.04823383561196049,0.004029834042962307,0.2461515902236159,0.4493253024648746,0.21649328126458448,0.021390997855925034,0.017051910513169705,0.052545936125932946,0.04355156361965541,0.040624992922998704,0.020746212157728303,0.025856618831012566,0.01187283157896383,0.012855670573437275,0.015315783849879819,0.017275830062136732,0.02752975872231999,0.01719955863212924,0.020776329955616648,0.009544645242937312,0.02028599170141522,0.022641208380968683
-0.4958462380675407,-0.4596068609818405,-0.2051572145008139,0.19550438952259788,-0.15723235940502586,-0.10388043996859697,-0.17404104257519706,-0.12218583078431326,-0.25406311054324654,-0.059978254829171455,-0.05694829974558154,-0.08672267533857418,-0.015086640221225597,-0.007379889176033619,0.03463246849307807,-0.02380566509318136,0.049654165160665786,-0.05471692176013257,-0.029335281323443863,0.016639043067853597,0.3547787792579703,0.3254387774023179,0.11417625368004698,0.09329633726767574,0.0592394598722307,0.03730038886183017,0.07293390773728271,0.0746098611515011,0.12012715536923789,0.030586007107659807,0.027920797645854315,0.02832183344785513,0.021868480604643366,0.02640930520866486,0.030852710486678318,0.016492143897743845,0.022152489907219023,0.025625819211900228,0.057099900613224654,0.03519615296268874
-0.09374488398654861,-0.7096533534465276,-0.07299072949747773,0.13631047991867193,0.10368631394162421,-0.09438374425283187,0.04406764849464581,-0.07946794583141159,0.00750014348933984,-0.014227094872986384,0.03239316845679611,0.04979557309350613,0.006090447994584174,-0.010540869477927962,0.05423168537041262,-0.01989441883794353,0.008868339898755958,-0.03500869669853155,-0.006451661643275136,0.004154670413100442,0.06616582691123075,0.6332862905622536,0.03915203259185789,0.05941138447287982,0.03821848877632666,0.049652183706229425,0.03296312947051604,0.048546810318519755,0.018431564485390132,0.0101473331614758,0.01965566023967659,0.040145840769201836,0.024290109973920684,0.04865460367673091,0.032217957698912426,0.0351672358957926,0.024338006050653574,0.017005690658590925,0.013621392077834865,0.023293327248959238
-0.6375231509945963,0.10317713332165851,-0.1770039469794335,0.1928304475592004,-0.12947130025247772,-0.016730449644675186,-0.14619339907857123,-0.1004056052493707,-0.20605690536959254,-0.10290535577326274,-0.12110771012503298,-0.1172975018789297,-0.04462445972405326,-0.0004107290723224883,-0.11158748303381198,0.08553246773641239,0.002027553820961396,0.0527368130655284,-0.015667920644985803,0.018512227238347462,0.5419387722812237,0.08990083765958537,0.10745142122964053,0.13059694316706622,0.048942969034896915,0.031185845441147882,0.06583937343221215,0.04150059623461758,0.08832046851577008,0.043262882308207365,0.03890027323104579,0.06070862931628713,0.021736052497388893,0.012148857778898446,0.04524940514967024,0.028880668372799,0.015703351534936887,0.026086111510995935,0.010111309897085188,0.009630208241266737
-0.08038726435311255,-0.6939559664333432,0.08308862785996668,0.12962458584204403,0.04728713302269736,-0.09508758598809365,-0.10780858957978479,-0.05340477913279584,0.030775514626544275,-0.04321426698441695,-0.010593088657125226,-0.01294118628990614,-0.053328706896909245,0.024574945893674625,-0.012476764302252842,0.006338809352410407,-0.08642439764914091,0.003864025562525778,-0.02437223964206018,-0.009168685946533212,0.07131745491673692,0.6486239024561172,0.045220660274102174,0.049192471355396845,0.028259805476441986,0.034784523081154484,0.057941622951383276,0.03448924931715939,0.014212032492658632,0.014519453838889073,0.014121542575489912,0.019276599371306876,0.028594003543590787,0.06958722652284446,0.010754309075606224,0.019784480642353868,0.05262565048517451,0.01684937587790713,0.01577210929704239,0.01821514965780562
-0.5038675144169658,-0.5964419238025361,-0.09366232583407776,0.1433777684943796,0.03858071626414139,0.040020775590808515,-0.04755209784267249,-0.04519264141956483,0.056867286313767425,-0.026849060042622375,0.052126804943253974,-0.050874299444794165,0.10410910075782998,0.020585926606427215,0.004285908491588369,0.020807444588909686,0.02062041171126316,0.022369484258933887,-0.0396945811481409,0.00323700530509768,0.3412202730303968,0.44543541977800966,0.04353848539671336,0.0548568488168923,0.017130259899267104,0.037971177156888046,0.034659369758008714,0.0177484671889479,0.02002617476074761,0.011930676735926557,0.021687245173875047,0.034618071670160185,0.0406990529200861,0.009966503592206227,0.015605211906616425,0.008482723897770989,0.01467251399284242,0.02871914323128839,0.03039300808564379,0.030294770756461014
-0.3831615335731529,0.20018300058380697,-0.016327035833712977,-0.42992531414003365,-0.21876522852087696,-0.26497311932555606,0.22237713389905978,-0.09466855602348843,-0.15918553672032,-0.002740610088062798,-0.1884874211318896,-0.28429349608736537,0.15975529030422023,0.04753223759880854,0.021573022356724623,0.09884353193268881,-0.12203741496968153,-0.07493910893956329,0.02653216970126538,0.05143372862715778,0.17778322049685216,0.10522923743370174,0.10808792958290489,0.3444593309151447,0.12572871199839386,0.11978321758838473,0.07808471109782325,0.05984003469880999,0.03690293630027454,0.019095835448879713,0.06139032533312292,0.14035447871544712,0.05325379313421999,0.05198906181549246,0.01813600708428858,0.03601000284819484,0.02971934146826612,0.029445957788107237,0.028093504085278675,0.014439439900054989
-0.5091496084897531,-0.1051815383602,-0.513573780030993,-0.05865219678949228,-0.1253004202017166,0.214930029633041,0.058509541691365546,0.1712803609388926,-0.13680991858967326,-0.04271830286217897,-0.02891701102575048,-0.0884072804764306,0.035108773171370046,-0.02954377222631163,-0.08751436141497715,-0.05984696237094761,0.0179724879083379,-0.02823260821132407,0.0008096202028969469,0.0014805051239636055,0.3105707719032733,0.062498276294655306,0.4272655798577659,0.029426656686264884,0.08245901964904472,0.08028197219866597,0.03555826108952098,0.13321043601141475,0.04455614141870598,0.0277391444977995,0.00908437404407133,0.05561828376220064,0.012203545144872058,0.009915816954799983,0.03561240058451108,0.0116082782765203,0.004789180145058496,0.010933583267603476,0.017360541784988002,0.011243760436044867
-0.43297857874692824,-0.4654507799008603,-0.24221322894187672,0.026977856117625182,0.27973658707473664,0.12104737437319082,-0.04983130261595548,-0.04818690863633105,0.10995361749819206,0.2403215133593715,0.19346291734598028,0.18069524309748142,-0.1265785940969778,0.012337257158984307,-0.0668574689112114,0.012584585661986258,-0.13975744050144265,-0.06271083888637376,-0.036092430827345784,-0.06420576271578532,0.3145567884787841,0.25686330569223437,0.10755059222378047,0.038141953447007375,0.11683538263517097,0.04468896139553056,0.04205252397121199,0.054434335111174355,0.04104566832039442,0.10784820665557533,0.13533313285393606,0.09785700357832476,0.07063598956754062,0.013483755862945862,0.027596503785704572,0.020052566770694346,0.04845558378722274,0.021695731866933587,0.009509573567138774,0.019690110767109945
-0.12328364375299034,-0.15330420634928257,-0.37948303222824353,0.31282114219364926,0.10608155003145753,-0.3086411699289141,-0.16054497811972201,-0.37308464192678215,-0.12898102255578806,-0.041036282870692616,-0.06629063286324395,-0.2424333061450608,-0.030973344092632246,0.02300350015599722,-0.06978880499640865,0.10357735947158937,0.12778567143233674,-0.002082731028879784,0.10090678783589101,0.04181029017459212,0.2077018675498161,0.33142055700000467,0.24023280467331623,0.18344111070970703,0.06042124845936922,0.1390407798441664,0.08179273529051216,0.17612554912608006,0.04059739105559971,0.02137110846375394,0.023354882116942383,0.09595563980846995,0.020403065841609933,0.0200295173923627,0.024767075605528186,0.027467628706721706,0.03172513109880608,0.014685152013927637,0.02505387451497865,0.013679287061001228
-0.6280572746255789,-0.3739624183967648,-0.21330576755116257,-0.011145311411459533,-0.0021171853324540384,0.028171286786503623,-0.029004024141938478,0.0062290331780193164,-0.030057883220653628,-0.008214916896640298,-0.02945845365978727,0.016166749164547124,0.008488067359849952,-0.006490430484835181,-0.014259603297680012,-0.021391788827159093,0.0025852950957907495,0.0016548089651820445,0.00030445459652265653,0.012863687755560549,0.5193757659104002,0.3219313945512444,0.18761881381509515,0.017195393803422467,0.008868363006529692,0.010951012217472996,0.00593255625235488,0.04768990562967301,0.03958587101524855,0.013459522314395072,0.019401834288482515,0.021378860147472534,0.02167815976336073,0.013901912587048693,0.010858185562059718,0.010968277621962536,0.010716060011722739,0.013082925600650809,0.005636408125730978,0.012155805518260909
-0.18119697502539495,-0.07018351898369378,-0.07311285281818922,0.07190698920649821,-0.17919852480781626,0.1313247433092911,0.0050779286872979805,-0.06120670979215814,0.01661034830832469,-0.04324260183500381,0.011461981305946625,-0.030317172289843864,-0.06577190749864578,-0.022384384807394103,0.00865348753935111,-0.036286617537838156,0.00798419851509413,0.017508304099814794,-0.035525287875942245,-0.01632379473968821,0.2623905070485492,0.8205577574565979,0.10924945032285695,0.06780838220494019,0.22758260681065273,0.19108687301501157,0.05640152257139223,0.042594622808870594,0.04872532036391704,0.14222760978920948,0.033986942305582885,0.03161103894244596,0.0385741233709734,0.040175950256350304,0.06373750280932482,0.012841709221010307,0.024327796194185656,0.012388677230268241,0.040688719873234726,0.028168723377962265
-0.2032166408739344,-0.19708466482749132,-0.16102190031083558,0.1808570890922435,-0.10362929898461562,-0.22425045855777231,-0.164429933436063,-0.23070279451562303,-0.08017665826729778,0.12766123042098146,-0.21603183644826393,-0.0747967847555382,-0.012038893843704136,0.04140765745482757,0.08955219743672299,0.009806653755807481,0.033908813059546974,0.03150184795045044,0.024144339200105693,0.011324138577947503,0.41209440904418315,0.14546500184081884,0.11470415557594331,0.48530112310323203,0.1928936534429898,0.15117982791363146,0.10697690087121052,0.14037571734736115,0.0927832289743719,0.16164759337453002,0.15965604265544464,0.0998913339957799,0.064547830743951,0.04789900856397449,0.12131083854979743,0.028907660076650004,0.048048493636457204,0.04304898286206752,0.051104527660429624,0.0474795201445979
-0.17232177082288896,-0.6113809153856443,-0.43738607431263954,-0.010326710672967082,-0.03295080676086733,-0.11915158949814288,-0.015461295087198972,-8.08682293245576e-05,-0.004134972942759651,-0.02097041184918997,0.02159354502639963,-0.026799535863975998,0.01948045508329448,-0.031082799313545448,-0.010348648325550122,-0.03783667200236196,-0.00015494304054000614,-0.00197494384746843,0.007534617565328945,0.0035271300081952143,0.0951379430271014,0.46161961507079724,0.34981715573708255,0.04201445269292328,0.025043484279599293,0.13939557937987035,0.04967473228009257,0.05248341604657061,0.05423083662586499,0.05090449612191287,0.017110370726689215,0.04501348594270458,0.03587896124891292,0.03484350948856626,0.02428397088449354,0.03620782974026298,0.01602668335796519,0.019320200330463406,0.019779083559516488,0.012182939933762247
0.04628638600538178,-0.44708810566088336,-0.3234224628321622,0.21251553601966242,0.02737355032844132,-0.035969285997091545,-0.15238310410640726,0.02360951895653613,-0.016447028153483253,0.02314555432389201,-0.05218451992133421,-0.007511725263208504,0.026690875304312897,-0.11482597906731166,-0.06044781256223294,0.0018081881198009496,-0.0020661291627009997,0.033112039632813825,-0.03656713653279027,-0.0279385455374499,0.32935941123918544,0.5464118782920598,0.23449700051469474,0.2054437658386388,0.12024631369968777,0.0850146963103497,0.11152783579227483,0.07056897904864681,0.047000739066982405,0.12540727688539818,0.04284680705038862,0.03864046312074205,0.09282983083522296,0.08351932518611556,0.05815709535159274,0.08573427255442301,0.054120528882342325,0.02631494187224167,0.043100151935900194,0.04013232495199592
-0.12385291595780157,-0.18995564643106985,-0.24423097045033992,0.08522068202752699,-0.23289153298504825,-0.2182139716055161,-0.3075292027400202,-0.09502628055162432,-0.22560939759478843,0.0004548305927313027,-0.06440669248970038,-0.0036453176781274014,0.04619151629771852,-0.06204646195894247,0.052719592918703755,-0.019701275325821596,-0.09121382552869887,-0.05142135618575232,-0.10855555716090894,0.015327778222519442,0.4074946151353113,0.16710324760519799,0.46268837142065056,0.21425064651232792,0.1568603177975571,0.1771704774915207,0.1719757057166231,0.0637545827763581,0.1279825022598338,0.03621530212327927,0.06909652773250102,0.04458377033608545,0.03222700698252304,0.07338990106501615,0.037774911770054695,0.05462305557263472,0.04872343823612574,0.026009170874042364,0.07850735986125063,0.030233544148747415
0.07161939784496586,-0.22127961719868616,-0.5449818654464882,-0.05700142331938735,0.0209748202648189,-0.016996812974441982,-0.3240582405613411,-0.2173761999265922,-0.07812242686447314,0.004129451233537887,-0.06950750703662309,-0.035834872746965285,0.04688431603630839,0.010445530244049383,-0.03217170696609591,0.03866954070563662,-0.09577472915433397,-0.02787139361257043,-4.504025717510888e-05,-0.05178590400955586,0.2845754483649338,0.18573549284816615,0.44933008207826536,0.1248350803666227,0.20959334866582216,0.13561734828695673,0.16381974571958852,0.13258341064633505,0.08366858624635708,0.05396549474502313,0.02739876326183071,0.04528164126928746,0.03439675186131826,0.03270413233866389,0.028141866722486267,0.03136972999154122,0.06416641778891459,0.01649247814424214,0.022770372189748752,0.04003447441436387
-0.13136567470414776,0.03890930011353908,0.17799658317926112,-0.2519538933318624,-0.15272735542002414,-0.32604469775956113,-0.09548711401001073,-0.20487045722456085,-0.006427266191768765,-0.13149433223204585,0.06039290953232503,0.011228764423028132,-0.003686777974878094,0.031143746093724108,-0.06211141693551269,0.11796797275462713,0.10900457942584278,0.06454079097168113,0.11230268730548322,-0.036757981722574724,0.33130131911111105,0.5154511127931225,0.3064032726311901,0.18084192788925602,0.10049437556023,0.2330260616932646,0.11618383339904259,0.11700315516792802,0.04884945887221451,0.08744460198487124,0.10177550551469837,0.028110885067546228,0.0443941052220904,0.053884007673581175,0.040360070097645036,0.058616623051045834,0.05962419787124221,0.05609988486429924,0.055453575264534594,0.030783216795862996
0.016260890339448206,-0.01313119836436347,-0.4689236465277967,-0.23936299086651444,-0.1573836718910268,-0.132389489034555,-0.21184582294133678,-0.25139399032578785,0.14935219974563663,-0.010836702243975703,-0.09213190028840228,0.04872535659607176,0.03569813691374281,0.019405809156640672,-0.005135587723327293,-0.042481349749467795,0.02883786877403901,0.003844181527107476,0.01580865091765182,0.032121500736019555,0.41421480941230493,0.30882616155698583,0.3031555855007956,0.19972644323882247,0.2041170650297145,0.13112293924218146,0.13266992427901947,0.13836215401045476,0.11720871248998138,0.06170533971573312,0.0893075069868401,0.02488916765937741,0.04376279330673491,0.040357953535041964,0.04133869912964301,0.03535175821379659,0.02827210877260661,0.024580289411446254,0.05957542829178602,0.03419034828454451
0.008463192860053719,-0.345533710335053,-0.33939136437838274,-0.23818206392776395,-0.13052297660896545,-0.2725268557345537,-0.2278713067198249,0.0207129117530022,-0.029072247357157077,-0.01407483454862602,-0.19913197999569676,8.876449706339093e-05,-0.06380939086340665,0.006518342097845372,0.04511519864397063,-0.049064636002411705,-0.07418422846762492,-0.04954142799385667,-0.014710344216668418,0.06835328460422423,0.36466680085673364,0.25195665190234035,0.24674626647381945,0.32069912011735924,0.23066872867670474,0.17510924605039946,0.11924047334571097,0.05566605960073595,0.0642667354245694,0.04413741034419271,0.12213760045389,0.03359424761929123,0.08371754295400255,0.06365895552243504,0.016526951491298677,0.04333262417197866,0.05829785479756251,0.03681129855460388,0.020692842487020892,0.030885259618484862
-0.08228869993874423,-0.07349303862774649,-0.2963804406952515,-0.0601478919147813,-0.2838357172995751,-0.20007972519048695,0.037677772418573514,0.21030170758967281,-0.050408546390834065,0.10698454236909455,-0.09638724432587223,-0.13660738136151035,0.18022736541253548,0.01317904986455084,0.20267735892011052,0.01096758489914381,-0.0037585062078792117,0.13813230610079089,0.09189041264879266,-0.13238475457575466,0.35710375807199607,0.29070702779034396,0.17907225457323647,0.4201268471553995,0.15451103437448196,0.1395630166237244,0.05687402019109643,0.12733062427418826,0.07704485931890946,0.06976613837883142,0.06490251919241463,0.07763256812340841,0.10952478682048161,0.0632809335774316,0.14970563484635507,0.07397804182657011,0.045878874860360054,0.10904196503250761,0.0426693813271287,0.07156155790296315
-0.1473318068505764,-0.2920068667389584,-0.34734205603861296,-0.3276193829323677,-0.5288196889119298,-0.0911917962809176,0.026094593059896136,-0.11951861414101722,-0.19051979189702148,0.13425990361702436,-0.002355975829667663,0.07713065028010728,-0.1350518291105027,0.002108583234532682,0.008713066445906454,0.03643354836379352,-0.04594420628634556,0.04578432390074669,-0.027840086286032448,0.03042051978550009,0.08953103074990347,0.22731108034492906,0.15643929955547634,0.15193636568555594,0.37652183748525486,0.030463182730942732,0.03218273639158836,0.07015519334740339,0.10870117646141857,0.028948128096238382,0.02231016200846505,0.022116409501121998,0.05862594796455337,0.025881186557581287,0.007511336829132149,0.017896875564865838,0.01241860622596047,0.03053160438945225,0.009333782808525872,0.03292252791792015
0.17356888814948868,-0.295309603507581,-0.23878034771286466,0.07425571084755092,-0.0031578651360198943,-0.14425553344790049,-0.18736978957476014,-0.013386863048477585,0.03395368635075423,0.03489307026805443,-0.00750667683538265,-0.014616408487038638,-0.05887687249822333,-0.03609903546877881,-0.08885704112067107,-0.05856911792412889,-0.0002268364211144382,-0.014667007917760521,0.020566347153306328,0.01654052072894872,0.5765107457413223,0.5144433813031721,0.3443595016501319,0.07569765965206825,0.040411955495046184,0.07649722040981266,0.0890414039915264,0.022085304751506583,0.017311143857586878,0.029245240449191422,0.04450437438863301,0.018046195770769977,0.04181129784801822,0.012817312194081215,0.03285329874600595,0.014396881579121714,0.00676236659215153,0.00782554636987622,0.01492425187907259,0.012681821291307321
-0.4832934501310653,-0.052260970600384905,0.0795985104688508,-0.4475127038543104,-0.32295880870010873,-0.16237212757268313,-0.2145042831659302,-0.13888766913848363,0.012419871718732526,-0.0759193656919148,0.09333307101545964,-0.09170245460851034,-0.018073251446034378,0.06740973521869462,0.009790412385167176,-0.07404785007947338,0.007806773904209494,-0.040254214356373934,0.01518126347689403,-0.02438204671708606,0.4355779552489161,0.07769358679054619,0.07615320824610188,0.2661514000498927,0.15826129834102748,0.05538245161878338,0.10939400597873784,0.04730002899070063,0.019410592614599435,0.028868023925619993,0.031672500476416496,0.0370812059770252,0.015436064723784516,0.05471110850774756,0.012477758462874059,0.0409513777876201,0.022481413472450886,0.01726181301986703,0.018289495886230273,0.024907036745934936
-0.4647786709201185,-0.2644113808827588,-0.12262696528248203,-0.4810116394544655,-0.02670377414830415,-0.07286079563573476,0.0283764148452386,0.14498397337539523,-0.215237370738109,0.028678664059138895,-0.16734392074193097,0.06676912314617894,-0.006993239415649404,0.058297123952596085,-0.011140419249784986,-0.005121534960652,-0.02224328728958879,-0.20368511380770818,-0.010223299611329862,-0.0432031952294766,0.37341707785066747,0.16180618755659087,0.058210866553994725,0.31100345912860533,0.03587657966160833,0.05034507568366736,0.06909879859595554,0.10103565323626837,0.07552855634089396,0.03265408051903951,0.06219845838198976,0.027938394465498593,0.0237567846187594,0.0602455875879735,0.018289193121218805,0.0199484070020309,0.026450200089029485,0.10075970567709758,0.01713556330053967,0.02485125598731855
-0.4697591917587155,-0.25035803269955714,-0.45960405026951595,0.1544455190711842,-0.029633775220679795,-0.1382577214436291,-0.1700584191956369,0.052615835350133415,-0.011009751659242336,-0.12926942491447135,-0.04550181560430364,-0.12119017917425337,-0.0437069370069028,-0.2563985486769388,-0.04874370619487733,0.08101728584647622,-0.03292530497207087,0.014317744031579309,0.10724621842383948,-0.03974471573409477,0.4285883475363333,0.11882210755760554,0.2543349556150256,0.0772389380379207,0.03692028735405084,0.08814001679399391,0.06874340332150525,0.03227300466377157,0.030091426804250386,0.04090632699264792,0.01992332857174739,0.030916879343056158,0.042278092515717826,0.1116030098187895,0.016230442642580004,0.022763395995888804,0.023271411706016133,0.01893650944976617,0.0323690156138969,0.032629081415691936
-0.006362005862772362,-0.5505277851649729,-0.10646574888571235,0.2663957631401065,-0.04537479123904025,-0.21485646110696677,0.020606078927056265,-0.20031510864239765,-0.1954131751762756,-0.16569672286719062,-0.12458745370673242,-0.13907958599538772,-0.02441685271335194,-0.13363540645131308,-0.03346566843812472,0.0588704115380373,0.0016750416947573477,-0.05291919490064001,-0.038694605450464055,-0.11887981672400134,0.1275116956212925,0.5384601844702542,0.05832624350639364,0.1313404155707537,0.09103442195042373,0.08509623013685003,0.022792379440449657,0.0945488120668511,0.08424094885585581,0.10656767846108499,0.05757286733888682,0.046122526040424223,0.02715404143038104,0.04902514324921371,0.02098141108239438,0.028452862921899583,0.02004156964869786,0.01822300793021813,0.0203746314770344,0.05050701643564549
-0.0053256634520664915,0.00351194969791398,-0.5632922662447165,-0.3808055845080643,0.06066553739155014,0.14337784469367695,-0.08913080253651558,-0.07474488313597531,-0.0942741168869286,-0.22513772034131416,0.23970990496055036,0.15018185870021106,0.05928508122649253,-0.21063599264605734,0.007934424321236604,-0.09622536957675049,0.020180390778566083,0.016364346490421358,0.0011586606871043692,-0.03768854192665703,0.17706869912722492,0.08950033731941091,0.37835195732120186,0.25486111926601257,0.03940292382807751,0.07266708877794364,0.10977830590330596,0.02670607474460251,0.03608869966134103,0.09927057488282065,0.10095081648843911,0.05123705828520698,0.021075398103033525,0.08233806193798493,0.025577969820608133,0.02819437070013553,0.017789416507798507,0.011433609821170912,0.009273733486903326,0.02726216402323433
0.3809767467446485,-0.5032483260241605,0.04383826318735103,-0.06404331194105249,0.06342647587462959,-0.06584033380791675,-0.15186410137022238,-0.017106166210974563,-0.12543466993581506,0.016485999234284104,-0.11935274251243685,-0.14580929590255637,0.0555248092778222,0.0036467940741349244,-0.0929300159801742,-0.09957110552839643,-0.06800516001796401,-0.09129765514940599,-0.035869998741213764,-0.030771015331589206,0.5463757930228171,0.3849001708531847,0.041719179763284264,0.0519105669528873,0.061720354796530125,0.029450886992180333,0.08387660274221652,0.02075714062720279,0.04317593045776908,0.034136163791098045,0.03457043772356678,0.0504723561677157,0.027046528129057407,0.014438937602050292,0.03297900617765989,0.025676110223656422,0.03209159549143691,0.035391061117724755,0.011303781130777017,0.019704224983104764
-0.49684784687587424,-0.5374815400400403,-0.053637933063968676,-0.11143893197379702,-0.09036311523080402,-0.022326696989017566,-0.013043790705279707,-0.024065383375590506,0.02980503100290968,-0.008222259294731025,0.02475182697923169,0.006732977145631405,-0.0035292767401273995,-0.006958343934079323,0.004276999486815902,-0.011404487990845558,-0.009694910182933919,-0.005343596133640148,-0.0028036182710807628,-0.0017369712022707324,0.31203431714912394,0.5672540407548731,0.03561130564748971,0.08498608685453295,0.05321785654748566,0.041183753088083946,0.010244524918262787,0.032451515265638456,0.039118989974544,0.0050756379132764875,0.03360757309961167,0.004250373396981789,0.023149473704942507,0.017609239960086055,0.014955487090687999,0.011974985332065423,0.011452275406968313,0.011559279787150678,0.0072461903950726365,0.0060606205058842235
-0.33918060527928473,0.023132623066408297,-0.10696326459204944,-0.08585870770121173,-0.1575982606264012,-0.1318504636645038,-0.05235837597936649,-0.018329589131454473,-0.06368689483092738,0.06505566275413265,-0.01941471523761388,-0.021732325922808448,-0.012906521365967,0.010616093017229116,-0.05410494600149712,-0.030494813779460044,0.006415438701984074,-0.02737705947134675,0.022002576783978798,-0.01758861599215661,0.8078294311915283,0.23554704347548605,0.11134570804858403,0.13480679510610336,0.14436106184898426,0.09184750176354828,0.07338722981029717,0.04765711327525321,0.057124478104587574,0.07628568591558611,0.07264681493225071,0.040714225095045985,0.03918553276450271,0.06060262916641372,0.05581225232595575,0.042450132630480523,0.022789558541168212,0.03070568381123264,0.0430510309311552,0.020445285757404005
-0.6494999037935545,-0.3948614548644138,0.08094049291036741,-0.09901972439675721,-0.251928654187317,-0.07553593089860475,-0.09402787958247973,-0.03776190700936413,-0.061875345656141695,0.04173949927092961,-0.06703094986210446,-0.05287770667504325,0.00621229041263896,-0.04587287822240356,0.00019770800924704196,0.010935313632102034,-0.010538062576882444,-0.013185427724127119,-0.011142442030031334,-0.005080460688352862,0.4588669993031188,0.1946533327666234,0.11933348984238218,0.12743742577713874,0.1332494992028731,0.036913251201771934,0.04176463384762583,0.024282079045375014,0.028928239423507345,0.02955519778722384,0.026001687381657215,0.025558338313458367,0.020761789810226187,0.04135088785747915,0.030984384062077333,0.020038802967868898,0.024593531577473998,0.02735950871504109,0.03928993284678319,0.032541219953257094
-0.24511844854306714,0.148117303883108,-0.6150215375172263,-0.2542745980168111,0.04231576117753546,-0.09344486355812748,-0.06757260623779547,-0.07200095968256214,0.059744981699719625,-0.14201323884355607,0.13802020879138,-0.13326014664545832,0.029285224576078617,-0.11683987635301304,-0.030928465904117658,0.004289645571883924,0.037508193010016275,0.021412779047535913,-0.05000954273249525,-0.0582318990170492,0.08357805515927984,0.06713461815678244,0.5343832326510018,0.14532005604710577,0.0333361842641608,0.09430996723853773,0.07187276388204251,0.07094329363742564,0.038171650010972565,0.09521735378552777,0.09075417975933663,0.05527076829170708,0.018882035713298762,0.057267708380864646,0.03443229917318985,0.03637702264594627,0.036249604436564165,0.022180620341924834,0.02992055923832173,0.044396163232318736
-0.5665638686468415,-0.5022032825446054,-0.10985604737478977,-0.2162801076399683,0.03438494179701461,-0.09615792095293238,-0.10960711887991804,0.025220406468603598,-0.07225811291255346,-0.025860058753752576,-0.024860313052819043,0.0012396061042556758,-0.06200772090935563,0.023666709707553427,-0.04430908852669516,0.02142261391950867,-0.017117427371217634,-0.027000376778734316,0.053926166270661,-0.01900763807463703,0.2919446491398935,0.4413514842798557,0.10466204048954562,0.0861929672588268,0.0259072376820123,0.03656045450973249,0.048119644663160294,0.024839734662006736,0.04259935582541247,0.059235661412035935,0.04237372330412409,0.025696832576198644,0.07124511133311884,0.03969193288216167,0.07017879840809331,0.02839615608268883,0.0353569346756611,0.023710383818300783,0.04185278834598493,0.013134399717729476
-0.6734102434480548,-0.12375740945679801,-0.4090924328454861,-0.11447310788160737,0.061790255003245635,-0.04845516339842095,-0.05784656206053865,-0.0014836041946584123,-0.0013486866997214418,0.01917897888469692,0.01583879509304775,0.0072230884926883605,-0.043243985696919854,0.021408325021952317,0.002783181644514442,-0.0032249711060007374,0.008647961006312526,-0.012509127099116526,-0.01736314753312727,-0.014606728082919797,0.4583466427803306,0.01900477991066416,0.32655215589353265,0.11304321884455795,0.04537430219434633,0.03401923089346237,0.027841961807370804,0.01735873857681612,0.023869934537424854,0.01665230477761612,0.02599230091927622,0.01907609608768772,0.024770336573795987,0.011348278006606573,0.008875361381408388,0.009869776037323846,0.010372190027191128,0.00962882920281978,0.010719229464587797,0.013839250310824044
-0.42058025193272053,-0.4316292914767734,-0.03458157860796872,-0.1391797473067937,-0.006473743058696179,0.10825213559698887,-0.13642785909636446,-0.11879858397116093,0.04592757536776868,-0.04763719905603113,-0.10168098733606615,-0.12002535130786761,-0.09395626274179912,-0.17613019659373186,0.10593053473789331,-0.011536218103381613,0.009550372210759729,-0.0282253179143264,-0.06544828105007335,-0.09268129282877621,0.3856524321862726,0.5223841083694156,0.0941676605869381,0.08832201952544073,0.036802756976256075,0.08332376004640711,0.08111772358148563,0.06562265993278449,0.04535864154624071,0.05231614805187296,0.05666849924329443,0.0422665665752733,0.0364758136028938,0.06703914756729847,0.031763804248754274,0.02206604682373742,0.0175960146787631,0.028273664064671137,0.025520146343485237,0.03644806816624402
-0.36263436072515187,0.28192525403196017,-0.0386045470987425,-0.11208518594537707,-0.03531653887623391,-0.2429419766305901,-0.0978770248787214,-0.14340034684604278,-0.35676088471789535,-0.15737837993789267,-0.16902853633345497,-0.0143375489951737,-0.2745164714203522,-0.04589060050239344,-0.04179204297277978,0.08583227533719304,-0.10621658879239769,0.060168043369467954,-0.06498240038898463,-0.06442200612425247,0.14148654132885954,0.26217311143793925,0.31521087565735334,0.060499897363722376,0.09784700309201212,0.18912239228203148,0.14702634693560676,0.07415453503393998,0.15517283254192332,0.09150211274652138,0.09336805128828041,0.14750083518543655,0.1300333255219751,0.07619928047994223,0.05321672970450851,0.03935387737913148,0.1416091270735263,0.0445763589886089,0.11450319777792546,0.06687566749610394
-0.6443435175849742,-0.05169890765883453,0.22946241967924316,-0.09165769322349492,-0.23372228289483146,-0.016241245889224855,-0.04917341225249622,0.09926371833507168,0.03740011172570269,-0.040959511372382566,-0.10757969481231316,0.03920953926053659,0.015382437652607724,-0.00258830214531521,0.022169535188567346,-0.04512693921336917,0.041867239474442756,0.039303703784842686,0.014257206032805421,0.024747858697859636,0.5976582858482032,0.09277085027645623,0.17236050176241227,0.05779127008413294,0.14758752663436958,0.04062275463839696,0.028484364478711197,0.04986683914494059,0.017219057328722892,0.017701740043589674,0.029908671090543796,0.019511227996852672,0.01488529482225489,0.0267452131203006,0.02085985128614886,0.035311980687440826,0.01854506665077184,0.011137705453869995,0.012792765827742957,0.012069203082173142
0.5931504497570874,0.0918582191347451,-0.013014341599372616,0.17486814314995294,0.030781973156954034,-0.13876673925843488,0.10457539090782217,0.037243277827339154,-0.11579685529075937,-0.011407254707820016,-0.06862183250350522,0.018835482768733303,-0.1839501440944193,0.06678724845879007,0.03281596096131569,-0.0520788689365364,0.04321757986910378,0.05139298034637186,-0.0026320588478589164,-0.07951714722406114,0.6445037174427755,0.10822421575010899,0.10045404926563935,0.12414874006442046,0.0441408713049328,0.07938291273301344,0.09071194660282751,0.06106898867486482,0.04625169137589863,0.02339933335907844,0.05850859329919503,0.02802547117087941,0.133362996511578,0.03490973344002984,0.02474091941611055,0.04851736760794606,0.012822618893282001,0.046697927764957514,0.020714898626075468,0.02193012787496038
-0.49023238969055094,0.4308744376369055,0.197171632127592,-0.2743851864734382,0.28490327562669787,0.08339138773913746,0.0012616097461920588,-0.19951977624769365,0.05455627811414109,0.048516136299043014,0.09412413070124799,0.08015624370038459,-0.21356718585735227,-0.04098249748571168,0.01965119670688266,0.008844031999908943,0.03553502513989572,0.002238412017642276,-0.026194782037758227,-0.013621876081051303,0.26902693002133016,0.3278050180539853,0.07453140585129221,0.13341635616680128,0.16693373938793252,0.05019933009032437,0.05064511350546372,0.10400943901942263,0.014313333629256396,0.03802244841026872,0.03360856482449515,0.04570062095624639,0.08304585673755899,0.02836014053276601,0.027634451019974856,0.02317875028432832,0.013705257633564949,0.0094844050303406,0.016046746289838244,0.007132849197213409
-0.15522363426685984,-0.22769279035450335,-0.20762807469111733,0.18844874674034054,-0.4590199829887288,0.08983772134580942,0.09314582675363527,0.032929968607497404,-0.08033580372049867,-0.024357175984442123,0.22886221381478566,-0.07034266400108063,0.19273015725382953,-0.20844355072109236,-0.07876597187983772,0.09930901052678778,-0.13831898555079186,0.0074003100100309875,0.026226664249181093,-0.0966953058189515,0.22951051639121783,0.08886017690767208,0.194732090082792,0.2011266924147752,0.35889429037011866,0.1231961601994023,0.0935494330228029,0.08649400162995581,0.10600414065804808,0.10867987804881263,0.2251833181780356,0.0828489700814513,0.12487753229795588,0.10591517843308008,0.06077275024769149,0.08239852635803578,0.06636505070077175,0.032606977320460716,0.0474915913461901,0.04305775342043562
-0.4765086485230783,0.3216688649334183,0.10171713679770092,-0.26043870935404834,-0.17647458664149962,-0.11016985247141352,0.0792352666769177,0.013128786641313572,-0.08092884270105631,0.02459471591786721,0.13380898548303669,-0.2177615377141262,-0.1127303045585955,-0.016653194440999056,-0.008843426775714765,0.04464621051652901,-0.02234161261385609,0.027195913823028238,0.0265636924949592,0.01603646995218325,0.5759736928947065,0.21033317976499158,0.09318938187221538,0.1567576315222322,0.10756648066919285,0.04540771154219328,0.05686185334951865,0.06764493036273794,0.03512924845254263,0.035389456286287556,0.06446721808026033,0.09465973314736709,0.04140283631087883,0.014786389708081377,0.011969039066852209,0.017808403544570674,0.03614218994294794,0.01770838352903494,0.03184135280323504,0.02259394525013725
