-0.6625647570905531,-0.20426834077940548,-0.026630038129903687,-0.1297958614475937,0.03802677252679023,-0.11279092156769413,-0.1242917038262329,-0.004660959270332067,-0.058580488017316454,0.00968422360536457,-0.09437983122626387,-0.027697865844278004,-0.030552891310379533,-0.07847666741381201,0.018896180291626794,-0.04743556134888359,0.01138072945024763,-0.018890642317673626,-0.045152226420057825,-0.010768343536004622,0.659902581070718,0.08085161922691947,0.0189715234659852,0.03935350197149454,0.008494450299781867,0.025544111271148213,0.031458676616634505,0.006041402495538429,0.014860263766479058,0.004468207817812579,0.019229206598301653,0.004504415866029419,0.0037737093646347257,0.011948505274636267,0.002865285841930745,0.00630726571438032,0.002901178897722318,0.003545692010767378,0.004364860910437441,0.0020180179174512335
-0.46655873895067423,0.027725364208241503,-0.13161078665191833,0.02340099639035127,0.13083174563482397,-0.08789267606642051,-0.03781207187861475,-0.14398717572355269,-0.11551648486938829,-0.014684419519473323,-0.046717983745617836,-0.05423663016359065,-0.04606345661460039,0.0073565131132958305,0.035141421243040434,-0.06171855112113143,0.01600017306549285,0.0632223755038952,0.022352609878869476,-0.02177198159200255,0.7888297661363038,0.11700435306166644,0.12849008355654584,0.06327557580407012,0.07618628430966758,0.053528893945069364,0.054498339287601144,0.07187231745039957,0.06001230026567346,0.0379227400944518,0.026508995644544103,0.03577364654554231,0.024274609487696327,0.022792470362616776,0.03377529524125314,0.03126159820462694,0.023869979950178095,0.026133684736604924,0.023821669319955968,0.01483304919011928
-0.5084098492303042,-0.29927134208187034,-0.04587327440488541,-0.20922118149314503,-0.08504022158683482,-0.16010814226139353,-0.051096717787756374,-0.11777757772047917,-0.015069254236841016,-0.09741797932432314,-0.029990635625342103,0.08769025581006396,0.008563129551930407,-0.020152301193186256,-0.10195408744221278,-0.04044759894922976,-0.052458453574792306,0.011102683003127002,-0.018173307704732487,-0.018716030509180796,0.42545743581024176,0.46690383548622194,0.23658282399606417,0.13178804586502446,0.08152457895902167,0.09747606298864311,0.08231178132131194,0.07277972533648155,0.06361465566651747,0.061204740291538356,0.037679626671692085,0.06489083255471202,0.04573592398083653,0.04194763248725403,0.04149181445553084,0.029779201829355097,0.030912531311879606,0.019045471348984953,0.018507701169413412,0.015506513496251288
0.3582142134659531,-0.07624159655540623,-0.341365086216808,-0.04284120524608453,-0.17033520553770376,-0.06756912941175058,-0.059716366749734164,0.13456847015811,-0.13842517933183215,-0.045019063672421984,-0.004784840904335607,-0.032385460562436554,-0.015497955672356843,-0.036149608796912085,-0.004613917168053167,-0.01589489394746788,-0.026205163982158202,0.03624612750977714,0.001085145968747431,-0.003991628537427509,0.6537249717732961,0.21817229247005143,0.3095533634581687,0.11581286917298689,0.15204596437607995,0.08020538672323532,0.08823908406199167,0.11200347795444744,0.12631916042603789,0.06677259750967665,0.047700288707124276,0.03446467768921427,0.0364307361899964,0.03270698011105546,0.03825324208646549,0.03407840713942685,0.028084663186183488,0.029764948175639964,0.033329729723799655,0.019820320207075137
0.0062566907461007555,-0.4860812467743791,-0.17136318706918263,-0.27376399514835414,-0.2624820401761414,-0.3799874413350664,-0.032920233855657906,0.15562210399977097,-0.03265448102873787,0.018586162178464226,-0.029145149195575558,0.020098638884099202,0.026650560483907855,0.01622057893597162,0.03734248623953285,0.009342672358136444,-0.008579084871291096,-0.04915060894396915,-0.018216539510601915,-0.049410661411686665,0.11292359432758668,0.31284288246057057,0.17198193665176048,0.15547754846923478,0.2969687812029837,0.29819259118518426,0.12109528603451757,0.17669175513877253,0.09642439087584842,0.06477751790920386,0.03399944153518148,0.04226504754755567,0.04577728020516438,0.02945421506680511,0.029338689542039182,0.022012539894941136,0.02586638894623027,0.03047670761533587,0.01699010916000531,0.02009462758852741
0.14702139137852965,0.2232616014068689,-0.5215822229901028,-0.13757629888957562,0.008137615770132896,-0.11185782803824523,0.1356675174283465,-0.1296377732208453,-0.013938818803741884,-0.0752989285185703,0.05782592046568817,-0.03940044394040899,-0.0013686720612705234,-0.00308406838531748,-0.024894466814246497,-0.0074802942283585735,0.01648194935729171,-0.015327733249320725,0.01931109694061904,0.005127026373675115,0.5315010855861529,0.3580845216134137,0.3957149094896342,0.03978565495086631,0.025083446051315027,0.04599993299721742,0.0491589561441395,0.041646880180118445,0.012297531613805927,0.02204576215116834,0.014159105678034025,0.011990203966201967,0.005458262677979558,0.011138921373331036,0.014112588812993808,0.008266731827474772,0.00851984458495579,0.00838311283496133,0.005583941245019136,0.007490378691982141
0.016138247073340373,-0.08870977632682026,-0.38951018444098134,-0.5015272476453436,-0.2774699649025254,-0.22886519196381527,-0.027650153505236807,0.04607058306516865,0.017717045497557128,0.15250467026984557,0.017419574562671652,0.045983417554938656,-0.09472962752306095,0.0011411956368372938,0.02710255083663236,-0.030454474025319644,-0.008490248440834642,-0.025104480599070063,0.018442144413963153,-0.05402956058122665,0.2800491113350987,0.31962782656632577,0.2867084502051117,0.3497643800101341,0.1238576805347432,0.10643213283127337,0.022687757415164704,0.016126888846859005,0.007600068096163511,0.04374548348439548,0.009960424942205863,0.018447821784701432,0.0208657890694248,0.005105736678399768,0.00811014909885618,0.010352786906660144,0.007193831046201491,0.005786588862971608,0.005321192885763494,0.007055771799071054
-0.45540871866443,-0.3386723692072212,-0.08962985511182478,-0.030617198114245205,-0.006265884057789003,0.04392226333229761,-0.0020106669025574315,-0.013726300442617247,-0.04386157032418337,-0.003435728198947275,0.006582402996283261,-0.012828961816308566,-0.01229437545841751,-0.0015314473425088967,-0.022441137903539406,0.006376388881078548,0.00793725507935636,-0.015911803064276368,0.0038178396480563243,0.00171826316112107,0.6692167847607162,0.45941900647839556,0.03282533591749607,0.03274742885212374,0.028652401241221055,0.020194496332227647,0.016595233338366964,0.017516649844212005,0.010777018323800982,0.011515682502432668,0.007857236725909248,0.007558859042608103,0.009723559126944841,0.0034830849428605657,0.005910607500976041,0.005310459358194932,0.00762956521707792,0.0047710293709604295,0.007986747488428663,0.006087110608242941
-0.5450699834650983,0.0033715969604094565,0.1365868381834125,-0.09287738142402621,0.0320220463264856,0.06040716953551091,-0.016193342835348883,-0.008760055891697623,-0.009785160818442681,0.003550253947154806,-0.007052205494244449,-0.0053479691881389785,-0.00037269275912565946,-0.005807502082383267,0.006331518737239092,-0.002590017904029221,0.00915249859747571,-0.007414594678583887,0.003908899712338465,-0.007851432543815642,0.8004420900888803,0.14427224507254627,0.08528211249307578,0.023882108745329172,0.014881177240936794,0.01958619711487766,0.005063983251289379,0.004126528282306482,0.004813394576508043,0.00412919898728764,0.002139472038905035,0.00215018770767416,0.002408140719931998,0.0018703519621640996,0.0022681308369815007,0.0010715830406508487,0.002344545800077608,0.0008666488129147679,0.0023067679876463344,0.004361142392432463
-0.5180725513623831,-0.0411297902850626,-0.038345964969980065,0.002885238898672911,-0.006456104245328471,-0.008823259620220845,0.032167438209624186,0.005018309862084843,-0.01964204076677241,0.01726057520012518,0.012566393491594602,0.003145802499623615,0.0019130558597931309,0.0013279797195403977,0.006503697032413916,0.0047527733165919,0.007181961615150298,0.005920284089722728,-0.0016959188938707721,-3.8720560662560475e-05,0.8179561089680497,0.21860168459744017,0.06208409630386525,0.01035914392236141,0.059921022854490566,0.008995979849831673,0.016046274490688156,0.007043196357933427,0.023729997516971937,0.01882382496911253,0.008858220215322512,0.011082363533270894,0.012562536305069044,0.0018985638099291234,0.007952848909921578,0.005213810180628696,0.0066156697205634165,0.003598726766318152,0.0052162084503736455,0.0024305900569548153
0.17172788573376938,-0.3535636905958643,-0.3030831923683619,0.07288333830563519,0.17572782402237347,-0.2215934462486197,-0.3211347105813262,-0.3318021524200344,0.1921731174753754,-0.2220486103934882,0.25123434717963156,-0.16497288114495307,0.01330501087896555,0.00681610157589485,-0.022590283411761704,-0.05436366142998924,0.12272478050110507,0.09097219246774267,-0.0035613606631041328,-0.02275971723572316,0.2203716441683536,0.23040636784898136,0.16700569360614065,0.05882272686673684,0.10629178431399039,0.12147530892218937,0.132314096132153,0.18591873770662243,0.06852109125459606,0.08906971802873831,0.10810558912359336,0.07340498178540912,0.03127435934807983,0.02245454367182183,0.024728068266746686,0.047835187386171964,0.03751336089682605,0.033140813723863155,0.04231375015032487,0.03857824746048221
-0.3451177156985417,-0.37300112468076674,-0.1326770646029825,-0.26974423272293335,-0.00541678828303861,-0.2335975742868772,-0.021943939816873304,-0.14014637895272525,0.16101279311686953,-0.4062096115137631,-0.07606243669424657,-0.0839018975626147,0.0023592181839811885,-0.09093577066962868,-0.07362011693715671,-0.020522065996118454,-0.11728478213418456,-0.022765292536705974,-0.04523330068238136,0.12548267267377824,0.3059182170936811,0.26303674265015087,0.13260236002093842,0.15574843717817996,0.06475820417246951,0.18932753566704988,0.05983526529047576,0.1103422053803579,0.07628081119065923,0.19045734929564123,0.08080222769368547,0.048036585689809556,0.047727909712040155,0.037856044470107306,0.03510271031995275,0.03351887687103072,0.070107703679474,0.02641748649459745,0.03134662456837578,0.05234232604057854
-0.0805690327884094,-0.15578549137796316,-0.43594168183444143,-0.5362701155328559,-0.010577045943234258,-0.14147513556024063,-0.1786319425445166,0.06785650728516213,0.11286405317123714,0.08452957357771076,0.13476094202316252,0.07241496066486136,0.0069767678316906305,-0.031860378323048416,-0.05229388700496245,-0.09554923866441534,-0.10591625897407206,-0.05602772546575646,0.018315841515343073,-0.04522576415540591,0.2918327776254264,0.23823361728380263,0.2841333170330179,0.34061324167892904,0.04426538702756772,0.0418060934283944,0.08530445537637471,0.023706548155378506,0.027845801346608808,0.02842547562808142,0.04285989320050155,0.07841628526916015,0.007093182093293177,0.00874309051401191,0.02246097167948456,0.015524495150555982,0.02556639841038332,0.01387799437899012,0.010416279431137834,0.020006514802235784
-0.5731911667448687,-0.24152307867058995,-0.05576239338903556,-0.05284331140246946,-0.08451122864574659,-0.04522879990501656,-0.09223700230741186,-0.013888181925478058,0.01102826667331739,-0.006978911609706446,-0.08568162741986962,-0.012875583688363437,-0.01976500198367999,0.0186361458367344,-0.04573309087062752,-0.00630317388121016,-0.03550470623197638,-0.019764366739753625,-0.01994261549460218,-0.017656959621121834,0.6575123078052673,0.2151319433529544,0.09924883128911363,0.08824300027568506,0.08057261405780977,0.08337634820015753,0.19685902929761298,0.08095993532094234,0.03778425591056898,0.02917469505377574,0.08184390323166141,0.06034818818414617,0.03194610053011983,0.03276295477467083,0.0613425733223158,0.03007997725318528,0.031895603226101875,0.017587103752537414,0.024450885290985686,0.0110789934645682
-0.36686633545300107,-0.32966573610318856,-0.1223285688766874,-0.09265254604167168,-0.1584724364208793,0.11774384351033308,0.06685737134256685,-0.00519397904487272,0.022498793100149867,-0.045708941052385724,-0.058807583673797036,-0.014967889892583172,-0.032280648692381536,-0.014275513042689538,-0.021146933446474045,0.014249225995015435,0.007031523680460193,-0.03260342043166559,-0.03830185369941515,-0.007253423111052826,0.48442774800810007,0.4590564915220351,0.22246326049727694,0.21735477935534758,0.23742532889952286,0.1665979683697208,0.10010778307630938,0.11199275190891474,0.06723693715687126,0.06891459815059744,0.07881881561552635,0.047242536399887104,0.05096553689226156,0.04688096621087235,0.05259745762758345,0.02679646941336685,0.032823244257954666,0.03751115454299649,0.03575880615884513,0.017826739209307097
-0.1577288374070788,-0.3000012478865787,-0.06726821953088646,-0.06747627342064821,-0.200279568413588,0.3027119769645562,-0.2702579086849862,-0.08878803277931205,0.3149142445495928,0.20027040709828756,-0.11130566772259483,-0.032903364594294736,-0.3023057635981746,0.06047908993523073,-0.18336475644537661,-0.028176912950437644,-0.10215716312043241,-0.05558928028761572,0.02991593022057203,0.06916708575150299,0.27782446149906953,0.2468762923557591,0.14224381823641843,0.08112961703812994,0.14557122504159548,0.22483658202726442,0.1738358388085147,0.06043673321433382,0.14653699611235946,0.12288070466716397,0.06273736727419513,0.046927417685666384,0.1716592310925124,0.04345007386704094,0.0772323795499582,0.05262438174027245,0.07988261119093988,0.025189342507066493,0.030922855597957138,0.02488114024930915
-0.05469306408060145,-0.38948299714612566,-0.49336925106520646,-0.303489123710641,0.0976846960121433,0.19322397416665096,-0.10266331225082015,0.26089673719971745,-0.18050769928789018,0.14003683033327632,-0.22946315240599316,-0.012702276148193739,0.058930019730647744,-0.0412169780310597,-0.007963133830787537,-0.07972194001750728,-0.07659069872610408,-0.04377102476098199,-0.10173472137333384,0.001861959146764456,0.21583629561901735,0.2545513079275525,0.2853732005812923,0.14710815823268247,0.06254653055305191,0.08888045761012538,0.03505923859229763,0.1099216791208063,0.046555946829811186,0.03599367971098575,0.07241710663648268,0.009805917585274038,0.015052356838162868,0.008295792904092186,0.003959854548362578,0.014779766550693987,0.016010739188390112,0.008069209660205119,0.016494902074757158,0.007970603583428026
-0.022352024801293464,-0.24124082164701657,0.27190992407752296,-0.38967265683388674,-0.4365461550444676,-0.07235927453318007,-0.049441103417667116,-0.021264329629509773,-0.08607983575126223,0.018875399194735822,-0.031785223397526145,-0.03353640108910073,-0.05470844327244066,-0.01647644503984818,-0.03911413300384287,-0.03527018328138883,0.08391910779975827,-0.056890178757150384,0.015620961721062566,-0.033142997150004946,0.4710431640321655,0.3230499786952097,0.13453701781171615,0.23997410587162016,0.2897093933805016,0.021020344222040296,0.02735151035490599,0.013927739279875177,0.026299971033744297,0.01027683263331765,0.020221504088200542,0.009648022143559724,0.010075593391196831,0.009477270375800931,0.007600223211188779,0.009192094412406789,0.01525794475091954,0.009016741986103445,0.004490714763910015,0.0066568605622110266
0.295457319663808,0.09096969251413103,-0.5510344862903828,-0.17941117525178885,-0.23732151207934438,0.08274390489523349,-0.010854109733839603,-0.1973044427003141,-0.24158249354555777,0.07596179050337201,0.05503095706780876,-0.05148440387879063,-0.3465881253847047,0.0015340776251263478,0.021002797604078218,0.05786998627863096,-0.20527365372137957,0.01697469546764412,-0.015425363518103625,0.027843798430960947,0.15254042310400712,0.04560457120006569,0.3026605019874713,0.05490819460496703,0.06976103402019097,0.027021919251403678,0.02642224215214731,0.08598750235658925,0.16233071684717726,0.1449228359083978,0.017654495372601508,0.04685059975109109,0.16720785059420226,0.016986709686711742,0.02734553376270825,0.045357840504911956,0.1062603316162962,0.0470685684621054,0.02584945056304009,0.021874545936761813
0.3023823655759546,-0.18244562495060013,-0.1920842349444439,-0.3347921145384341,-0.01713317264210066,0.05866123757082673,-0.11651999820865502,-0.04221978322486861,0.05571814797749275,-0.008435635031408859,0.01965845199188207,0.012406398527917147,-0.011963874550371794,-0.005824312705035573,0.00032743736948823415,-0.0030016683981247527,-0.001924350190400783,0.006419417796384375,-0.00010130661412153949,-0.0069421174411122295,0.7321901736038234,0.1907783167525484,0.0998472784943527,0.3297227435894054,0.03704988656495021,0.06981654994138632,0.05319203846983533,0.023764737972659985,0.021024463644596873,0.01289888022855649,0.022341994590664067,0.01333135938207025,0.014132777590506263,0.01605879397910616,0.01518916597890657,0.013102760625142516,0.007820390020833998,0.007105066846502078,0.010047933151055012,0.004737813219273729
-0.07922457551042994,-0.5821427966441215,0.1776797189292306,-0.03207114499997075,0.08334590520777631,-0.13297477949001205,-0.014345583035621516,0.2507611950481636,-0.10147243160200933,-0.21833838985362025,-0.3340198100066468,-0.21492632212215956,-0.04465071394176112,0.062266925799941544,-0.1372420893179071,0.02220698881476774,-0.0047467184218623944,-0.024604032888722364,0.007523089185606882,-0.09661130709036635,0.10857415282908806,0.3870001739922725,0.09991798136696584,0.13987045264105288,0.03054007011903172,0.07043189264862543,0.04263245195304429,0.08970480329177398,0.028753815826321794,0.11418625614566102,0.21939546553032954,0.09324256613465494,0.020265875781554178,0.025140064511532407,0.049531238895889756,0.01283565845449951,0.016038571727385733,0.011773949313751435,0.013355991780958646,0.04217510286465672
0.03872115341667571,0.1787706681514308,-0.07183637688933149,0.04063393114268768,-0.44593862428108505,-0.4339959502286264,-0.12749737589418322,-0.19525291424101487,-0.041955183261657474,0.10435484790320242,-0.04980197296793308,0.017627604367263745,-0.20407395974301398,-0.12245860203930028,-0.0015336693642727093,0.005173816667606338,0.04108241308898135,-0.053020235903666536,-0.03296764989729555,-0.04935345193205188,0.43652834165500215,0.15947712059799493,0.09345483645496365,0.09917575901638834,0.3470510240342425,0.2657024334453764,0.0381125573600518,0.06908930082528192,0.01947452027062846,0.02601986223175656,0.015568879086071788,0.01356149317059841,0.06068500437676689,0.025805190824755814,0.004287655857847813,0.0073359696490716865,0.005235724158072498,0.008287440515482048,0.005931842277902298,0.011861467554424045
0.08440494846704016,-0.4962563761837169,-0.4056687943638636,-0.12468774829673299,-0.29360603047843464,0.15008879977760514,-0.12155141546126312,-0.036364431442699435,-0.03614505329000237,-0.2105156450021139,-0.11623800209856845,-0.13986776669848142,0.002059841617647298,-0.04099869134444633,-0.04515510110619799,-0.033761188139174884,0.05449423178141646,-0.07704416787322463,-0.14985224224895277,-0.06429119995257787,0.11375834820233144,0.3745691018484357,0.3168017984586906,0.13502266537659094,0.1622069759748899,0.06938431315318425,0.052016289497861606,0.05018000069210666,0.02260639843659639,0.08737862292668747,0.03640989480297052,0.04005526229237158,0.013261416356319665,0.020830504282270543,0.01216334598101488,0.008550294625421645,0.0102830633754907,0.014604636085901072,0.04223735146099281,0.020259206008226918
-0.6426081184600324,-0.2860794862040681,-0.16386322866277409,0.01057966432993171,-0.07856672374535187,-0.02219352657693834,0.026563717896795503,0.04679280891200658,0.020434097718032763,-0.046363471803496085,-0.015255439079538441,-0.008273840435854858,0.010712237021765261,-0.03426886879074432,-0.010553004162102007,-0.022968892855470827,-0.010582128281802038,-0.026250859909963987,-0.007321059987418381,-0.012575512624926809,0.5912327130408433,0.21823698690533216,0.13697488192845855,0.056388540948444456,0.07785370414483783,0.09403928279962832,0.06668939275474528,0.04602315665341825,0.06863827079404566,0.04313304955198807,0.04626785620218878,0.06321888276648788,0.023598985578960313,0.030783749984469803,0.04914141332467712,0.05078167766229314,0.026618467247968083,0.031849435033207855,0.02146687151758962,0.029901900429733324
-0.10491049699234146,-0.0032034997904402647,0.005249469708524017,0.0036881274557006437,0.09785593750510245,-0.08372713376174999,-0.05744329103311169,-0.03118470546454481,-0.02585457487449973,0.021595353247503522,0.0015382545101797706,-0.02674321526015657,-0.017788033891288066,0.0035518259680657454,-0.02636341777491193,-0.016571324428856483,-0.00048041832112729325,-0.01029780235622293,-0.01271835221080112,-0.003151485446957136,0.9299558959477282,0.1268455636482372,0.13224420484737395,0.12639138494661237,0.15102326293854315,0.08988043274781064,0.07401137216752991,0.05605183351774851,0.053751094124073015,0.044140737376461354,0.03448349046406772,0.029054780169602175,0.02483464061157813,0.028341628254712963,0.02022381923719669,0.030809891692512532,0.018937620146539047,0.016451133468571508,0.017321968186579616,0.014126872708940901
-0.3878807493929493,0.023782593446512283,-0.033589769944566666,-0.006813252933659586,-0.0038255983108248736,-0.049154384821145744,0.01392822502224672,-0.0962433108516106,-0.037245249048158575,-0.001111161658843354,0.04944107262462619,-0.013374537176756785,-0.04077891972880168,-0.010297960036820515,-0.03501698929545131,-0.00444307130607813,-0.023935240565611957,0.010503676729148422,-0.02466561703936428,-0.026090269020545256,0.8612695358037472,0.11923438599678238,0.1295547833487428,0.0861733660285019,0.08678879606803103,0.07927760710993058,0.05998281557301986,0.10476759599741087,0.06386102671418172,0.05363803505353765,0.05715280303463662,0.03625793669473091,0.03457410666605299,0.024028519961400874,0.03902857113490617,0.02715215598673212,0.01930846570389753,0.022167004604061017,0.023767003322682625,0.03632240235530725
-0.3712137277003429,-0.6263951344148884,-0.024955548296378985,0.08781954740066651,-0.06481298487920333,0.1120075236042451,-0.05980100605801241,-0.03642783985383904,-0.02458810977231767,-0.13272388166991267,0.04072186105359078,-0.05932435702255832,-0.06650248741156939,-0.026297548578818237,0.024683708921474482,0.023579452635271614,0.012155947473023749,-0.043964446663148776,0.037600426290031935,-0.00426522747871245,0.23862578801886633,0.5479699023538985,0.06148494804522663,0.07905168965966375,0.061107433820294814,0.08651946547157657,0.022421098576764966,0.06635768251081509,0.0903024071726928,0.060447093881298715,0.03205754379032825,0.053717680300505735,0.051665085608167016,0.01688275461515481,0.026153377021850673,0.028220349854913743,0.023781894941495456,0.040044768414129454,0.02278955953567086,0.021011766419779143
-0.4738415641499018,-0.5563523036510306,-0.2257496219731085,-0.2430101578457774,-0.1374661429693259,0.04207604925251594,0.09000072551779828,0.02257365075936172,-0.03453361586506233,0.032016740581672025,0.0018888336896520472,-0.04580255581036316,-0.012135420600828568,-0.04646304578524094,0.014232471724695087,-0.04189353805535557,-0.0018601593844900731,0.044196739000654725,0.03452300531615981,0.0014307676728655544,0.268012947480878,0.4503133817671771,0.0831158228729768,0.111165031468422,0.08354497362572691,0.02820135964700047,0.027428547354362526,0.0381597024262218,0.03338947232891886,0.037744460963023085,0.027050668586071618,0.05343893403186943,0.026530083827715482,0.026983701880659752,0.024981683887409047,0.024432598032786933,0.021516400044129087,0.028088629526578666,0.028066960641007277,0.015386077034891895
-0.7091404059590991,0.03936589597730308,-0.23908403911097378,-0.211532844457899,-0.09928133011505651,-0.0026148189039187342,-0.0016002571653717323,-0.007968637194611165,-0.035942366122200343,0.02031520583687721,0.007132803944647223,-0.06429647028201975,0.03923430673123674,0.05123144735812048,-0.03708725640271801,-0.012478914463805491,0.007910062661101717,0.014177307308174418,0.02742599194533523,0.03569816666853619,0.5550519920782516,0.031461510058933495,0.10711001905911123,0.07376127600818257,0.04277582066762469,0.07157163085464291,0.035647160052036865,0.022646588541537813,0.034566207763231785,0.1384347468516286,0.016965819251601358,0.023189041732857983,0.07647294857999992,0.04164894150801806,0.020331121656651605,0.0342449857546885,0.026048078442880086,0.009774112365967352,0.05000626733979069,0.038842131253242616
-0.42951827950064714,-0.018915284573573832,0.016166157510904642,-0.04020412197685552,0.021091279873218263,-0.0007170212984398402,-0.005620789910268935,-0.023151504421573075,0.006022592428873419,-0.02887560051759039,0.008262688483614507,0.013853883090937043,-0.0009906782400115745,0.0017744196778821286,-0.025979099526246528,-0.01225214246154344,-0.03220202009289521,-0.029139760053304983,-0.01034269733706799,-0.005526227120901949,0.8870144941238226,0.08666727395461299,0.07343736164863686,0.03665388438931224,0.03244670442110912,0.03260649415456513,0.02555397572447099,0.030039201722871604,0.01592256403657167,0.030285605251532743,0.013556713147499781,0.012287586075809922,0.012997821328353448,0.010585259901185043,0.016091721794892582,0.010870041480883086,0.026242480153336703,0.02377562937311602,0.009844035195160816,0.007368048120584774
-0.6392078577154113,-0.146340130459418,0.026228891697506248,-0.17048077396369096,0.006180886392878536,-0.12220665788531884,-0.25833039246126743,0.030821688517347325,-0.028375883355502438,0.04417257672102762,-0.039844596043021596,-0.011511807485390654,-0.06696605925798448,-0.03622447369828207,-0.04483000667104403,0.009230566660005914,0.002823120088774857,-0.05903214846571404,0.0008488554413791894,0.00040970876001552827,0.3817499958686655,0.12475864204736255,0.03618373757546201,0.034272369624750366,0.007008773077802206,0.046771080846704935,0.10242753152843219,0.0314156351620577,0.0070886073835099254,0.025551963054235245,0.02173582672634168,0.002992258853077155,0.5076550850367632,0.019486677611385644,0.031088290092024597,0.05735908987395317,0.0011177121204264887,0.02085776224678702,0.014123732638575174,0.007765115460090564
-0.5977730180231815,-0.3569529576644285,-0.06392101251649739,-0.28086306751182427,-0.10698134778281376,0.05972008627311426,-0.10755135275901823,-0.05182055644033752,0.014018379533213473,-0.04226512522619976,-0.0017624249190036038,-0.057429753101329285,0.049567709683503866,-0.05812305561346686,-0.045735973003184785,0.09049592697407208,0.05085548831376099,0.01676355058050091,-0.0026012225271357125,-0.151690599833822,0.366893819747064,0.36356031375630754,0.06769893754078847,0.15411175528766985,0.12939854197421743,0.12481131080418395,0.08160106869750393,0.056588881401181255,0.03296211021693906,0.02773673393936415,0.017054265035783656,0.050871245725563695,0.058829908718159636,0.03105492160665676,0.025251759732935978,0.04539313771925399,0.02994632989671826,0.01210318761102377,0.019224709409535926,0.07182266508017233
-0.49875558513995755,0.4275354019884294,-0.28119261316303373,-0.08027827106972248,0.10052641703352153,-0.18885895506617797,-0.11278298745300544,0.11481215763728006,-0.08192071400971981,0.024392358655168093,-0.14278013076430604,0.013000137131656033,-0.03723419132582366,-0.113956334018081,-0.05755190301784358,0.03497520267970367,-0.031109200005002263,-0.009145390770275933,-0.03743006021438427,-0.010278129253156416,0.2563696183411959,0.4021950954112016,0.2182844026946238,0.09873297785706,0.13565559704063285,0.09072854362641172,0.102840924921485,0.11961730218964771,0.09675576032955721,0.05280676978487819,0.06493055349598699,0.04349293185613336,0.03456229350141521,0.04468742244506671,0.026552246755197583,0.03391560307216703,0.026940196249518093,0.024514697763751075,0.02506654259251032,0.016711186551452966
0.11823879845626625,-0.6420390745633088,-0.2854655703370505,-0.23574241258917136,-0.05104428590413755,-0.06979408658812464,-0.05955865573785053,-0.11739530928500452,0.03994893410777485,0.07190222587878826,-0.08640247717114476,-0.07240998772833794,-0.023816675807426954,0.0374111105691078,-0.06691586010130184,-0.019125517876631283,-0.09175529250040235,0.014386601701153145,-0.05223730773531039,0.0011479179692598944,0.10115934873740917,0.5237608387985608,0.13486132293765699,0.09302380622102623,0.01962788012785017,0.05765789131444295,0.19950139997387895,0.048829790317887346,0.0435682680426464,0.04842952464277692,0.029681112402380833,0.019165885260207217,0.015016076200855908,0.02106538064007931,0.018706491614516912,0.016563868148513777,0.05791004530224517,0.008457150009980064,0.07955258373205067,0.021453098623620822
-0.5399008794985825,-0.5207723784621953,-0.26767704994136327,-0.14789796270490252,0.0018467415812462925,-0.01817906711683905,0.009366498797683804,-0.025632052474256567,0.04845942234119025,0.058548057656715995,-0.025085550587727205,0.009092663690873824,-0.03859340963713748,0.018718359468216168,0.020965411511557952,-0.0013520186407892174,0.0075977460518362235,-0.004420596368389274,-0.002763723029322986,0.004862666773412953,0.363085057836606,0.3850020405003482,0.1740384896996824,0.07359087090150539,0.02358295074461824,0.036359559529021576,0.03110694401458004,0.04079016063405644,0.08063356878821878,0.06254957140455385,0.02711370435002297,0.021595781084888677,0.027721285183532313,0.017848549914235595,0.00852513722605123,0.008454377191669022,0.013916739370545777,0.008801003824301431,0.017545620099081713,0.011131292185178035
-0.5549939347548201,0.31282696757937334,-0.09537964391605633,0.06941894611898286,-0.04519336721651192,0.02473122926159686,-0.013468927949116014,0.0031817239377674037,-0.02277572864345808,-0.05818914337869199,-0.029655128979650558,0.007327544245915709,-0.05073813360062862,-0.02306162148960277,0.014667212479352675,0.002674311930535283,-0.016662634778708926,-0.03178073992665499,0.027671186324293256,0.11201679940415547,0.4533395390996021,0.5110945093180778,0.16161450867121327,0.07669228790801175,0.030664413530617874,0.03342312645564372,0.027634418584882862,0.1537146450234586,0.04764029033386712,0.0425489440267658,0.03952651371937405,0.04153857849796571,0.05639961031112861,0.0432751658740187,0.04001528309768665,0.061266059832430705,0.04037687004552334,0.05740176414092962,0.03654586329461279,0.07328092572833002
-0.2523480869768475,-0.44064581541778214,0.1320626558477183,-0.30749704840172565,-0.23438725869854507,-0.03204507170172963,-0.38731465657879693,0.0007895251106440499,-0.14981840848702294,-0.1658441552474996,-0.1340597105866348,-0.02120611726727767,0.0006830170644174797,-0.05702444519055566,-0.009933135311605865,0.029374490736017864,-0.08009858268975703,-0.04845797726055268,-0.07891583439041895,-0.08123953363390346,0.3764958332283661,0.21804389894466503,0.08395207197386656,0.12884922741236363,0.08401708507745553,0.07182665515573276,0.23525972394789618,0.07613828162570106,0.07253527866666168,0.06807277633804323,0.07850074451157822,0.0593825501800542,0.04509493106054127,0.043527962779861526,0.05144069529134171,0.05192150363418796,0.04086707734323944,0.04576421426771992,0.08323462324423589,0.06443025911836152
-0.03069606653972875,-0.05237055342396212,-0.24636467757616656,0.07759704911374994,-0.2612227821037038,-0.10387288600432894,-0.30101195432092176,0.2017331885970017,0.03367437771240168,-0.016890821408364832,0.11505842743624328,0.010612021679962303,0.06974409597556094,0.02529096735394285,-0.00026726310899393015,0.020601108135692207,-0.08511116745575222,-0.21838199557523652,-0.17114993185155758,-0.026273633871659558,0.6733541013315979,0.11046866801810183,0.1252185515375901,0.07821310670794843,0.11136016232541347,0.11578569988602917,0.1339036140391637,0.1296090213958555,0.08070419527879263,0.06384083906622241,0.08354463922328191,0.06601309951587805,0.05080025899404534,0.04908483837770622,0.048822417549042825,0.03762287044554938,0.06191079572954278,0.11924290956444439,0.10912931060144905,0.0709396315331557
-0.731893695790401,-0.26692246016172394,-0.03969691545721492,0.003744586863935733,-0.04324857196764476,-0.05582477467327914,0.019910571604533026,-0.006726006164349955,-0.011406619396941629,0.009998379027011586,-0.03304759755083648,0.009528130908657634,0.012112449661496097,-0.010044374126104982,-0.006674755874549315,0.001633390000957649,0.004659616462014796,-0.004861542671887707,-0.009512744977098472,-0.011508254307351369,0.5995291493225081,0.11305810188996422,0.05340172621282547,0.06913412817785046,0.021847139544430724,0.031884243280727226,0.020205119731883246,0.016904312114397708,0.00985376401831222,0.01187664816406205,0.015515333297850929,0.011988567447050317,0.01030159966113004,0.010194228061574757,0.017466306417163634,0.016147665289460215,0.009815756151219464,0.014502792984164074,0.011644907799557432,0.014569347471841992
-0.2778495242282255,0.24979090924730796,-0.5547797973553494,-0.13102298808717192,-0.0921865474948091,0.07763185952953361,-0.018898395134412712,-0.04634361137825172,-0.04703568974228706,-0.015440686588940685,-0.021389260645230522,-0.004895476383752568,-0.013750429493865929,0.002478445904967545,-0.04943347297438625,-0.0052726325460400025,-0.0015379934026786301,-0.0009833713177440472,0.008932928270571818,-0.006643950485089178,0.1376274512758825,0.32022202922264775,0.60916621512936,0.06338405783092557,0.06607529900993336,0.03420038572660418,0.023620868932646265,0.024782896530575953,0.04185050335719274,0.051094095388173694,0.022280476939697865,0.025191905249359325,0.0356187468813227,0.02433216532786157,0.025765536735350248,0.018765566433474913,0.01630123956247294,0.01481771907815461,0.01657076246291799,0.016684161490099447
-0.3171999658667274,0.006249895896843482,-0.6908126687439001,-0.046583963100539735,0.048220737519841385,-0.1188060270843253,0.03302998242321858,-0.032507966457474884,-0.06666051547296047,-0.05935885662444374,0.006955338545741143,-0.06269532590027731,0.016467745764273907,-0.06232415975228025,-0.017504321102185975,-0.00704676356260374,0.01593727732486153,-0.03570656199107019,-0.020555795156214595,-0.007344885468635157,0.30772378321215316,0.03624775854819559,0.5220291182384791,0.045476063423683336,0.03382650622709318,0.03185771587300422,0.01231128854391629,0.04643042877551381,0.027425600990162342,0.027752850479416818,0.011617501668698413,0.033962105476043586,0.03569444738134868,0.026435304422274333,0.016422739313559944,0.0313917724419804,0.02502281035783921,0.019519889305644664,0.021812794445572627,0.017979902184507606
-0.34047855616512707,-0.1877670402303972,-0.6639554260394115,-0.03514915761097666,0.003435264534112356,-0.03661574485883346,-0.05477452391304227,-0.0115494246750579,0.008713992822839502,0.010997972206728442,-0.1081157725763276,0.0767517179977473,-0.021454259549385835,-0.030560922353317806,-0.024648753709367772,-0.009743290155102825,-0.04339269420305511,-0.004199582161106668,0.02645163211652926,-0.03861483622560722,0.33690655177638573,0.06776284848558192,0.4823267198868531,0.04533679201972043,0.052693451014861725,0.009648747704367695,0.03155026141061388,0.06571818402212946,0.06345369865888624,0.06194893188200015,0.04940003592121503,0.04485683302247632,0.024196633742376628,0.03243394121313992,0.011525344503863472,0.025672396722109667,0.04207570987887494,0.013431187788002102,0.019145726516317494,0.01597212458512704
-0.24678699119143746,-0.26619392715812573,-0.2717460440824357,0.36359016343528344,-0.31576551956857085,0.040706558701381915,-0.03345026027140806,-0.011906502927311274,-0.05291981540702847,-0.00036582374749967835,-0.0075267811505553076,0.0013087419329931205,-0.00377617664702522,-0.001699129547552492,-0.002082014132332782,-0.010320421147860841,-0.011192770483902695,0.003460618948473229,-0.012092431827204389,0.004292086679606031,0.08464127363073477,0.26195768178201023,0.2859231797091997,0.5831179053684298,0.22007351837960906,0.027749229496215038,0.027953801357536372,0.06426298977156338,0.01842042736799927,0.011840150268817368,0.02207328527620479,0.022157914266874277,0.01545600105539602,0.012241963918169223,0.011145024038607058,0.021897145704513142,0.011788242039589584,0.02701662753829792,0.026308027820002144,0.024281785597170848
-0.2849481501766773,-0.08156399024689026,-0.5881310525373635,-0.002278469574371524,0.10125600505340125,-0.11563321069686772,-0.2209713061788974,-0.0388284140894576,-0.025492455204325425,0.041169741275828314,-0.08702194992259257,-0.16695867194382513,-0.014306349536233198,0.0017686358037963014,-0.12121912863277848,-0.01279338296192418,-0.09796906892954918,0.028478565591214797,-0.035005096151408836,-0.010919727967669782,0.3602289125667601,0.1505889740827951,0.4107529657524508,0.023483099016426267,0.03839803918000692,0.07634748807666544,0.1805223658218837,0.06722133811847261,0.07547889562505089,0.027348800104278013,0.15859686844614848,0.09779009653450971,0.038946040241358865,0.032624666280813716,0.05190784718837985,0.04950521972138186,0.03875003733959633,0.06314567108778224,0.07431855017077943,0.04068954587805433
0.38352440298020474,-0.17584410926983512,-0.09133907978154007,-0.1371670101203361,-0.1600887249273991,-0.03233677016341313,0.1283809447512451,-0.026518932567647202,0.05140854172535255,-0.061981351334315496,-0.004457868551044204,-0.04945984676811292,-0.017590680231186692,-0.03131906201236097,0.04003716202257503,-0.017190260894932387,0.026159153873272507,-0.020637963461240746,-0.015503173847366361,-0.00842311651335512,0.8010643347028857,0.1636472182032611,0.1859985709721246,0.054362609497668454,0.09475776852122884,0.02010568774794038,0.046142985981345794,0.02190244934612658,0.03419891754746665,0.03664188524561998,0.03280149611642669,0.03637704336669647,0.06476822792436773,0.03370121485810053,0.040124457145929236,0.03461954505502674,0.05841738360330101,0.026496835849887695,0.022285618543162432,0.04148436670348222
-0.2525292418610114,-0.32963989134741717,-0.3039349702706527,-0.005085765601201881,-0.06641542122636018,-0.02975700873808018,0.014322942851044396,-0.010235126936028415,0.018978786927932076,-0.02647988150212674,-0.021089971975589955,0.026797655726734895,0.0030083336537341733,-0.005140977971100614,9.251402017060931e-05,-0.025444080228546963,-0.02073815304423706,-0.0004597260505155634,0.005895141824929891,-0.008921611809093337,0.7177619647591666,0.32947477574385187,0.29959384824088275,0.04359025592619962,0.08040709323592306,0.029296848152719122,0.027042884718029795,0.03553236679798848,0.01915540705473545,0.014451671647920928,0.011415676736903767,0.014083240873692593,0.007690826568012847,0.006163734198832652,0.00477021750760506,0.012531875338560462,0.0072747435805741965,0.009885976176606059,0.005811150942247622,0.005502299719799623
-0.48364739612402075,-0.36695012848439157,-0.1490821930007801,-0.40498816567327145,0.19212617315606298,-0.17237733497682795,0.08020782603414393,-0.12290568444272373,-0.060286652451657194,-0.01520755697393907,-0.010148258322663185,-0.028388707339364893,-0.02943801699857368,-0.007324224737444575,-0.04153870761944039,-0.007360429026179318,-0.016826634307827524,-0.004349572075102213,-0.021896641964630936,0.004243726197295164,0.2904710732179201,0.12566610881114287,0.1159887163659648,0.2571908890915153,0.25129618349603217,0.11069742732535211,0.2206040104427002,0.14253019453527516,0.05358125556125515,0.07022682636140251,0.04926965978623409,0.06364467061201158,0.061376251460078426,0.03457910999854515,0.03500976769455195,0.0321290320615702,0.0297871892060038,0.028729925272974986,0.029179944096532264,0.023149592339363877
-0.05247251484059019,-0.4916229902633177,-0.06372705642197589,-0.2596337506887805,0.025557838182595542,0.029683475196353778,-0.04772499948691176,-0.050951497045830046,-0.2882531649436347,-0.10859486044175483,-0.06445623531880501,-0.06909160603195834,0.014059730432060802,-0.05822228472983837,-0.020179246266327916,0.020620375637877743,0.0035658690834663425,-0.08074923641537789,-0.03430627425266117,-0.035409592563298745,0.36904327124824365,0.4655012413836117,0.09359181751180541,0.21846058730358797,0.1511682200626971,0.1131694734798919,0.07224447970894173,0.1011146849421897,0.26111079631767936,0.10680447837033465,0.05426070726204338,0.07056572022899261,0.04421160131532458,0.053276134482538325,0.02444567256678524,0.02996473449129225,0.02976457691737917,0.054352467402780165,0.04393530119406059,0.02096853540289544
-0.04886765679985896,-0.009938008456914825,0.24260079859059341,-0.14692063104435996,-0.011884279995675111,-0.08567267873009458,0.02867930535760835,-0.15946694108792808,-0.082683557844441,-0.031124393516306522,-0.10598488027610739,-0.07292454548526155,-0.03703228763542684,-0.21699688045065396,-0.11170820718941392,-0.049258808246502556,0.13457770957643078,-0.11551198640724415,0.01744104423910027,-0.04318771727473498,0.23872411897318627,0.30687211785779256,0.3289616535945295,0.3939212637611168,0.22366007901433763,0.28823252643534386,0.19352779936780654,0.1437198574526705,0.13532834593840845,0.09388873148142404,0.14104767115915434,0.10928781190537044,0.10441433308739936,0.1802312480888042,0.11296826443554803,0.06632174700557461,0.09722480030781201,0.13984573339025577,0.057303663466247184,0.06655261167853604
-0.33449326327323414,-0.14515195919692137,0.07728327373249863,-0.28411966504848907,-0.18689057582004637,-0.03849960405273614,-0.011610301612120785,-0.05952720287123688,-0.06445456343898162,0.08968233614332555,0.12698838999024858,0.05510592607481852,0.11475742215536519,0.028386025585626428,0.02492747927151135,0.18281228113059395,0.036273107705670465,-0.22272317554631332,-0.15355522221073806,0.013503832970326242,0.35767692200214757,0.1823325160065738,0.31428484313883454,0.21950545059822868,0.18746795882953046,0.12494865378271701,0.1106267946347973,0.10495510574098829,0.11765433974671724,0.16665025915541135,0.14957389049686498,0.11678555721461183,0.1445521108369853,0.12090466729480243,0.0594189775495161,0.15308338676826094,0.09715309156968326,0.1989796098387986,0.1163777758135828,0.03707500344104214
-0.6458571860814315,0.22416659557045898,-0.06887862472139028,-0.12082736730282116,-0.10965207592873959,-0.012534765259735866,-0.05727250079508652,-0.13672429080127865,0.022568299715888765,-0.0639602784602662,-0.04223247303688867,-0.04793118752088219,-0.05984596291434792,-0.04602792175937782,-0.03789243412612415,-0.06670644467961168,-0.035867589464326464,0.08653391104067745,-0.024040497675618642,-0.10463477099944211,0.4787465766325788,0.22774892325459659,0.06653014393590999,0.18732778727691465,0.07760401491423928,0.03386576025566373,0.06874155113323135,0.1790986060143065,0.0497623849018874,0.0867691960401659,0.05886755687796741,0.059813275125531994,0.1493534084945229,0.054953971196791795,0.07393719645673313,0.05790211971637438,0.09211689929739747,0.08475803664297879,0.04096251303006434,0.0738506350252726
0.014520410164933767,-0.040032527600608735,0.016455994798749537,0.019807142809327473,-0.01353843579487066,0.02514006102787504,0.013331912668127763,0.03312668965043872,-0.009660373295903175,-0.0022020091476766235,-0.01894558230886849,-0.006111913129771557,-0.033248393346621066,6.88768587830431e-05,-0.005419303086432761,0.024366281962336506,0.00042581291281275764,-0.009056108984844595,0.0071781595600408825,-0.006160905144774341,0.7496250035491646,0.5802569922761981,0.2398114636281134,0.12373323040058759,0.08796443291573901,0.0691415709128927,0.03544276515252375,0.04481377462817559,0.03123920777545216,0.025672265615314483,0.026480963354206948,0.024742334316228895,0.023082649382767797,0.02043206262936494,0.018916208599121503,0.02085232056273309,0.018120717136083056,0.014928243027673852,0.01760443929251635,0.015743419875247827
-0.08328624811622744,-0.04950789368880075,0.09077139816471633,-0.025775119408348004,-0.02140259926456145,-0.022524295920539977,0.05054581216705089,-0.012112249617661571,0.012631572485078986,-0.020110345112779655,-0.00043172526335927676,0.006031491736027819,0.013730765915365229,-0.0014697593400663138,0.00867050826355469,0.009747642461554623,-0.006171753885539417,-0.0053896316497425096,-0.004575695640021828,-0.006699134159499184,0.8278544470083176,0.40736584423903055,0.27485835319763086,0.13685919509866584,0.0775184448059786,0.09704354715580328,0.07037812447529984,0.05040236230242674,0.05479302492460591,0.03307612428359601,0.030597209745846142,0.022511998897840876,0.024069810784233335,0.023689116214284912,0.026286582984358257,0.0174574482393597,0.015410858557402774,0.01632496996152806,0.013511492069579495,0.009876496313027784
-0.16394187300847637,0.024344956929693358,-0.04097969732934418,-0.03846945589120838,0.022665415320423446,0.012349025460485665,0.029504368536425955,-0.010482843418817158,0.007399076837201537,0.010466027476585595,-0.005549307115669766,0.010958287225546535,-0.008213119145410201,-0.011270890723581862,-0.014490370363465866,-0.0061929194383105145,0.0034697052809127163,-0.020880801840226657,-0.03554147921142943,-0.0003659227623417904,0.6749526880918378,0.5818980458033418,0.32688262476902885,0.1651334990628061,0.11629301068428553,0.06466804719240771,0.06524471074629001,0.07400472591407167,0.044775775560055235,0.033210328546173166,0.03792383276051539,0.03263597735607235,0.024804939334688914,0.023617238109037677,0.029156402520519254,0.017017140537427426,0.020899542125794528,0.01697391084816446,0.023805880023529232,0.01767249903204026
-0.09942043947308624,-0.31590910169247993,-0.01904944340908841,0.024231776023492642,-0.12101628372905712,-0.0009231200032149404,0.025333613107466107,-0.008347571011183464,0.06509557471051292,-0.06720950197228387,0.02121788883826562,0.00986751566697013,0.0181326497534886,-0.008880130796844616,-0.044208820402718715,0.02791851383274719,0.00042905296733697015,-0.0174098376130233,-0.004659082861053048,0.010115477108535208,0.7707524546195464,0.2593728592700171,0.11151425237798072,0.29776733546855577,0.19238019275022963,0.19358643318725188,0.09643717914801944,0.035205460926494576,0.07745591193502765,0.050564791502178644,0.046258144090523194,0.02163582180358549,0.021551269362864917,0.014389786092168627,0.026052529785682635,0.025892711120392816,0.01270866174767495,0.01395225443503813,0.009152326241226858,0.007357247707490146
-0.6377680767933499,-0.19772430866319474,-0.3349724487774832,-0.23793301197048958,-0.13043398310441762,0.04493102427867002,-0.014940123177718216,-0.023582645690528464,-0.030774671468358727,-0.011308659553354455,-0.04209748179252773,0.005127422871325741,-0.01528350707039983,0.004066328090619305,0.01220457840272315,-0.012409246967946496,-0.00380208999445884,-0.003445791790480398,0.0036264723470866163,-0.00053925400770505,0.45842724731920526,0.15695936086978265,0.24848432214774638,0.15937571933010963,0.057182980156063386,0.04700765191183312,0.14570836795154532,0.04912492979873931,0.038591403212685234,0.049953498964269455,0.05851362056591088,0.05134107388259008,0.013691871207951511,0.01065806197371949,0.01909889478534601,0.011852520971600165,0.009240505235345546,0.004768286400442013,0.004501223044362113,0.0045942133342483735
-0.4953435771500451,-0.2083897196010644,-0.0053900259598473575,-0.02648587565329528,-0.0417779273619078,-0.008173906474134527,-0.06848565890194769,-0.004858629066589689,-0.006275435850636987,0.009428497136461765,-0.009902317080007687,-0.005129823384514272,0.006493129212040276,0.008276183425528398,0.005151909208779224,-0.0030385564811855788,0.003413067876805645,-0.006338062061056918,0.003318490710474914,0.0018976405868586462,0.740708399183758,0.3577681697114666,0.0914256405816647,0.04199516366344003,0.07036956270634458,0.054581482115832164,0.07983283161920683,0.02195980252240079,0.019171734942784,0.011206615039436464,0.01380160638067059,0.02030656568491992,0.016202436409145843,0.012692603443884455,0.015698304458778473,0.0053448490946011685,0.008019720286954872,0.005809396403314342,0.0030009976739482675,0.005371483410975142
-0.6241298985271608,0.18075756597911624,-0.4916585644728048,0.06125638294130022,0.05369782238752507,0.0017793992229040339,-0.1545790694973505,0.00718804227150426,-0.011546440880403767,-0.01103058591303818,0.0023815862825633874,-0.006370124087580263,0.005352810576280288,-0.0024463583958467257,0.005932855486121159,0.0014505824082047777,0.0004212433487472812,3.734696969610122e-05,0.0022631182998801196,-0.0038416411245131643,0.3876334296700836,0.12421038376481139,0.3055029364526049,0.035289550735857565,0.03340336774802605,0.02078151151336386,0.16911767040570466,0.08618243399558212,0.04928430037693916,0.04564785569226779,0.021810193119112913,0.034235003347884436,0.025841762494212092,0.013931764054853468,0.00853451063197326,0.005850317830501535,0.005925027577846018,0.005473930909440353,0.005438716314261377,0.004089176142677861
-0.26234552567027125,-0.4054442797651034,-0.22912952261154548,-0.024783510158888102,0.09730226568239983,-0.4326630663349677,0.07229417607304478,0.10816770225961611,-0.01767011421673254,0.05678910851458832,-0.06341498436140842,0.07077761050083753,-0.056551409412747784,0.02418311498331913,0.007842106812634862,-0.03008082887599491,0.05536962564921209,0.015446309537048853,0.00993840908094945,0.095198334945086,0.37206068436033823,0.45316527195972817,0.1693202817761986,0.01029123064226977,0.044146743358236124,0.3022064327134043,0.02715228932452675,0.04004011884842853,0.0173954371008067,0.019372177420915543,0.010988361102545552,0.018504714007430693,0.01133847387997627,0.009912297484579828,0.00942969910210907,0.009596782549425188,0.009486329941643716,0.005326080159814206,0.009545222919302057,0.01898682535808266
0.5553268002303697,0.04571098309847586,-0.21611204415567883,0.004580149529251669,-0.058406811006359326,0.03280218226799419,-0.04456996131910903,0.03194041321862485,0.00479701369086579,0.025827324515746552,-0.03843661180977748,-0.008690663356699482,-0.02747725135139726,-0.02082949144330053,-0.06617614235728475,-0.07952472117454726,0.09749437782212551,-0.0028617784556149678,0.0296045480190715,-0.03463656274687426,0.7356231670152282,0.18005977051795816,0.16642658412851816,0.0424198876711646,0.03549425961658482,0.042308826648971544,0.020540289301793628,0.02336513736221303,0.014072577849123828,0.018565118027197874,0.014024160597221091,0.010329916757300446,0.012387425064542183,0.009700304777409102,0.01781939028947314,0.018720597631494414,0.02264220475894519,0.0075056740531138704,0.009152182986417023,0.009282792021484087
0.5272874685298765,0.12648833712659557,-0.07277698457376591,0.23916573757900123,0.24967909793788362,0.023140602021952325,0.05022082804605265,-0.10263771559693505,-0.021539724380619886,0.06851432765239804,0.09881304818555095,-0.12861220541975246,0.08724845878125051,-0.11983185825014032,0.02220565448061815,0.04723252995109109,0.014923386717314488,-0.01829153386032067,-0.12171898818264026,-0.060062394902950435,0.6165410255241851,0.1843207755051786,0.11820221785958222,0.1931857532255522,0.12246048785410008,0.024950216885916483,0.02915966606892814,0.0420005368329219,0.02486946916150442,0.021780902532307366,0.04126404215843338,0.03611752715636172,0.030448510971768754,0.03972596751374705,0.014505155150743193,0.017505045035901053,0.014429209710333462,0.015151220931225477,0.03231151597942728,0.0131788293419083
-0.2201468709423327,-0.5196814370422675,0.0060910650475399,0.03726709234575702,-0.05945068154230727,-0.02952681707866218,-0.0002387366119681614,-0.050868204371018196,-0.013682001972812914,0.006533675586310894,-0.012209857472122658,-0.032505153541501686,0.002600489107831664,-0.04197886779677125,-0.020271578845052308,-0.03595406081595626,-0.04542594923765247,0.03519422812563767,-0.010660246054595656,0.014041745138535554,0.3894609681257064,0.6835007420535409,0.09513210958845139,0.06399067372592848,0.10968477931051628,0.035107554054345326,0.041999034307587974,0.0625420325981108,0.029849824278623673,0.03379265074825221,0.03039869245726748,0.05322513916148485,0.03490044262974571,0.04976832869530542,0.01633041556916922,0.030957781989805918,0.032844756419434816,0.028032777165946675,0.0267789698086204,0.017239996858187397
-0.36428175287633024,-0.37064378539114545,0.17145747485108473,0.027601090767369454,0.0515308970706659,-0.20566706202719573,0.03462350247456103,-0.2664058159232743,-0.11006442026908274,-0.05614757870726671,0.022218559559959314,0.016333590455666007,0.004303162763822766,-0.053976934618264964,0.03126400241647185,-0.08240833595757674,-0.028543947782545032,-0.05975610292358938,-0.019342311449963845,-0.04407237693703111,0.4029067319590206,0.30775278071274964,0.32970670899940485,0.1640470776765689,0.19505681355785004,0.1296538390591294,0.11950919195118768,0.19606227407880294,0.10185051503467882,0.0689728954362899,0.06214403057339754,0.05294720760262098,0.042840658591649636,0.06513952170764609,0.06092029877816786,0.10168425080835536,0.04931967639326123,0.05602772364154102,0.029530967323075887,0.024384702497120166
-0.46475446902508916,-0.16822717866615247,-0.09934164940356446,-0.10582651706350633,0.010854088198855654,-0.027046557048989856,0.030467785378416,0.027586834456960252,-0.07047388532042088,0.016481217294896912,0.0006702015889999312,-0.015491998770880989,0.017128135753989762,-0.014242748475827755,0.007324765532918514,-0.006678513444668457,-0.035173081642270766,-0.026133825991878124,0.01584465051903547,-0.0021862156960633376,0.7726744621664335,0.3342785196703634,0.07324678460065759,0.06860271598099006,0.013863168024514181,0.049796873003338155,0.018910949216509532,0.014722866286344151,0.0301664907191714,0.020052572700160847,0.007537912248456364,0.006428652005658225,0.005321738937918139,0.009446526751587967,0.004911837942270566,0.004640054023310836,0.00842113972188036,0.004963471659875323,0.0052623068562911695,0.008046176469042142
0.5197593006213386,0.016752547042240655,0.029847998918819486,-0.00409058440087586,-0.129439334052145,-0.05629953904573825,-0.015448356954915917,0.010129235354267907,-0.1003016083313565,-0.036455472254665784,0.0006205597612073264,-0.0015158824784417236,-0.05447367064407097,0.012967891075794748,-0.029614649078442856,0.0278734464769593,0.010887349228467935,-0.012104482566271555,-0.021083112360323307,0.012991409126633574,0.7852331068010622,0.21637242940748694,0.11959773573058112,0.08633769694655899,0.05225966967580594,0.030864137474085895,0.011988015546791667,0.017713227586802667,0.03448600154141322,0.008685548884749414,0.009975503417431695,0.009342213899220674,0.011196950288006654,0.0049029798602732225,0.009911960354276342,0.0060912019659518125,0.01173494903885276,0.006307561624480018,0.009569284099370941,0.004926772595064188
-0.3299390918301227,-0.038640192726778586,-0.013611581507616228,0.05349851620207689,-0.014554765472823234,0.012903576105587799,-0.03803090502908527,-0.0020688053544875786,-0.008807092307146741,0.004582099917823519,-0.015970495724595527,-0.0008330175500950543,0.0022482220154927653,-0.0061724360035931,0.005222438743100123,-0.002185329748369672,-0.002081631479328426,0.01362150819324658,-0.013003271480330285,-0.008270400849816577,0.6097044157086998,0.7028681601269114,0.027931123750649788,0.11075303554118074,0.029146551006604324,0.012768451317635567,0.04137276979772046,0.030818048402971542,0.010368549782286702,0.01726671336287435,0.013599949099562154,0.012328594514089797,0.009221973391562563,0.008837706025249007,0.008630414271652821,0.008432501595365743,0.008150995333441467,0.010120422426613032,0.010724864840595599,0.00975546822852401
0.04092448737346279,-0.0033672734211991563,-0.018670423622177152,-0.0016408677128442102,0.015529463661914876,0.03174725002181298,-0.025278502494487175,0.014007311494347838,0.01854257471738451,0.02262297411963268,-0.011308819546978852,0.0044586550989680115,-0.010512049570631576,-0.008488285291815048,-0.019077110203434663,0.004570181032395405,0.00717861587095166,-0.00598776960521367,-0.008957368877345823,0.0012747480779261033,0.7188049901812559,0.6839565536886495,0.04712596173864032,0.03916009454058876,0.04888160027925594,0.030576461737045636,0.013766837789344242,0.016557149626712044,0.021059349744715114,0.01660588664551376,0.008009965102832268,0.015050497884277616,0.021774453973797164,0.008940852000597709,0.012390734354639124,0.008723335749332616,0.007878268064512046,0.01024532423521556,0.008747694000103806,0.009031621797975639
0.027660516449026146,0.01995308581961321,-0.018944211850503014,-0.02839880491335106,0.025280776651268235,-0.010558044313096742,0.02224749115320529,-0.016969871151326994,-0.029189492787825365,-0.005625066412028813,-0.02066152983367778,0.0033813775469055713,0.013107768289115735,-0.003906448047157748,-0.005401211057593246,-0.007613681885786785,0.007894993323988757,-0.005338016362091791,-0.001153501600082116,-0.004346231385761157,0.8676551992891497,0.48208656108993275,0.04895983428090318,0.05448461062059847,0.03747728743988483,0.021441562556588658,0.010180304813479929,0.02048435783300678,0.019789863564749637,0.019571261375467004,0.011356926808483808,0.008570647293821707,0.0071736596513332805,0.007173133927611801,0.007946322285638727,0.007792290909474006,0.006469181518773008,0.007645347584390046,0.01025736727876559,0.0059196879478803
-0.4161700189308191,-0.012350728683630045,-0.0006957148744928817,0.004754637294862715,-0.008078203214918584,-0.0014442503098874568,-0.01089964886942493,-0.006016740619557106,0.006000099642530024,-0.010977553647978882,-0.004105328947060069,0.0036259295383040038,-0.011641637713404948,-0.0020423211211242514,-0.0008560886253042634,0.0022622000225448143,0.0076459438709627495,-0.009905315374630005,0.001014760579412908,0.00109568516631191,0.9082121946049706,0.02829608003977628,0.0046532012829621746,0.004659569272952847,0.006375477291771523,0.0020660611639507485,0.0062500763256958655,0.003937364901627669,0.0027141849722023864,0.005814656087557222,0.0019122597822914594,0.002890330162988579,0.005592820063704978,0.0010883401671795828,0.0009147645397779163,0.0013051461083623537,0.002733526481618818,0.004263273078710268,0.0020843831693732446,0.0016077419631484041
0.22173513440922996,0.3942182015428741,0.1833193009754218,-0.142104499529789,0.041992590907085854,-0.03318109967653015,-0.04205323520167081,-0.07501414572824151,0.019450662883931675,-0.02056457042394476,0.027310923190018106,-0.03882205861486527,-0.054315914587653065,-0.031278901672473616,-0.04102490820939161,0.04785800285026423,-0.020997536948827927,-0.03223209046812712,-0.060747389266089594,0.023221604895186515,0.5629899231762653,0.5775218917590804,0.22537313832036285,0.08504063881596377,0.03371689290974903,0.037893091470076426,0.022040119288130898,0.023409127885644226,0.01612084738249574,0.011946391350433043,0.00869513937060456,0.015264281628033491,0.016018378692783764,0.015427517463108286,0.010852827563906757,0.01839094154102862,0.016628459849519783,0.01321938156070014,0.017251274144646132,0.013001955691140689
-0.40847300169824097,0.18622063285407334,-0.0746001562388436,0.02519681961555278,-0.008376627326781851,-0.0028366652958474745,-0.04591554142269246,0.015867507422760278,-0.021809201376721196,-0.03197303375180527,-0.025744187063066727,0.0042719186545154535,-0.010508091065133994,-0.02181952822662748,0.0017185089463230205,-0.007922220621856902,-9.317287662334543e-05,-0.028688016999686674,-0.012986051024931285,-0.0008202545074554419,0.7940391148799568,0.3783553672910118,0.06884179853980135,0.049902022314366364,0.021263794227402384,0.03375551417468411,0.026838918427634192,0.019840100317865185,0.016910637742212825,0.019193291739537537,0.015847844291031535,0.014492090997502474,0.01415725432090812,0.014981368044494882,0.01736525855583241,0.008070953272122738,0.010481893985139741,0.01596289329348239,0.008346842873141181,0.009089858409289582
0.061610241959095834,0.3132039732659509,-0.2696408401769517,-0.09836994194631415,0.04013955776404843,-0.031190750085713682,0.03199392966620166,0.01879986683503608,0.10866040868960043,-0.12525861299351182,-0.04398097506160568,-0.07669773916448032,-0.08190427921187528,-0.0045628224726760366,0.2413487856538734,-0.038421485432530954,-0.09943209382147895,-0.12075997662194883,-0.018391272424305303,-0.039650147684274877,0.6765735130096739,0.38806261908138184,0.2027321747537825,0.07566793731488607,0.06250719549654506,0.037023695462270245,0.029353220241387926,0.02481027321904126,0.04081225106412727,0.03946953783765684,0.01664668225155424,0.027221080151472447,0.026036655401579546,0.010394229894741792,0.11959485116165404,0.013676499021469491,0.025291254186169846,0.035714165632951586,0.010919016629473158,0.011745597622311598
-0.41611225666235624,0.27913359236034685,0.05346515892637031,0.04079994512590242,0.03659656485263691,0.0587737260217872,0.02356167193159975,-0.04993322278052373,-0.04436810252920169,0.09093878574336414,0.0038757176103321202,0.032129948769416945,-0.02001290560267059,-0.002661072927258007,-0.049464975517709855,-0.038237550428038475,0.01933476197501475,-0.02948979868128661,-0.00025965071120455217,-0.047097933378700024,0.7384930685178476,0.37708680846642617,0.14284835688434852,0.04798499274511574,0.02741770475116662,0.06154817401385482,0.02733335111102071,0.015446302458638173,0.014793984060132694,0.02671449479800694,0.01112341111749029,0.011246047912117977,0.009314162644993079,0.004865299249676581,0.011983676284544238,0.008705746611906685,0.005674820579049143,0.007574563942519232,0.0058058089196160794,0.00834238658301068
0.4023406214691177,0.22517350108488166,-0.09474466400420041,-0.10363703931335908,-0.0765204031763435,0.05649393044983611,0.06215753152256397,-0.09576550796761057,-0.026367158113189463,0.07243365397284031,0.035692806656233166,0.006212486506365699,0.004612268024149088,-0.008570050523426421,-0.013517272468478484,0.06723789555395669,-0.017958087663319675,-0.03978315672727781,-0.027268817293898125,-0.11922758663552,0.771867365222917,0.3099248467648537,0.0722833051336797,0.0890976432863188,0.06346973709818113,0.04254962753773885,0.020247071792236768,0.04059524555939526,0.026334154233119817,0.021344953462874648,0.016460462302201558,0.010759165101027552,0.012982537730528506,0.017559716108054443,0.009204954659351216,0.015963361235499254,0.010552253173460691,0.009420138754966188,0.01243603864751038,0.03322205645283466
-0.35454108664726,0.023288989567001234,0.2371045552273614,-0.15373971053164934,-0.19254966844595367,0.10400391048002176,-0.19765620126893504,-0.07152522345685741,-0.029469948393289248,-0.03346150521968685,-0.07186901134365803,-0.08033719820609174,0.007986550647386608,-0.11784578925314385,0.008065056833726124,-0.01598443946623907,0.10650369803468795,-0.055716236918705794,0.03741110379409318,-0.027841911010427194,0.7162454649234958,0.25207827967894725,0.21561762472052665,0.08972788532198378,0.09809909276010487,0.04523140915429979,0.0857619341110972,0.02137487038188181,0.027240128311919135,0.02210722211891829,0.019486863734611563,0.03539569364468732,0.01212913316381542,0.032119641827619325,0.014696882494663019,0.017672578813995792,0.0334157626043454,0.023178279886217547,0.018070606390847177,0.014180604122784391
-0.007133477557012115,0.1439181543684743,0.28626874789031864,-0.2661477981084064,0.17388612905253306,0.19338768758061037,-0.07678368348101684,-0.028534358038762423,0.11383924752405648,-0.10612630201220512,0.008558844870540832,-0.1573693307649337,-0.06870288342105622,-0.0302932440862267,-0.12195290765007673,-0.10938972583420886,0.06025346919717956,0.002628338792891851,0.043725836023801264,-0.08852459306336188,0.5982339180425905,0.2973641394128733,0.31835683930166586,0.19315979040742134,0.11545500029738422,0.18624010121062573,0.05631832069577593,0.045836279998372406,0.07452009298812484,0.05015951628250773,0.03006404817658277,0.05660589958219098,0.028231863963575004,0.024836415895289336,0.04447784575954472,0.03256959731151615,0.022923260561697797,0.020087885296583747,0.02403584064242776,0.028076727382142414
0.05325823804953674,-0.49746599329184843,0.17577816709551722,-0.004226049297646461,-0.08114936194420262,-0.064609046377107,-0.07961247297556338,-0.04882396864410696,0.006556187160633726,-0.058583659061908586,0.09654074818675006,-0.08205077189146051,-0.12884522970101897,-0.06129727236269559,-0.07645448328288494,-0.01242951196889565,-0.056542108193414105,-0.05593894924110346,-0.049354123428634655,0.03962593135555721,0.5898545037356834,0.4934673848459582,0.18392228639461558,0.05136999431539152,0.03840351741147559,0.05467068622109455,0.033014736654614414,0.02436284036379715,0.019452309552870917,0.022123925010267685,0.03290547339255355,0.037152096868891836,0.04390422521838064,0.02700159936022892,0.04067611476657587,0.01349512376209349,0.014118101202011672,0.018593165520714175,0.018618735521302412,0.01755237956632349
0.1817392825740144,-0.20919036150284795,0.15461311857605933,-0.08657822022916366,0.11556832680102029,0.11873057747258692,-0.18441161881378454,0.01520209758664385,-0.07416257994858765,-0.1335818478110055,0.0632953820434822,-0.06542933935042089,-0.06742059893041587,-0.27560612469069035,-0.05241402869734506,-0.20877168467809884,0.022294060570306754,0.009279855091677409,0.0010761880730341497,0.07600844098901578,0.661181466616454,0.3530039400159611,0.16554721114704155,0.10713361450743325,0.10328588047896463,0.08636924169129154,0.10923203500494084,0.03407568793264846,0.03941569511705352,0.05781351198169418,0.026643890675726284,0.018955169852052964,0.037925339306814326,0.1327583902300252,0.024273111220001416,0.07778684861173728,0.019493938762013156,0.01600766180675702,0.019086600884462616,0.027236297623105254
-0.5075683064505523,0.11305248294377569,0.07565991635780514,-0.07527896286446928,-0.08815635827675093,0.02895924615626381,-0.07445169840442244,-0.04213078878620435,-0.0464803324491634,-0.07464642003755134,-0.037355852254792675,0.01913898513600878,0.023623707408919503,-0.028674501522203986,0.023955372386120322,-0.00046504762920925085,-0.026202072357400116,0.010387997720856414,0.016450211226569384,0.03605802374602961,0.8177354635916785,0.09593398339613089,0.029685033371151682,0.04917321681939683,0.04952977841331957,0.03726568831191605,0.02153095707554388,0.011769146012659468,0.025298356972932486,0.02352680763570282,0.009185173652788422,0.007223503003796405,0.00910636740589658,0.03005034689027004,0.005471710124077063,0.00429651227265473,0.010999178003688846,0.013663351082341754,0.0072004053904620655,0.009913912681272499
0.04504546316327774,-0.606110947366713,0.05281268391916318,-0.0578504092627568,0.05618402670102114,-0.11403918431072359,-0.040032972906291056,-0.07338618466924256,0.10305539151452538,-0.07150021993738169,0.0024722091445431686,0.02118126973195151,-0.007143355745070862,-0.05360062419369744,-0.03643698475242523,0.003506099948646154,-0.059775498080990454,0.02775041460415942,-0.024325404508772717,-0.059641838641508786,0.20154962838560156,0.7113002352024854,0.11698399255683209,0.04414375877534527,0.045555352754554204,0.044771012336824755,0.02625292497663604,0.028932269171255336,0.03685423561418468,0.027357179590443828,0.02169355461483515,0.013303509504504716,0.014748415753335393,0.02107888060193026,0.01573540326684844,0.013864509179902654,0.017230922625354233,0.011740510788622925,0.009039011395434579,0.013737443443559929
-0.599229051716207,-0.20930816032320193,-0.0875323681913476,-0.057781979092785554,-0.08697403754973829,-0.15891198410490226,-0.11524753379119208,0.0022001554583562575,-0.030374239786082783,0.044778818014368706,-0.017161660291498446,-0.04075270579084641,0.0066255334789331885,-0.005213200820844021,0.011965551998646521,0.0066655309959469744,0.014078848415737736,0.0007559505130099536,-0.016054327689361266,0.0011704530979119948,0.6885956506533536,0.1564465149441096,0.1230981278644303,0.060359822524476796,0.06862623699448175,0.08689051244582514,0.052417931898647546,0.026495097058052728,0.013105649637933613,0.014281799365042586,0.015157592890771449,0.014586123689606779,0.009787944052131969,0.01076273364645577,0.004051161274647611,0.006696585947082367,0.007506367301906137,0.006745017224177972,0.0060349021485466055,0.00596041726043418
0.4656064829884057,-0.37824685294803145,-0.2080072652987188,-0.08719314585824206,0.06607408228381177,0.010771720422311979,-0.16658178033569374,0.07557877913456475,-0.10413093892931835,-0.1107235296882363,-0.0043148866974420455,-0.036285826294331684,-0.11862655842324805,0.11455545469154922,0.11939810169617417,-0.07378078656827969,-0.005061645522997413,-0.006091876274037089,0.06120098553848095,0.003546905831435102,0.57430343838666,0.3368604345037227,0.12150647402145126,0.05670773614088356,0.034633415170411866,0.026870484943717122,0.06016891992491126,0.032238136529313045,0.0337437362132575,0.0478642814489212,0.019846801288004753,0.015117041832838629,0.0340508785868839,0.03086900721541254,0.03261397251355601,0.021392394650724702,0.008573037893576744,0.013308521274883895,0.016641679254141117,0.009981124741599394
-0.5118678843722517,-0.34128243347167625,-0.0931565564796959,0.17644794251038204,0.021136885177511087,-0.056630145352559495,-0.13872240085248239,-0.0729573406468381,0.08029685116787595,0.010210580039012781,-0.010861175782303601,0.010377518528954893,-0.020727061463653943,-0.09214361391706621,0.0023884699281825237,-0.03487203589434226,-0.0024513822123415356,-0.039728931435366856,-0.02002265774958041,-0.052512577379546226,0.6067299222263122,0.368506669090578,0.0656836640075102,0.11350349656508502,0.02461573870408393,0.03769698353202903,0.06300487693745196,0.033224767094312546,0.03703907060153287,0.014921238051741814,0.018283031074631424,0.011131492350087301,0.011053247427593354,0.029552312713419435,0.00812795779564902,0.00947892965213893,0.011046207806673364,0.01035928496167088,0.008073241773846652,0.010393983456562781
-0.46373120462038786,-0.10630513501867221,0.007840800380925246,-0.10021026288622718,0.013054018153578444,-0.011112421643623771,-0.10930918033326703,-0.22885118028642903,-0.03801640810295168,-0.004216458093492829,-0.042444948678729895,-0.010665411767389171,-0.12039933730662908,-0.006571360739483556,-0.051273976382378766,-0.0224188990165647,-0.03855941975614362,-0.01784154028076589,0.0026216456439891295,-0.013736842421978783,0.7607355849569605,0.07109605760031006,0.09639667371775036,0.13956603773715365,0.09735683651590009,0.044656233117781594,0.051698109625422116,0.15782967207082776,0.02748597547718986,0.034286375523003836,0.02602156477985446,0.016514895438428493,0.13254235784273313,0.019078107638274087,0.031237633643912504,0.020525004861059244,0.0233864724950254,0.0281973020751357,0.024220034630378987,0.012088270550382746
-0.4202645185771886,-0.21460479496141177,-0.10175739610935228,-0.09032046314945488,-0.06123704306682165,-0.00469279587123836,0.005077197686500196,-0.0024906119639345027,-0.05326504445897087,-0.03288558315430976,0.006981494834847405,-0.017368358885829965,-0.020731223938674572,0.016214529261402804,-0.015722761718457625,-0.013606780153622454,0.010698382239030739,0.01508618322644862,-0.0038020512439294303,-0.0036878663588179855,0.1632585711634417,0.6858234696188096,0.40788678816396956,0.08673121559916878,0.1857976516608147,0.07531166666036335,0.06375828496069082,0.0935040550956639,0.06858530078053093,0.0647559381844773,0.0577095053381098,0.054125487144687075,0.04364295106108616,0.04427099580215189,0.03822480176898857,0.03612563763214539,0.032380188082366694,0.032826035462632075,0.022572220058706845,0.030274601283317833
-0.24718440967736294,-0.35556821820788054,-0.30289020210568135,-0.3843162119729931,-0.019185081365362674,-0.3294527529917199,-0.06451392721629211,-0.12399504471623982,-0.12666115600952538,-0.19169676080568943,-0.09014552846179526,0.009761488676844012,0.023600783520999747,0.017760593228421943,-0.0848717508690956,-0.12727907968507998,0.008683566719925226,-0.043536911957369764,0.041791286648502284,-0.11065277515405637,0.14700382073825657,0.15171107637824038,0.1618335762982433,0.18340846848706824,0.03181362623055545,0.4157413861575189,0.04387200780105151,0.07795101164520245,0.06401613183220599,0.13211330382799247,0.06586476075124971,0.03305815049882912,0.07168331680009815,0.054108510954424656,0.06138388121861307,0.07584053098625838,0.05426019020352415,0.04597845632970954,0.06452259734917042,0.056893239735510644
-0.3288549950929126,0.11098434114360878,-0.39271147918011745,-0.08508065501539218,0.018884671735007585,-0.05839544845184137,0.01344488354481168,-0.17390334099150526,0.037060062709524395,-0.022731734453180445,-0.06382256417194225,0.0051789747458168695,-0.02833022233025225,0.012206834847129333,-0.07548495271082878,-0.010041801408223043,-0.02865678627602147,-0.036380512755749383,-0.0035733796067904376,-0.036796726096712765,0.1602016390448855,0.4373124383544917,0.508354191913888,0.296680188272926,0.2668987889350096,0.12001441560681018,0.03555307922038789,0.0799435923744633,0.06865208557238625,0.020574631895696516,0.047386546327622535,0.014406586980835131,0.02417682021988673,0.013029022330756609,0.03560784647043272,0.013692456169208937,0.017014508562928177,0.019937862155806625,0.017461766561317458,0.014122536327807094
-0.09598858388327147,-0.06595384512200506,-0.6801931658425164,0.11055597403098415,-0.28335727887863865,-0.021964441887138343,-0.2113598085407264,0.08597799445535595,-0.029325843653353778,-0.11048824302071283,0.017193734831832785,-0.09561629509419838,0.0472561821819003,0.009584433644815307,-0.05827120306970541,-0.03961352102005273,-0.03535766996525232,-0.041586175539072484,0.03208328808211582,0.00159198269901307,0.11102312871628228,0.08317734459872042,0.49707782406469075,0.08246486408832025,0.18274573247631776,0.05044715746619571,0.09324848111383512,0.03636499874389108,0.041494955518049596,0.04924520515274665,0.04645681565569731,0.04022888104404487,0.030295555649901208,0.05585724746279621,0.05490127301259317,0.018875996321506678,0.03648098857806125,0.026094252528296755,0.0825832156530956,0.04063682606397031
-0.5776297427103801,-0.24109977842836958,0.1562700112250664,0.05768495131405208,-0.011314052503305553,0.009062906968133232,-0.07586705324487973,-0.08741558178537688,-0.06418305769379404,-0.1257846156998294,0.02041403763263645,-0.020467419190720426,-0.010595293942597232,-0.010355843309957515,0.008748468776350516,-0.03559309255927965,-0.09851043014371533,-0.0348948463997161,-0.057738205393784076,-0.0011947040455202221,0.5439538040090487,0.18025146629925334,0.286357627049319,0.10296567011179694,0.267175379636736,0.11649435660833125,0.08231712874675189,0.05853146684135848,0.03895989668156998,0.06030367619538732,0.03730517206418027,0.03127670952293414,0.03505074748730682,0.024492529683484584,0.026917940640822174,0.024004791621760595,0.0454134858470818,0.026339760919352674,0.024081386243179785,0.01176192570014495
-0.42642999074366295,-0.11051163075104532,-0.29644566805793193,0.12076775602244917,0.03503959792813114,-0.3502072756281612,0.03750644291787881,-0.12984739542384138,-0.09984772422176909,-0.019647689325598454,0.02363149132269577,-0.010183395808430655,-0.005542631317688892,-0.00040552872400001077,0.018882391015122294,0.0093404890231105,0.03209373948731133,-0.04237438239068781,0.027758805316606704,-0.019443587247165436,0.2554520002693996,0.36148018592435993,0.1996099004747721,0.2991414813772179,0.10872316344828187,0.3101893673863627,0.173426288113838,0.14461753021675902,0.1610022533935681,0.061647586767039984,0.0685196222861843,0.05926691888290518,0.10962542996662758,0.03445545542373605,0.03084648466693428,0.058179047430761924,0.046128731879264355,0.04270230254800992,0.02273209872087754,0.040641206214565274
-0.4477767847219079,0.06669171387721133,-0.2505340085650501,-0.14982252277220223,-0.10696770521121267,-0.05850995783765964,-0.12974810277240567,-0.12148570895403944,-0.0388578381099546,0.005957064617581051,-0.06640220990894104,0.010760354615423373,-0.008063044034591817,0.009267701229742572,-0.016998545597463596,0.025972517844604408,-0.07744643757608233,-0.0472285154144128,-0.010455707932276832,-0.00902535694795105,0.21116051064613678,0.3027726703046739,0.5336049462441312,0.3584941376699829,0.06150510104971377,0.05862260068592907,0.13558256929415613,0.15408453769573457,0.10022052426305736,0.08122649235840448,0.058140486947539344,0.061973282314361576,0.06398034016909533,0.05057394173928781,0.07349269897088524,0.0718059528170049,0.04934704398556592,0.03512973598703331,0.041759525505453095,0.0492962832841152
-0.5833016171971415,-0.039278553252294776,-0.043283105860471495,0.05305829577890192,0.0007305486216395511,-0.05456297267978098,0.007760979597630049,0.007176205601361864,0.050668889713943725,-0.024528480012260673,-0.0067746444200098115,-0.0035113296437496717,-0.016021586433403262,0.006237693020039514,0.0014798457944698582,-0.0050061831309753555,0.0027968570882351195,-0.0019043757506733625,-0.0028055204822169492,-0.0015355477884463795,0.7962907151926216,0.04994023802020298,0.03441794182729257,0.02844722156283553,0.047224764216715606,0.03715457367807721,0.04295932535746404,0.0162702246975562,0.02243108195944719,0.02453517609874104,0.01785290568617401,0.016285285755015862,0.010598297881285624,0.015825859255002298,0.015066601471541655,0.009979632887532366,0.005873093727400058,0.007727140674657772,0.007381191369409337,0.007206110801233321
-0.3475896217741416,0.2472474955190961,-0.6648474587376197,-0.22208513898669294,-0.09001050945694854,-0.08853350339650039,-0.06359754742246124,0.004339887513127411,-0.08724268590688551,-0.0037262866146992916,-0.005603906807350325,-0.028267709565805193,-0.013096300818508044,-0.01199033354061405,-0.00264960666219956,-0.008054143621914516,0.0027396163907389736,-0.008102027477603553,-0.02583433077638362,-0.00896204324086182,0.15924730951423802,0.08845520724636016,0.4848394007002204,0.1115589775555717,0.06160082175043816,0.0576451333344329,0.0706871857674228,0.024522476269633144,0.03325294105053582,0.011918841685011413,0.019839836857866888,0.01919674468980771,0.013612608989575553,0.021757603282067776,0.008281627260665253,0.010358244974927407,0.006846686391231588,0.01991902342041204,0.010175955226832224,0.015260453350637637
-0.41681915648851586,-0.08624218319140471,-0.37841520440097304,-0.025223378129845576,0.12836807392608302,0.0380000404896977,-0.467175104464115,-0.29126982282017483,0.05654104428942082,0.04762737273476156,-0.15081951673364527,-0.09354657367023098,-0.14132803106283273,0.04857695273086904,-0.10072349374486114,0.060415241748673215,-0.03267085494603276,-0.015900008682293285,-0.051166668909064,-0.017923638446000267,0.27137538609027606,0.0521775902038888,0.20643868822802453,0.05798463713257097,0.06972114573120493,0.08543873670617733,0.24975257657658467,0.12478966287987388,0.12020624590297184,0.15410292326592023,0.06603054577893361,0.0971495699185196,0.03219975051557618,0.06482602053710719,0.05117232263819812,0.04027375423177463,0.029278403054079333,0.01988530364471773,0.03137878217837198,0.021392965641738173
-0.32705020315349126,0.4055875426408666,-0.24623982612359438,-0.17332797789381077,-0.4074528509583089,-0.08776991780679101,0.19511043500970174,-0.22095218650214213,-0.0896950667634181,0.03947302285818507,0.0026043518377486994,-0.04395747278519143,-0.09235924252219745,-0.07150115155838535,-0.1416439606782416,-0.019448492918862664,-0.0606884039552735,-0.05364632561901342,-0.01786430520559172,-0.02223046666738588,0.32541015598179535,0.3470082334373769,0.10990967278757884,0.08810800923352732,0.225932853665262,0.05659432938357342,0.07648437099463808,0.09374443301593667,0.02869701361281572,0.01632539289217073,0.011063937500138217,0.014868912964064626,0.022361496172545358,0.026752079741479484,0.035444099482915964,0.009769064723860946,0.011527747646638152,0.03629843048286013,0.00344121246723103,0.06124517395317144
0.07397372166494284,-0.07544461013285143,-0.06044640779915826,-0.027168737422882595,-0.06453416093323387,0.04595834618918325,0.011689390883782569,0.0017067387181561068,-0.004654329989575863,-0.018009992789912332,0.010452119091555221,0.006485900649524092,-0.009055919940244237,-0.013367580325295222,0.008030601606951307,-0.012167299262495063,0.0381171275740037,-0.0051408539151825295,-0.0026315285953681725,-0.005663643503300296,0.8002345161277137,0.44265409038312054,0.14306159983561625,0.2328648778917265,0.188666263391655,0.06198734250072549,0.04434585036539429,0.07699883151217837,0.06654246466166379,0.05637505254741502,0.04387136364841342,0.06232484534873138,0.0347055882819755,0.020556431123681763,0.021981595347585123,0.024183792846853742,0.019025162513657715,0.013932392802400075,0.018782216420146453,0.013280415765847976
-0.6383156299040323,-0.07867797355425335,-0.12388994884888425,-0.007716379520603816,0.21364533667188987,-0.048703877801878015,0.05701100346870142,-0.023584859262677865,-0.03222243440142159,-0.03772618671970879,-0.023396551221267416,-0.012630103770431004,0.023415100173042727,0.0019780525590123673,-0.004168730061079882,0.003127335946300906,-0.004324648590796503,-0.015627354808363317,-0.011412578510590242,-0.003975153645574038,0.5637296697654196,0.1564258582480051,0.08518351557676865,0.24711188613753482,0.26235873713050284,0.08414171178274069,0.05297522785972978,0.08340109383468144,0.0626974881719757,0.03888726643036388,0.06699926633253432,0.03213169125976735,0.03193328343052756,0.019675765107839468,0.04606944034888852,0.04482762829916231,0.016920329359172172,0.03432996408479837,0.018176402097061166,0.020535255952912553
-0.2638434144568888,0.06881591276088729,-0.027504472800056252,0.006954824122525134,-0.03883130445598796,0.03670538989922094,-0.05896030520795679,0.07490183823452001,-0.08170835575200475,0.036175412730432004,0.025350824228615978,0.0115012539666317,0.003215833253043972,-0.014676034152296165,-0.004996564211336414,-0.023951540813679718,-0.05015314185826042,-0.012941516797652925,0.004149128975265172,-0.0060278028061815985,0.7580837074576655,0.45346045691731307,0.10241795531020632,0.2276987890454198,0.16005709974909138,0.07241468821647101,0.09228357453121509,0.05867734309421353,0.053422773963750635,0.042213151939644464,0.05410269563025208,0.04706089630135691,0.03720531841359274,0.02641733052275945,0.025027511461273976,0.02585048313886417,0.02743795363678559,0.02088035629382876,0.01977970620093761,0.019346944181630583
-0.4881244923891462,-0.013874113856318357,0.008480876624412112,0.007902583183199936,0.013930040652591815,-0.009256902030648686,-0.012643524892685071,0.007743792041854388,0.007398918022435401,-0.009387539798955699,-0.0010704083274517015,-0.011007475609211469,-0.012295535017457365,-0.012005547406216384,-0.012346030686375475,0.0042280012449239296,-0.002993201817624132,-0.002492437050181055,-0.007573282250170435,0.009484136691624491,0.8682366315867766,0.06310018800301093,0.022553734369257644,0.01651842887681783,0.022134235096980048,0.013944195069971677,0.011534095191674601,0.013823434635717332,0.009604603875587899,0.006004151071107549,0.001876446382987261,0.004528125805159255,0.008921497754134393,0.007827922000470796,0.004539487966076477,0.003010407209756254,0.0029968087840327217,0.004995829493425939,0.00436654270940346,0.005693439128480481
-0.7576868627169181,-0.008838736396609013,-0.05169301473710178,-0.029254425280915392,0.007593258434946256,-0.05678225128725172,-0.02335490570368115,-0.0020684030056756226,-0.00816901709052594,0.011828698866231108,0.005200653515931435,-0.0060663915175051195,0.004704038554462854,-0.013434089821607875,-0.0011306162842932318,0.0016982025677587922,0.006069322116138135,-0.0011843501012824712,0.0004930911944089772,-0.0048151718184537015,0.628815120162465,0.1121534033431946,0.038222776529813006,0.04646946402431129,0.04506851930185377,0.04543755424859077,0.010574844381813404,0.027882582721400043,0.021908500213960385,0.016120932515231005,0.010677318143543679,0.010756611730997435,0.009066911483804289,0.006629932273567046,0.00796354133888739,0.007704669212425612,0.0063520630456619575,0.0060142550552362275,0.004748161781597996,0.004912632808890153
-0.6521019892489474,-0.016335421879910834,-0.022103059486845652,-0.0614212252364708,-0.03551406168385646,-0.0008429929686623546,-0.09460406916291818,-0.06686651325812726,0.02288423660176318,-0.0037366327355979343,-0.00779700437891481,-0.009462271134218209,-0.007351070742941159,0.0007253635466617694,0.003719839486135107,0.003876962370601778,-0.001544045006114876,0.004124896803938423,-0.0021723287129974925,-0.0016040664675615582,0.7036711195356621,0.033339610871508496,0.06806287944230359,0.024866733321588654,0.10098271768567887,0.012086241710316916,0.1838008376582513,0.08338966076282603,0.00952383751609106,0.007611794386016225,0.006382327931499817,0.025496423522488612,0.01778524439042625,0.020666650598043068,0.015254381291816556,0.011709683347184705,0.007963487145089704,0.008606286467643259,0.00551699527752392,0.006136485504592427
-0.5171017157682747,0.048273786769641995,-0.042675135122260004,-0.03322486060348371,-0.16836963552389164,0.027340252327146944,0.002060179523337677,-0.06247566371806388,-0.05628935157828487,-0.01652335822319258,0.04060578759494812,-0.01633090435823704,-0.007723719585943867,0.005400661134564572,-0.02828428398147123,-0.011618498351693061,0.019620736931754645,-0.0500915838668483,-0.021793808637635775,-0.0004778455594518633,0.6796267173248022,0.35513501789241725,0.06464925891720627,0.08206796760254843,0.09760866973838023,0.09174908916989565,0.11348625449355064,0.08648505601006963,0.09453869685656427,0.08209499688350828,0.10610773617006695,0.05991633941570048,0.05651304949293224,0.0779664942602772,0.040381004151188664,0.01652732100196262,0.05311750113788202,0.03280928025963783,0.029540384312371402,0.029865547744201984
-0.5029691770357321,0.09314729220956335,-0.21879956605063386,0.21715978391045224,-0.37924829069076443,-0.18840751618770793,0.040036133604325015,-0.025926341883178494,0.01627411052070405,-0.14971066531471475,0.1035663750491954,-0.1636567114762022,0.06287008145882558,-0.0702050664940226,-0.05496805669607722,0.016271194533459463,-0.02525438867191571,-0.008135475252646351,0.009868793811306634,0.004516219480475325,0.46829914409030793,0.16577859151288174,0.10893391862301666,0.1486032078255199,0.2613741427039167,0.09141029553598598,0.03676421758177282,0.041454642900439743,0.04257708080406794,0.060265569536410796,0.04111023543620187,0.08771155508899091,0.020126431569765353,0.028976824413239455,0.041441802491777,0.08665753951803218,0.03978133613732386,0.021091789757513607,0.02152046803639534,0.016319754870097628
