-0.2472292551610555,-0.1519648656202718,0.03734740101854018,0.046224246952429215,-0.02845847218435409,0.010848614326302752,-0.006984372581413941,-0.005638028404687022,0.0340507241689388,-0.005737584754350271,-0.00797792372251294,-0.010033207657019304,0.020298029358445775,-0.050824965984635276,-0.00720345368062577,0.0031347226789562787,-0.00986239456873211,-2.307191234860163e-05,-0.005606323211199049,-0.03730466635919736,0.25948606893602744,0.6992730387106938,0.45593384227248523,0.1659904923533942,0.17863756925188343,0.19656158845292068,0.07405361547761354,0.05863576093413938,0.058778016651195385,0.0434217341096207,0.09602180116208171,0.11795202518582569,0.037315054074920535,0.03461905481963113,0.027326404730195035,0.020442424081887837,0.01923139584122863,0.01631196112804344,0.024825409432331007,0.024812047919895018
-0.09116858961422923,0.02360600867735181,0.049125173347602906,-0.06332066393108624,-0.05276965103819756,0.026501936215849002,-0.008719724269155786,0.025990867847035293,0.02654893896383065,-0.022747166763884892,-0.002628082356327961,-0.030724814293718403,-0.022163412234312806,-0.024404999922202804,0.011259369800566226,-0.030041025378208113,0.01585691891255824,0.009197830857591549,-0.012983482946508194,-0.014958099615448847,0.7687523606736008,0.46406633924973195,0.14903883186339567,0.19086961360405766,0.2794608323480311,0.10837330404883948,0.05224649890244214,0.0738642326863509,0.049892914592885494,0.04240967748069057,0.049072506173564845,0.026167598846752287,0.022481754810453353,0.03282821227845341,0.017902040674084234,0.04538151361675023,0.021214280028072994,0.016317144215604765,0.013917713763047523,0.013710495977043508
-0.08482801067286862,-0.0021944919279404925,0.028808540504990623,-0.09213318182196419,-0.027388319243685625,-0.01696320051590984,-0.027443289675252044,-0.01034402031411005,0.008805456140142677,0.01884086983059515,0.02883086973151175,0.05938933528654355,-0.025393893945413342,0.0035096231599772232,-0.00484345020611659,0.035271995636658525,-0.034208763967808135,-0.01793554085827467,0.0018613786028054383,0.01763883820464055,0.7892176555206899,0.45249697385059995,0.1762805648264454,0.04462658509033451,0.19098104014855755,0.07975229500866521,0.1785657099096053,0.09156551317147772,0.0665149398581625,0.06663905745174949,0.03824885408810474,0.054103767898910325,0.04466723489774678,0.033057774908816416,0.04298712689170222,0.09133237103049016,0.028362740325178496,0.025664760031001203,0.020688524904600998,0.029129250338087664
-0.29035159977565456,-0.06034283552157468,-0.04541827032156212,0.021281277910945084,0.06036734257109164,-0.014301277778112943,0.061045829386044345,-0.06907706263728604,0.05401680858874071,-0.03201604502520987,0.042878051716103385,-0.03751105650741338,0.0335283498379494,0.033843987972137696,0.0804335408905865,-0.061817874870461,0.006805745844540938,-0.005042866979469428,-0.040460495955692455,0.022508426705283472,0.7933863929091328,0.36272264297728735,0.19460340123622935,0.12700041182378993,0.11457813261943481,0.08056729629395062,0.07384496837201071,0.1271908118851549,0.056146294832034954,0.0451456121238917,0.07426032973486887,0.0439586451014555,0.04310459440380962,0.03756919245318595,0.03687396785472919,0.026304898843586097,0.014440821363400339,0.012946056172176512,0.013256703434323376,0.020928539331859605
-0.3362910797892927,-0.11499800713853843,-0.01702961692363273,-0.07581756895315157,-0.01147251526888032,-0.0144324163281904,0.04467069362421924,-0.0541519440764983,-0.01584945554633754,-0.04809872670699041,-0.08130672938655045,-0.04412157994352629,-0.01030173397033002,0.06708422050146733,0.08885541829105399,0.03855849761586769,-0.0927620669853756,-0.050813527710513506,0.06188545286934216,-0.03486179495541728,0.7129656785855777,0.21895166757419762,0.32108753733985834,0.233355805276075,0.14620124771478046,0.11052137297791081,0.10832218682608398,0.0752773498985189,0.16722333235636555,0.08474272666107976,0.06950407342798212,0.06218188100496585,0.03177914177418288,0.051124298586827314,0.06881820397133424,0.03477593791253033,0.03949567298547434,0.024172395583293392,0.02269851801009622,0.012731980651940051
0.12530919592923978,-0.17312800456444227,0.0888585760847394,-0.011311448785042599,-0.036725310107050935,0.012317234986731223,-0.00045005081275764625,-0.04104711903278945,-0.05194997797860913,0.033268073894627936,-0.10329943852878086,-0.01200957598957414,-0.11824069109384583,-0.03305995489273184,0.060867336925096154,-0.047200760731941994,-0.045223927402518085,-0.06573433569323861,-0.04829023985539008,-0.011345452326651888,0.7188345562768368,0.4855281389052047,0.2522659873743822,0.13935585307253792,0.09865272556302207,0.08467646383583916,0.07869167182600675,0.05145622817921862,0.07665089217889266,0.06551663882106522,0.04554082474013952,0.050234668814076656,0.08036689304829844,0.06547985737831571,0.060842828262710015,0.032836142065801675,0.06627940873800947,0.043103156680637966,0.021259059931341376,0.02012273122576682
-0.23193064281471068,-0.05618369922088581,-0.1242835197753185,-0.05414740522239512,-0.04827249291249769,-0.05300250572826497,0.013156973273608642,0.023656203264227797,-0.060898246474331355,-0.03735591885448511,-0.022955921678251567,0.016053663835119844,0.0029015930667675082,-0.06144788622990486,-0.01357011616187578,-0.0712627050101939,-0.05455688049591617,-0.017208706641062676,-0.002398798605631983,0.009548537720533283,0.9270186608365423,0.05885984518417548,0.05749057501796699,0.06164034711260201,0.05714673387373745,0.07249236111081811,0.04335304449554538,0.039940081580562954,0.05215462340285207,0.038210584235449006,0.0418770527652286,0.03741788986618755,0.037504242226025365,0.043218652752447954,0.040042133275052655,0.03535672042668071,0.04198977741057642,0.0323798674848818,0.03396915419198896,0.033767685008150014
0.0036273870567733743,-0.06547885097013587,-0.30387855914581274,-0.2006308942270455,-0.007673142825150875,-0.0029662534121580367,0.01388734688076922,-0.014401654387291773,-0.03855205006957725,0.06529253274454638,-0.08428319147968472,-0.008796170881082777,-0.05960056406156474,-0.07755048044650426,0.05944158058171594,-0.015645117326691497,-0.010643769352244698,-0.033219191494416885,0.029116013631241368,-0.008976728164488834,0.8291214668558811,0.09240656847003766,0.13577678906597698,0.09759448504577752,0.08715326888515217,0.15322954176709455,0.09042009417090063,0.11005495441024755,0.07085767365432172,0.07021722903795008,0.06419984460176928,0.07863181122637755,0.06196692298434871,0.07326962497055092,0.0766100299824148,0.07395181099146275,0.06620826634191912,0.0617599925606019,0.07267103727407392,0.06805321045793244
-0.6453233405233135,-0.29553565566246437,-0.031733212544003894,-0.04261305232098185,-0.007564410959869131,-0.11055748084119452,-0.1002813889197988,-0.030444611872088523,-0.03806070231155402,-0.05485013185922976,-0.05533486325284739,-0.007135284450748251,0.024756511386513233,-0.01925014764846807,-0.0037995516005345817,0.06077755038179956,-0.013405116990914075,-0.0025967832220989617,-0.030624536956613675,-0.021014108650418608,0.3732926609845341,0.22618818037157987,0.48713872510551265,0.04731342448736543,0.0395873822682583,0.04914865645140234,0.04590568030225693,0.052149253446274794,0.05171698044803446,0.0363950736943265,0.048324147802694416,0.04314701326929123,0.04809799253543239,0.0320979472443209,0.03714856546152158,0.03824943913967494,0.032314801933722645,0.023281270439200873,0.03022116219782725,0.02364738078014508
-0.21109031052060795,-0.10062309827939281,-0.08047128782841442,-0.0702479390792063,0.012393895526579043,0.01795346786678431,-0.01823901031028444,-0.0551961194238548,0.008255664571830449,-0.08274863242266542,0.014212398909810206,-0.10240927178242196,-3.636230223456363e-05,-0.024898842952644985,-0.04551370079520454,-0.03681916169166177,0.022223335041294225,0.00031578049926358473,0.008057143772240693,-0.021956849119413445,0.8800984728457055,0.14831265536851246,0.07957443246326773,0.09922768888772418,0.10043629042585028,0.08475114530896506,0.11247234853828779,0.10640596488840032,0.08315327235595234,0.0927635069884221,0.06255606177838653,0.08226162828106666,0.057262133634692236,0.06275087845717123,0.05437265963935484,0.05200847417483449,0.06441309332007494,0.066191155237992,0.05600657138710135,0.05120207254445505
-0.6734076537191818,-0.15906869594862033,-0.39978991976884115,0.07567421720313983,-0.12046946814715488,-0.005781245334655383,-0.05253541924687577,-0.04320126398075644,-0.022168465674750514,0.004935940319421416,0.021170410676856048,-0.011678599071255031,-0.007481956441611234,-0.023313456894636164,-0.02389460631272008,0.02431192121988298,0.005747924069856702,-0.006172064887903516,-0.0037280955890111682,-0.018782436355667616,0.37449186132311224,0.09270427847630167,0.19200924383417353,0.2600614831332853,0.21884406098045392,0.06705152661759754,0.044797240847249536,0.08114613640263747,0.059215816328750254,0.05033745248654952,0.046662647881827404,0.03909831666275818,0.03394937301363707,0.03109345973898785,0.03695814849963101,0.039476461768369366,0.036155317521273746,0.028693608074398785,0.03016350185487223,0.03224917722250256
-0.37025942550949126,0.04322805517994669,-0.15260133323655586,0.16474922882954415,-0.21081012425933557,0.0576415087615541,-0.04926073214090571,0.04020085473033011,-0.024546132459278273,0.06580064760607736,0.0693543955595799,-0.031372588334842536,0.030441911611691675,-0.06013904307335564,0.023295306259144943,-0.005151421668665013,-0.02327585743907454,-0.010111648498166332,0.02766001975200915,0.03178585774996069,0.6583617789602825,0.1793018038036333,0.3343975047435308,0.22921428436254973,0.17263958479690936,0.09378629439780126,0.08217856148736344,0.12771248191826004,0.07407792547516535,0.08295319564267867,0.08081248271444456,0.05262241991846333,0.049718281684415916,0.07301891239636116,0.06051577496720744,0.04629153379439167,0.06311568514410638,0.06569124105757654,0.053859390964062746,0.04953477512616106
-0.0356261919666422,0.024640753641502047,-0.04011389971445552,-0.031220157006224953,-0.01914212720496154,0.019508910342683743,-0.0019571637435321404,-0.004534414353823956,0.025377002979799872,-0.03540913740544297,0.0033688026242957325,0.007496177682289187,0.010645284139093143,-0.00784342928068221,-0.001547489377362855,-0.008535840281292834,-0.0038902963381307045,-0.002609545686106821,0.0032166145623155826,-0.0025655293567732962,0.9707205578947452,0.19039622242144486,0.058551760087152564,0.07445876160821155,0.03963835130744756,0.03319716781331583,0.021929299082141022,0.0180371522223751,0.02456641691474587,0.016303190395517496,0.012737929920937854,0.00926773440521286,0.009888110484881602,0.007759372995488646,0.00663355654724676,0.007480374117299766,0.007626353116526203,0.004967065111858243,0.005599349754031068,0.004844028256830639
-0.01120965323562306,0.01806362206081037,-0.008142667529531876,-0.023293699356198985,0.013448671627933994,-0.0031546768425833437,-0.025336637357143407,-0.004003563558524274,0.0031845405237654577,-0.008999992389131288,-0.02830256874043657,-0.017482393971148952,0.009125513439928354,-0.010777298646296363,-0.02569721196920536,0.004422640903834237,0.006686926617986275,-0.000814778155637068,0.006304716768296937,0.006455834661490383,0.9845395614791536,0.10286440067256983,0.08377164848381925,0.05273825884880192,0.04065621891483573,0.0318568308090648,0.03395084191651018,0.013153290085710966,0.019939589862970713,0.022101751269040563,0.01486565936381675,0.0103056402731667,0.019473461669409352,0.009062271303664783,0.014080807606908916,0.010986810565691644,0.006640184662421242,0.006549846734283631,0.008456346741383064,0.006528220271917768
-0.07060609568098648,-0.02375873652966901,-0.028628692796231713,0.005807601764569798,-0.01733880275131173,0.0009363177321645516,0.0028089363333510834,0.022561206512711093,-0.023423092149997837,0.013672142698940857,0.003816160507714164,-0.03454755002132384,-0.004674968761329812,-0.0035280769620668153,-0.001402966933363122,0.007282654439533432,0.003612406585668297,0.0006778834568129812,-0.003920267546905307,-0.007011441775295348,0.9842937860622109,0.09060608511525005,0.06568121620433398,0.04923256062938876,0.05019918560072309,0.027945869548274983,0.018207735266674026,0.03183893929499797,0.0185407759553888,0.015572335490432649,0.017561579729327478,0.01835079331567558,0.011779831532393915,0.01263017776432589,0.013390546541715571,0.012197345710867839,0.009795440994561436,0.007969999588910677,0.008761931507956618,0.012073334934655674
-0.15205594375329723,0.006088118191460224,-0.07463743487160371,-0.03519099160204481,0.008604393602531497,-0.013224285797240352,0.00912411162545245,0.0548184170277683,0.010424006765534502,-0.08876598333154613,-0.044009181535999385,-0.026441530671904617,-0.029087820863043585,-0.023701009053233454,0.0026292876849282323,0.0772874150967845,-0.025416712227196277,-0.055987263082847946,0.010989959588993539,-0.009545716544889492,0.9538275870952684,0.11512878525986575,0.04986573687199958,0.02645455716529266,0.038539238080258456,0.025609435959883024,0.028840726990424538,0.0896681076024392,0.018700566604797415,0.035246290523735645,0.02349946526357719,0.029092473702120515,0.013706179993790967,0.02493890465422843,0.010555116229549768,0.04389868755292476,0.007596551350093307,0.03815915297488681,0.007082930109010161,0.006827445641353656
-0.18925311314645207,0.014683485029220069,-0.03682738446847269,-0.010613480225220982,-0.007295221540739433,-0.020966602632239748,-0.022210943886467865,0.033840300816777,-0.007901278407664143,-0.010694336849763097,-0.015660370035778172,-0.007774743978117452,-2.3955476100984626e-05,-0.009021024440686972,0.01463656914470899,-0.00012661463457312055,-0.0033999954959555356,-0.0007120331933756209,0.005349952816760707,0.0030534088705227802,0.9636709692864518,0.13468703161470394,0.08177639080097751,0.04352270902867731,0.015570166570477367,0.03222702774519625,0.027585603615306584,0.021583509262419934,0.016283779035258884,0.015293155542220448,0.011122915586619327,0.010850114742024738,0.010685024200714332,0.010325968808139295,0.014747308435191495,0.009598704748768037,0.009046341785398121,0.011901512808658105,0.006793515544899422,0.010344808551431623
-0.009426255198339475,-0.08847640810966084,-0.013722145228753308,0.00666574332795135,0.06340101197914255,-0.0429891410767537,-0.058484243476041656,-0.011306459182841656,-0.00412500650963633,0.002974923127669491,0.007301519164386279,-0.005470192120431029,0.021753175530338127,-0.013111671022000925,-0.005169984238326684,-0.004189044897740086,-0.02077453710300704,-0.0012398813817591225,0.007050730782488432,-0.014194342000227251,0.9268775306487306,0.29363461447394057,0.13964493282356322,0.05025782730835589,0.05540826657245783,0.0386391965229158,0.041792029111399565,0.039193330270899836,0.022057522562805822,0.02074649377025913,0.025321630630294807,0.02461251457524478,0.026001495270092104,0.015625088113842712,0.024437623212813328,0.026272925350329195,0.01920828579238958,0.019089941311788376,0.01679539825723838,0.019207228627704104
-0.2021697171340827,-0.04910337651678996,-0.1107287070020152,-0.004286807687272656,-0.10451318549610246,0.01841693618284901,-0.05063213388649495,-0.11084921424261915,-0.01309358316887175,-0.014068421527265906,-0.008009320361164515,-0.017465003439302462,-0.011790186001474643,0.02671879853653666,0.0063050420931541834,0.007307480784198592,0.022031515874038607,0.01339804121683156,0.020110693796715214,-0.007452115487110246,0.8622178749119979,0.31195896413612967,0.22375694310983868,0.059845137604040866,0.06638895134984565,0.06208413880818253,0.07277851793900264,0.05424458174445125,0.022023610086379573,0.023115851658085274,0.018549196955283325,0.017921004889194413,0.01974524872082315,0.025869578286732812,0.012839584351332228,0.011891807694655098,0.017930396673218735,0.02494735564351592,0.02010122410140427,0.015116597155753003
-0.0349774817305159,0.02992488501032762,-0.014672015707627823,-0.021466479102260988,-0.05635840314098689,-0.05669739142256963,-5.425554320157453e-05,-0.0009517145387849017,-0.016171164290063926,-0.0020525989671067893,-0.0038454790748000144,-0.00904588874709753,-0.01741003794292902,-0.00279004066970409,-0.0061350248862761855,-0.0039371925139129165,0.0012069459528427765,-0.005141855752140733,0.008388162679022692,0.0006946481777917102,0.9845661189527891,0.1310078364544354,0.02791541498934596,0.0187714856299844,0.031086439671082867,0.032925969136708894,0.005785630367675403,0.008428648742656196,0.007184399061009437,0.004107700618627088,0.0035689251169485586,0.004127785545942961,0.0059495915291138774,0.0032744241425799077,0.0022594359983198332,0.0022052496425872883,0.0012260864285985498,0.0023633968403041997,0.0021022605977829277,0.0014563090558437285
-0.013420517255704086,-0.0075045046552331025,-0.012582777530030533,-0.02603937889797556,0.04916515334297738,-0.02394559190818597,-0.014105261062326438,0.017070554456426364,-0.0023952606794824887,-0.016152212066752915,0.030017088746760574,-0.0015100732633773614,-0.014746743605016448,-0.0041067455247599145,-0.007351851323010701,0.005717477949481868,0.004147185011852511,-0.010015861554447619,-0.0010866360142067712,0.0009232328632735458,0.9878505615239033,0.12193114380349987,0.027622518102563245,0.021030164777192224,0.037589460609421865,0.0081989178398272,0.007230922427704947,0.006361651390274073,0.005386774829001152,0.007528156998267258,0.012737628839098285,0.0035740520320637773,0.006193942598954959,0.002429388279823228,0.002495282082417034,0.001647042515927809,0.0017376758361873125,0.002947579462620833,0.002259463889834137,0.00328458241446576
-0.011680697978207158,-0.00800995723248868,0.036439755726231184,-0.008816144642713465,-0.0011663488041988622,-0.034843991199335074,-0.011385466734324794,0.015833205033739212,-0.0034164340642395584,-0.005561839830607296,0.0008088152886878056,0.001328947359867874,0.00805786069020374,0.0005843567903970457,0.0052507492603349375,-0.007178714901331265,0.0026333421233681598,-0.005229432075042376,0.0038340015890347546,-0.0034257815315233593,0.988308880355952,0.10946932001079744,0.07906210969751533,0.02918945400481489,0.015569006074882274,0.016413229949027976,0.007111084010478631,0.008841444647640822,0.003837606368858471,0.002408345250416746,0.002727436677710619,0.0023356720204618917,0.0022501015150575305,0.002786025646838036,0.0020966860932142115,0.002286658666637118,0.0016545050370640002,0.0018365547527835686,0.0015006587599527194,0.0015307528064890594
-0.03129384324994607,-0.5164658345973824,-0.4629356083454936,-0.19206862600149271,0.025289596063678952,0.08545857645671924,-0.07646078754984116,-0.07165888021879033,-0.05842283740567192,-0.0023978034779032617,-0.01275816915449968,0.0007151325861170642,-0.03505295794264152,0.004003377721152407,0.018506637983758522,0.0037621755836989216,-0.019543006796682066,-0.017762735044718096,0.016431831651662086,-0.015367776032859515,0.2130150931544763,0.49314512660736654,0.3934927562967161,0.10441928663130934,0.01773606434662958,0.02373749506772012,0.015890485346284133,0.014826929720140622,0.008433798201580175,0.0025791436394463894,0.002469471462946531,0.002030967943654881,0.0028727609051516015,0.0014321601836790438,0.0017644450691001558,0.0015600254450012093,0.001657858581506079,0.0018063559163523785,0.0017461021048736014,0.001407146816694944
-0.14023276441357518,-0.30750607701138605,-0.018842770856225228,-0.5986453038058234,-0.10982297762469508,0.018119464609457337,-0.15589811138145482,-0.03079734776286148,-0.03143740650797049,-0.0011997718992843996,-0.04087797820044177,-0.03020485138095809,-0.024173159821907635,-0.049018470781654944,-0.011330788476144426,-0.013313611801202701,-0.04734082366988428,-0.04576264865667904,-0.03750687460941731,0.04949418241751746,0.2866965772750765,0.2419849829280284,0.07619807803828345,0.5685065193799367,0.03728726505950453,0.012244019963627601,0.051916070132581316,0.008259978462692217,0.005865561613533404,0.0037527706886003567,0.0047289343537377125,0.0035862555202656574,0.0032144636501087887,0.00598064525156141,0.002314864353579957,0.001798029540082878,0.0058456874160521454,0.00766375775333606,0.0037777940205781777,0.006076716448417656
0.23914239810883628,-0.3506511189143678,0.41000497871507835,-0.36591512273409815,-0.2767602228188414,-0.1115867620477648,0.06137763556713586,0.015087499348946303,-0.02578998328073566,-0.00919597711483778,-0.07203118839362165,-0.14309420431503295,-0.05114282104198779,-0.017909319913622716,0.049517454853714726,0.018072377533102063,-0.0002707417251600886,0.019821581757373363,0.02036353103800834,0.03383830677461563,0.24351959948930393,0.3730275103808558,0.35329111022415355,0.2250789686793734,0.11986457118653623,0.03497707607731701,0.016389814245278737,0.002957141080771422,0.005267549786385117,0.004012946599873336,0.0082461917090901,0.02736614747363654,0.004199960742975388,0.0025366418443401777,0.004513964465655914,0.0026861961231844085,0.0016224970834970418,0.002185402554697654,0.002662082797676471,0.0032677180577446396
0.0508140860039747,0.19748803999341696,-0.2838487504826994,-0.5014621161314882,0.019836226309921542,-0.2513155933743449,-0.12961010608394485,-0.24853732343174967,-0.028667293111868903,-0.04898977681338862,0.005363880198389928,-0.0015081885484531418,-0.020867183229227853,-0.04001460906087224,-0.0019003442984123385,-0.0031593787901556306,-0.049021195957040214,0.05572564285186843,-0.06444605973848581,-0.0038841987590674,0.39725570482003014,0.1912094881493339,0.20182098926866698,0.44591522867773326,0.03992902007029696,0.11322599825591298,0.05874922987077757,0.12551754729704015,0.016833571108841566,0.0190130389191897,0.013467105733534506,0.009206018774180575,0.012899730919333385,0.012921190258181,0.008036786015004021,0.007551142941931435,0.007898456042448697,0.010772964301865686,0.008769773865427608,0.009614575098274026
0.056924400050473,-0.44366848766160816,-0.3640980273986994,-0.16142932284360959,-0.25003822145521526,0.01146305897517641,0.11873731141593483,-0.17572130062152228,0.07577898937558376,-0.10990002660258051,-0.14740393862453754,-0.09257606701571251,0.0006611876141195271,0.09277654200611389,-0.005347116529709582,0.020155511800785966,0.0587752372198844,-0.01671468518201685,-0.11177279314277928,0.03960021987497425,0.3977154440277174,0.44761436344294525,0.25478725987486517,0.08529435730089148,0.12386748765999608,0.03764890329223626,0.055761120134783244,0.05882981344133782,0.019763382875820162,0.030229979851772577,0.03705203532269215,0.029824597546965773,0.009564025540078739,0.018968742540704995,0.004572652642092732,0.005550632946043992,0.008959233522594838,0.00366176905214386,0.02060418668491304,0.0077843884390389325
0.22487141185050127,0.27921595741194166,-0.017339338970352388,-0.1364541351508427,0.37299901022877385,-0.22608556368531596,-0.3259992423681178,0.0018792652210620426,-0.08447594508690542,0.06066025186108385,0.019853946517802326,-0.14456741858571368,-0.1212239626625101,-0.13835182184647035,0.03378579510472787,-0.016029801255996824,0.13938820810510116,-0.16425251490787818,0.009078004280904215,-0.1343001783931807,0.4852453921139535,0.2977251076346679,0.09991403502693184,0.09259799651643319,0.1967633047378823,0.09587966448587766,0.14940716613887592,0.022839973348085883,0.0276842367686471,0.014910373249972454,0.011835860126752066,0.03683660859762856,0.03307948181835832,0.03220526827335334,0.009325961971028408,0.009632685151743108,0.029193893397515377,0.06540649661152238,0.0064636649933297406,0.027837218766135294
0.18429172338179997,-0.0953739474014409,0.02609727017558142,-0.07825741749476468,-0.09758917715011871,-0.006323245910153513,0.06265527428940361,-0.09465427197343967,-0.05915324573292623,0.06845941010173864,0.00547586668347296,0.02642481529204355,0.061464510561005645,0.037412904395083414,0.06738339109150641,-0.010136352944488839,-0.09062058656130172,-0.0630683502710567,-0.060656624873048855,0.058862637619943516,0.806687607251385,0.28953793626767926,0.1963289276665664,0.10715982600138618,0.08377415171262542,0.0595043619533143,0.06519112904218342,0.08510106596350489,0.08144286506551762,0.08931561447985709,0.08897125822970504,0.08761337964841143,0.08219748723560699,0.10173400045008076,0.08077810525643295,0.09579325402823187,0.08519140065180822,0.057847384808047124,0.08333066344176332,0.04902583082999051
-0.2432066198892777,-0.19348630337436984,-0.11468293069705167,0.0807100989203518,0.01411263319677663,-0.007412055097991084,-0.054458064106018875,0.01815849002516612,-0.017309884304644245,-0.036833935316408946,-0.029869712941582718,0.03151713119764943,-0.0054993220754039375,-0.019595971772038825,0.003528196639397582,-0.027059878793548823,-0.039382442021080794,-0.01754338481213544,-0.017903805864920415,-0.04468216094943744,0.8537884718365629,0.29845705167648107,0.14290046522745325,0.0707264595868204,0.076037341388463,0.039632369085804524,0.04537866105283535,0.02999735760836218,0.042896955958880975,0.04259809496867488,0.04678063792484162,0.038068691366803784,0.050946329657909184,0.03894614260855552,0.03577414107157353,0.03416538999378799,0.02847744926369938,0.028945198310013284,0.03217015281852739,0.03193823557791042
-0.02788943982465814,-0.23247736428640514,-0.0760962913740189,0.06956022890451169,0.044597443044566656,-0.036487844075554,0.07990793502704917,-0.01783947440149222,0.10604735996463037,-0.20493331728691053,-0.02541929606629431,-0.06796834718769394,-0.09986692080369085,-0.029157511746773623,-0.00036817527492874,-0.10205234563590149,0.002238652891489427,-0.05697002651039219,-0.11209493296490504,0.06678271959950934,0.6505472282787972,0.44132712139232755,0.37761703498622495,0.19166976611602216,0.08625013357127971,0.047303129404825055,0.031232764873431303,0.02450229226355595,0.038022575742609976,0.08073495646936846,0.016240705775163223,0.026642203102168197,0.029736655525208606,0.018290787859621918,0.02225197575999242,0.0363317680040985,0.020303490269264795,0.0294102462017382,0.04776096130233726,0.02010425691784428
-0.3296865341759119,-0.37233620174716225,0.06730276776467202,0.06698556592731457,-0.015254391930511998,-0.028984825930406282,-0.013098457202651745,-0.02997754001716718,-0.01719725300615647,-0.09489992515589714,-0.00836417147544901,0.03766015505315011,-0.038633213638768725,-0.036696386041723685,0.022599046599341244,-0.046360398354472955,-0.040249269379258754,-0.011940603253685437,-0.011261351712295642,-0.024699238028581046,0.606596179070629,0.5143466830215321,0.23160107362352536,0.16019037007495068,0.07309497366527032,0.038706889447789744,0.01900444445238668,0.018353269540003398,0.01541705602143696,0.02422747876633754,0.011031272195983214,0.013326573397639254,0.021382221199496027,0.013911209653749304,0.009418049635701172,0.013294255013997685,0.014360688890194945,0.01594572098759116,0.02796744500407224,0.009531528113274996
-0.27133393646492865,-0.36094157193228027,-0.022494741199784375,0.07098277061835609,0.017819556555915682,-0.03258205781541377,-0.01108962259306419,-0.04462787977887331,-0.05253789051211154,-0.05145885678093798,0.10081817187614446,0.036209180410701536,0.0036020649806847134,0.016554675047038527,0.024421120137598312,-0.0656459243515309,0.016653498245934907,0.011577125746483976,-0.0434555259091927,-0.029965236968040824,0.617842407385059,0.5087704172493551,0.2591315871298414,0.16053187693468768,0.07799812523340645,0.04145452694999252,0.025463864612687237,0.050742931295607384,0.03578096293447233,0.034897684851937553,0.04329923519022846,0.026534808211621522,0.07894007620148161,0.015627860029546366,0.025588857758426068,0.05116941003509235,0.027511468152257055,0.01883530707549324,0.028178454992121467,0.02309460993056242
-0.025401487225245607,-0.06662395100445577,-0.03780289703929093,-0.10840422741326027,-0.001359762224620393,0.0015934738013766625,-0.011290740796487068,-0.0019924994962679673,-0.004761745735377076,-0.012925452483305353,-0.004715099708268082,0.012453232188621866,-0.005501736775460311,0.0008333603407567527,-0.006353769837526331,-0.004194906902801855,-0.0027302188933927577,0.001488410337427871,-0.009010058745203582,0.0010636434883153313,0.8138621938269005,0.38516443652855,0.31422417850296264,0.21575196280060355,0.0775723205415902,0.05759044498920345,0.06844916844177536,0.057111115232007174,0.03922050457261363,0.03263412506914514,0.02796011487929027,0.03218629439250171,0.02466819754149072,0.024126855575419423,0.020053383846858553,0.02002276863114265,0.019050716083450207,0.01868211974562084,0.01809702036643047,0.01753372318789302
-0.5490749994192798,0.04119410763853225,0.012907182241325083,0.010214282405678165,-0.007465726859576099,0.015139113353374412,-0.010812257741240283,-0.01032564263513059,-0.001000602177917344,0.0061309491611002175,-0.0006212615249807141,0.001391116839344431,0.003729324472744628,-0.004096377938392744,0.005100434848967426,0.003049974644386018,-0.00036461603318445665,-0.0011127733624433467,-0.001668724400084771,-0.0006436034865751724,0.8157924120255309,0.10525267229222074,0.12341166866001589,0.009292398772157994,0.041951838321203305,0.02658630671354024,0.022171998888052984,0.013931230558996144,0.007043518742541382,0.01569024269277196,0.011522230061841596,0.010089394445165444,0.010962835982669806,0.007047302305435061,0.008509940622857372,0.0037259449376159867,0.005678215762889656,0.004926301057580082,0.0036807800311644146,0.002761232672782483
-0.16990328670297225,0.0740041800540311,0.003513381431573925,-0.06043141876243237,0.004639930597306523,0.003617755675074242,-0.022513724043076683,0.002905334671653566,-0.020245966429774453,-0.08082656311661397,-0.07577842618346894,0.03381439328352206,-0.033419441644271505,0.03192275585193699,0.012386039483519703,-0.0009855739495605203,-0.003109206620092587,-0.028392432983110092,-0.05554244692582436,-0.03223673113190061,0.6585024560685984,0.5783173206687211,0.16908996525253214,0.2120790636849365,0.13670783860213112,0.10084292931767097,0.11693010815423481,0.08072491033456924,0.11929898591506892,0.0811250727550117,0.09153902015707363,0.06428519519511944,0.059422741074912896,0.051928231686010115,0.04917037171226342,0.03950917181389971,0.040784447209272774,0.038170743036682345,0.041802253176455854,0.03592605367910392
0.43514040645658136,-0.3167115475646562,0.21590756421392152,-0.06629921720341897,-0.03427528972598441,0.23655303047619497,-0.06903488993658244,0.20331018313892016,-0.22957942541612916,0.12674658591095322,0.016237212325720174,-0.07390197916124112,0.09649903298370666,-0.03053744583896846,0.08151578314095961,0.06624285785136981,-0.1363612787068,-0.15456787551410878,-0.03579737196222456,0.048978705148248945,0.5056271423172338,0.28224652728164057,0.15913711703045838,0.07876307730300416,0.04962676936414058,0.1196085430978138,0.05413066018865082,0.08983743157908503,0.09932421322762432,0.04387678719395479,0.01809131825394151,0.029707442237530277,0.029469803415827986,0.01834396056784511,0.02065257238438678,0.01972509498491233,0.041222672557819286,0.048928939416004395,0.012416164650897201,0.01653594450017363
0.5215882870623549,0.30323516009898066,0.07595008979261435,-0.011062779616446864,0.09087391280515575,-0.08039514895259062,0.0653655548872426,-0.20102940189237786,-0.11171412076556259,-0.08109015896937448,-0.04336332874570366,-0.08085753535914415,-0.0765763784347193,-0.028012359197147868,0.009383717651357789,-0.058598838847106906,0.033247790980762304,0.03340644975508706,-0.021464693776799517,0.11615594948574125,0.6299646664837671,0.29052145581288524,0.07117710860124046,0.0750061765534398,0.08303570041895056,0.057453329238117544,0.03850458030250317,0.08181531775367641,0.04515569809520059,0.031180903009911554,0.019918748707477948,0.02258338847146041,0.0229592259462954,0.013980204116439241,0.011244308031326068,0.023608670069902648,0.01288622629031736,0.011253765729883597,0.01045873505826458,0.02878464545597417
0.3403654047052833,0.14987491881711845,0.3650503431610292,-0.05185810380589111,-0.23939489497301036,-0.09451778410377312,-0.17075895310891492,0.14318502417353843,0.24071957857725554,0.11470879281293915,-0.18002310525135024,0.03795826926968162,-0.020991873741281256,0.16380827534077502,-0.09726942427041084,-0.10554214925156186,-0.10224049772538983,0.004381660125278404,-0.2041363622834651,0.0414345894167936,0.43431862784338265,0.21666429739450924,0.3194453756286738,0.057670513179325034,0.13618283205170603,0.05423274941905706,0.06701410361131008,0.06596031146615414,0.1213694290394176,0.03910801945221808,0.06252621473211249,0.022497956103228137,0.022983253513016916,0.051535473218407214,0.03117964257386532,0.03517699021106537,0.02843605118907653,0.013787611620867229,0.06811532555242146,0.012719936808390127
-0.23875334848851096,-0.0238865172625395,0.004691433323667693,-0.01698656540065623,-0.047031701103827546,0.029257752932393376,0.053644346537428396,0.04117185382700085,-0.08249100869162733,-0.05135891641289385,-0.0547159538059689,-0.06685026327689064,0.018363153640695584,0.020416848396100924,-0.057565030738039855,-0.11754161466640253,-0.04231972881166091,-0.009497271995581279,0.04813475166812439,0.06910551587345166,0.7673498155725197,0.4362675721295104,0.2306647877057638,0.13893205828878477,0.09531321883940766,0.06584621638520494,0.0843957533844637,0.05055069764225256,0.07257370987783207,0.03443496242595033,0.0365438216937086,0.03391821470039535,0.024717287314261472,0.029381717963436943,0.028897102068346767,0.04964395322959635,0.023364438613415976,0.013819487838405128,0.02592672300827401,0.028788369248591246
0.030141836593195814,-0.14952304761356264,-0.0037910150606793396,0.022156354711447855,-0.027108221383419596,-0.03887247065200642,0.004608540489921222,0.026645892744506662,0.01559395138226573,-0.015835301383369485,0.01495432069228788,0.00949995392095275,-0.0268515254582965,-0.03625139688814807,-0.03095314389869859,0.029004404270176753,-0.04933158212487581,-0.008571759483295345,-0.041658436396844266,-0.005891667161481625,0.7933714206467308,0.45534098989861327,0.25661309926861653,0.14550708815985505,0.09955983462083354,0.09370881545210104,0.06141974469983924,0.07903942685702153,0.051634641929565996,0.04156775444002407,0.045052614465481484,0.029675686261004725,0.036346118309396984,0.025604735517586394,0.023451559474347735,0.024481756316514617,0.025071071578505546,0.018398841547116285,0.015477860671223819,0.013637524516198561
0.07028720916110523,-0.046210031985654286,0.01864149655895511,-0.036237528624908796,-0.08263069720562273,0.0389377847919904,-0.028447895887512734,-0.015257334086084932,0.000650209058962576,-0.04095945269077846,-0.05333056301071657,-0.003863399734968415,-0.03353643879617586,0.015418239808024084,-0.015229971234136795,0.001896446538296212,-0.0028002908950584956,0.012505875548732715,-0.002893043653107961,0.011597894391224859,0.9805407039339878,0.08341933996673097,0.03849787264478132,0.030657827780496617,0.034779927151552745,0.022535905338178605,0.01383056968789009,0.011636502704667154,0.014167859268666328,0.020332447357544598,0.02711811687851754,0.014531717277018715,0.013840504677983088,0.009209523386575063,0.0143327820710191,0.008567324482266294,0.005731662962950653,0.013224298389776838,0.011845826524334607,0.009292891311825513
0.036190886719854515,-0.03579610746277724,-0.042267968584987506,-0.11749192887347067,0.005406098154210462,-0.02131676731807863,0.027884803801136546,-0.03604275340904761,0.02012846380235227,0.00940646319895854,-0.0034558411735385987,0.052406639028772836,-0.07236604912701128,-0.024382910253654112,0.01914902656950972,-0.006224182925762233,-0.036363667248278934,-0.012321588730271704,0.001059065267853488,-0.019811629746274605,0.9736568039403368,0.10307767988314029,0.03810375133192772,0.05455622252949598,0.016443197047965222,0.019999993540359782,0.014143133505628194,0.011512814109871173,0.012651537247170375,0.009801104515989577,0.018924113779939286,0.02092601094806588,0.03830578630363028,0.01553940362104315,0.009251165133283298,0.013761992028143816,0.02051111181737764,0.010742506726145575,0.009236541829022355,0.013412795068550764
0.035751431594461126,-0.027657973951380713,-0.002639702817409088,0.07381185375405734,0.007053803176808591,-0.05648802248079895,-0.0015912126743214837,0.0036672857849225937,-0.02392943299161002,0.02969541535087825,0.006430028614041296,0.047838581412440205,0.021363269424122873,-0.009151745123937417,-0.01778423460474072,-0.01730346472589008,-0.007951974738828822,0.0030322990151978955,-0.020785178072593204,0.024715811596941653,0.9825663143459842,0.09296648950179322,0.03427296703693517,0.042131726413112885,0.019538762966256562,0.03966509917581881,0.018940260101852707,0.031889706917984276,0.019566778026497086,0.018131565522394824,0.008643381031090362,0.02026032326894404,0.015481786711664374,0.017612581151137757,0.009768928883055335,0.017285837298238363,0.010122423774085936,0.008637425601782283,0.01897919010107758,0.012312339960580565
-0.19368217250692155,-0.12196141614126703,-0.08531051528972577,-0.09827124116778212,0.045230824157360024,0.06062266098001872,-0.012862598171314956,-0.0559807919299782,-0.010104864809742967,0.0639755699705831,-0.009048828543943522,-0.018003745333904527,-0.02933156230280491,-0.0009288489001653537,-0.0020894197629178685,0.025480234014414193,-0.005427049643475871,-0.0003527694493560543,-0.0012627015597367936,-0.016019807616989644,0.7960374826430486,0.46043969220938613,0.1609700752870475,0.15727333487858944,0.07659077409672395,0.05761286729433481,0.04367759065318527,0.044982437346553765,0.0371329730634927,0.04665412985574613,0.02922390921082809,0.018410693098438232,0.013689877512125574,0.018530107316005323,0.012408775371950212,0.011471895869218783,0.005967680086664091,0.008467394877966506,0.006205911871386607,0.009991605614153555
-0.28317318636512223,-0.04492820991862143,-0.15971243247109582,-0.025466586686916565,-0.01986843710719898,-0.04596413026426624,0.026306748429387784,0.033272281437405786,-0.00812990527242287,-0.017922317162459962,-0.0026896988245650186,-0.04634091277173843,-0.031222694497955363,0.012190486608644257,0.012065598909232643,-0.01929131284353894,-0.020963549100442323,0.01124249803453932,-0.0027995087977673696,0.003140970706042256,0.786230045920084,0.27236120932811037,0.3565809042849692,0.20304163600299466,0.08240336081033377,0.062309538477251625,0.026241951155669106,0.05248841220436444,0.037257788095242036,0.022884070620130308,0.03991812697428827,0.038285844335954,0.019848352237657,0.01406019651291456,0.031698275127319306,0.02058569506046265,0.01318248474180428,0.013397614610334589,0.011818246742438561,0.015799003668332035
0.08114034142959572,-0.08409884002859448,-0.09013585887760132,0.020457542227535017,-0.026626363702793296,-0.08115617768761764,0.002224453530572606,0.05137786687949609,0.016147862566950617,0.031818327130732876,-0.026468176469241923,0.01648203586657342,-0.017115392367018267,-0.038666401532999814,0.0018346857278241189,0.005088179967882827,0.027673976503728236,-0.006733145031906825,-0.01551928519915984,-0.0017391412797608493,0.7599333132102103,0.45648369211018625,0.3071219339753939,0.22781180066115994,0.09450829160654849,0.08077057923972876,0.05808549333044879,0.06808541923847042,0.03822691263928139,0.03360772814488601,0.030811033631493845,0.029247434328088316,0.02286138877262012,0.028368664688941014,0.014461663476448984,0.016399364578768102,0.022739960106775845,0.015362478845879268,0.010266927222803424,0.010959791491584906
-0.2985123611660354,-0.037402825608153875,-0.03472152965612235,0.06534002860368075,0.024790458449535126,0.006098176717586888,-0.041510127885294665,0.02058815882321975,0.004743396803045168,-0.0034011683578759927,-0.02925137624581729,-0.013847420116553676,-0.015502892810274286,-0.005197970869386974,0.010403052827370723,-0.004507147829437395,-0.017211542154251917,0.005329908121499654,0.01352537756895997,0.05604919128800636,0.8963892261213744,0.2736552713855378,0.08914300786025395,0.05907952457851761,0.04265720924111605,0.024762771538757947,0.030326942594417542,0.027419569448529392,0.024480575026837762,0.01693130370619638,0.013666642996952116,0.012708033306339576,0.010554118738108369,0.010815144122081986,0.0064832089954419865,0.004524693688397513,0.004750002058151595,0.011449189350972422,0.0057418426297222115,0.020916587698383803
-0.27442847006783205,-0.012969964954104919,0.023505079426826694,-0.021226956085036105,0.0015743320193625937,-0.02650127805515494,-0.028390130616713995,-0.011285977752492238,-0.04812137597603394,-0.02093473559823332,0.01004917791692343,0.039220004955941794,-0.0014721085792233348,0.011471526849488746,0.0015535966176708702,0.011480161968568412,0.009485077452211544,-0.025300973785634374,0.0088759682691391,0.008225841583561678,0.8921335074213361,0.3165460102717892,0.11045414357498715,0.046598693252676564,0.03736595171287333,0.027151051836840412,0.03206555780635269,0.026069455126703087,0.02803040240516906,0.016489786696719095,0.01715606957612701,0.016791776304831214,0.01087452331527827,0.006826901864324126,0.007212116444792879,0.006774063785211198,0.004469633269358597,0.008726322082798965,0.0041361880202987955,0.0039568373907544665
-0.21974325944119508,0.04719245145861379,-0.010790461693564235,0.009054553258360402,0.01068526299180694,0.05202206847264069,-0.01784906846057886,-0.008634192153962205,-0.005314908137410503,-0.049079280054194194,-0.004565442973404648,0.00997914732640935,-0.013755283531687673,-0.009809536144666774,-0.043454203718248624,0.006101716784950317,-0.03259633931861452,-0.01005885606740156,0.006751091587256296,0.006445017549662136,0.9012635810884733,0.32508693260506666,0.11242399341894983,0.041047008693737806,0.028825066935533005,0.05856988820723646,0.02376397808930725,0.020568876936175755,0.024964588337449557,0.030003565649109606,0.013504723495650347,0.014201589154465961,0.008899259948255285,0.008570407683159963,0.016431062511254233,0.0054947027132773866,0.009523476005587384,0.00536781468724952,0.004283209899881737,0.005066569254134829
-0.45164632336828947,-0.13872522273112675,0.05378742193980732,0.03386836696647967,-0.0027422437126623394,-0.07200886898085251,-0.019169828699097807,-0.04377419769055704,-0.0012642905977135847,-0.03187721363229745,0.030152457687778945,-0.007068981693445453,-0.0036095621636779095,-0.029131384066615897,-0.008914222654159136,-0.031814720609424106,-0.01719027782570141,-0.02042498219697631,-0.020038022271292606,-0.005064644210574292,0.81149201380564,0.19904915131202092,0.18352205382593229,0.044004194326158146,0.11287209005711718,0.08645916198274695,0.03712181695679211,0.03188863730214021,0.027713926113959907,0.019254542994414016,0.03264901237141267,0.015861658638583895,0.019868355475710833,0.006507211677304773,0.015313525754802942,0.009854747153994545,0.01076522087620037,0.011408070775972579,0.016884410636133183,0.007828062480778601
0.04921978442425561,0.13417428544679752,-0.07935283394553805,-0.060287474882140875,-0.28225787006612435,-0.17606401191952573,0.06098336742260866,-0.029788994177267367,-0.09773673007724316,0.19005055300095505,0.12013084506347829,-0.04309068718081734,-0.039695908083066986,0.01918988631215822,0.06857882811591773,-0.08653879109510355,-0.0710372316927797,-0.045186112878309086,-0.014355267287432503,0.021058955547061952,0.6778469977233563,0.3227034904854713,0.19512902520589023,0.1707377470378525,0.3024524016641897,0.08512185504402421,0.07631025576671756,0.06132216888055554,0.05283057746336945,0.14401106998162827,0.0613941907088905,0.029148040737141508,0.017775768969903783,0.016842723377406936,0.02712045839314663,0.02863504408073052,0.022827421138288947,0.01662191177469473,0.011044821072445504,0.012805318759047736
0.02253596859694017,0.04097770654204846,-0.04950147906466146,-0.10752575579818263,0.14775324841791657,-0.19368895954307938,-0.3394643526450297,0.09302783105318833,-0.09921252809954476,-0.1346126885530241,-0.02106998603308344,0.005824564698042883,0.05614997089301143,-0.013998174661470549,0.010915686816769056,-0.06446577303964873,-0.008595722378794456,-0.01977522523439681,-0.007966953287390896,-0.03149837756099605,0.6578677374820734,0.3233534809835341,0.22141229641652166,0.14564295564956534,0.10532780653435564,0.13644876300426867,0.3295879385819652,0.07102569902797698,0.05245487652982937,0.06565357650476968,0.032316595862098826,0.018857763966880596,0.03431421721118049,0.018457898417760427,0.017398765699745748,0.027284491520379667,0.016900922425582852,0.009927694700952968,0.017080062937887486,0.017530169450169053
0.11780621999929981,0.11011430155450007,-0.008476975015588434,-0.12178935486507374,-0.3671806101780118,-0.04266095803669206,-0.06881153077199113,0.09067932944119785,-0.008938147097371037,-0.013046657686563119,-0.10126481300971538,0.022267185053540646,0.028963771016727907,-0.07875809663140579,-0.006688694371874889,0.01631845775055056,0.001433736870224048,-0.03496845991257492,-0.05655514933342245,0.0054524398871891545,0.7709907100318543,0.3480759292723149,0.10390890395365011,0.10995858670547869,0.19745955396255643,0.025726828218820767,0.03336026994395838,0.0373867361669408,0.05930540812391523,0.017035543130599573,0.023729994249972925,0.01668369940018304,0.009289030838605489,0.021299597223963,0.010738048602742764,0.007228016356943308,0.006234961713381994,0.013362710225144592,0.020947173469942824,0.006288721041605528
-0.12440931918013175,-0.23208351233859356,0.3173775460816839,0.05985123853743837,-0.15596592181498856,0.08310823395397754,-0.03438122904591876,-0.07048948606879701,-0.010393462068391686,-0.016610663121514654,-0.05980001019461725,0.01621931289612355,-0.06735147539857816,0.040695968566183904,0.016802564022512942,0.0026042643717855652,-0.022323548779562934,0.014873268150598275,0.03280080248981208,0.011411238733895587,0.7654982354905645,0.3245822948598516,0.26260072898245096,0.05753611134662716,0.06982270240384061,0.04638337459106956,0.014821321053198045,0.02817141287546864,0.01770407828723116,0.014878538096313395,0.02430154173769392,0.019339719299166298,0.024722972080663846,0.020291156963131603,0.015474312785732507,0.01150539992640144,0.013509067603614637,0.018987882300843063,0.02206507885204144,0.027581355333266902
-0.14666679932932503,0.03456660876813468,-0.079063601996829,0.26299172412143024,-0.012398806112248827,-0.16143306511517327,0.06843917864948348,0.10411758559072919,0.02184977785963883,0.04885222527587406,0.030340937554102627,-0.07684288147649211,-0.055424190604914915,-0.0993763545352145,-0.01696723571807121,0.007993975359602957,-0.043595381889755196,-0.040392266021359015,0.007284106915152608,-0.06217965877387446,0.8584761533113928,0.16967917637091148,0.07112368293462462,0.2067985185453631,0.026215936478704144,0.07951845028590121,0.02852710159065989,0.043314268597062056,0.011822432820179191,0.022914254664818046,0.021426127978330305,0.030156849658315606,0.026638882309322313,0.04473015816222081,0.014214735890451576,0.011673766509301303,0.014789143611386705,0.013917279585304436,0.020232627660473006,0.022330522162493448
-0.13365085875544339,-0.42432037809668577,-0.1385526115670732,0.11573094611359118,0.050371977522740974,-0.28372977499995444,0.07080566138297117,-0.1761169916757589,0.13382089503895597,-0.2282944535518748,-0.14028900068297578,0.16511509268100982,-0.25407043669647145,-0.2486973941820567,-0.19913990018615804,0.04441413665660369,0.030251849319308913,0.20432473544684443,-0.0547994509602584,-0.09712914935836921,0.2972952908609998,0.3864725904747053,0.12693525230817754,0.07075922976181695,0.031163671761742152,0.1146625067335425,0.04306280022172597,0.04189410076803778,0.04223700071435601,0.0736089694371366,0.04432102098151357,0.046501602256767825,0.08458402224080526,0.08717433716856221,0.056850163278075516,0.019892840502366404,0.006091922567731396,0.060204977900342106,0.009527018478380039,0.016424295697244067
-0.42531729856413464,-0.24092214610758125,0.1538836105432841,-0.16309776490827513,-0.4187214321349327,0.05074327286246572,-0.1855082064090924,-0.14498449763591623,-0.06026905141180028,-0.12946972779099963,-0.034864570725114535,-0.14198623923385548,-0.08611769592133987,0.045710671003978694,-0.055100645904377424,0.0029827264276305354,-0.11293681523085353,-0.032853701720441775,0.09519503955959317,0.028248702855912283,0.47469866844568603,0.25753794949693914,0.1449224559765494,0.08288214585149553,0.26120974255682466,0.025072160961424884,0.07507434005656742,0.03970565176145969,0.01670275677143711,0.03158202153885011,0.009209981623158617,0.03270549776458812,0.014454716079256446,0.014182578643537754,0.008584576049458411,0.004873108332289998,0.022654986579854444,0.00530097416480281,0.01708308636138204,0.007004467484490143
0.30092203334843554,-0.2507094045657655,-0.20612431044883203,-0.11141861854336475,-0.00010524743766829092,-0.19711053675801915,-0.1676626321443944,-0.44005646670181636,-0.055648707211057497,-0.13383196435181577,-0.058895317755829193,-0.013882178464911925,-0.13989528014811486,-0.17226188038760779,-0.021292749941928944,-0.09427880649058626,-0.1031351434221769,0.30446099683552896,-0.04544468840213146,0.026509300097632638,0.40077046584756004,0.229351088430983,0.17145545325643036,0.0915000214488421,0.05532056636677825,0.06479626935671376,0.04663660059300869,0.2390902127096308,0.011344071899118685,0.033225790175319445,0.015787159585960886,0.007134722709258854,0.02878475563693007,0.03906392474112796,0.013739961560846566,0.020586057312789275,0.01492090029935591,0.1389231625417515,0.00592766977661804,0.008701377016286692
-0.05374661923557724,0.001246672209869882,-0.010842199380862894,0.0021081616691510673,0.00011413573315035986,-0.04805948334508838,0.04152434235743418,0.009773938429511641,-0.017950524202633232,-0.028468602952276774,-0.022499610667743832,0.009811605685965421,0.0019134656418789155,0.00327602897208402,0.0238761826732832,-0.005214387964059393,-0.010831986837912132,-0.009694538470405455,-0.009061167192465788,-0.004435406865803685,0.9217800316483855,0.2633800431814188,0.19078696195415648,0.13799638233744835,0.07635784072365676,0.07098667702420376,0.042101628106570685,0.030171080556188692,0.02842605420204804,0.015158329827561608,0.01894357386904855,0.014164205923003112,0.008276612585322283,0.008589762913202606,0.013227118353276432,0.007277964257312375,0.011253242474539724,0.005080566920618809,0.004537647938651574,0.0038898228073344482
0.06198435864336044,0.00020976328504907255,0.029769917977151658,-0.00023655041918913686,0.009773905158462187,-0.0024864935177249317,-0.01566957482245368,0.005290042322819811,-0.016738774770823295,-0.018563818095996467,-0.00916510415667855,-0.04011375839490082,-0.010811099636354207,-0.010701601194761472,-0.011323698527655272,-0.008131101667448673,0.014017069167656139,-0.013187821084294912,0.006481088050167007,-0.009926075856521178,0.8441154060380468,0.4373469285339784,0.18839687963794266,0.20880028926892094,0.04909639860171329,0.055712477422770815,0.03020334927283824,0.027788167291191407,0.018363052847158765,0.015900913849807023,0.011665465278212663,0.021886697447648876,0.008512063585330925,0.005983277532182052,0.008546807966282051,0.007101164930037272,0.0070400019431157155,0.005106275379671218,0.004095036226212968,0.004429990099517416
-0.05391620010025377,-0.08832534164413566,0.05001112039414132,0.04380460139491959,-0.0018841376654483747,0.012053781088133006,-0.040103908869400184,-0.016034629751131332,-0.0183622291626469,-0.022321392657077256,-0.017615763050224997,0.004938632012277867,-0.014259675000501822,-0.009285180602445486,0.020033003881163535,-0.016156781666507386,0.005536444049256981,-0.008013968048547605,0.004434587848856995,0.004717945350587232,0.8838802170803349,0.32479830216512584,0.21259754669962205,0.173396669275599,0.07343322630347424,0.08515386847412407,0.06050770548250868,0.03061471737164422,0.015599746063377086,0.016070200817833877,0.013458059115425266,0.01329154767851216,0.009506208244029153,0.007613537261548699,0.008122855703165267,0.008388370331930663,0.010140888993546565,0.00555697071424719,0.006142930535528722,0.006223113911048998
-0.06525212863012507,0.08403520701981819,-0.24282536682920744,-0.10121903224284673,0.005253436344508165,-0.029633131361550772,-0.03974475413965944,-0.0669123070851853,-0.08669596707204671,0.06557608745307061,0.05300311442767868,0.030420128243999874,-0.04605530519468847,-0.1220886164460407,0.02559878146543564,-0.04445378741390923,0.04785141108902794,-0.08619558229491195,0.008324739778574279,-0.0046275696748837684,0.6585971608367249,0.37720119975765726,0.4146014802034377,0.20233496132207823,0.17081547165967587,0.11578765437563183,0.10241091377518682,0.05030366358455303,0.057116109237313716,0.08429876384012935,0.0662267104321159,0.029263932129630923,0.03299630218149249,0.046492700344203816,0.017367986090653723,0.02719173269862397,0.03585060458699352,0.03611517963697858,0.015112090109903517,0.017337338578571372
-0.19031598392788435,-0.035031860092464735,-0.11599310957707043,-0.06908237498474296,0.03988381578181269,0.06957679899172149,0.06575401394570697,0.0171160779607622,-0.08173845395871591,0.010513191432259978,0.03143995006351816,0.16405979731835754,-0.004943403005522901,-0.0026524192480160214,-0.00033065075586105077,-0.02680599876331175,-0.04611064105958631,-0.057797604518800616,-0.032319478090737895,-0.02916487860769291,0.8033202337803534,0.333130764295815,0.28325910956114386,0.11582777604985217,0.10083054674024103,0.06989924728981421,0.07232567424072142,0.05719073400821838,0.061492166724568136,0.037939351850340176,0.026963448392130305,0.0854853761575114,0.026057027137923797,0.018893442919707674,0.016856444057446414,0.016688047616714073,0.03086779920512549,0.02849481824263565,0.013619706533726217,0.012637756355166608
0.04533399913349925,-0.006734429964520141,-0.03893826663683741,-0.026911360039888414,0.11722080799862468,0.13894170468507533,-0.10727161878343676,-0.02672514926840366,0.07111636597515665,0.006206988312747607,-0.1214213712708954,0.03381620728158867,-0.061926027549552565,-0.07224167410692857,-0.021354255606417998,0.05876658102244461,-0.07227509026266965,-0.03381880848896794,-0.00105205129215007,-0.08785918282011301,0.8063598969942701,0.2579361943037424,0.2746153428809604,0.1256876011902487,0.18968524307881066,0.14733477775798426,0.13237081345577498,0.0631165964287418,0.0616515030827341,0.04789114112451531,0.04820593625509384,0.033463036040742786,0.03254577460328972,0.03188308202577953,0.021358622017334038,0.023274132111628917,0.02784612815801174,0.014522146299151693,0.011630481102870807,0.03838059113185132
-0.03592253635660787,-0.1289924570795724,-0.07767280419833213,-0.04545077589193211,0.028026515101232913,0.02291553799627285,-0.018540989748019307,-0.0014680513667591692,-0.010244422159846141,-0.05935268787970764,-0.0011365705039353732,-0.028869163765638375,-0.01403286756378163,-0.047619049596432456,-0.06177216314307184,-0.005608886748294784,0.0014122211308942464,0.0033135747556210294,-0.01980471631581579,0.02104080507736589,0.7736648369926132,0.4744490170578934,0.1870833298467695,0.25109867484181686,0.13064443736502748,0.08719477345045776,0.06068991432133579,0.03149171890104976,0.04374561812472082,0.06392284745926975,0.017128800861518547,0.022742014919863197,0.019657028005601256,0.026413614416381383,0.018896620266324805,0.013457755234108873,0.01475828222826173,0.013924409688253621,0.014748291261157776,0.023988022201367042
0.0007570712735642749,0.07941539220431124,-0.06875315990666417,0.11100644888378515,-0.19237557083780787,-0.07524591183785546,-0.02497591297754881,-0.10654840228676342,0.03852554806414555,0.04481087442491991,0.0037444884205931903,0.036799509652746004,-0.13862709462015083,-0.09812147603173585,0.04119639583465752,-0.03449102777494891,0.08580072133388175,0.019751447764292086,0.08086138021908884,0.01100646727280775,0.8490171657156107,0.21979675273733193,0.12492724609871575,0.10543429829433483,0.11025474698987013,0.08591540319938276,0.09005354678627742,0.10804969496621936,0.06668317918209586,0.07775455141272328,0.07377639465639099,0.048151918112726864,0.09562434470716155,0.04094450908970912,0.03862538348321464,0.027618068065828442,0.03661706918088667,0.028908628422207042,0.04265223407610167,0.021946356298458564
0.06249742924137548,0.14512733713903342,-0.09780717777242837,0.0065906841304178366,-0.04177870088368073,-0.04365066841188189,0.004168910181194335,0.035394628326412436,0.013281481827272993,-0.018202189790179655,-0.04342768176784061,0.023103677318658478,0.007997203359034533,-0.019336451432328244,0.019901969652458863,0.017027358506759384,0.011184634697994963,-0.012860456081611812,0.01370707805740694,-0.012905961046727059,0.7433037458333974,0.5039748571735738,0.2938505025787883,0.15592176976872843,0.09147458157925602,0.07871482550347053,0.0557394249245495,0.10393542389611612,0.050845678829512936,0.04772212669232285,0.04379496658821003,0.029204567615025386,0.020801734120877793,0.0187174492968122,0.018015202267704065,0.014880270734110012,0.01915825304898385,0.016924785977970112,0.017572155765047205,0.016011990649049037
-0.21501104937061133,-0.04098854591542967,0.06233848401502513,-0.06560575678511764,-0.04538710346534295,-0.013888482984498358,0.02104344976969982,-0.002006148421788795,-0.035066883767192615,0.030758846571544943,-0.035337863889999085,0.011460374516513475,-0.013330917869228886,-0.016346796361487722,0.0034875494239939566,-0.017684785994142967,-0.02056584948460527,0.01144917679128219,-0.002359875056185566,-0.009969532147021346,0.7753134946191975,0.4678717765710087,0.24668857650680218,0.17381680330398705,0.08941485984215451,0.0815985391410469,0.04772088961270861,0.04563518361139382,0.024821553914352857,0.03896060272333568,0.036890579634216596,0.0317385237669325,0.01798287463770876,0.017380040480368175,0.011429996282085646,0.013963592735586202,0.0125593122370013,0.015392294564138003,0.014106676311302212,0.008529455461883523
-0.2659839096533908,-0.030593753636081914,-0.04116018312824245,-0.02516583165062442,-0.0330363355773906,0.019277078829113423,-0.010037072275309807,0.05397646391615058,-0.02218095011086139,0.018619238237899013,-0.007693820787092399,-0.014671767384421656,-0.00903638544338868,-0.01772176019720018,-0.01606625657180146,0.02187597058441289,-0.025776543715638898,-0.002409029403208025,0.006344987336307859,0.027830118149699556,0.6898916643143039,0.5316614665304247,0.29636414273857403,0.18740148700648895,0.10174500510886489,0.09422390373368075,0.06295105073712981,0.08106149631453964,0.04559161204589686,0.037155863436179194,0.022807539106737506,0.018664409457769468,0.024070516040474582,0.016300969340957278,0.01492907958058773,0.013853391838141053,0.017241281603016273,0.010957388256851778,0.015833525726969108,0.014010547877318704
-0.05677807182894787,-0.056100684334301,-0.0255759328126208,-0.014774439068847692,-0.030900559541490815,-0.04866745089674617,0.02873232972178754,-0.03735567952052495,-0.03138523095236029,0.007749998580199046,-0.005365173937304735,-0.005924514216365494,0.0008447061889812613,0.0042907663434113225,-0.005379693180121782,-0.008583555925557523,-0.008825045508778,0.0036615160943073892,-0.009659784017951636,0.0036170834712445435,0.9451709835838097,0.2725376494973088,0.08839528644441161,0.0645491575274691,0.060842330273076575,0.03240843548139002,0.020364281703380456,0.012380049024769963,0.014419667678860474,0.010531922313033043,0.0073892461127830515,0.017916533527639215,0.0055942186759154865,0.004230835994407788,0.005256752451208177,0.004918307142946575,0.003058054627979491,0.005351373839014026,0.0036632306895903956,0.0034006395761332357
-0.06510745271781847,-0.08337574922184131,-0.014931006716858392,-0.032560881428790746,0.06166993510982812,-0.0600778027802468,-0.005498742851786178,-0.006862911546823584,-0.004149469830826779,-0.01047931769965758,-0.01734096752760584,-0.019298697827707278,0.003372614535923411,0.0006946409736465286,0.004159529597453465,-0.0028706583466845273,0.003961494288054472,0.014493726237226865,-0.013963083320961344,0.007544634464986199,0.9286412393986138,0.31138404368252526,0.09122575278987737,0.036252367118853775,0.08065720778821693,0.03866529810452471,0.025472673631201297,0.010811638980096922,0.011311700958052468,0.016811782504629807,0.014269859683108626,0.008557657699154515,0.005012321545220616,0.006661881390684169,0.00925885012301328,0.006854407465879026,0.005213840111223259,0.004591625388516756,0.0045997626496475826,0.0049889124168427425
-0.09586205144286572,-0.09852680017181811,0.009630040632410474,-0.04221494038408814,-0.017179642462819292,0.016008751953775012,-0.0859537856900702,0.012759042590363248,0.015583378673949776,-0.0003759973399314369,0.004247478892138619,0.001115278681629753,-0.0035957219746100832,-0.01709407739746798,0.00829341878115917,-0.010429847022764492,0.0036337832865750135,-0.009359653693202694,0.002777259441756482,0.006701781214526511,0.9361903243681032,0.2684722609268043,0.08764330390160209,0.045739872929002494,0.09121331113476117,0.029947233127879582,0.04466624602127074,0.015520101954658147,0.010920492421946194,0.010692064577362203,0.007562052130519869,0.004867876711153562,0.004784855292877903,0.0059657701847451085,0.004803812618044333,0.003547245013460787,0.0048367097253446695,0.003975209915406307,0.0030614087010763717,0.003800403721800311
-0.2519646189658066,-0.024010917143611598,0.0928694900653446,-0.08375223536272608,-0.02226278805687751,-0.0765791523388481,-0.011835222884872978,0.061089969366236035,0.05561347496545696,0.0474894054536068,-0.302784835045484,0.07346307350785765,-0.13101939603191487,-0.145261264829722,-0.18261360366495208,0.013083381028922756,-0.14010833753646063,-0.0892338993069228,0.012779939078661711,0.022301142634816813,0.5151986036616835,0.4615803922741172,0.33878037027267877,0.20024196329484598,0.11241870193949624,0.07582875943490139,0.04188495406550803,0.035788742251913905,0.03386453352313463,0.02959157938291188,0.16298368400394514,0.03618334328002077,0.07167712164580961,0.040274566804563844,0.08379168534191712,0.01025842130195702,0.04442059789883382,0.02383127025532134,0.009969086719783981,0.08001848652290655
-0.14380783904849564,-0.1579301198178283,0.00014623546491759987,-0.00813005975524973,-0.016911272779658017,0.01914478713674547,-0.030794921128396303,-0.015414029856343436,0.026208145073709048,-0.01817483328041748,0.010402478061846687,-0.0018588735980244052,-0.13189120834232584,-0.07314126583106981,-0.033189588962107594,-0.15847200637999637,-0.10231306555532577,-0.23207331221153943,-0.2461725996161417,0.031380221234498955,0.5463552725819874,0.4809690756684542,0.3631115513364194,0.2141309574593143,0.14485710203287386,0.06955494917894052,0.05129756116999825,0.027764720364582163,0.029350651950529348,0.014496068073610095,0.018214007322999333,0.013421670799251698,0.0379664471200653,0.02357004928123337,0.03946254876157392,0.057337517355272385,0.04081516215707579,0.12758109802924666,0.11415451207392213,0.01765868478252115
-0.23481385298112853,0.18406842606163726,0.10485152948262268,-0.061849850531197965,0.05931817142160827,-0.09057463356861387,0.00877590247239458,0.01044551514021282,-0.011955157386861752,-0.008386688680907408,0.08863482435414187,-0.2640298901575031,-0.1172693723647298,-0.17464572687882238,-0.020271468675999913,0.01912528013620353,0.01579692661848825,-0.14117460845058394,0.08093241478533701,-0.0627436145938231,0.5201906203441616,0.5083486961080519,0.33585037339850443,0.1844554658517357,0.10507972804818909,0.0689248478236783,0.03413542855112907,0.02031694224326948,0.01766206697727406,0.018801808823845037,0.024203456077305258,0.1384791529053299,0.046747853558411684,0.09898281872726195,0.019018253550617842,0.026437349798390852,0.016240566535326413,0.04917488409633447,0.03376536234851034,0.016613935368162174
-0.20605333268497816,0.04086627574025194,0.057736938299383596,-0.03553586988591984,-0.017953756565405314,0.0069448552622660325,-0.010600264927812564,0.015421829441002222,-0.008578667942305336,-0.015281963092137453,0.005639463746207929,-0.01589825699894861,0.03744213832294758,0.010759208201604847,-0.019730802277310933,0.03726320664539058,-0.03389444893978481,-0.04035287339138801,0.0006920319504611054,0.016787055534445476,0.8394284292344817,0.4070179939018768,0.21564165923380268,0.12701636841476904,0.07310465467063114,0.032206144231951075,0.027477634539416696,0.03246679489573483,0.03028658342107781,0.015448270368443977,0.009414226850009338,0.006381606869985635,0.023773702365128182,0.008455851227000032,0.009269241438500234,0.014321251823353177,0.008742422448138814,0.009209899445064541,0.004424359368079442,0.009246296525699063
-0.16838505072849322,-0.012117419239248462,0.058259447743669555,-0.01986950896393705,-0.052929681396151604,0.015602508367460225,-0.021012929063836186,0.04356799616234399,0.026969283445362844,-0.045574473732773846,-0.0007207918709148578,0.010282470499179052,-0.026442194859582876,-0.037262367272236085,-0.08677460930431187,-0.027690572401476994,-0.053038899095283705,-0.02603348493998236,-0.09048726927045952,-0.032004926929244275,0.8367010683753318,0.3885859843723537,0.21522893447928218,0.13249332285703672,0.10120933949333714,0.04428585349105835,0.03979251718358048,0.053696747294698186,0.03852196532461829,0.02328171006814992,0.014128786954398375,0.014461497823294851,0.008726499910922858,0.010185956847273364,0.030703757919310442,0.005539248217492297,0.01463053821758538,0.011483008889442328,0.026475740919927274,0.008715319629993317
-0.21814883355607545,-0.06746175694206005,-0.039108484392372786,-0.02370022194028528,-0.05604558637240747,-0.024011305552468668,-0.00588260630807898,-0.03396974642776124,-0.03183057974073613,0.015061948131637342,-0.004060244671795294,-0.021332984244274978,-0.004075396922352531,-0.00968061896304265,-0.006332138369684912,-0.02659922870574816,-0.011864988665801782,0.011088734153528016,-0.008601672268978981,-0.008025847418869666,0.9077531264585871,0.3063110668702412,0.0893456956185564,0.04362621547143001,0.04687545897977532,0.05554808069200763,0.024034765582308038,0.02841629975505249,0.03237707673259295,0.021639528623798348,0.019535905153503775,0.01841417022977088,0.017049082470090578,0.009085039059682458,0.010229877746197023,0.016314769551153897,0.009167594738705757,0.015611931424122977,0.010902772575186903,0.008172922500262046
-0.35089497720841784,0.09777002986313792,0.002279553369680861,-0.006247849508112729,-0.04034225807173435,-0.004208478647894394,-0.005676478667117034,0.01523095019015057,0.0233573050728006,-0.022597337981135824,-0.011849532878566587,-0.02187820664957268,-0.012060127921474808,-0.0075059981760225184,-0.030701896852317445,-0.007480777420142646,-0.0027569309913177153,-0.027181443594920484,-0.00012469353831010636,-0.0169727585589858,0.8706778215304433,0.28184351491094967,0.08948720776949491,0.07278937672991646,0.06210732148205279,0.0503776904062888,0.02254052104183637,0.03159874537327333,0.026240435436019612,0.017185501294286875,0.013677964736525855,0.018475490345244473,0.016281248476762995,0.012272674758889832,0.012865658191401433,0.008074115001009559,0.011135616288491525,0.013978618823701846,0.011381707777298234,0.01088914555355619
0.1849181078361362,-0.07307160258647892,-0.034541192971376776,0.036988182930456276,-0.00037968769147585886,0.08899304718982737,-0.01538601804995709,-0.007896297407855819,-0.011916288320713802,-0.0058771747338691276,0.0604495695604571,-0.002081732511673757,-0.019475247127488955,0.0037985267740962866,-0.02298668467401419,-0.017501032175151105,-0.0027066535116137555,-0.004837071045680671,-0.012824736468903362,0.01834095377761953,0.8943613666449064,0.2566621794688128,0.11128050361973861,0.18667001118703122,0.08296871147969175,0.07429027131116847,0.05681435478715372,0.05464865824752293,0.07104739298733567,0.028991509064890255,0.044178166416565745,0.04104643963133418,0.03242055932218656,0.02317157674282743,0.01603021000537335,0.019798933425160276,0.014450768348430402,0.012145981941579212,0.016433730822059813,0.009924742248062007
-0.01706107265137359,0.0042890976549285345,0.03907837958056146,0.014432723634583531,-0.010935254129780617,8.893603758364944e-05,-0.017175389083890928,0.008490087133168801,-0.03742207446396966,-0.029296906386093894,-0.03355023652580534,-0.03411057296929099,-0.002029054987330671,0.003616525997411097,-0.0020345079318105385,-0.021126987181039236,-0.02842721393733071,0.0017094299204047313,0.008550063421179022,0.007848752683584677,0.9790568515624128,0.1095154350321529,0.09962041823804876,0.055058097556793244,0.037157200872631115,0.03259979758806118,0.03238498585366912,0.018390645984812676,0.03369005982324617,0.02106218958291057,0.02279234129771125,0.01950388649704912,0.012433744677071432,0.018815657435758616,0.01346382615744958,0.012265039491903619,0.020301981865168697,0.01260924285654261,0.013357787422941296,0.010330203345858968
0.028828106986588376,-0.035155890349873244,-0.015427009127542083,-0.0015550978511300031,-0.015669945364777386,0.019121529388270265,-0.03123233914597188,-0.010628058106586579,0.008816249180646697,-0.030720604067065647,-0.03351908883193071,-0.02166765580631646,0.007614174987767886,0.012869555648702662,-0.004581936540327933,-0.01433435790869151,0.0006328633342660256,-0.02429603883803394,0.007402989891183583,-0.010383939506257512,0.9816261903793396,0.1134081094416542,0.06881550257178483,0.05227581645843616,0.05227602776703696,0.035533236346241656,0.02798866442407635,0.024294253280723828,0.016802000329742935,0.014983762782260225,0.030422155350891184,0.017671145306432125,0.015499499524708223,0.013156542400494771,0.009648586196384165,0.01051861016334152,0.009024824436503083,0.01626891574535123,0.010408381427020766,0.008384417592062512
-0.02731396337507841,-0.1162598201122732,0.00026025254282772,-0.0008954541517944274,-0.02582975551543078,-0.02009768968273218,-0.029225692789508647,0.03763090666666459,-0.00873780302753799,0.011912126543469887,0.0028911653308468527,0.007892503344344843,-0.0006213174896740183,-0.003331035251373181,0.010857468339568646,-0.006431842769064933,-0.009990173158303388,0.002820783205743692,8.419456799503028e-06,-0.006750807332460296,0.8994027277393787,0.342038149795462,0.1644698253144666,0.1074223338992674,0.05609998604363517,0.04501893162806428,0.05016467993997325,0.046187996335123646,0.033276729218370535,0.030659909890368774,0.027480482452501724,0.02542314326877231,0.028331371871356207,0.024154269592813252,0.020910873175285692,0.01981317198966467,0.020790824819917834,0.02268578591179921,0.023507946925191352,0.017003822230385286
-0.03914753574967108,0.01201887884968053,-0.005503921225676931,-0.008879344823546464,0.008722977947804059,0.04854107085190074,-0.008548184840148944,-0.020486090596983322,-0.016780321106146148,0.004186171817700006,0.00037142976015438117,-0.00519997383659319,-0.010145668344912756,-0.009470519112381115,-0.00834260658223216,0.004891123887025197,0.004816968475884291,-0.007230423066159133,-0.006322194226101924,0.00026207232064095174,0.9720995533499374,0.10585198019582809,0.15353507659221083,0.07134169363959615,0.03625135626777698,0.03997294666984991,0.03567755204169969,0.03228814822389479,0.030594513899302497,0.0273182935296794,0.022058420241444023,0.019839648703395763,0.02221506582578984,0.01758958396932072,0.01573353518466689,0.013614934585405823,0.012091260443768138,0.011935798553758922,0.013794111713495092,0.014537982925847142
-0.03070819541920397,0.007748447471004806,-0.017119751955861105,-0.03525018802301578,-0.016315049840355714,0.0006265600727521345,-0.007977415595835174,0.025399291121989156,0.01711910762142646,0.014152888698345979,0.004854786048693248,-0.018872770353978965,0.004992063114499042,-0.018991214728394847,0.03455503251031802,-0.017981574385975464,0.009953664535307237,0.011996057202712646,-0.0040967273968271,-0.014972795638235295,0.9785760185883238,0.08674018033579678,0.09235937967792003,0.06470226351503347,0.050827019710594466,0.04903066361804907,0.04733378907289207,0.03916296089571989,0.027204410255674397,0.02665352004543613,0.02543436601695947,0.0282401804141954,0.02097369263518255,0.02400741493145083,0.024312836042288177,0.020961875007301473,0.018706716302676514,0.013047885238444338,0.018021017770056134,0.028743248563129018
-0.03508335741731054,-0.01744679484012183,-0.03131584422126033,0.018606666813380215,0.024318410027402156,0.009943342470147677,-0.0046831322364169845,0.017478576000508745,-0.005081042327523918,-0.013687962631640802,-0.00824125423325189,-0.004858407683273637,-0.021180844899019457,-0.0058084556043128096,-0.010476700859833194,-0.011532583266019534,-0.008982197452403591,0.014019291704776095,-0.005523109745704186,0.0018376850219107156,0.887057546642085,0.41564900017111533,0.14184544734303695,0.06278617468935495,0.054304575287747285,0.05610650572825207,0.035386065176613406,0.03512240556947021,0.02668879523669272,0.01586485015081215,0.01619984395336947,0.014116673611546456,0.01770844153136362,0.011865237476999206,0.009983964268099863,0.010881121839490767,0.011503701117993533,0.012121853202282958,0.008322005691957197,0.007244084707303068
0.03359350800727723,-0.010565295767485388,-0.053850866049633433,0.044698722814159424,-0.012095950741636365,-0.0279774021447988,-0.003204931844006128,-0.022454310748925996,-0.05551405987678544,-0.012102854369851491,-0.0029133576035309298,0.008781903988952837,0.004712186306533997,-0.027293945202234837,-0.01330681052895214,0.020676416120719267,0.019627262107258493,0.03177814848519245,0.013661419979413164,-0.0010558209718279023,0.9292242981662103,0.23366034233562502,0.1338233563951918,0.11405510566619297,0.09194782182799006,0.0859052175435196,0.07200566746133849,0.07621805252602751,0.04989050158168563,0.030891411374125547,0.03075815192595109,0.03586069590717472,0.03059568619747344,0.03903543508092843,0.02180121484110976,0.022081673725731235,0.02010303338226657,0.020387617498238104,0.01720509045611534,0.011648564434468147
-0.2613931574893054,0.5096092741729396,0.12961906870705525,0.2331433747645134,0.020687430719477866,0.19686861096416536,-0.13374429353770234,-0.13935088961170797,0.029222599974566964,-0.11120498439238653,-0.001656931703492282,0.09713555260765848,-0.26348168911341,0.020735194247580347,-0.08564646818690928,0.010745615220308247,-0.1572752381376814,-0.09202666765348948,0.019459138805729585,-0.1512951360522407,0.3944371694978057,0.40093363850310204,0.08267238401194045,0.12094900645551433,0.037385845014060705,0.09609391496128214,0.029175080755148384,0.03522367170989335,0.041275596502904674,0.032138202422732076,0.03840070764386013,0.04323054826549353,0.07950399250486594,0.004547459390726638,0.02257040488914818,0.008332262662325306,0.042222756580712416,0.014627992057895771,0.010396362199878637,0.047620370933308655
-0.13615017196024207,-0.2296277386181399,-0.14975753350949567,-0.35086972363708024,-0.34401175864905886,-0.0008317337082130278,-0.3324545228051431,-0.14770430961063513,0.06320875359615265,-0.14474861741738385,-0.03200621281153759,0.11981882447518734,0.08664400634403313,-0.1679669554039305,-0.17282332055508431,0.15323875772050485,0.22230086317132058,-0.07338314941194074,0.018930536680625536,-0.23682396327654107,0.3624596352085289,0.2106277827461527,0.07204712767322871,0.17945116030287123,0.18080353837455354,0.017353058140518563,0.1239875895114439,0.0564081824779355,0.045733133438219636,0.033486413098284575,0.03701053376631408,0.025730848647976316,0.04147123354702554,0.03923137006083458,0.0402080505199626,0.045680425216020705,0.08115319241966751,0.026697238996796414,0.01297657247780539,0.08666182056388426
-0.10952335603352237,-0.4884229356018468,-0.08678385954253881,0.3023273019487187,-0.1422888570712136,-0.036098658722695076,-0.207124989952795,0.05912483452752873,-0.11865917406593658,-0.33270400133094413,-0.049759601133021254,-0.09209424290866222,-0.16512204951033857,-0.16319780765846334,-0.1560441560263242,-0.16204061001818648,-0.0765861658197225,-0.02679811609140694,-0.037838483958455155,-0.13911865382890645,0.3019588337116124,0.4056749952322893,0.051148514093100686,0.14813257787919457,0.05634669459102902,0.01779408725807385,0.05590463808352431,0.03620824059199651,0.0237387257273933,0.1370282289834284,0.011135753219741503,0.016828302732037483,0.0350753593545807,0.036434323989077595,0.03374998376180465,0.036654878665825556,0.015564599528091892,0.013616855672671917,0.0140131156621354,0.03624488759341696
0.12399294233564907,-0.1342575614558771,0.010040169586607521,-0.005954792748639659,0.004342037697397892,-0.004929279803543531,-0.028512948710956224,0.025101010101667553,-0.02370780425543466,-0.02213554632250213,0.015173463960254438,0.04385741077675007,0.02173330535813926,0.011301795837966883,-0.05614521868672355,-0.01812362025083633,0.016806023766780698,0.0020623380261918347,-0.0028041129398218194,0.007511746738724167,0.8882863625440984,0.35819969379404026,0.150901966839357,0.07420549441877534,0.06024847480940751,0.03269052672558085,0.03433763680895498,0.031222723130131344,0.027604773931054614,0.019112761381404945,0.01970962355961377,0.026859394781921297,0.01836608448333569,0.014540311695166829,0.02641259655628438,0.01685956707750435,0.017405036227766475,0.015461757302139079,0.013377600507857919,0.01902196357498354
-0.08938244171455217,-0.07582032627415217,-0.0622752375971143,-0.04632297930509839,-0.019098609707106737,0.007500649535035515,0.005631473458886586,0.021697347697041403,0.016325086676352376,-0.0005100822110933692,0.029207163632804525,-0.013488049061620865,-0.0225610238899587,0.026082295108734325,-0.05514711168095422,0.003546108237831185,0.027822785994570415,0.011659643791832748,-0.010918698108889688,-0.009391011956645913,0.867038132522031,0.42278214835664496,0.1541332747788383,0.08753771576779881,0.05503512391542748,0.030087508988909675,0.038377026704521845,0.036291385159737156,0.022474744978831004,0.01622945010293462,0.028138749881818564,0.01324440368043568,0.020026519905173658,0.01680857863584859,0.024515937927316028,0.00625083346462952,0.02613796904793837,0.010820009584149897,0.004844318315996901,0.011195324741044548
-0.08119730604884605,-0.045385658300308655,-0.05489129041004985,-0.048040130768506877,-0.028393148631544952,0.025775771541024776,0.05314794907255205,-0.03200483014876948,-0.04249461585192396,-0.04574027533399937,0.004579164573293565,-0.05178542504174939,-0.03287304324375905,0.005454369130475593,0.03166239044149354,-0.018482395659244904,0.020545103662230172,0.009449287799404385,-0.0003572754805735348,-0.005920054238795633,0.8797200156573073,0.3852953775577571,0.16341982939997737,0.09909956490765014,0.058146379116996744,0.033591117509621925,0.05949185510400019,0.025613849018310743,0.023821215516334565,0.01919953565883059,0.02536918623976656,0.020411537144130944,0.02558944322098752,0.008509637304313096,0.013022140625237693,0.009808247573414128,0.015609812986776338,0.011302027261960656,0.011424304874268255,0.004732261936277799
0.05456400413894334,-0.09417319243187833,-0.015809668640135374,-0.03645201392403369,-0.09426534388606778,-0.019822004544621352,0.011500154531935694,-0.12481761080693718,-0.09582925708431374,-0.01454831006818017,-0.053481634679616794,0.016569936017265682,-0.0386449153667388,-9.929140305480612e-05,-0.040371431953570715,-0.04250720668243736,-0.0032522852448587524,-0.04282724709729526,0.10571856610912582,-0.09970261999025375,0.86910608949744,0.2547838848393733,0.2079915069894074,0.0917813106691594,0.11578339317919546,0.056954779233957774,0.060082601871415744,0.07444046211061932,0.051998143379506166,0.043226364165464465,0.04397136235016992,0.039227160765434484,0.04226827888144661,0.0207846284719546,0.02717351728341739,0.038069369808442347,0.04037091618168729,0.03557071537867628,0.05818266338001668,0.0684590081048589
-0.3135035902966459,0.18472381997989973,-0.09179766799412584,-0.3055302049696776,0.06819016850466533,0.048135816990383475,-0.031458148884235836,-0.05883317407395716,0.010562643557411208,-0.011479995968548767,0.0294634279326449,0.025382125675739005,-0.03807145614734445,0.009696467385114873,-0.0018876085121878041,-0.0055889031880592115,0.0077898675281990164,-0.007310656873162242,-0.005181239471314839,0.009320232936286674,0.7434486833432306,0.31695168983673444,0.09632622077344329,0.2566945098011932,0.08320858357188586,0.06199977691887762,0.04588886756717779,0.049927763577624754,0.03407232867217154,0.03270679648174929,0.021103159303183565,0.03134082840969826,0.031859073295168856,0.02214101973853791,0.022573685538773897,0.015234633437711352,0.018946105086047972,0.014564378573374254,0.015662002118536068,0.02011271220950119
-0.010824456469148142,-0.36584696980200004,0.020923583171435067,-0.0303487519641058,-0.02731875352925148,0.018870669171962454,0.012813360966575609,0.007612050209748945,0.0023781853433833115,-0.029640339051417833,-0.0034751003757029354,-0.0029399917375851673,-0.006950156782594001,-0.053277961566903086,0.03004328897373014,0.029046588938074325,-0.035919477192833914,0.009169909310009591,-0.032605953447894735,-0.007629628587508441,0.7562933932991857,0.4167535253129628,0.2658588194872384,0.16198401387289044,0.053898615968580775,0.03505252564671821,0.03728182908286249,0.031237751009304787,0.02767124512974561,0.03617858209956671,0.03578714661415288,0.015353955174136765,0.01904992881241312,0.020265970631844696,0.02349664360214154,0.0172153160601627,0.01729383785456667,0.01284370898596169,0.01712841986822753,0.016394128274966224
0.007456957793080469,0.01864574368077408,-0.046125620201157076,-0.011922866348817824,-0.025146717172213274,-0.007625256049545898,-0.012400305464543121,0.026067358795590977,-0.010089535822753957,0.017413555932635015,-0.00425426806640656,-0.014856310054294676,-0.02286850191242239,-0.02290285330054368,0.02173458091021136,0.005371347058973488,0.02022293098347788,0.01700548567155351,0.010268039415748883,0.017046262859006022,0.7872041216420376,0.5421344430724008,0.2183320672769808,0.1001557351172587,0.03726482646500171,0.05303694950182023,0.04420211025671573,0.056149888524242554,0.03929470975273368,0.029197820146838683,0.03956103733974617,0.022696800609115074,0.022253327990738533,0.030330345099008255,0.02900699700753155,0.046725030058093066,0.0315199529186598,0.0337245333121249,0.02316206184690438,0.01800526908052855
-0.24680338635352492,-0.08117917972427642,-0.028071340906612317,-0.007199934770628928,-0.01635593486190852,-0.013442637595197862,-0.00323218586927637,-0.013151254932243495,0.03335291275436284,-0.02846514659228886,-0.01356758193488025,0.0018865420400546297,-0.004049169141860586,0.008674267622129164,-0.008257350885699814,-0.005909974669934506,-0.010289366122838952,-0.024789490594221565,-0.000753425682240534,0.006609829728088144,0.8078384621757003,0.40976857720965315,0.27273973822826625,0.13109629167380682,0.061764839664514584,0.0330563656663969,0.03001362858206274,0.04861052718740567,0.050910136382517665,0.030364343800643973,0.02630459982156617,0.017654344104398978,0.02087240950108972,0.017383552126609064,0.025586687002180933,0.019054277574110948,0.02039718027402946,0.017422279962558254,0.017986599560817718,0.019565977426914356
-0.06500324210902933,0.01843327554201622,0.0013124690470335731,-0.047762258436121786,-0.02665321157234288,-0.02839425477281692,-0.014041267904200551,-0.0019556197172384765,0.02459622659525201,-0.017416365259549958,-0.01826875486991151,-0.007927133767342881,0.00228659573917774,-0.022499021243533538,-0.00733211466495468,0.02103495396758351,-0.005914479115581493,-0.01175826681343935,-0.014639750285998412,-0.008014361231975103,0.7536399609361215,0.5246322387010924,0.2890801834842222,0.17831496918007947,0.0758933497367965,0.10370376797754166,0.024678595721813697,0.042304274999375294,0.0473783479525528,0.055991266441005126,0.0261088935828869,0.028129573746196544,0.03235956551643813,0.03291800266813658,0.01789819135737413,0.025509451132511286,0.016346315177342908,0.02271186433471789,0.018034199358181593,0.010881868518354775
0.013448844603923725,-0.03816871040069703,-0.07389890732997546,0.006682982020022164,-0.055306042108760056,-0.18739314316035735,-0.1778591328125538,-0.17860461071065706,0.0759648186879746,-0.10118086597817313,-0.06014615986132891,-0.07072010403358409,-0.006917166817179539,-0.11562889040050948,-0.03219476731246223,-0.009771017641179524,-0.04368319182891557,0.024989441654020932,-0.022980006227823747,0.08671352582698456,0.7875822207907491,0.4017153402302002,0.1339994033433559,0.06447040046498291,0.030845832481053,0.10388252861961059,0.10258029934200613,0.09661486948438253,0.029055398260761128,0.028871586864065345,0.01840058282223853,0.027168627439063505,0.01600094647602206,0.040006260098119764,0.009020076859894437,0.008545940332304615,0.009851446196928805,0.010544904735744168,0.012017697710112362,0.02999362734350948
0.15245448319938631,0.06097785626222222,-0.07586716568028047,0.011207354578733134,0.02028590304873996,-0.07274095057979615,-0.06242776180078967,-0.16046526208789108,-0.03250646280806659,-0.18686645620233894,-0.08436895729020197,-0.037687463923430184,-0.044687906911989476,-0.02216871374317755,-0.013751700234392691,-0.03321810136436713,-0.037716294707218476,0.005884923726118061,0.04151343844229,-0.009348599335476958,0.8354079130818093,0.3731671615329919,0.14080266345099454,0.05676238231589898,0.02194013614250072,0.04580276709430834,0.034751112017750184,0.08419094506310396,0.013094252604597342,0.08426017405855764,0.026148680133416362,0.01015827020805969,0.0074719401212793935,0.010036026796127024,0.009034930693526821,0.013599866240517244,0.010742279075096978,0.020029892792275798,0.01127296198257288,0.006180406805108755
0.1744658156371084,0.05859385130344055,-0.047928704339407706,0.000700150737838999,0.03199876420319231,-0.03607013262685831,-0.034201215393509087,-0.19969944269315046,-0.032147174519584765,-0.04144808011979541,-0.15073003493116144,-0.033961005769542224,-0.050404659406697645,-0.044943070691631774,0.0314664563692658,-0.034739949887267654,0.03357217025901085,0.011691790845249326,0.04485861129948865,0.024111043169632824,0.8421248888168836,0.36827973158706484,0.12621076625858108,0.05627641275788786,0.022671358512811397,0.02681392807130283,0.031936350117370185,0.10684396518089324,0.014432300095149243,0.009776069385724676,0.06122659328986155,0.009715606189174948,0.008992964236409681,0.0185715212716026,0.008871767218144784,0.007828969927794168,0.017393148842998096,0.0032167402200271402,0.013797620693017688,0.02078498391789543
-0.12468236595168426,-0.040376838887525204,0.004723914250023935,-0.008218163188734957,-0.14979030834701804,-0.17351226944061357,0.05361605065888893,-0.07140389240501163,-0.043053192676276685,0.0516249133224611,-0.053881456465782,-0.04320587507692098,0.018678653636207264,0.04498161910670683,-0.004170673348087183,0.004701019149643973,0.01975255680703391,0.015896354751329642,0.009260888726456539,-0.02179031741818863,0.9056787307707631,0.18087541528201398,0.08743694079871187,0.0818441956861693,0.11451352217178291,0.08866967689383183,0.10603807876127014,0.0370613989600485,0.03864919700436869,0.029713338682238247,0.029458885804995116,0.05266451109818365,0.024601337306175475,0.02672224715230006,0.00889069398909898,0.02025475585501423,0.014215103208865092,0.00977731643908594,0.008460158268574273,0.014517965586004442
-0.2313745798576627,-0.05100288545631473,-0.12889984703786034,0.05144986144770861,-0.2047524702838597,-0.017390012243192123,0.01632469773964027,0.013131662683861884,0.019005943163886357,0.032961911171142805,-0.014282214210376223,-0.018106056928091665,-0.0033061188102757335,0.015425830024107514,0.005633427715119958,0.015025276933078608,-0.011370253792900468,0.00023217616655934702,-0.007154822658484719,-0.006496922873426078,0.8500349254742678,0.1685790674289426,0.1365365201507543,0.07442460006947428,0.25765777176157406,0.05968006240053211,0.16562407294115472,0.05118665027256526,0.023950775014538038,0.024669815173099314,0.028065540692217922,0.022531481036136624,0.016652520662264678,0.02057718725285229,0.008664166302806541,0.012116290892614253,0.014130351430273155,0.011892431985693019,0.01099371639300832,0.014365993253317916
