-0.7720259058033992,0.004044855100241664,-0.035039416201109744,-0.014666600812806426,-0.0060814804753381016,-0.011621147702079351,0.004652509344370012,0.0017835344116298507,-0.0041012986271742715,0.004891405103469726,0.012708099350673904,-0.0003482467007010194,-0.005865546471644068,-0.004023088391300875,0.0005878262822786037,-0.0016293797646192846,-0.005031317695481151,-0.004330957835696283,-0.006990772685705897,-0.00113526947573578,0.6176282123324028,0.09521962250207741,0.06326157905549867,0.04537303621376475,0.03898088641104554,0.028081677503130575,0.020095019210784396,0.02083236935140526,0.014961538356341975,0.017782493676347048,0.015764217880691843,0.01457646254755568,0.015104278479104182,0.012887145791711394,0.01445558147350464,0.011282686887138297,0.010543222061117347,0.011763602658436654,0.011120080124152023,0.011268676434812585
-0.3900384421751232,-0.6321548261380532,0.16165351808850623,-0.046138783282442086,0.023995081083206662,-0.002970305745314837,-0.08558190777936757,-0.010061471232572764,-0.058916384108936584,-0.03646534117910295,0.014347615777990382,-0.012653556850319197,-0.0035143510230956606,0.011104727770677315,0.041361676887093496,0.04148888771219341,0.0024441541882464636,0.006153017748559388,-0.0149321984278945,-0.032092215068208446,0.2575821333252606,0.5730933828904541,0.0728534721886843,0.015185431333792604,0.008323567067916779,0.013676211632935413,0.024481931774279268,0.009020284816086193,0.010557154189970648,0.010481543388932845,0.0065744277199367524,0.009921942367276856,0.004672610516217626,0.009156172788062576,0.007001557588879205,0.006606169248536318,0.0050269030203319055,0.005560557653432854,0.005985662700214369,0.005919756611841461
-0.6696050741899664,-0.4128309211326872,0.19143855642596957,-0.1412466575525513,-0.05137780598336096,-0.032617186464282084,-0.03629440406000066,0.015170804702936561,-0.009936207660557732,-0.0016323337350381668,0.004073345670104181,0.0013381226438256995,-0.001845832442301005,-0.000956227105356756,-0.0038561396775970117,-0.004603009143639871,0.0013131161650755008,-0.0009597648279981958,0.0007067808064677681,-0.004838219476529743,0.49193829274141243,0.2200096466292584,0.058883155104000225,0.038116037968422715,0.007791956369020552,0.13575315034843477,0.06653035350965113,0.013704574344803913,0.008561820499948676,0.010042546796833836,0.008936499365110503,0.011051529496723016,0.007236154487001285,0.008099362836442095,0.006315230999788511,0.0071534125573810975,0.006603844709981057,0.005848969897592857,0.006251631228265855,0.005406928727550445
-0.2710819694681868,-0.5275897355373723,0.10151501871467307,-0.26652008727542603,-0.15631872409035225,-0.005188849184572877,-0.0704979503650582,-0.0192190179830509,0.019458652297058843,0.00483821624918811,-0.00565670333179984,0.010130004957331844,0.027947899886006107,-0.022290387662897822,0.0004353946447777483,0.001515545906360669,0.000703197912508462,-0.005823401980911699,-0.016880680744506587,-0.012817968025648349,0.0911406816298786,0.6185443139415786,0.213970212220408,0.2727123222184019,0.11638004571655487,0.041016197132846766,0.046640798281641284,0.020297970342408066,0.028004907112689836,0.024799337967493687,0.025833691574267622,0.030593569152481258,0.01353252821441077,0.016676663309919626,0.022631329204823875,0.024122517183200146,0.020585785781437008,0.018716669433851252,0.011356368064127065,0.019719410305428106
-0.29749218209551764,-0.2650711785606733,-0.5136703625779441,-0.2244536817831017,-0.23020951823432903,-0.005711246209484351,-0.1607531753431667,-0.17370569278406528,-0.2807820571286374,-0.09391174466120254,0.060592266558749136,0.05742293432355962,-0.006534161240649179,-0.06164590545655967,-0.02283481798913509,-0.09047230307339524,-0.038591815944949176,-0.042414593078942076,-0.033827066070783986,0.0020643523921141543,0.2449693629425052,0.17624191753152618,0.3822422791676653,0.12260902442844279,0.07928375629257257,0.04836041563340085,0.06276771035928243,0.06200725233472504,0.12047635557273575,0.05957595413041112,0.028338693486092335,0.04450067102641105,0.04180077350997792,0.05260943280774002,0.032398285752339016,0.05966835538884482,0.044013605019088256,0.051061107548740055,0.0497046495448014,0.02704707135137399
-0.09018778133645688,-0.035220109095610054,-0.10305974857040925,-0.012915774670920524,-0.026479187195444866,-0.013383465114622867,0.02476157966241328,0.0060913877738237865,0.00011850123724355249,0.0009227937255732339,0.007527787382421575,0.011652648037226314,0.007004919615822019,0.02137604573899751,0.03211579142987173,-0.017763972526113173,0.0010077474467624077,0.006958107488684122,0.004789041256999837,0.010672024684838424,0.8669569866406898,0.3655971318595824,0.23425274629419013,0.08054399134068821,0.062067304483713906,0.046924124073426464,0.055528901122199506,0.05170675800590294,0.04506718300406189,0.04547994597199897,0.047582225567526316,0.03490512619765723,0.03435312131522309,0.04074739672625238,0.044289355025465445,0.04081701364852519,0.0253505849495101,0.03166663666501389,0.025414205368115377,0.0358412003186468
0.4241767636974033,0.007839304605741098,-0.0030146860888025794,-0.4681643234606075,-0.1544350219340516,0.01222769783822701,-0.07885206706667479,0.0063058939344296005,-0.141896362192415,-0.07647704618017764,-0.034611156131109995,-0.013744918601560453,0.00026169093547538875,-0.02047512248917188,0.04144351865032941,0.0657447309652607,-0.019867677364135135,0.03309044366254526,-0.005125451509807457,-0.062137266788990314,0.5315406124819281,0.0884699991752645,0.10713355626898675,0.4347670931975893,0.08727432222821276,0.03154825972879198,0.0547777592581176,0.04205270401308079,0.07989872318521886,0.05081159955134146,0.039479697389325656,0.03385472872702908,0.042200046750872015,0.04746946120715544,0.03832469489302864,0.04699264823935475,0.04887905539546516,0.050749540247754306,0.03300105644134909,0.04102690310747024
-0.4962104664453329,-0.3487316388846458,-0.022520492346833013,0.11977434552335212,-0.04387801380745213,0.02052634237124483,-0.04957378834864259,-0.03341165871742485,-0.08042192757671751,-0.03395479398819101,-0.03913628772790036,-0.020725354964265832,-0.01085972042218826,-0.015790874019117523,-0.03109870034257067,-0.01006256527900573,-0.00934068989492602,-0.0330780329834129,0.029823996513797982,-0.021673305871739334,0.6285891017728625,0.42841263861830964,0.07409316633899904,0.08106003031530908,0.03790798436308879,0.023321086195589386,0.032019585966175955,0.02364552497874335,0.03664463031462438,0.013995227553618478,0.013818979754130573,0.015744253343396807,0.01175317641715213,0.011153993321553068,0.017620178582166728,0.00987860833564221,0.012467443624582766,0.013921198029165865,0.01862468997840083,0.014073705272257937
-0.33250397710515545,-0.5065638970336352,-0.4577845562754259,-0.06217776720174911,-0.1474665969476166,0.003989160587912403,-0.022310983834068904,-0.02133819373611337,-0.003812636443708042,0.016550848622111,-0.01671060919791253,-0.005606217588109189,-0.008775855910981139,0.0028703226520366055,-0.004171071397241382,-0.0034628913359584963,0.00038685001910640005,0.0003852076405663325,0.0015580008053687666,-0.002688837521855137,0.11890524435752711,0.23309248235615004,0.272408749128931,0.3496957996075958,0.3369430324409507,0.11399621689211667,0.04767991502078101,0.03186301369835954,0.018285492101455806,0.013058539638303607,0.011565687224574574,0.012299632820434656,0.011834226762909303,0.007615933687663454,0.006744814531393461,0.005460115860683263,0.0035306654150071984,0.005745675267164695,0.005349087341234244,0.006797726747088821
-0.7212299217834911,-0.17932102702843145,-0.005386347343976587,-0.03317712617969404,0.0004997355829494094,-0.05555024558319315,-0.008608945609824723,0.005355188733912452,0.004004853828728086,-0.0007607597678455211,-0.008005181608028029,0.004827416750576585,-0.006968098712826442,0.010988372946076432,-0.005094689741627716,-0.004544575927969671,-0.010129929376417934,-0.0011492265547831582,-0.00035543354439667173,-0.00031049889457286997,0.6432895230369426,0.0822691408418804,0.1296965506748682,0.04492677172229121,0.02311275103224032,0.03748937611488337,0.019365586157862987,0.016869932610913022,0.014633657508148063,0.01300864334763973,0.012031878995467336,0.008626697048549396,0.008677078598375274,0.0077644952824243866,0.008344908513438422,0.005982445056274581,0.006083233405136313,0.002931393035909358,0.0025501917003056735,0.0021268751316769665
-0.3065731793918912,-0.5861850758952084,0.03848375057606462,-0.28198728627923464,-0.043232166601123695,-0.00442043267674843,-0.17907869210725838,-0.11430252437883319,-0.026776811384319636,-0.06485595012612984,-0.021417622977507964,-0.06328386177141766,0.04805977183984235,0.08545975537582359,0.07099249837282924,-0.015116912869819506,-0.058460774292497145,-0.00810800978576454,0.0007566750638916846,-0.013371183165121009,0.23109378922305357,0.5376130011751503,0.06535979613300433,0.1892027781707934,0.07074116817591518,0.04542830506053926,0.09937252148190583,0.03990024219157725,0.01989726957598056,0.028399542067423185,0.015695062103543517,0.040484368669664844,0.02067866708992592,0.02411057380335461,0.021954324677646565,0.012228553451001746,0.02162232509583139,0.01021380168288392,0.005190965157058778,0.009191100724555557
0.20459992124678758,-0.40436809681228525,-0.4863647764603469,-0.32668298034283405,-0.25377480542332115,-0.09982901290616207,-0.024124141775246414,-0.11863777164287809,0.04374270640515721,0.014862316388414589,-0.07183814395731926,0.016109636575237247,0.002944216403671291,0.012330768606973899,0.029891151077581272,-0.016400680849416285,-0.02126058549342453,0.0154000627334644,-0.03669220319472031,0.017310971528232525,0.12660963057234453,0.29242931115117204,0.31825943876411744,0.2908065039452912,0.2375386765875919,0.028276330952993565,0.0330053912028858,0.05096000767072318,0.026546069783483606,0.020898605373846562,0.02512535673469564,0.009326418674125264,0.012766687781806637,0.009985805877262985,0.008410049253364879,0.013283952210350473,0.009124572630803667,0.010949946749423456,0.012011699256226933,0.009256504483176881
-0.3774423643593745,-0.6103080432898631,-0.24549826987362358,0.20921072607672453,-0.09441784405186208,-0.1095119077671226,-0.10364785325061834,-0.09051156566134935,-0.08056882398514398,0.016078636912392075,-0.027998690902645028,-0.05717647843761838,-0.10007806313651907,-0.06435869803634822,0.02012076477606105,-0.03869319385476509,0.03447081425045909,-0.05291131413640102,-0.035196587421874904,0.02510017809653466,0.19524412435715957,0.40068725775397745,0.17944847475571205,0.2366758320724091,0.06268664871771845,0.037495239392952864,0.030904295243068345,0.057379330598736324,0.0379924712741278,0.03985288875709447,0.04385252100117794,0.02832154838329606,0.03835306261400697,0.021969860028600015,0.030356080188505802,0.01585272199778971,0.02959161159921622,0.029015545025976856,0.024718781199937954,0.027895830083634863
-0.6293852938173483,-0.07076066850945247,-0.05388559773208781,-0.04755244027050831,-0.03703857499323161,-0.08880261758821414,-0.08306532252138431,0.012442462754493636,-0.0028199856972180295,-0.07566483432656519,-0.007836694204338383,0.0021446563605864526,-0.063750345860981,0.04332923977883593,0.02244677211750191,0.016498608779388736,-0.005881241786940824,0.0006901265655060012,-0.0307884057615976,-0.021055434472378752,0.7331150434560738,0.04230859279571364,0.04421801037977471,0.060597942158447465,0.06889332523789804,0.06019855977464012,0.06306498078465117,0.02227159506875182,0.03490331529108614,0.02851168421767888,0.0275468587037038,0.022766532335919954,0.02717367956569861,0.026657719901619487,0.01464130065049372,0.0110651850817087,0.014916766420795573,0.008459190550985188,0.01336662587319071,0.01270560012860035
-0.3399684085199427,-0.6016721177902105,0.03964859082891651,-0.1966574216410287,-0.1335978098601674,-0.04955939677704227,-0.12901638693684123,-0.08758920677914683,0.009949736462343407,-0.05897237981546616,-0.05191035063834824,-0.11416471066056287,-0.014261397983970503,-0.032616720527301794,-0.019113979079157163,0.009271366369430012,0.07689376513777683,0.06345889547680443,0.042069476109251575,-0.043545523037806205,0.1520431435255695,0.5773351679743998,0.062032782567034886,0.12406676185701669,0.0949648387884407,0.0324378367955117,0.05981846243337859,0.04316686267653648,0.03628606405022675,0.03862332477767777,0.03955524552479516,0.05277453082101783,0.023675291785847204,0.02034721699406683,0.017878381138702704,0.021344742151076058,0.038798131913057525,0.025285335469061747,0.016953410228069222,0.01972994428403322
-0.6292014288653921,-0.09430982936361135,0.029769548877108237,-0.021592111664101687,0.01481685007239769,-0.008507444379563864,-0.015961318468436955,-0.008521003173176448,-0.005573594937517233,-0.00281745174826675,0.00030143543952670595,-0.0024392828675973955,-0.0034797370414526223,-0.004626497072459705,0.0009943876914107284,0.0017675316787356455,0.005458792496858878,-0.00010574293930468155,-0.00048120724314067853,0.0035039325510137246,0.755984751189796,0.08544028914747749,0.05735975755136861,0.07726965656828934,0.02329821526848123,0.04472221866474989,0.03281833778441184,0.012841639900215368,0.020965751058730973,0.01796745241279005,0.00873296223176994,0.009403327267153183,0.00720904925843926,0.007966599307279096,0.0072779650797787235,0.005502423205564705,0.007363346753879115,0.0039864154892336025,0.00612576456825992,0.004747278037014404
-0.6066435553163043,-0.04048204525802592,-0.1521074874440747,-0.132905880768962,-0.14398450898056722,-0.033902353838985815,0.006573309583237632,-0.09104168980196971,-0.0021124062016596454,-0.054200664805201366,-0.0013691317056380209,-0.010528973247025189,-0.0035596643281561066,0.019281485736131854,-0.03670249083262961,-0.03342477400586738,0.017531282059671586,-0.041098684919278906,0.021093684754930727,-0.04206832281267273,0.7090582979489229,0.082107629386636,0.16787677382032143,0.08463610046882171,0.04322652143726454,0.012930328644159647,0.013861618877694357,0.022189307528341404,0.015764986672111216,0.012616056479827413,0.0138165333886191,0.015038204711863942,0.009311291591747366,0.00833543227130268,0.009947273642585562,0.01162667342946444,0.006935938622090222,0.012069474737992122,0.007408563337717877,0.013471787485071513
-0.43861594377991725,-0.16879931970408632,0.31709042609348886,-0.25841290864072275,-0.3762173938659089,-0.09854320169600479,0.09372159350815674,-0.1215821305277746,-0.20174870039180176,0.08110130069160641,-0.09873692579612812,0.08845319578949673,-0.06385823504267521,-0.05280091162679304,-0.06917466126985465,-0.005461151253558828,0.0035461395099722305,-0.01965571451462818,-0.0225707694745364,-0.03255138353226292,0.44615841785329685,0.12520741483511993,0.23075086092146416,0.15721898777762955,0.22827036956781538,0.03172121331298344,0.02726397386474974,0.03862840639892523,0.08347643620391827,0.01915804028711348,0.0225250569510669,0.02130155283918273,0.012502885447683628,0.016945424275835095,0.018824329278947147,0.01028497253516187,0.01830396117975269,0.013234532137276947,0.013455924553337118,0.02330216498910945
-0.29116344923333504,-0.6522637372323266,0.12685350950471427,-0.05248892738750584,-0.2996328350122451,-0.05813496452360627,-0.0473305114446725,-0.03388085200452235,-0.023280589942629118,-0.013820730884326777,0.00026782788705444595,0.0009259449396844592,-0.008704670974089295,0.015031442495133088,-0.01956580789887441,-0.003427519280431499,-0.018425972182003036,-0.002892217074142471,-0.011659058825363703,-0.00985391394380309,0.12880479997818944,0.5651976659151041,0.04682284986176042,0.04901143204582245,0.1734926306110174,0.032527120064592685,0.007797278624116397,0.014557196982102056,0.007447208716035979,0.00481696800598021,0.0034916867983502495,0.003332093627675947,0.003939612594066685,0.007032265326745902,0.003803579466618095,0.0029927980731137937,0.008106452546208693,0.0027800388271610518,0.0040614992819607235,0.0050938967340679745
-0.5521223694280244,-0.2803964063588479,-0.3449867845198538,-0.3557310169189193,-0.16669408327347943,0.02580746025236559,0.027634145601290246,-0.0049787168393666936,-0.08486543763829475,-0.042176467993715896,-0.012285057701420793,0.0070182482037675215,0.025897823884552404,-0.061879922814733805,0.0317511103677029,-0.0550908053981181,0.01951910851832201,0.04178969605795834,-0.06729048730995874,-0.002090933973390956,0.4076705963925872,0.24121155534011596,0.19762601120029388,0.19488717706998016,0.06025724954622389,0.026929593262191683,0.04963172141170833,0.014480749303912153,0.030487438395643662,0.023572717876623867,0.025631960624753824,0.02117251193897088,0.028936875564530704,0.03805404314775748,0.03847427332010375,0.022452605890097052,0.014849311715810103,0.02339519089099315,0.030987367799152524,0.01789415441777429
-0.6110850084008428,-0.2597118936229989,-0.07414922957018148,-0.05020257850971457,0.014962391667600218,-0.12556624485373796,-0.004103277351159838,-0.022794030995902964,-0.030058407723542974,0.006390814435363526,0.00398995976407429,0.03389049508130057,0.005445503849701293,0.008680739183724829,-0.014590670259423748,-0.02165709601814564,-0.007161768012063302,-0.007537914089396187,-0.005624713121691863,0.01090647214441311,0.6596205278807487,0.2713179416464318,0.03488503771374175,0.06875445322996089,0.040317344451289996,0.08966771079715344,0.021895362937338406,0.03296411133084855,0.04709610301191724,0.011035698618610623,0.024369758990643083,0.01589644832226016,0.019894029483396223,0.024457004579910707,0.013562219680097572,0.0208938916936119,0.014877647530766761,0.010922546459584471,0.01042457804231534,0.016912928389613956
-0.08449730423005467,-0.4814316270638865,-0.2874933294262073,-0.4081880456035646,-0.00846836729730395,-0.08480900001930163,-0.1523241701222498,-0.042193097251899556,-0.012459590332739235,-0.0017580148765318656,-0.040754762030871056,-0.00027952887222558925,-1.9721039294115037e-05,0.004605840975131514,0.022190670497515556,-0.007126477316295224,0.026117738418663296,-0.035000828014931686,-0.012221312188010815,0.013219398993907817,0.3361323140775609,0.45048118853703334,0.2467848402065098,0.3044561355468391,0.021695046481725225,0.031293411938176564,0.05471624144792457,0.013904995787735455,0.009100003485644057,0.006125602254669823,0.012594981708123178,0.006084951395560155,0.006099102479544516,0.004616487330946562,0.005837215298681573,0.006102265970339932,0.007869012882172595,0.010824033568026838,0.011818239510740729,0.005945520072414164
-0.2917463631253271,-0.4834205028648161,-0.3550771553879493,0.054613776717177785,0.11504869273332302,-0.03972711918248366,-0.10573757344396068,-0.046519830797699536,0.020782435601982358,0.03640844322076671,-0.005581658951647678,0.03412211753982069,0.015017250752031062,-0.05058748328270285,-0.03021239802180074,-0.029205156042580782,-0.027150622226929613,-0.011454703221546262,-0.008159486472050892,-0.013503023507523281,0.31379267043171416,0.4998479473225866,0.3836608433479082,0.09668559803578189,0.053935505066330484,0.03545835629051877,0.047967330777208085,0.032455791245572976,0.01921475197785962,0.018172187046507055,0.014784592176131746,0.019026974931210378,0.014184948233409279,0.023572466356248212,0.015997367523988476,0.013362476751864218,0.007799886045056794,0.013296026087135046,0.013954266094254167,0.008050266413664154
-0.6538828306104313,-0.26077880276774806,0.08220418191106761,0.027476739872735682,-0.02074906493162411,-0.02615046066104413,-0.022367069535069724,0.030105170719199437,-0.009062778587658344,0.005742600970595982,-0.005002392644291289,-0.014075852809037805,-0.021010211104255928,0.003008740492560767,-0.03236750919843649,-0.0006047116569015965,-0.004020278260523164,0.0005055958482021042,-0.009917999253678682,-0.0008889321915001165,0.6375734762801469,0.2542754067125497,0.05616196404307238,0.020261877122040684,0.030839919818064526,0.04226381570884412,0.03533339021125683,0.037510989180002986,0.032928132930979154,0.031212591102140683,0.028164991221588557,0.02896802213057432,0.033517404938866464,0.04220115331981235,0.03629678004467996,0.04176397271120777,0.03357805048877332,0.020008095624476318,0.021058792686016074,0.02653553910398457
0.38950532743778377,-0.5733846685274318,-0.15597172639438253,-0.013535828948569197,-0.22290199654014756,0.16189426262323828,-0.03548697029928936,-0.12990778589857035,-0.025942823974712242,-0.04607994419918656,-0.012311376776103281,-0.09399103566591366,-0.09430315685213396,-0.10572765247372945,-0.05176977283625853,-0.018532341283664877,-0.043954075145758734,-0.026044233356057062,-0.012695016984389304,-0.020049369954016516,0.3525398679016795,0.467292434398024,0.08025530896823106,0.02413133032000614,0.07076795078262019,0.05439959326436254,0.017953696964951908,0.041042974954497526,0.01143513255298583,0.0215394956215732,0.01146965008927292,0.02189130400525281,0.024669933321484774,0.025917591801072132,0.009621662077273219,0.011728307165736673,0.012794038210883124,0.011441985568557442,0.007541614532721983,0.01458178545057544
-0.7003008116830193,-0.1580904940813552,-0.14397225255894236,0.03749769899287006,-0.012740495170194313,0.006923092152634052,-0.020149268762501372,-0.02699012761920295,0.013680108820225904,0.014689086675960134,0.006051137575641656,-0.006771941889108148,-0.03929308480453645,-0.007618154293084061,-0.022744356227454344,-0.0081818132927444,-0.006989990811927271,0.0013824716697969318,0.010282625765297392,-0.000177017356529322,0.6531548039859053,0.10146431479417505,0.08812480107885952,0.014127890588918297,0.040462851962319524,0.019874010650063206,0.03868304340858515,0.03148818266912204,0.03073758146846805,0.03548102896428778,0.033310656821611495,0.026023368547096293,0.02986474573534881,0.02381281024000524,0.028882253284210166,0.02483606394277811,0.02667565632107083,0.020946164693108057,0.02058724611273332,0.02031450182786425
-0.6293611880533093,-0.14989460631810292,-0.012339822722146737,-0.061845692601412726,-0.04965813710611274,-0.05738940378069599,0.00702526296167545,-0.03767914661497228,0.011188152236568055,-0.011199946877287327,0.024371377285771045,-0.0023058386103261175,-0.004535544012176935,0.0008315590876368808,0.004624686228453694,0.011429804498175137,0.00423895271049784,0.0016428078356924326,0.0027586536239035645,-0.0019979821603153865,0.7487503151142726,0.07186073621913716,0.015611642556540602,0.031762892247783496,0.0267149536513671,0.018828683901472215,0.020166339198691575,0.012179654444942784,0.008303480943221057,0.009238165440398563,0.009091255666493022,0.004174791360977496,0.0037372240031200835,0.003824551361845135,0.0030874766047460484,0.004564470994778988,0.008098454110678503,0.00872499461283486,0.0042107406680977595,0.005943785142717373
-0.6023618446106793,-0.2924925990395843,-0.036881271894159295,-0.08169670434463679,-0.042525299627474235,-0.03491269858941946,-0.040396622261044006,-0.008238908945348063,-0.029313376540526515,0.010808777459207974,-0.019390866316776764,-0.002955124842401652,-0.00743324967056001,-0.005142809695448569,-0.010721252422796085,0.013670447892534002,-0.0009221116398531793,0.007185700792516724,0.006476016658753573,0.006714542368352253,0.3272252495401438,0.555123599987863,0.19992569225413787,0.14200098900493324,0.18641821622597277,0.08935509889930456,0.06975674372106443,0.05500992124707314,0.059552470645585144,0.034462237423896765,0.044389003932344455,0.03466218231122221,0.01825117726420466,0.02752473466811205,0.020995879129709273,0.020531650204323088,0.01592518898156841,0.017495441182136466,0.01222695572647109,0.0198282840159042
-0.29455068222964936,0.024367190552533086,-0.3407354976728069,-0.05912846674908347,-0.29103272147055803,0.03630120461803478,-0.19691047890613772,-0.1292930004099044,-0.07349707632730622,0.12642811822904296,-0.09808386281795481,-0.033118846358517036,0.062219459040028284,-0.015867378014150377,0.04058506155656051,0.026845789472856617,0.02786440027650169,0.0058485948487485215,-0.019137241817251884,-0.004117024710059458,0.15069244004264465,0.5863091720324478,0.16722899659122928,0.07310347102942745,0.2240614331600887,0.22154357980271852,0.09667211911296789,0.21052777219197957,0.1718489538691253,0.08797485006233344,0.09080718983419951,0.08546284110053201,0.04735253995091606,0.026643778659525885,0.022745410596955933,0.02974390582285201,0.02357290595784939,0.01820694818729105,0.02864908418475479,0.011861189229399072
0.04916097597449625,-0.07832813405503218,0.006036005880620591,-0.1268386601857109,-0.003543840676687179,-0.011706217843052008,-0.056454825956726185,-0.008615567275202253,0.049551872067160496,0.011041087260488528,-0.004677979180124485,-0.034450717826958764,0.0028769262298969337,-9.859409355250634e-05,-0.0029660448641742297,0.018773113447905793,0.006386131521895186,0.0036680587861276375,-0.02582873123119829,-0.03162206508182086,0.8620846000507553,0.28037547563290466,0.2603427221946622,0.13206045261480207,0.12024145115835734,0.11720061653098629,0.05738345120329687,0.06745920598928659,0.0748096941280927,0.050022971772491896,0.06284004400949124,0.045463397655566215,0.05573002552119248,0.029676351503969477,0.029698835751716807,0.033082573294999654,0.02678780679027991,0.024764057732576727,0.031038175598390224,0.024650460719865774
0.1037575329462547,0.13915025415856358,-0.17381525618723181,0.0021154933850279184,-0.18029224247200826,0.029484923448969268,0.04948340262429804,-0.0036486021901686056,0.005291383677673762,-0.010044222651380927,-0.007636504847960968,0.0017306876928289052,-0.006651843807494322,-0.004535168771947024,0.014718434534804732,-0.011102757407494673,-0.022237018728158923,-0.01991725132794719,0.010314279018965576,0.0062957368840168325,0.7144395041899071,0.5203851585859576,0.1930566300053152,0.1271182426930619,0.12081927972548907,0.12350671110184125,0.14288476255856353,0.05048966155752011,0.06046492646167731,0.01941824913746883,0.04367172026325325,0.06486843935098915,0.026589504859731532,0.02447110687465439,0.0327112080487469,0.024919134596327257,0.022721406830804085,0.01778141097992484,0.020377001469206478,0.017974447464949764
-0.34293869295323903,-0.18776398821791365,-0.15127296335740764,0.13118064708591315,0.0037762873237064737,0.08620415360673533,-0.06941978996968638,-0.06300249398536116,0.0023044406374940606,-0.012770493182048427,0.05476340526985985,-0.0063084699911324675,0.009195427211728457,0.002356600164624692,0.0118376607636171,-0.005950951009180332,0.002276697636583856,-0.004463210733807235,0.00967261923013724,0.005126107935359442,0.1712733253739636,0.48565542299220127,0.4455009196018299,0.5035150201392119,0.12105738974914465,0.16188843288297675,0.10655391963052308,0.07196616744977691,0.07696312598340387,0.0357631369862839,0.04607654184518354,0.01899175845726427,0.031892041997970036,0.012561974851167399,0.023931714537555097,0.020026966843611393,0.01276274397739339,0.01303883237983879,0.012610916764009172,0.016664207007524568
-0.1469539450674788,0.0025797762269199735,-0.10344813760474848,-0.03905379231651713,-0.07947696063367578,0.006129945719970285,-0.023260513400629818,-0.026700335279664204,0.01127744018504093,-0.005261877953877747,-0.023515971470926173,0.030997065425737796,-0.010208260155784053,0.007214003060502318,0.013463173237388902,0.006080237016995123,0.0002118236625297194,0.006023460868541491,0.00331175420765889,0.004369392137500239,0.691428744568573,0.5147800741303449,0.29610838696941627,0.25086011031280686,0.1556600557451975,0.095528238206331,0.07301888497097313,0.08355527259997016,0.08344554731841212,0.0499797535958133,0.04542736561586864,0.04123405262414121,0.029411617284782133,0.03318384283251079,0.02788199359810449,0.01660602739837466,0.01817276969529894,0.011986520148509424,0.015838468589454684,0.011496211239054272
-0.12334120025016183,-0.3878551305596035,-0.15795567133153318,-0.2322741678438907,0.0938733158172913,-0.0716208247821239,0.06605824392510756,0.014990110149679988,0.007429045113437788,-0.05319916673720183,-0.006940032547598111,0.021742519845293625,-0.0014277808460851627,0.001795042417411539,-0.02182832980672234,-0.021875030847482158,0.01064456318834345,0.006398198910879286,-0.028066240601858763,-0.0009915571752521033,0.44036508088181053,0.2866517058305255,0.2092135008080607,0.4172650087700507,0.0939692639371036,0.4112464347788002,0.13675434947066728,0.048352106280512355,0.03882811741725965,0.0674183848879879,0.09988575048241069,0.04301011356141522,0.036190763678340294,0.06738997174591671,0.04143399706852582,0.06378489355845586,0.03873435949900506,0.06619385033108624,0.04358966108292737,0.0367638154683288
-0.5537797545786596,-0.19489828346860547,-0.00944658013055188,0.011521247365157698,-0.0907858339344476,0.048180397236466374,0.005012495659146755,-0.06918105380518526,0.03930016964704013,0.02588822114751002,0.0076643608393153866,-0.008883992124623888,-0.00403629826613315,0.008913448657908097,0.020199192495940887,-0.007707688391231451,0.015645196407615775,-0.01482287895684387,0.018664996876485027,0.027432119863903454,0.6511272721584651,0.3208818688055503,0.1462567927719884,0.06201809735793717,0.21693422838374415,0.11915061960727562,0.03603507177828139,0.06204723143516115,0.07670564370060277,0.028713000881307738,0.019042044289831236,0.018530341437548406,0.030094834256900658,0.030929322168840073,0.029865714296209864,0.015480552864010897,0.01896912369629663,0.03232845270073271,0.03860032085246606,0.058199987347963784
-0.5522690085887314,0.00021584221139459145,-0.055088511121327254,-0.04172715087530167,-0.06308553162617281,-0.018929758706702438,0.028887045150869674,-0.04080556178695622,0.019856066055222648,0.001232703044825637,-0.00048506645397151677,0.008349436614985748,0.007106973865430354,-0.000409723507850916,0.00375118813061731,0.003680320602489807,-0.001595340413175929,0.0013246345055630048,0.00022001087147372275,-0.00022315483644701103,0.6760566821062036,0.16573869252735526,0.4113919335659699,0.09426686394928621,0.10028216321359798,0.03982413027998039,0.06228047509581414,0.05576541137469968,0.01529842167123902,0.01832311001896015,0.013630059325161878,0.01135096698979532,0.01141346406710362,0.009843430244522075,0.009153233374866251,0.008437886077424893,0.00712170974595291,0.0078017470979055295,0.00859135395451621,0.01011591978136942
-0.2746594462672553,-0.06092966057630382,-0.14461270632812642,-0.013409290058770625,0.020841797976331778,-0.04650362872038827,0.02678074523048217,0.03434090156766534,-0.04920495787906413,-0.027585372426621253,-0.014801926279592106,0.022646377408402564,0.012389203754613626,-0.002056033226678909,0.010242676120217713,0.013336833189889258,0.0036420596923101727,-0.013529853024290796,0.0039364723112633795,-0.01821865171070941,0.7113963094355139,0.5153919041890188,0.2246113167573761,0.09975460533486703,0.0789709460155962,0.14990874264871404,0.05292834967570241,0.11259073715962296,0.044589723765077256,0.041369193598016926,0.027039366849823297,0.03445825764295193,0.06793374895110076,0.012619037767445022,0.027125256223760063,0.03309696476097297,0.017002780517635364,0.027716403779980244,0.021276782804791255,0.01816387207740676
-0.4909663969535921,0.011011007676622787,-0.03221276693674861,0.057309317526096304,0.024765449193425198,-0.00978012714583244,-0.061231761769645426,0.02524817210949525,-0.012828644045598183,-0.0036634645867842344,0.006195634999385467,0.010168112344475668,-0.006413938524119587,0.005576642859279685,-0.013492118711876262,0.015861727398413957,0.006438917126665813,0.012604713727455471,-0.0005465223156476875,0.002700712064198293,0.7914443921212982,0.25648468951150477,0.15894773556767078,0.09084417786991245,0.05654794438565823,0.07114013816899344,0.0754385938629384,0.039429091812749305,0.028985856279921684,0.04202702149998468,0.014222978140075369,0.03011843711286357,0.03131662965364916,0.024218407490848318,0.024532301451924785,0.025685949217676935,0.011172505474681491,0.016393312311730614,0.010736875427768196,0.0116584046603386
-0.27904140429981217,-0.18499560872745488,-0.14860734730480987,-0.0781355265311627,0.009200111681899893,-0.031202739560718062,-0.006916335531325922,0.08449201876288308,0.01690325656654215,-0.002682751039222384,0.004992156650964207,0.006321490366178631,-0.00845724779560431,-0.022328369411104127,0.019051987501867516,0.0074501214151524425,-0.031445539051107044,0.011789543032716922,0.016742537548935645,0.01131293415100203,0.4172969341761158,0.6656924730018389,0.3638140486430973,0.19367756099476188,0.03592232764177943,0.02769487689440865,0.03410420037098842,0.153557761485599,0.10683962312756758,0.03713253346125295,0.06704590187012222,0.032369529283921956,0.03571688673237615,0.05999349095664112,0.055230607455260886,0.047037354411636687,0.04732611439282638,0.03991249287937399,0.03776010121142064,0.030124387686936642
-0.08764823253709689,0.12357104966097571,-0.009702705787622477,-0.002231656426111489,-0.05232445270816928,-0.02979146436921795,-0.008357133461706195,0.005697305362859843,-0.013026300931207007,-0.0004023919617197572,0.002781504327975349,0.007348969283304157,-0.0010809620161784939,-0.015965901470218258,0.02039091531397238,0.00785029278800029,-0.005260079724712706,-0.007098419507837608,-0.015281788304924618,-0.015796375243340835,0.8695546975118501,0.4375954709889094,0.08226823173087301,0.09057079105799497,0.0384020863582638,0.03160441587906736,0.03567445226891204,0.030569151609527015,0.024788283914397562,0.02838343003644452,0.020368238566978003,0.024201239830781165,0.018880313242834852,0.01557504995953392,0.02039821908858452,0.016524066755735766,0.01441186898296934,0.016982330407482617,0.011066553622687865,0.01002937141676423
-0.3722358295000339,0.05597005046587557,-0.32161882423159205,-0.0035598901856925885,0.03930702806130953,-0.05105685258736754,-0.06653843381011731,-0.08574429119931948,-0.03290732859960018,-0.14117627324080356,-0.14238193716016723,-0.0391311753578915,-0.10612903624653047,0.007977737257301356,-0.05031823540179036,-0.05523365620263501,-0.02620938944179003,0.02550091799168919,0.010980231127491356,0.06415613550804018,0.6661473083599259,0.2809885002771141,0.2807309080831611,0.09849831312433904,0.10097685259600662,0.10066396032590035,0.06645979158208824,0.05870677181273806,0.0661993112325254,0.08011412241797448,0.0862589536328711,0.043569637282940735,0.05450461981240033,0.043961509208397774,0.03324545200903118,0.05283094721720308,0.03786849222860456,0.030561170313709557,0.033957218060147724,0.041861065623507276
-0.24986873746868307,-0.6604019316161006,-0.03948784944610955,-0.24404371045489004,-0.30127680082548725,-0.08474702050231375,-0.08292623450747624,0.024391287268275903,-0.10691046041104602,-0.07040517574013318,0.03538075997298687,-0.011679139145225004,-0.014115097829602805,0.024642368660418572,-0.07076072220661346,0.01056259977514806,-0.012904241829285581,0.013169011546540974,-0.014263006999740523,0.00588686382260567,0.18251752040382152,0.48192410344775816,0.026192543673998866,0.09686420911337981,0.16207861361811068,0.031054577045555753,0.03763830110555665,0.011045786006590536,0.02916448317862269,0.02944093434655098,0.026638664731474478,0.015515666906154801,0.010814139601915537,0.01570625953530139,0.03483046046081808,0.022332722927880935,0.017591753770942072,0.00960221634907461,0.023706397073738523,0.022518743708018034
-0.369036963774871,-0.547603660455599,-0.11277083021427729,0.016812662756099463,-0.04093881532449786,-0.023412397586042605,0.0038902840055004186,0.0006178676530434186,-0.009981695210802936,0.007202974694007893,-0.017828352216876335,-0.025441014297924388,-0.020823879600043282,-0.012465229052715444,-0.011597501889333684,-0.007729689428026202,0.0034675958666380504,0.01127199228043274,0.006429711016089574,0.002563947787397899,0.3995688737030284,0.6169510705165676,0.04842658918138344,0.025952093337037994,0.035905890610362666,0.028345931244284403,0.010704952115740822,0.009532580883751082,0.011579046744948989,0.013195303507588525,0.006459730938692983,0.010518323461395031,0.010350363781986126,0.00906178551160233,0.010083733555720002,0.005898387988130937,0.0070910160050560245,0.008953501462024501,0.006578960267035672,0.00739990461357235
-0.6767885118564436,0.003400010565894965,-0.051507730166358755,0.007173815559275788,-0.0030126248553950198,0.029528107145814123,0.0043622759080146276,-0.023031803427492087,-4.0347907205724916e-05,-0.024601556987146226,-0.008488490931473084,-0.009584458196629113,-0.008589446998902624,-0.024653513436730588,-0.006658627723243862,0.011373536236146746,-0.013840937305309114,-0.004952958619401271,-0.011276506459899995,-0.006915664200830467,0.7250994961764342,0.030602385294047758,0.02597380440432974,0.01410215488113183,0.01136848535664472,0.013016455743638744,0.010104365298511223,0.0096211694818943,0.009094100108386908,0.015175484717348007,0.028556128301088116,0.026268568026592165,0.02530706435971587,0.029887234397455494,0.02672984660406266,0.02948494379732375,0.02661416151861773,0.027055663332521615,0.020333125981365274,0.03054228346557454
0.3272435106168533,-0.5580642306129849,0.22264387966220373,-0.1817339747851599,0.03384663478988713,0.02651509655298626,-0.045851278551514774,-0.09484834841722742,0.0016546050272930179,-0.08652538644725945,0.003579126620914428,-0.00040382437971193247,-0.016755610749453417,-0.033038509983128704,0.0014216282619107328,-0.006967606166442427,-0.0016809172887320486,-0.0020080320301074576,3.841305954465502e-05,-0.015054502123564607,0.4910774065370952,0.4210457243875675,0.19026999313873316,0.127924925780054,0.05854733137270382,0.024116894864388044,0.015159772102859665,0.023126341305769637,0.012920635464507765,0.026653997601632184,0.003349786891651491,0.0026599991591942365,0.005078673225296654,0.0033870255244299236,0.002644000087089441,0.00407716265941875,0.004658621363087434,0.0024293618533702296,0.001425131471623736,0.002886019135078276
-0.18116835626980662,-0.3698000772433762,-0.14006208473321363,-0.25861569789973676,-0.13264742672317842,-0.045893122607239115,-0.09525451727640284,-0.018673176273484592,-0.024074122265093346,0.052793688809128714,-0.05085792853727078,0.04758658587389249,0.010652005233580203,-0.046425798179313096,0.012051629801843487,0.003423164467176093,0.01841106227114908,-0.04433651760165845,-0.003593386287984983,-0.029346622589588034,0.2577293015263706,0.48480768575219074,0.195694434189425,0.3897909659582332,0.14579724511784087,0.1672066858922859,0.17072907764749023,0.1578617597773497,0.07847947098683403,0.1032981725249017,0.09509344783240145,0.13290961805460957,0.08007815173056243,0.0977321482937827,0.08885238890345831,0.08892899546565274,0.06825572850634089,0.10178999867639339,0.08788906242658709,0.08917181493349091
-0.35297834310479875,-0.41306872661359606,-0.22780806211610105,0.03233275678443905,0.061158708347376425,-0.11620989686693384,-0.13845733012990852,-0.014766656742911539,-0.0841056705407314,0.06428158101179916,-0.012393596195695791,0.0034164262977158396,-0.020092371203001495,-0.021674655690017502,-0.01991843141874898,0.005123415190043498,-0.008393008001149165,0.013126547939345345,0.008579396389786649,-0.020197282590943857,0.47931676837043546,0.4795150486633406,0.2009571368556825,0.19321370350681014,0.14462162074818263,0.13244423189041832,0.08724727947567325,0.06629539846562832,0.08854176422498984,0.05825579359765953,0.024822352351962857,0.009620419375985883,0.016848773305585582,0.015205305465259684,0.012483806174272569,0.009736051481923387,0.01688371075671696,0.022883208270062457,0.01875038646201126,0.009293187052689736
-0.4233178287713965,-0.186330877041312,9.081245544751133e-05,0.03473698935481813,0.017817951368981913,0.00793582210158621,0.00021364566453406102,0.015992513911660018,0.0038300632334388844,0.004932097106347613,-0.0058687188790218225,0.0002885791650072382,-0.004656795977648046,-0.007622762134976842,0.0023305572432605077,-0.015885570863549463,-0.015791400726194057,-0.0027332661708241663,0.008127359973809024,-0.011748762935328822,0.7731075642176641,0.3744807800379402,0.14784744035668937,0.060111346153848805,0.08153750855761142,0.058997571808227144,0.04217380488495528,0.033023456715869044,0.04172802091639293,0.03410291913402126,0.02999322878057256,0.02502172474885933,0.027107306677171285,0.020951800899881103,0.014595211103196308,0.01719194131734894,0.016901043178636967,0.01384132340292072,0.013973139367462391,0.013470378700304271
-0.27856503144915024,-0.4576947746347976,-0.052783878065887524,0.16042365233834008,0.16107646074460077,-0.14635761918999826,-0.0935068130596985,-0.06529669939998618,0.14255828358924322,-0.014292811618218491,0.04297373769118047,0.08699847324715479,0.0563585113132424,0.005738435858320248,0.007282102666378518,0.006139379475836263,-0.020214642585734913,-0.014678626189461813,0.009272828643188735,0.005608152026924126,0.5536232459932371,0.398967593504431,0.10421565126506904,0.16982762892182443,0.10407689180855534,0.12571537295001167,0.055024445398408214,0.15042595363565012,0.08147339879902422,0.04003139817691431,0.044189605018624234,0.07050611611982927,0.045089239154983335,0.0413433257706616,0.043770507129332364,0.048493163398535065,0.048996267215710314,0.05175794983952914,0.03915568626377187,0.05082126954238224
-0.5939933861199522,-5.970092128089881e-05,0.032814618143519804,0.02977009749778815,-0.07405401873307205,-0.019656357093019466,-0.019526003319893275,-0.010156906964206968,-0.0061668083050364555,-0.001206985452868503,-0.012712288007232009,-5.313420253460016e-05,-0.017752127380623064,-0.0018068151468050937,-0.007207294762920607,0.003016253087705696,-0.005043758459154496,0.0046707985830735585,0.000602224521970821,-0.00495715917359547,0.6966537438833874,0.2561567932720728,0.1348000990893941,0.1799509029767155,0.12445036260123608,0.05736020907067157,0.0501017009730773,0.10076878910580135,0.023773319921509682,0.020113330483121812,0.022638420905511956,0.012841914728793443,0.04861999426538147,0.007403501430868588,0.008246656032331415,0.007827512309626129,0.015198278745751869,0.010132514144205497,0.014661653954840356,0.02277664625040397
-0.29319741492295665,-0.08213579856628375,-0.04837429588764781,-0.03109775440527999,0.008563276171335196,-0.011974563976964468,-0.013669746930160542,0.012521002964832915,0.015883047016256095,-0.0010135404795037215,-0.0084049475832049,0.006563913022290748,-0.03364302564394757,0.0064014300468305235,-0.016511107532934135,-0.001989546050965417,-0.0017383576726526446,0.013654762956833108,0.0044231072496533075,-0.002790460656724159,0.8638221800765472,0.22587752464072483,0.16564343362873732,0.04998842391423662,0.0834473292195888,0.0714381640976965,0.09033322399162362,0.07141382969486422,0.0665396696506985,0.06849391547379677,0.07611366462695579,0.07297013948117338,0.07024630348986423,0.06810165046880778,0.06579909476033836,0.0637401135618628,0.04921502373908072,0.05806925073677967,0.05215492780371597,0.04689840219040292
-0.38505092465326995,-0.08922757644409154,0.08912377593494589,-0.050297068945110865,-0.03978897097283688,-0.003251723619846687,-0.003870095797563229,-0.004760704356532626,-0.003576625642925814,0.0013231632163587929,-0.0011584930604320353,-0.007869126032861757,-0.0011651551358586728,-0.004217276590551402,-0.0018228444046933588,0.00535277907306939,0.0026994988327374674,0.005425884263229156,0.0005280653883029165,0.0014808088016693929,0.8460290561936129,0.2841069639573579,0.12779649055958778,0.0911736235439047,0.0873558723538398,0.020205384133232574,0.016241474583666093,0.012880441466139987,0.010612251327180995,0.018690694080509235,0.016169968190842245,0.010359628083579693,0.010723477421824806,0.015029558175701042,0.011491106967186703,0.010848826799264608,0.01261600651665999,0.01459273387962573,0.007964245228260582,0.0070329797631708746
-0.16686059013180918,-0.4270639186071852,-0.1481081735311499,0.002742213188967888,-0.08265222409414814,-0.04043970876344483,0.017182929120989933,-0.005331350298804934,-0.013971600288281295,0.019842587063941354,0.005650869229135075,0.026440517675437564,0.0036313543337586985,-0.014719982020211842,0.025654056412222827,0.03503394795378872,-0.036008668061887295,-0.01667356842878113,0.009528924559721496,-0.00705129911577415,0.0885017271679808,0.8188373635618379,0.23035268246462604,0.07147052395660235,0.06839936889347682,0.08462132922911283,0.04430837730795515,0.03531365518067627,0.02817624085971793,0.013474840947283902,0.011472103085641899,0.021728360605246813,0.00842169553482438,0.010897907743456888,0.011837163350532904,0.014115934033111871,0.012002721364658762,0.006855464950846625,0.004174982018706989,0.005059816222660288
-0.4298936742081264,-0.013339472532209644,-0.01768271531591422,-0.010742767097862437,-0.036726948756289034,-0.005115307655689471,-0.01272620881711037,0.007237151028397908,-0.003633492405681725,-0.0038705059201233874,-0.0009122967276252952,-0.0007470550315143612,0.002411754734386726,0.0020122980274301454,-0.003708796425111307,-0.0031939989109643044,0.0003976105844355528,0.0002436605292371722,0.00011563466933695436,0.0014140436809044637,0.8779842533407337,0.16928391733645753,0.05782864714821577,0.05684607045401683,0.07102413109633904,0.024657474813682898,0.01605910552992942,0.013017703516198447,0.013661160196803015,0.00729388046434076,0.012239706435101144,0.0072882229469060245,0.007445493940010041,0.0037782581027422588,0.008174931849848925,0.007370392506361223,0.004759370795611292,0.005479863715809926,0.00703734043032954,0.005078160792938839
-0.27388664533593204,-0.48920682463486437,-0.12228158279779686,-0.22080098432279147,-0.12260550330018598,-0.032029622902461245,-0.07342357367597328,-0.030745977182799582,0.03670588793262648,0.06166053882381146,0.01873303056991394,-0.04643476001784542,0.012168281219468991,-0.03327819773315169,-0.14108677667901287,0.036980676117338365,0.08072770483424084,0.016413209784077818,-0.02598624739133369,0.024580650168604334,0.3937294555224619,0.5534476636305461,0.2117414650051992,0.14186902181978278,0.09959763445197435,0.02599529962657179,0.039357182155123266,0.05416342158892751,0.08046777061702991,0.03516164941323995,0.044601441698349883,0.03111520698611874,0.02323079492613515,0.03350832795418519,0.05520540439346176,0.020439937806566267,0.04292513055569118,0.033720127276925485,0.025660944846985473,0.022589734080419595
-0.6578155098597631,-0.02856730008223145,-0.16311468165941642,-0.028950943210654997,-0.01361696139577947,-0.03635288131716804,-0.027572961342576193,-0.008616245753562533,-0.025588656107043743,-0.004263531406296527,-0.0350063955287029,-0.010546625584392358,-0.009667693478814562,-0.0026867157630605675,-0.01003365592176126,-0.003934051018063092,0.003651230505779486,-0.0034892610478403255,-0.003047172480884543,-0.003995906853499925,0.7207020298097562,0.07312100864326754,0.07888676840180871,0.018438332321752175,0.03717592929945779,0.02048472522754947,0.00825120259550392,0.014103167172712898,0.014499318727253617,0.007469083186998342,0.012501618821578953,0.0034951971623609604,0.007906302707993978,0.006106841808143305,0.007025010140724081,0.009316421964447492,0.009897175474982384,0.0096681701663846,0.006339562713853076,0.010367190319890947
-0.1628261618161978,-0.43349836373250816,-0.46846694569583786,0.014344408839647726,-0.30396862546777126,-0.08058152944804386,0.024040437929633184,-0.14667987218424014,-0.06141671686286215,-0.18028894954520175,-0.008279453420549929,0.02495255148855475,0.1380626730597486,0.0835157582126677,-0.054786930568112346,-0.07343183894838308,-0.07705723632856705,-0.07745487072179935,0.01636496101491949,-0.05350644202207275,0.2521665889444354,0.3793773601091408,0.26602332614130914,0.13809135163021646,0.14087449443872893,0.11301024900665249,0.034225045033033995,0.07268229686121888,0.03156366995904537,0.0631541849697947,0.05248512962109265,0.027022710963823412,0.06567415437838593,0.03610055336183285,0.02644553847790204,0.026783460350117482,0.05340383668085525,0.0262278432850988,0.011512310582026435,0.053408540572305964
-0.014026856940129628,-0.05755671415930097,-0.17814121173846206,-0.4608998595987477,-0.3509343467614081,-0.07990797742454642,0.18665117824759506,-0.030043843607142563,0.22421150943535112,-0.13459372091903954,0.026970943105843234,-0.22955389898405668,-0.013446361409145036,0.14264418858549152,-0.09947187598773187,-0.18390350824048432,-0.0864028107185048,0.05730661825780399,-0.10374868419893375,0.011212684988439485,0.22925119896606325,0.29127818082895957,0.09083218341111991,0.3642102322073982,0.2026438165472701,0.06448842554547018,0.08926930002800633,0.061350748107709595,0.11884011891814203,0.056249794317779295,0.033684857901003375,0.08052708004461073,0.033558030543447075,0.06492804156190324,0.049838701606051534,0.0764196613180882,0.04042749327216192,0.04001595159457073,0.045835132711676996,0.013843713863131983
-0.4138427126493227,-0.48090217692292003,-0.056079420221026445,-0.27332644590859895,0.0035785518159616317,-0.0846557398544588,0.03059887279361281,-0.009214769144906,0.0030884415086468203,-0.01594164621961968,-0.03661925115577856,-0.01568918184031167,-0.025551361891315523,-0.00882625332282546,0.003922813275409242,-0.018072598757316698,-0.010537665985235523,-0.006753134752405456,0.0022477815843221782,-0.0263462581799549,0.2367325933271334,0.6287757601144823,0.09578896710924659,0.20848506913316076,0.021401161317751997,0.04311558675420169,0.01989193762820486,0.009637700491547472,0.00905947002232998,0.0059690926898432325,0.011430254679626134,0.006896927588646261,0.006937733679062851,0.008258458913512307,0.006956072589573834,0.010097750795059344,0.007503498159094394,0.008675072071783684,0.006744571990157748,0.006857888721107416
-0.5157635187958839,0.03994456972766031,-0.0223317748297056,-0.04020975509070271,-0.17961211352652667,0.003587718892189081,0.026594218033275517,-0.015513345886928025,0.038062401067983004,0.0027466316987031334,-0.03822705008937447,-0.010062982028213846,-0.013157829081689075,-0.010654205095817503,0.008295193894968632,-0.003882494827259674,-0.00025581756426759893,-0.015033656641703377,0.007230017302446141,0.01636710461422716,0.23941894343699116,0.7242235872645277,0.2467428212776672,0.1275925358882487,0.16689327635735948,0.056530234076594355,0.020877869411363447,0.022418084122405934,0.01797652054255808,0.01029083796736315,0.021251632946042532,0.011234785331019233,0.014440045505728853,0.013198494446396463,0.01101135979024178,0.009495871810131874,0.008467853259416444,0.010486018913889757,0.014775762629753796,0.012179726531833412
-0.6363672773502101,-0.35102606106898687,-0.09819806590293705,-0.009369969363271472,0.057921163441821626,-0.08911394314920978,-0.1519311876761036,0.007161739514177964,-0.13337966061088102,0.01641330217440202,-0.016759212838732458,-0.023356030351639377,-0.017719163040820315,-0.08377609959702817,0.026717493767261243,0.004271114075436981,0.010568921906092982,-0.003185391223380581,-0.006219361491366685,0.01590572006378681,0.4486251187076619,0.27672975467338856,0.2454415794442743,0.18729598784927104,0.06373275416587791,0.06541487319720497,0.08883609951572982,0.04102995536855635,0.06717272791603754,0.02416413910623631,0.02321073903998762,0.017340119823044016,0.016836213184240098,0.048348220363830484,0.008970851085329957,0.012004067106306564,0.014081598770888111,0.008843607380270202,0.00507808979621313,0.011289270605326564
-0.5796448179786715,-0.24976472106874273,-0.3670324084670979,-0.16383357711544558,-0.07245083049165947,0.02386819420811386,-0.05117899602528565,-0.024928783733067245,-0.024057555503738764,-0.024614197746582318,-0.005008979838424804,-0.0011646297537366767,-0.005461058192667105,0.005947461554309047,0.0017610468968457466,0.0009909985638692246,-0.004594108003290409,-0.0033783509422518174,-0.0039428054746788715,0.0014951070590766631,0.3528974548567815,0.09579947342362653,0.29791249970559686,0.44496710655935323,0.0373627770603787,0.0267912895993429,0.027663647429694113,0.01803852222096085,0.026518340047442104,0.05689874271201195,0.013229387372265321,0.012985243414861791,0.013192257660822037,0.03381299192349898,0.006407900179946098,0.0056953430217918785,0.01511121542360286,0.006749667566063093,0.006613499002937412,0.005105863164956546
-0.34644938423592647,0.286787770838123,-0.5119191289051513,0.11013612962170122,0.19198770312280372,-0.10124791788171907,-0.0350934191990101,0.08764430741940597,0.12938866151382003,-0.12669042857017754,0.01399620107937432,-0.04732557547695904,0.04570212953683892,-0.038314050909745455,-0.042009309346771946,0.005805402762934587,0.009657436356547623,-0.00716231572833981,-0.018125089944424477,0.04207161607003034,0.15102086526679992,0.41602270704344557,0.35158154115253676,0.23378117147795024,0.13929205694457028,0.10272831740632576,0.03572176445423767,0.06530742231837121,0.0880895794183298,0.0656456625128947,0.013572844710799215,0.0197190123851488,0.011085722252030812,0.03622590532758214,0.020009426096308965,0.009468667637391017,0.0034213304867221628,0.0072053226743422185,0.007001914184406163,0.019058644710008225
-0.23715385673705858,-0.7354346596504893,-0.013255916363451938,-0.010263474829994984,-0.018507400176342437,0.003002036358641766,-0.012133899395554128,-0.0013394458256908324,-0.0007080282715114862,-0.006294989472044994,-0.009112790720592531,0.0010492582287803046,-0.0008867823445406654,0.00267434672739986,-0.000472074735299748,-0.0026252217847472933,0.0015511340764355426,-0.0007209366784014095,0.0010261774545409462,-0.000984620886694718,0.09742406606364064,0.6175116104416475,0.07704733966650107,0.052181576120822054,0.029180450608993016,0.019490256004979438,0.01867138488115177,0.012481184918092395,0.011746879518300673,0.012092084972484008,0.009166466840133298,0.008357950180520908,0.0067821014183024764,0.007392978385656356,0.007392128002530584,0.0064101052089411805,0.006631082744541418,0.005432468933691499,0.005851008043752119,0.004336957945919589
-0.44276137364894164,-0.678311894556697,-0.07016983184692432,-0.08646487637597414,-0.006061093393032686,0.0045520131637618805,-0.009166592117044231,-0.0028824199968026016,0.008043709557968359,0.0014416412083128871,0.0032296613892238805,-0.0010415880860400336,-0.0008644851819909332,0.0010904091926580645,0.0028913871755120403,-0.0017648402360375159,0.00020633646458750394,0.00166876181913738,-0.000578736476502638,-0.0009287630415349847,0.2303997270293661,0.5062579214166398,0.09617876368167155,0.10336608941754827,0.023943660613645973,0.014436212357829768,0.009206804860820655,0.015146602075884592,0.01119752013073882,0.008961762521950037,0.00856444680431821,0.007877291469304543,0.008828157837050194,0.008503197717246546,0.009206233874974937,0.007233391285863775,0.007091939858767998,0.007784176733920063,0.006093049761593644,0.0046364802945203405
-0.720783568698236,-0.1966793515015568,-0.055354671504550715,-0.08105868589479008,0.02812314349739886,-0.021426039654095338,-0.02761042088958741,-0.02125167756499965,-0.006088296278599974,-0.0019411514537947157,-0.010010794098734626,-0.0018664656391625641,-0.004277011348070962,-0.002732693311423287,-0.0024225465608548507,-0.0005749277523597053,-0.001550966592890973,-0.0008128993304143578,-0.00040360199619360424,-0.0011059618428909156,0.6369445282830755,0.13372271675958403,0.043025268008268565,0.04719147067985666,0.01621593946485774,0.015526803237994508,0.02649495683474649,0.010270053354080487,0.009542608237416076,0.004263507874811447,0.008323086503231358,0.009766279231748424,0.010583983220098677,0.007506666524083678,0.006056640598964124,0.004312757481163219,0.003393756538742473,0.0036345826103729487,0.0032590435891822808,0.0024557382961222203
-0.11774431096726308,-0.49763200584369505,-0.2110957615070918,-0.13676515374850123,-0.07339972311295148,-0.14242135123030103,-0.12147722849352466,-0.020868810970242877,-0.00552410880038631,-0.04451018744536647,-0.02705446647335166,0.013356292730522228,-0.009597715079073185,-0.029801646265972977,0.004404078526560683,-0.035000204215466665,-0.04526377913859978,0.00035672347948478963,-0.004186837608017482,0.00624357927951345,0.6126576350742686,0.3290703611381432,0.07860189193685317,0.18139755345113692,0.2893780724951582,0.11067539631177814,0.03693553112479368,0.043368438538078265,0.05016342898014608,0.022110829121994056,0.017458402778788358,0.016038808414143943,0.013886605907966348,0.01985477554834073,0.012799169342164903,0.01830779211590305,0.019663351296833637,0.004905817923169417,0.008300379586576971,0.0054864473686365755
-0.5248435411103094,-0.46044582188018324,-0.3810472349719944,-0.15297844148271864,-0.09815126308972826,-0.038027766711212496,-0.014366847088010035,-0.02219655180983645,-0.03524033772800442,-0.02202361195425345,-0.01935927476722008,-0.0324108423735435,0.017057235479596727,0.00014723584274213932,-0.013553177599070959,0.000685171817830852,-0.0022921885999586285,-0.001718470012476881,-0.000145368304391443,0.0009432638787706662,0.2490103199721737,0.23118114139920454,0.3251731993484831,0.05532763723510851,0.06843295000635795,0.2827861152662898,0.046789458566874984,0.07751778640155413,0.047609739416461634,0.0379359637417815,0.0410665316951439,0.02887958874664472,0.03840407038864516,0.025450598884668402,0.024071908785652,0.027688375916881607,0.022100183329746018,0.01972064798768568,0.021182491495158655,0.01985547485740648
-0.5719115032361554,-0.5636152581201272,-0.17770512884212955,-0.1774136644199317,-0.019930450176771423,-0.024654117643663195,-0.04789076626286857,0.030896272143216594,-0.030022944799397794,-0.011537638255024407,0.008473742841504473,-0.00822673677312454,-0.00430493752336842,-0.0015632302127823316,-0.010465594819490612,-0.001794728016275628,0.006424135464803888,0.005679420488346497,0.005352764155402088,0.009262945976578492,0.3072266058669611,0.313093603421928,0.1837892022571145,0.13778624270834222,0.06332469593681025,0.08848170191482117,0.04550487432245529,0.14592086002933802,0.04170059930801956,0.013570074992814624,0.012405693018296029,0.041203788056329585,0.02125547895636564,0.012854446982476692,0.018869949585976823,0.017277280493491518,0.018407952958055463,0.014134784525296502,0.015456159356522147,0.015674649765338573
-0.29792350973911197,-0.7010974734156552,-0.2767153449680878,0.01580423824881822,-0.07134096447846619,-0.019031604636946538,0.022875571967485235,-0.004958049151222466,-0.0021746570706563,-0.00028916332671136,0.004274319295861928,0.0018050631581628257,0.006324768130703196,0.00603766482437189,0.00248633922251938,0.0005472999557771294,-0.001691735068544728,-0.00047003223401180755,-0.0008034748918108312,6.007049932942261e-05,0.12591967373668722,0.5253230590851069,0.18445880033756865,0.02060537586902729,0.06627459118974542,0.038386483739149345,0.055433297771900016,0.017025192858967936,0.006501033111016489,0.018551390959694727,0.010520883358620517,0.009772317808250105,0.014372907609800012,0.011429194894326339,0.01057308482418165,0.007851273356536658,0.007205506447866557,0.006300291107551592,0.00678507377568474,0.005566186931847847
-0.452231355563929,0.3415831358568059,-0.5632901240370195,0.09895083906175604,-0.06154025946750525,-0.10317347492146146,0.005385438546367607,0.023359110035874896,-0.0406811988419377,0.018011456239566157,0.00869391609979092,-0.005462920272318476,-0.001820056585492955,-0.0015277388689626632,-0.0003693133674043168,-0.0037571741049467946,-0.0010770020921215572,-0.0029277675340033393,-0.000779702131230133,-0.0019426182890395856,0.24832465753911898,0.2532471412854313,0.43727429885951713,0.08275602962063207,0.03320441603585165,0.041776981820355344,0.07243645670420439,0.00772437707417671,0.028076071913541816,0.00882141278671205,0.023708497119524725,0.0024931650163800318,0.01730021000001461,0.005254748146223307,0.012449059844276725,0.017464368165357756,0.011809094255507989,0.010043060802216121,0.008292206705315979,0.007331755529391065
-0.694865180565743,-0.2825362894680271,-0.020722064369359017,-0.08130609292989621,-0.04457655624587059,-0.014780229855827652,0.024167475277309423,0.016256663047645597,-0.011347825091592096,-0.012000925769882532,-0.020636078782340313,-0.0028977490640457724,-0.0009576904247343932,-0.0036253377366350426,0.00747767197070348,-0.005208185999246577,0.0002020126859325232,0.004307633805622729,-0.00664501078423364,-0.003306284275022166,0.4680507453781335,0.1465535834610468,0.41204624806886764,0.036321079842318964,0.049160352116430175,0.08665242111538836,0.039427361561334216,0.04278983803057587,0.021499766640556636,0.0167723185395062,0.01836968198158664,0.007190682447084611,0.00782793898039184,0.004994638890994074,0.006675691479555891,0.005635088480921078,0.007170550916519449,0.004264270196719361,0.004849768637904335,0.003718425093599406
-0.2550625645417778,-0.7119302471307525,0.0167335181013793,-0.12272325024348338,-0.034289893796023506,0.0004366369821637934,0.015304962731943792,-0.028945959671778498,0.014928949441531513,0.012256102118036084,-0.021665283100070844,0.007060989909041611,-0.0009016959107104822,0.015676776008894232,-0.006477916427177726,-0.0031648191623662456,0.0048227241139061966,-0.011255429939309268,-0.008374753467509329,-0.00044279192717290654,0.13143523859446943,0.49418944295324957,0.04582202336865497,0.3168660633305293,0.1994218446530965,0.028488398198769544,0.02752675259600843,0.02343181382539601,0.023108044718707085,0.031927246371593394,0.019433046886464817,0.01628430771185901,0.01408327406110908,0.014220757806822644,0.00933025818690512,0.011884871086407785,0.011970921480645257,0.008600341069972206,0.010511290155215793,0.007466434379285908
-0.5684314574327283,-0.5030752355637071,-0.06330925135651187,0.03914264370251642,-0.017883410779848008,0.013401093361748962,0.0021919825989996397,-0.020321471067202206,-0.0032226423373497536,0.007246591129624363,-0.00037890872777341023,-0.0031468988746866733,-0.001986422141382467,0.0022323517651987044,0.0015436333541809137,2.294258964314807e-05,0.00199759915626595,-0.002965522240073558,0.0023020618672518678,0.003963516149829461,0.33873000064991493,0.5267350934318088,0.13034163803643983,0.053327334520784496,0.056640730371094884,0.007165632538235863,0.010408378099720223,0.02304446175762452,0.01631028151763688,0.017523266220482888,0.007412505669663173,0.006374352771540111,0.009915868638565013,0.010399161450509805,0.00938018305959127,0.009382390469296047,0.00878302778974732,0.008066599183208432,0.008241075969593727,0.0066899589679123685
-0.6784284327609659,-0.3277933534056731,0.1683568598215951,-0.22391026677025705,-0.08028152365053745,-0.010326399643733114,-0.040784955591159036,0.023390506622660397,-0.01650116995164358,-0.04153303642992502,-0.026584041730319866,-0.015450847931159351,-0.0380858758705429,-0.007173470831432653,-0.012211790395759725,-0.0016866760586856672,-0.005436367554196454,-0.005751396689861719,0.0014555880964758476,-0.0005310893487505936,0.5126420031219217,0.143049452311362,0.17885819715314022,0.13172079606822226,0.054366328456263095,0.021576444088250615,0.02727929086853319,0.022521921903823936,0.015138971518859097,0.026828754021710418,0.02300923083177477,0.009358204496469647,0.029347350348053906,0.011217335409614467,0.016192486287983802,0.009791213775060717,0.009491929261861235,0.006644235341536727,0.006592884514130552,0.003932376905712986
-0.6988799734933349,-0.3346005154244511,-0.08999945188609156,-0.03350712872401117,0.012064395039344058,0.0075132406961480455,-0.004606566892279391,-0.003392688881404674,0.0019370877853030486,-0.0033953284573340244,0.0011873012992497597,-0.001050923588102757,4.1137626560049296e-05,-0.00028129067025335234,0.0004754375239238282,-1.653399336754358e-05,-0.00036686276864710557,-0.0003813586320497312,0.00014085991511873411,-0.0005532730769028817,0.602266491766163,0.15400504661348563,0.05045831564427353,0.023075807563479864,0.013477829444404513,0.008850738626625654,0.004683532706987173,0.010557566941011145,0.007742645530652978,0.00443882403879743,0.0036357735275829492,0.003794167716185219,0.006140610440447616,0.003562053278255231,0.003965239524431902,0.003463429674160979,0.0031883677573261047,0.002956796650211304,0.0027455138074750597,0.002642782891233323
-0.6553282341995441,-0.4084695344008328,0.06018454041240296,-0.20390122716179965,-0.08768220441344508,-0.08551507123387832,-0.017491319667722563,-0.009818982901342392,-0.03848781406351894,-0.010910080020283135,-0.00033088602970533576,-0.004170501967643796,0.009427551489768754,-0.0033418063392155885,-0.003719924718604925,0.0007307090525453248,0.0001712591208991661,-0.00022365293246661731,-0.00031713953292596006,0.0002677751084278745,0.5137522320923877,0.22211042088493477,0.024007146078392164,0.13779102505505827,0.058168489469256505,0.0328585621747872,0.018500171877842395,0.018075875244461675,0.04240607775077225,0.012488454169215063,0.025482576532966792,0.013431695750584083,0.016486009936973436,0.010837723817232558,0.008384808660702028,0.007944796710707962,0.006970629271529778,0.003981324456480359,0.00334751176936872,0.003479187998958074
-0.2963767480077458,-0.7015266166414883,-0.20678244577901397,-0.0618745767953443,-0.0046916198899463945,-0.023080709807417672,-0.015679346466740463,-0.0007458208442637652,0.0009001114813545127,-0.00025700680209547814,-0.00045606772895851876,-0.00021631208299445004,-0.0005681442878635742,0.001170133146775744,9.182665545235932e-05,-0.0005920891351663965,-0.0001753131920911418,0.00020781758089179447,0.00034970573597212055,-1.660639116077186e-05,0.1168824783311627,0.588920347523071,0.0685241181267319,0.06954828364342819,0.029599904033117012,0.029245116080257254,0.025782246048350003,0.0047148779558731395,0.005770040546472878,0.004915734371635092,0.00357824998152488,0.005051160589280146,0.0032002392968437272,0.0037061364307003756,0.0035159772192958866,0.004193401661605979,0.0037547846531674456,0.0032326012296481316,0.0028400046967931246,0.0027152054218202025
-0.5698866003220653,-0.2373199094918532,0.03323887863053092,0.020410887739748397,-0.14502692060134365,-0.13652350369338576,-0.046484996603066764,0.00688050489282216,-0.0070308803090512965,-0.04573864769325243,-0.006684722563503073,0.002787586831977333,-0.005499448253878756,-0.024979426501769104,-0.019119318813361895,0.005077308327329847,0.010580071511410953,0.014395975698322336,-0.013603231613488795,0.018633324826074094,0.34504823124192024,0.15604489835941657,0.56399000031957,0.22155350354697406,0.13989087127439695,0.16214983544980807,0.05993618941019347,0.03822844093280392,0.049916107970247856,0.04465773027635727,0.03227615718282481,0.025426482717005944,0.021787559636554477,0.023122070326521516,0.027765559297524257,0.01914011530568804,0.022136312010895175,0.02158289306838378,0.017897429542317315,0.01802342593561764
-0.7135929783386769,-0.2291514611376767,0.016472313504379457,-0.023853188955331797,-0.013568673718165487,0.000113375622615517,-0.016847137012437504,-0.018149341710489864,-0.002346520889017944,0.0005208744855734487,7.206005570487189e-05,0.0008810049752234336,0.0006587663749150403,-2.8818869018365993e-05,-0.0005456215019128139,0.000380799041721213,1.231662507196359e-05,-0.00010032810595287315,0.00040195226756244406,-0.0003287797310688593,0.6520432970260847,0.09058165508139181,0.03675298288072835,0.03339140469415488,0.01293401429465658,0.015280405780766101,0.011929171689929184,0.014465167670488078,0.0023069450736060266,0.0037552435793712065,0.00186185969923624,0.0019681333521081863,0.0011262712314628349,0.001577840174706753,0.0020416152776660283,0.001755974746257838,0.0015566478447166768,0.0016343250895997198,0.0012680067172049217,0.0011082873932340713
-0.46142571033482077,-0.47709260186333385,-0.2090870769828499,0.03728413244927627,-0.07486344576908828,-0.00831800823800772,0.02823070750290328,-0.008383200633593553,-0.027053060240116743,-0.005680090309947517,0.023522808544214468,0.014979464627499484,-0.007921692627163968,0.004551061443569996,0.002906176478752816,0.025047619174770257,0.004022213057586221,0.003635746474329743,0.016673588618524124,0.011542480535690581,0.21785622883722588,0.2688940748989346,0.4462912369394507,0.2824185685653143,0.2597368281386288,0.13090110647559247,0.06580330792674084,0.09120607723654607,0.044019272287089975,0.041944637037186525,0.03055599302414707,0.021682606776748343,0.02530895280465363,0.03977250184532439,0.017087814064434586,0.022073059329892227,0.01622581527535584,0.017315739381692424,0.01868047253219286,0.01248019392376301
-0.5782617748689817,-0.5773594171679443,-0.10296632853072318,-0.04048865643488387,-0.043274533541485354,-0.010088876458746579,-0.006641821130657854,0.0073456043521768506,-0.0026031933464165857,-0.006099579719660039,0.007819407052202174,-0.00776108883737235,-0.0009091823352146793,-0.0030139790602262393,-0.0048873531400282656,-0.0034586938609170565,0.002764975220230516,-0.0027415174772248206,0.0007745771695299837,-0.0003649102050103115,0.384504704005521,0.3968552588792249,0.03981481868224733,0.05990980605176947,0.06936428307162668,0.028983687038644203,0.021423042781156622,0.010904701998218998,0.013044815717958248,0.01204825459789037,0.008864605937187728,0.01008147047010418,0.00768096445253634,0.007409738804717212,0.009139250085148421,0.009407473917876908,0.008227622323894424,0.007333999975203501,0.006722847891543882,0.006215735103448346
-0.7352527205772951,-0.11088187672286341,-0.0362662034337057,-0.11694969403881947,-0.02339871553863979,0.00035932467400041093,-0.0020805452634937017,-0.005127112017290349,0.001219893172424968,-0.002296970569797666,-0.005073295097956155,-0.007328951399663996,-0.0025568317743064825,-0.0005707783533654827,0.0027734731742217293,-0.0008178514106219265,0.0001033918494603305,-9.101550000570552e-05,-2.823262227963865e-05,-4.679749412832929e-05,0.6398832551785413,0.033431625417773864,0.05143593490247622,0.12333468251657159,0.04669389164497206,0.0118623802820606,0.012087309135273472,0.009545276113358843,0.007257359671015148,0.00822915179972386,0.006704014146546341,0.007625310829817261,0.006260974485614673,0.006166795900730239,0.005123281692554223,0.003960227240482457,0.006980056799838593,0.004448753006836375,0.004568536710864823,0.004565578285084106
-0.69281010294167,-0.37386372644229887,0.010143038874847085,-0.02310402727197565,-0.017538789369769325,-0.003599934398998627,-0.0013626725195458357,-0.0016020343589120442,-0.0013103781521218933,-0.0011674258258228562,-0.0008918173861040937,0.0007878286138200809,0.0005788238113875349,0.0008930890026924233,0.0008842036213249153,-0.0004991688430250939,0.0003908138827384098,0.0008669175180204396,0.0004714990454561769,-0.0002198854393427137,0.5682011461011379,0.19224894835472645,0.1285413461333819,0.04162323601261672,0.02300965219581179,0.020494085507913526,0.008091100042936695,0.006186839850247612,0.004530187749322255,0.004097112756959369,0.004491148854622237,0.004089081904945956,0.0039268857451064485,0.0034105232838176503,0.0034415248014657974,0.0026502903655072785,0.002732587913279796,0.0027379641985722067,0.002893566446045028,0.0025196157857670758
-0.5815800527836573,-0.5125380008161169,-0.2640287724678227,-0.133722274140809,-0.0049768976859538025,-0.0402918093028287,0.007929215827416335,0.0009620458367170297,-0.008017752283301104,-0.003902291343845579,0.004654634289591316,-0.0021123905947813375,0.007419435924042165,-0.003605156223445427,0.008934722298291904,-0.004145328428553992,-0.00016965679421547254,-0.002909350036866206,-0.0002779143039245429,-0.0018519299081492383,0.31741750684651554,0.26898785380153445,0.09869980657872925,0.26673559810305536,0.17606823101428262,0.12469700125422051,0.03881925214643332,0.05874981770060851,0.04224359998022864,0.03706003581697932,0.014450724290364862,0.012645145835661325,0.012114795383688927,0.007132440664402468,0.00974997352272915,0.006152672674191012,0.006222666436029415,0.005816323391947524,0.004329132571685658,0.0052587236755096455
-0.5937080722179274,-0.5377382083626899,-0.21043566099216543,-0.0906822123113643,0.005157266672626994,-0.04928952832630543,-0.001531220530510165,-0.0015048326529766942,0.0009980011984114029,-0.015563774375117101,-0.019742555505317824,0.004410734058496303,-8.404348518281795e-05,0.0008851569639873819,0.0028921441689781714,-0.002635189445301517,-0.0024706633758371107,0.0036629458799525543,-0.0042741672161320625,-0.0036202755230792705,0.3576064567743351,0.3184863693564862,0.2118559268502851,0.03207076216255669,0.1429075023897686,0.05499455008622407,0.020203270255700796,0.04158657270304754,0.02341233793377917,0.012023564933682252,0.01848252020084333,0.01614786523276769,0.013835515279253275,0.0078055958320659155,0.01094047813140126,0.006461748317017454,0.004553715619662139,0.006946836133789596,0.00440479624444289,0.007250211088678656
-0.6664639230375741,-0.37081768192568554,0.013669835612199008,-0.19161803563389473,-0.1663226844075947,-0.0484274146626846,-0.006280426409204143,-0.030265987517256253,-0.0225333148276514,0.006741994216300094,-0.03365638192627565,-0.020601243724579454,0.01208909454799624,-0.024999401145901667,0.007444364201871833,-0.01761507887289573,-0.013208452902314035,0.02415563994160344,-0.006575678558978263,-0.003841409969244104,0.45292553654348955,0.16668815601214904,0.03264022839138551,0.2438151317234518,0.21739906435992187,0.04026705561822479,0.03395878635233626,0.029724445466399064,0.02452773422339444,0.013086611307502926,0.012225907931482661,0.008403247139359441,0.01112220871623952,0.01527668874720616,0.011243365831155493,0.01249704710945917,0.008648701611118248,0.010238557392503657,0.011679017531262322,0.009044745080012705
-0.31499939500826574,-0.41642878947519746,-0.5773249526140735,-0.07778235716855897,-0.0008725699189109787,-0.00616442528940763,-0.024191970255002193,-0.024920416704795206,-0.02960888905109211,0.01689845482294536,0.001609727734294114,-0.018340922823601346,-0.01650421397171332,0.0014146258022476375,0.0015401697006427976,-0.0017738490708230775,-0.00039177443008639375,-0.0013421926686487025,0.0007265347552502297,0.00023619018458260961,0.13123686756382663,0.2114345569715666,0.5644560540635024,0.03991271905833735,0.02095116064034005,0.010054098842659455,0.030056958160690726,0.01393743080443981,0.01678127956432986,0.0073962805070458245,0.011262580575939473,0.017134619865397823,0.012114167507477666,0.0100022904308089,0.006686980666034197,0.006796417567233455,0.0067427656142344606,0.006077670854635078,0.00443115063292398,0.0037385482761805628
-0.052678701453265774,-0.7259910514902329,-0.07136141898405848,-0.0440356085675477,-0.012699431412321308,-0.004776566958053656,-0.024184765108886796,0.004202163381142398,0.002838501621807673,0.001593958959879475,0.00023307661765696575,-0.001202417115414583,-0.001623954235049331,-4.983119442980615e-05,-0.0008228496056749135,-0.000540911870532528,-0.0005091701485400822,0.0009192949906540483,5.140160608915817e-05,-0.00042245376849333276,0.02599363110346263,0.6762749002837384,0.037372832203778156,0.034685129412779535,0.016420151871215292,0.026959738134720978,0.019288802811539368,0.008469908932323208,0.006729347409835063,0.002400624535218041,0.008176296511162605,0.006309779493241189,0.004685208688556097,0.0038601373804538082,0.004398362002997834,0.0034889822371297298,0.003161949422226846,0.0031824496538216695,0.0029050974079161025,0.0029368249442145583
-0.1614783447393818,-0.7008013415719765,-0.27042814977723495,-0.04734958713303438,-0.012735079339149424,0.002888396784593201,-0.0038174044313663376,-0.0014971145291178963,0.00018295480728104996,-0.0004889913550683692,0.0006333940012932749,0.0007655000982686637,-0.000612129047445777,-0.0003745301643190119,0.00023597261776429622,-0.00019696821776103842,-0.0002287421053255184,-0.00032028140251206915,-0.00011289029180136311,0.00017496120183158723,0.057450595781507977,0.6193075293343558,0.11095350675580104,0.07922260683602783,0.038358250094956234,0.013106833775941204,0.008452914972553453,0.0036423095825603743,0.002855724034972729,0.003692443750945244,0.0032644527483678206,0.002873536843320701,0.002853766073843625,0.002809777076482225,0.002207396489521257,0.0023091125800503982,0.002130993445136931,0.0018422413027630539,0.0020315909795133717,0.0018136246710346682
-0.03217355287595714,-0.7229797616422589,-0.13517215584955125,-0.009167549860297582,-0.003282768501129629,-0.020967920347726102,-8.675012871054016e-05,-0.001021304613785112,-0.0003455578093392687,-0.0006091055204717818,0.0003620541559988353,-0.00018854517148740263,-0.0005010775769932647,0.0008277878367113683,7.445234295276479e-05,3.3575708600206984e-05,-0.0004009539121775248,-0.0007101744921762214,-0.0015717832904548464,0.0008240666166093114,0.023168670346194725,0.6659476193196968,0.10806193818722262,0.027172294028704497,0.004329259003076263,0.020168075062150792,0.007945850464712337,0.010458192929165718,0.0050164165651798796,0.008011638273631182,0.007468300709181828,0.006606291013991927,0.005965201587730527,0.005451458157789882,0.005463059539203649,0.005938646087723977,0.005053064049519931,0.005327306553564906,0.004741649472927894,0.004511714668966061
-0.023578685167589052,-0.7244861534112655,-0.2142072262534954,-0.11800690700264964,0.022391188984701625,-0.03261116814202285,-0.010789896161891376,0.001038455847801694,0.018443015452081064,-0.023398821899455798,-0.02072191898502076,-0.004160125334418476,-0.004694673019680073,-0.0010166100196544632,-0.009683733438387536,-0.007241237910102611,0.0009620527460334323,-0.007181645048945588,-0.0017997026495906595,-0.007239177020240566,0.02596498702526573,0.6037919765512402,0.18788642869489722,0.07813417505986049,0.047491110696125924,0.02728588817742663,0.01152937488828502,0.01127261882190881,0.02115004594227312,0.023800568099698684,0.013880519128623547,0.006405627193396731,0.007745754322598881,0.006726996691384946,0.008818113145187925,0.004976980162313615,0.004225607833044539,0.005966765417675583,0.0036135240292110497,0.005696844184929375
-0.2358397234325215,-0.6945381497659894,-0.1032064021641138,-0.15072182442938728,-0.07843887954179617,0.008124603200987027,-0.02025061802243137,-0.0019269933817597537,0.01407528226161103,0.007651154248309384,-0.00031178066680263427,-0.003477494995239297,-4.769904538081064e-05,0.0009703725150460715,0.0005484275318743696,-0.0029559186874515714,0.0001109833158095798,0.002339833557652583,-0.002740884376335977,0.00010967416360699856,0.123701534466103,0.6041980701919945,0.06386614490667725,0.056143034783628046,0.16052461253096922,0.07463622338499531,0.025239700666422792,0.02818780074135576,0.02854533664353844,0.010255694493952501,0.007256083143584444,0.010581547306046652,0.006272717830864563,0.005511398837260785,0.00460655654409741,0.006175916127671619,0.006074975456362962,0.005181960134313169,0.005907009819179381,0.005697624431591279
-0.10398854849032267,-0.650358552088057,-0.36930763423482044,-0.1607805771494156,-0.058123863344828455,-0.032444524914808384,-0.04376547061772081,0.058552292825657236,0.02367633652967984,0.004889652394254101,-0.002001612537109352,-0.021208066531236434,-0.057593031071950816,-0.04596167182904721,-0.0022354317523230606,0.015088430198833614,-0.0063171188933063786,0.0031275554478154503,-0.005606488407016387,0.00643392965733315,0.09288545532470562,0.49398292055123155,0.27722956196323406,0.128659060881359,0.08153631983817554,0.14706376549703926,0.06679665131206211,0.06803631535381494,0.028970058995060565,0.018516365190396747,0.01993984591477158,0.02613864231262147,0.02859603312111541,0.018938186463581645,0.011351053035783522,0.011755804107994379,0.006366352937956966,0.007515481861742199,0.009715543462884193,0.007953942618251959
-0.04226502902571628,-0.673786903314472,-0.3518378926477826,0.02810663032722546,-0.11433182863047933,0.026644524829893088,0.00303635798511325,-0.046461813478917084,0.00788849955495913,-0.0025313702177179407,0.008744368622322184,0.005692999719583897,0.0027414097940960257,-0.001272560936508266,-0.0026353248132921013,-0.007975865224392684,0.0007250618377468088,-0.0012772208710250758,-0.0033377169466491676,0.0001063163800171055,0.02805058384459397,0.5446037247572649,0.29640393091265677,0.07398750413201806,0.10348578102784987,0.015644164598720967,0.004023134800882161,0.026464406484696928,0.0056966834448348175,0.01722671128859656,0.004094815675320288,0.014798871480426785,0.004631460287200764,0.014581484617313817,0.0022817735383804686,0.010005074019686186,0.006523919005304128,0.005828481922265417,0.007348148529209233,0.0031428947547179455
-0.6720700152801732,-0.39148950389667553,-0.22315776905482088,-0.015443549553442347,-0.012071444384912734,-0.019878094290753854,0.0014092487223433192,-0.0016778085292690835,-0.001710867353646843,-0.002430341588987918,-0.0008660242448650116,-0.0012345833866040565,0.0007607548399652729,-4.957043217246487e-05,0.0003207324021076817,0.0008984602182759535,-0.0013541652356665835,0.00031555594222512114,0.000257005697957415,0.00040247559305242847,0.5325628479128619,0.20013658952713928,0.13200455650491943,0.01928719968866465,0.046823966639048094,0.021517062067427362,0.011059297429385249,0.00752208383194403,0.007276855351167108,0.0038866158851599457,0.004275575783672877,0.004193593210414862,0.0029443961081279516,0.002761841004701464,0.0023498475068930796,0.0024706440718133783,0.0022515607825898394,0.0023456793327292927,0.0021326440376005025,0.0017842645303363996
-0.1514270296984506,-0.7443361414210655,-0.07646653169630359,-0.17057326453566868,-0.01109341127285474,-0.0033228202213500917,-0.0060630171112894815,0.005558022378101604,-0.007433746830597312,-0.000611258046937572,0.008957779963457011,-0.0075724871005798545,-0.006240247149826579,-0.0009968154994068504,0.0007661045383511158,-0.0032110952231791477,0.0028531607332373823,-0.004015532338147336,-0.00011617482428974036,-0.004144368251738704,0.04451584044895499,0.5806544036109537,0.044640452384953136,0.19466288041557417,0.04785025791635347,0.06226125255704705,0.012046529772034227,0.03101925655519244,0.007562965889971699,0.008120815274594118,0.019639009928783337,0.01640142379022429,0.010976189706863019,0.007205864591241538,0.009128416360685003,0.008248731171096046,0.008219101882497042,0.006424394005101083,0.007262265943992804,0.006302662585979131
-0.5310844309838096,-0.06765945973222191,0.02056073875021581,-0.17840204681370037,0.024893999465850428,0.0012088446583522836,-0.025244280598702786,-0.003840979860278036,-0.021044653194475772,-0.015709398215655618,-0.02388193075017975,-0.015558725224121812,0.012103879390145601,0.0013541620624012939,-0.0029443213122730284,0.0029952754046249303,-0.00034458761755662795,-0.005478572137363588,0.0009188901694845906,-0.01183258852350261,0.8047140982961238,0.03803529900450368,0.07889503657938654,0.1325463029956138,0.051976735623965264,0.03502253598065366,0.0148838793064309,0.018026626351575085,0.0145784455065086,0.009736902368669208,0.01158769758648891,0.008651260794863554,0.006436023470254743,0.002839466051692665,0.010546574731545877,0.002129149811286908,0.0029026764789077735,0.0028541431940917027,0.003537219016121844,0.004403483936319185
-0.6527461616595037,-0.4228645972176566,-0.07345532215746782,-0.22203765080118631,0.006473802051604949,-0.08120522789314127,0.0012568506653289255,-0.003208070858995222,0.002761205221039212,-0.007799595482162498,-0.008521860577154892,-0.00693825369983888,0.005077713846876083,-0.003871972009130127,-0.0026650725171869223,-0.002764913952724209,-0.005141461908562475,-0.00035252730181690935,-0.0021791673006579895,0.0007579196159165352,0.4334897580919626,0.21220759573134262,0.03866742195973208,0.19173220088550888,0.23502426866535184,0.06354944751980465,0.023441867639010416,0.01010706235185153,0.029302474887343933,0.021861391773144716,0.019420815564106204,0.009692751543097082,0.008538312852674522,0.008736382895279138,0.008276281327389452,0.009879095546438399,0.008622009296224592,0.008583216145704316,0.006617646832429935,0.006605488948055642
-0.17969235377854068,-0.7133818846658606,-0.09926963522680725,-0.08647364859031804,-0.05819117907901418,-0.013304746624264912,-0.011001831796374203,-0.0035388997587462246,-0.002100833221438722,-0.0025226258581317242,-0.0002375977430851526,-0.0020691110997625556,-0.001000298534350704,-0.00158832441572345,0.00010098047241331596,-4.684479469417188e-05,-0.00011135832614388803,-6.669937425725276e-05,1.1312474782931225e-05,-0.00035470357340762243,0.07001477883873691,0.6529989575207344,0.0578518397165826,0.031029444420517065,0.03689613644771292,0.012494094974658409,0.01393768775475126,0.011701864339630682,0.00998557849804873,0.006327033687649848,0.005705481247256147,0.005589294921440847,0.005175612548778916,0.004298150453315275,0.0035945251099890447,0.002452026932992167,0.002012628484357314,0.0020514030252512076,0.0018587470794717551,0.001331048088506222
-0.1816318711832111,-0.6190170109260547,-0.28156372704697236,-0.32230735433643704,-0.11062687557936497,-0.18758773579057514,0.005543489360445457,0.023700516988891234,0.019146482964587975,-0.023826463538748077,-0.016947969638895694,-0.004574720917591222,0.0128531733225526,-0.02027009210783267,-0.011272432860420754,-0.004842536311286719,-0.005405990180413121,0.006378107158289764,-0.0006120350173372998,0.004037470345404704,0.08911149280654705,0.4127173900116629,0.1134992573943347,0.35509406479393085,0.11176438359669327,0.10412839285488394,0.03995120951240695,0.03199580652437381,0.02102315031757411,0.01738570917059233,0.06691096611575478,0.034425349820804446,0.011710524444939875,0.01592167461337448,0.008389220294983065,0.012186235233081988,0.005146160016222524,0.004638477290324532,0.014267911145458051,0.010971981762963018
-0.6963568746439225,0.057955859594501544,-0.08336808484762542,-0.02968216206907176,-0.03006789254239171,-0.042758039281061325,0.01853261766419075,0.04395969116464396,0.03935996035678453,0.02666305361967389,0.009911551956459307,-0.027191823076072548,-0.023066327770279418,-0.03347052850546396,0.038226483163144614,-0.04081497377407046,-0.016757033611259766,0.019151037395136284,-0.016562482379860872,-0.047083866947105715,0.6912662867688527,0.04482637925237339,0.03271780356914971,0.023427199759035292,0.02023289332827548,0.017780504071322395,0.0194888819177565,0.022984660635372765,0.015687870743425723,0.02072058426925294,0.014687474509795894,0.012814711582799839,0.01614357742399626,0.017352492305977588,0.01794805226797488,0.03465859653088801,0.016387067217311847,0.013222377323206639,0.02756631666062897,0.020435144241539596
