-0.5274341671897429,0.32631750636848394,0.09013536547687521,-0.3081761290748073,-0.0726638844456893,-0.09068023061671353,0.1576888813108857,-0.0201323371936188,-0.11228791670202519,-0.15571921727425256,0.00783833178239718,-0.08085713507473266,-0.149969889152909,0.11361282496545111,0.06098794223273792,0.06291119282323264,0.022175270418171945,0.027951097631638125,-0.1593874886938989,-0.02875332308113374,0.46350374775529,0.2490810314225372,0.0643241728862946,0.1930292184512903,0.06816893586837852,0.05174669367067586,0.12273304890324864,0.026493107121320456,0.040808726462870724,0.05909400017928391,0.01911096367506342,0.05865765587885152,0.05003074578561724,0.04205390213517409,0.0222262582411388,0.018449052527163588,0.022101563738078624,0.011543777366250722,0.057327969827243135,0.008936335682713849
0.06922939550901222,-0.021431725835666562,0.17438402302318753,-0.604005760676129,0.025760185776734158,-0.04985812892935607,-0.22759990320125842,0.13040268968792576,-0.22804351527008834,-0.26756039932602077,-0.01842106281204895,-0.19138517282530745,-0.013643103919001127,0.09386252924360847,0.0329105043770419,-0.05047233543623763,-0.021543467008419123,-0.036777544011749104,-0.13233810878441626,-0.04556068815171314,0.14626873500971835,0.24065249699634678,0.13548597561314057,0.3946213205446866,0.11518432726510262,0.11239496073505001,0.09516698175563355,0.07365132567811014,0.08299347071200665,0.09715968265399208,0.08672476450557673,0.07759831348012891,0.03118324105549235,0.038595457095902,0.039292082172202654,0.029774752862953006,0.02662235872551245,0.02871420152633787,0.04426735887714907,0.030637756417129344
-0.23857054528550958,-0.19168181512684773,0.2535229617558538,-0.2083057863881707,-0.38040780924118744,-0.14528131984962825,0.1719360404637589,-0.35887425739320805,0.20911222401997454,-0.1237487977223234,0.1736545187020098,-0.28285573205320624,-0.1848943356251679,-0.1375544552853663,-0.13694220171537985,0.04047242603245876,-0.08321646204821707,0.18195491526392824,-0.0702968041930473,-0.0340620209405754,0.20450615289892166,0.12889662363279175,0.15321776720912242,0.08427221916985185,0.1837162916440714,0.05378175626557767,0.07958502413052017,0.15530366524843478,0.06197809287081609,0.031080348269507733,0.05496926382183178,0.11091550123852029,0.06033993055122224,0.031909524340599724,0.03674892991208277,0.011849462439656261,0.016767374014823696,0.048095395956071,0.020996822034063917,0.015546362154126027
-0.23499455642799308,-0.5462917848054523,-0.04679396967224984,-0.24761194833888667,0.012629632514490535,-0.19093924297853485,0.03982311048221864,-0.030491723230816788,0.006341594527560769,-0.05009744865467701,0.05633421061270632,-0.02437232244547462,0.017598776730205188,-0.005960135121278719,-0.012933203628627913,-0.02406851834580792,-0.053348000778624144,0.019619393720920256,-0.011052587031411737,0.001014500332958341,0.18590661763109897,0.5986792619634133,0.1188988616898076,0.2620005599660904,0.07081503977873473,0.19713274019722804,0.05799762754142063,0.038260265455386626,0.0479243081702543,0.05152335379059016,0.02852839478483163,0.022570474588079512,0.022325168760200905,0.013030569506926956,0.015611390679081754,0.017986782776143465,0.02100193371511968,0.014043377817641164,0.01385957161706777,0.011898474791097392
-0.29193769117891527,-0.4725197018601147,-0.08961324191695393,-0.26159387957889346,-0.07924788847982978,0.024714490178398236,0.1447141502039108,0.07356811766370924,-0.09086304913602757,-0.025159748624539797,-0.038848090199482585,0.016932847963109253,0.0601434411908253,-0.08922528703208146,-0.06249451300380183,-0.0725299102068166,-0.06603936238169697,0.005368166125898877,-0.03571700791211025,0.03569792494229084,0.1641126145983674,0.6606456554497819,0.0770163894623141,0.19289754347465382,0.09730026065798313,0.060835311186985506,0.08240560200622833,0.032084992125537296,0.04901614897103558,0.05199388298565273,0.034823847615429664,0.020694053184406373,0.0493460769500004,0.02997266696134891,0.037238747134139105,0.036709364069758374,0.040686479920721205,0.017284733737134888,0.025669303834434273,0.021859987547046905
-0.6003585713838681,-0.09280452387823558,-0.03597465551579037,-0.4264336287530015,-0.0038647041413100726,-0.05906785140370722,-0.0755138634888234,0.08623010271027073,0.028318453642010372,0.035870919836440196,-0.016242553257556584,-0.04757172915400391,-0.03313504943684567,0.01717620474608707,-0.003059103124233526,-0.004420100756307035,-0.01156523383574758,-0.01135966853363485,-0.002276960589858271,0.009481394814389353,0.34069084174709274,0.15635324630674907,0.2377162555044055,0.43570339955126725,0.1500686650898064,0.05325425725194707,0.05813498091180581,0.043740172117509184,0.020361369284046218,0.026811722123632517,0.02048286466457624,0.037718843375410246,0.021886218730739825,0.02789523331640554,0.02777481885548793,0.023751261905131875,0.023963096772719787,0.020482577168981234,0.018636831424647966,0.01891597975391411
-0.6736666340092349,0.004052162335984155,-0.16594732905581205,-0.20308794530152338,-0.2752158078814273,-0.0991313458877117,0.020798653307886487,-0.04906201439748276,-0.09562946318173283,-0.05322469045999741,-0.04639390514377191,-0.03089489663324581,0.00837389642416568,0.021765878224963155,-0.021485790208634285,0.013097019665680014,0.005173043207743194,-0.029736979271693435,0.008066461909089287,0.017915340634067446,0.40675554603581787,0.03720245818617135,0.18477741618402488,0.29090227442480254,0.2368044310983079,0.08856672699811939,0.09002548499365003,0.03546587037921388,0.041467368003082934,0.04668514511757156,0.042002956203600846,0.03198183847162338,0.028396198976311654,0.028126530584435924,0.029976492778104703,0.028223092252017256,0.020743803489653306,0.03231801639752432,0.020867169482751264,0.02513286823322057
-0.18355496796438725,-0.4023495652145006,-0.0690920004362384,-0.29591735482043996,-0.06454815514240411,-0.057640332972500576,-0.1513896297862074,0.04731043306962907,0.010157257044238244,-0.04161158544565428,-0.06119029657966402,-0.029966342147519864,-0.024004931679546523,0.01558497799648828,0.016084004566039027,-0.01618498962541613,-0.042481182782063594,0.037849024709775594,0.07042868429207684,0.031604717836784806,0.11770357058774099,0.22232167967055733,0.6127576246434465,0.3678023186589498,0.19849101382186363,0.08623297830341031,0.14622489293855692,0.061237928453310574,0.09919577347723045,0.028350913478585673,0.042791106872270245,0.027842988785131695,0.019717206683776464,0.025705291269874874,0.017393777151523248,0.012048123859529143,0.014675760984063573,0.017681264841100934,0.03238783639339966,0.01002320804572515
-0.3610392794212263,-0.5503782191715962,-0.11456022348955276,-0.012707784195435844,-0.18617337277368998,-0.004000929489313503,0.013636617214143438,0.023996994941813583,0.028782860055730587,-0.027709968629123678,-0.03840762564063001,-0.027273171563399496,-0.02157319070602133,-0.012695731339435506,0.006610374197914741,0.023920072351726825,-0.09615253926796465,0.013098471592523196,-0.013102538965224097,-0.015995614541817204,0.2372272523690805,0.551094209484801,0.241550580779943,0.10544352171032695,0.18578426173860732,0.05245077300099435,0.045520064570697606,0.04001171660208155,0.1233425505979558,0.04512067599588076,0.05212032146869119,0.014948589808437936,0.029927313534066295,0.02964069953922619,0.01276568756612426,0.0502939705841419,0.08260179941624719,0.027122963417309003,0.020805564375180368,0.00862799757889848
-0.4879543188464013,-0.5306056855501905,-0.027183143011504082,0.16867036637604937,-0.09674511778270838,-0.06556077433692785,0.025571771595807053,-0.009258432762807755,-0.010429255373216222,-0.0018481416196459031,0.03758853854426573,0.014052622775877927,-0.039400302158706546,0.0024070414847011234,0.013693822608715902,0.027946556006234313,-0.00689498246621646,-0.010061374804399859,-0.001151862240846616,-0.013686944386843104,0.27069762890412247,0.36375735814470617,0.443624424806012,0.09734388943134945,0.03248731065829448,0.027274319944397912,0.020296005942631694,0.06271131269048662,0.014314761106310796,0.08528452875891811,0.044914962065448316,0.03829693049322481,0.02177525168107446,0.023465450978572885,0.02330994392147187,0.024652568119847795,0.017702898479835347,0.01846327686181887,0.010927535726800676,0.015950298789447287
-0.479519236096513,0.17977667586715793,-0.23591499656993992,-0.07695384875350264,0.0027109914931889817,0.04083283196621783,-0.015649840595313116,-0.07683231476938751,-0.0406702744811176,-0.013437843891449088,0.021123910414854223,-0.041856388185970185,-0.041033425280913347,-0.07577269474625624,-0.0034857568286540764,0.007144778815050886,-0.004166951053631201,0.027733635917199885,0.005918866580518953,-0.009448130608207806,0.26563421751352245,0.6204374040737425,0.25654918907318186,0.28953230869810176,0.0624942786446897,0.08484072007995015,0.05043785144892922,0.12001587766039222,0.08763936314290682,0.06213496294631432,0.044766201628673515,0.05002681572792611,0.022814197382288643,0.04870955628610519,0.02354469860258856,0.02785579989426412,0.0245778396878111,0.02390178327423628,0.028321338290982746,0.021405410607892146
-0.6040242702044457,-0.12286351631152848,-0.05202010135643929,-0.15572363142382348,-0.01537137063808069,-0.040930802769142245,-0.07209971303321344,0.01274722094826253,-0.057848774484054656,0.0008587582054867807,0.016012241537042914,0.010699730519683665,0.005772952850782061,0.009337564546810243,-0.006564575851068304,0.006521202334723723,0.005345203497054477,-0.007130722709460295,-0.005281947717366499,0.0005448772136662101,0.7022061561135292,0.17661601138154,0.08659018587934578,0.17995331391666045,0.031416751252700895,0.06656207290153744,0.051777731723260285,0.020636817635827826,0.06656626721122967,0.03208333662900583,0.038172395163414516,0.012252204174031781,0.018606876099221743,0.019927831688673323,0.009957950947238241,0.021180541898758364,0.02206550283154083,0.011794781826027015,0.010281176852584685,0.0040519765469283235
0.3037178410993704,-0.23316093964337378,-0.1977748756329656,-0.1577215080506591,-0.05123871690780715,0.02077330896882162,-0.020884342618729047,-0.13424557908854623,0.011272963671681993,-0.023576837317846596,0.02444504427405278,-0.023954447461118904,-0.02661553232904125,-0.014247846101673253,0.005043645867513638,-0.030456116892849237,-0.003548839642159436,-0.006935371833056834,-0.019945793831095876,-0.014086495405003034,0.7045988220936896,0.22971723949006734,0.16764593414523352,0.2613136718396148,0.18795779707923327,0.09262686017929174,0.08203314387725355,0.1646805185507854,0.033970335510739025,0.09503071369548967,0.07243590824001679,0.07167178865237943,0.06778045268229145,0.030365516541475783,0.044553630254837745,0.053195866421664725,0.03177342941864221,0.04492692662540796,0.049071489916048365,0.06162502549027632
-0.3643381380983079,-0.08341383692267454,-0.07742285187164721,-0.40681885946137564,-0.039615819375230774,-0.1255022327601596,-0.04782165022326387,-0.0791425894969637,0.017652681063574035,-0.037681963674301246,-0.05567495793834625,-0.01650833598272002,-0.061813668389270326,-0.038392454469632874,0.021624728876491646,0.00881979864353768,0.010801070425832239,0.004016455236417698,0.002541353196872854,3.391873618762708e-05,0.22893199080890214,0.17598960438664463,0.23017323816987503,0.5238381825473721,0.19471100218136125,0.28357443629955453,0.11503944101482379,0.11678816453034224,0.1002682468061239,0.10480196750820395,0.10636606011227329,0.1242196441135034,0.1373130522501647,0.06108633274442258,0.07480062029077272,0.09275634187755166,0.06220461321337714,0.035828237655854064,0.07667703763699478,0.016793626388092914
-0.15845943112031055,-0.16093142119000017,-0.3349599716431636,-0.3529918758293601,-0.19403187602670569,-0.019119283842752736,-0.0022218688272299,-0.12394408815665556,-0.008718740918398943,0.08677873189381814,0.031101303970559827,-0.05348311570418214,0.01741974517182707,-0.02141532759280006,-0.06715465647247089,-0.014913882941100628,-0.036222247641989905,-0.018343901756303252,-0.0018112975608865073,0.0011306689448006989,0.22589366285984067,0.22500739159054506,0.1821403733094862,0.24959309095175503,0.4203451961744858,0.13836667145206974,0.19163879227693595,0.3100573875486762,0.17595869633968303,0.09382471344529175,0.11725610046381901,0.04024773986241239,0.05801817760092693,0.12217286778656668,0.08557376393587031,0.07957328007328814,0.07489447111075286,0.06100809055769534,0.08963393985395036,0.09978554855346927
-0.5093434944986848,-0.24282070300230926,-0.032032307466150704,-0.10372035852324048,-0.04633137857983947,-0.046514635056338016,-0.03703527975467348,-0.03731848784137596,-0.06417753637537636,-0.011918977878677786,-0.016387637326541134,-0.05222537918979595,0.04204161609632576,-0.016938806606577195,0.027816263063988707,-0.024416765459829393,-0.011169494185382442,0.0007503314272886906,-0.03687128218263892,0.021297259274498003,0.7010428281533828,0.28308423346665723,0.14445782780700875,0.1093504340152218,0.10331697205493431,0.10110510690838385,0.09047507363564987,0.05898952401980964,0.07390861161092867,0.03211777221048945,0.020270975323839566,0.033074922570349094,0.027526829591591036,0.030913519080276456,0.023459760600047484,0.02620075133080157,0.032961452852316435,0.023585796174460966,0.017561896008239986,0.015605060411782931
-0.2110234288602406,0.08768915418542186,-0.003896517514868455,0.03926084027201805,-0.053011777285903165,-0.014145623644622378,-0.0657178419655362,-0.03706661521882076,0.032620629466278694,-0.0605256518190914,-0.04046321919458984,0.004034179172059737,-0.055187043331240346,0.014554528082249624,-0.024944292793681072,0.042818531298198376,-0.0690608490459175,0.01025068358587974,0.018117423204752535,0.01199558441774568,0.10505318401320289,0.8131647014714546,0.3156485483784832,0.2455641996378623,0.16849849540694645,0.08713795317759887,0.08843611176558311,0.09915449176503911,0.08220830908549005,0.10789395777673204,0.04416937437057899,0.03292701403145872,0.0408702865805673,0.04455028154138723,0.045663757237712814,0.05076496099554042,0.041927584185025076,0.028757422888549836,0.02662450064500218,0.034461815418092984
-0.03222639545119782,-0.09703552028646874,-0.2019899584596753,-0.2656233934314916,-0.10780244560883387,-0.21805579245329743,-0.008247208637182632,0.061669446271832164,0.04439308204928479,0.007002409921854692,-0.0061834437791189675,0.010061987506784487,0.036711458777559186,-0.0502433575921178,-0.03302922647047981,-0.005601775528972283,-5.8026205399220706e-05,0.02347702972573508,-0.05115879888320123,-0.023134712939375187,0.5939676580346384,0.07159187340753412,0.2173984470017569,0.41665927127022845,0.23743270658150495,0.22853257376535055,0.11173233538005911,0.17359472535893156,0.10336633588923613,0.08240611392260276,0.07384802709837078,0.10066158355104855,0.095948538785515,0.07352362560464132,0.06763008033906256,0.06725318392236887,0.08953024575923856,0.061278160340287775,0.05224908372434981,0.05486399213561993
-0.13549428333355878,-0.6226951029655192,-0.17969508674850443,-0.35853904290685573,0.05760838845892075,0.060366392387253553,-0.09091863367925308,-0.027014361136420376,-0.009451319307997532,0.041694653629877,-0.0037255527334044596,-0.03790032199535585,0.043494018050704686,-0.072746050992329,-0.024717467776829358,-0.01714139723437122,-0.001165689311093133,-0.010914905363136532,0.003427774898638551,-0.007002703960922554,0.046463853812407675,0.5770427857901926,0.05002510755702514,0.2072176485638095,0.026976803602691807,0.04442448095057077,0.044441694424889835,0.023850281567615893,0.013697742433394972,0.0794625429789758,0.04388444709399063,0.025898068200948636,0.018199865247934943,0.05946693889455488,0.01999982782825426,0.03857232534488,0.03877626617251275,0.010677242337367185,0.046693432412328505,0.032696033225877205
0.2419452890018061,-0.10733320120138894,0.13903145510815348,-0.4968421189332966,-0.2891904348228915,-0.13454136533209185,0.04728003476710064,-0.11082071953360612,-0.005260251974987858,-0.05474146292907835,0.02084505366056016,0.04561805537411965,0.03372097614363939,-0.0003835192804003731,-0.04262039824830182,-0.12106767871491926,0.02414147486879142,-0.0401328695387551,0.019216201023027922,0.013106430677089914,0.41429678608063525,0.2556461014226539,0.14436066228303254,0.3521019789231857,0.1806905436076702,0.1765218334709847,0.08017191136543654,0.08886767817512153,0.04552574715995253,0.14382303077652236,0.023795455169362302,0.028688548244979788,0.07761447532047723,0.10199673645771411,0.07294318939599607,0.08956028717686837,0.06080752733430561,0.04707553889871074,0.0254310506817933,0.034679271542613944
-0.6955175643703796,-0.16751390398622482,-0.07737653455052418,0.05762009188347374,-0.024246672806915545,0.03218959269726749,-0.03479735808387683,-0.03924881973675705,0.025541542501260152,0.03177636956963588,0.030154542600213764,0.07496072028358783,0.022608892556932745,-0.0581619856561225,-0.017836546713157084,-0.04957588734547374,0.0011454008606744397,-0.017691609382361043,0.05993132588405443,0.01409287829425186,0.4960448842162857,0.08494824127016508,0.3447902936697486,0.04236892182102074,0.020615328967565114,0.05794076179426765,0.1613051139318294,0.08853067758770852,0.1108539071693697,0.02807885215027753,0.08341668578913201,0.08785245794798634,0.061008967876213925,0.052652238263046394,0.04599860949088846,0.040646709553600294,0.03941419548362487,0.02728896916493236,0.055042554311231576,0.024733441771808973
-0.33850451412599225,-0.4549139154687107,-0.3826423873381202,0.13290454243629934,0.05046302227325106,-0.10930928623962347,-0.028630558287691846,-0.17394542773770857,-0.0649511543470575,-0.07989204034461897,-0.04283760194371459,-0.024854405176042715,-0.03800322352893418,-0.04698723004591254,-0.04634512932919937,-0.017401643903643713,-0.06828725622106334,-0.012854079934891877,-0.06565539883966481,-0.03901450137873306,0.2861592267671653,0.42471462553181866,0.2546098320341761,0.07580506066898318,0.22201887522859431,0.07419268742428173,0.07112534996053443,0.11789204345630384,0.05951612803754165,0.020944306545987945,0.06065230864255615,0.08542471468235698,0.07244548707960849,0.04278359630490462,0.04380551962092114,0.027039429368239,0.06322951125272716,0.032096451145640706,0.024235509555599555,0.04584367158650902
0.33471636858306514,-0.1218069649348252,-0.5716927358006191,-0.0024552932766001433,-0.04333351192753923,-0.07355448241524079,-0.06856446101152652,-0.27973908123779323,0.04435423238050898,-0.05718367349739805,-0.14184615405809456,0.24793758883681452,-0.016925826592555152,0.08274497017065961,-0.13626651224577144,-0.05768075706411112,-0.10473407435128053,0.06703797954507557,-0.12472546341003089,-0.09477526312547639,0.256281380349347,0.15656628814982257,0.4059033622374158,0.058357897584563966,0.04602006293054407,0.04565580811233733,0.04042972409100171,0.12681440509771094,0.026947771125589912,0.031132231223090827,0.044018618863756506,0.09690083295373024,0.021687344301637258,0.0345032506250952,0.05169373913396648,0.02315154331802048,0.02576511937099529,0.018805072132229737,0.023949562347121405,0.020656811082444618
0.46977508328508033,-0.5601595427812323,0.01848221858008486,-0.24102942445564923,0.020942333282599614,-0.16105463364588196,0.019942423717042943,0.01771087619243837,-0.017632780581576416,0.055065571564273,-0.06133833222804251,0.0113825871202264,-0.03432856894774938,0.01234455715522987,-0.10959044313517112,-0.031895030761347844,-0.03629169876880118,0.011634555742084947,-0.03934517455511029,-0.06359105122413666,0.33338627811802923,0.4636089081444166,0.06422683434300527,0.11159385982004469,0.015371440805023983,0.04531330250453719,0.02777144567479764,0.014373806754449988,0.0161970430721379,0.01427630857900346,0.04217820755488875,0.008226645208912337,0.012523634488117039,0.015445473466667367,0.038120391112466435,0.011222988751537327,0.008339129805323255,0.005233568512334319,0.017119295242933635,0.027695278916904258
-0.583102687923421,0.2270961123133431,-0.26780678606528246,0.3285254458562332,-0.15650771452642745,-0.10339912000309825,-0.09211783829848498,0.12348824195033871,-0.035251413126475804,0.1314698314508587,-0.17237425524433617,0.08762634908090344,-0.09176164677118707,-0.04101663069072614,-0.01228458075428769,0.01683641320060654,0.02641013842647881,0.008564842359661408,-0.05700341901029581,0.03217212434645707,0.47129619431722725,0.10843250414040166,0.10024094144367474,0.19637608046819535,0.059005896301163714,0.03126268040182342,0.040221463816093206,0.035699915303760765,0.025474380866972127,0.04147302407098956,0.06024164198794231,0.033627234193221965,0.016201530294229455,0.014187331113844402,0.01119783722170713,0.011036782968041114,0.012609536625300788,0.006112023473939713,0.015213229522623774,0.01514000319027984
-0.13975710774936975,-0.05591326588699826,-0.07537595411330113,0.14161204190492194,-0.20621248265759365,-0.046454106688198535,0.06314363748500741,-0.010326422490193199,-0.10069014412305255,-0.060930384117878156,0.052831728876386916,0.07199960568392968,-0.01388387352120662,0.0249611384932771,-0.08540129776122711,-0.031089754663959843,0.030461164963711693,0.038812875398138505,-0.018341896910971982,-0.034576638093181365,0.6404490148365766,0.39056431335861247,0.3090023037452684,0.2384628678453176,0.1905709017599118,0.11789297073455388,0.1194794223875614,0.12639722629642536,0.14292241776422915,0.11615355169316109,0.07611437123070844,0.08738411697001858,0.061531772394688766,0.07571781059539069,0.06872999116681103,0.06196074809323939,0.035753214778907194,0.039299733390624245,0.04805235631156661,0.043251377527672066
0.1296114100335114,0.16710981197965288,-0.4267793626443198,-0.14597281247346353,0.1718948179504208,0.40449580776728755,-0.16551407004492696,-0.08209147432328472,-0.07256003012141848,-0.08381639434287659,-0.03355976790693909,-0.0675823829657496,0.008269218146056368,0.05715499584654035,0.12175274815818075,-0.08889746230012519,-0.2562771415333436,0.03735631383953725,-0.02151541475218238,-0.08783473177633264,0.3111406404442902,0.15631378442834254,0.3088562846232889,0.08188365313261617,0.11940449044725832,0.20722234961842903,0.1062278169678464,0.09003134326051249,0.11715960836956765,0.16094961004374334,0.035307699530953585,0.07435237919846013,0.07962560849957671,0.1122471791643642,0.06818023307894648,0.051327310283839626,0.08964725403801506,0.09336271317110245,0.09612732242620432,0.08173506792210361
-0.10365981087623591,-0.3701703955007406,-0.20255520743001765,0.09940602830146321,-0.15748745315437607,0.05392597895031987,-0.15030484421746007,-0.003192045248487914,-0.1318268924044856,0.03722176286660423,-0.036514799133598334,-0.016800177260415407,-0.015628661348998932,-0.0918231249839739,0.0299567517142964,-0.006483061986270566,-0.02002685686608295,-0.034609900009321945,-0.004157597358264574,0.015363000023292578,0.11078038952820699,0.6190388118111484,0.3562518547056478,0.22897027256410082,0.2997224768842945,0.07385564183108416,0.09010120478724318,0.06801509582052899,0.14142209439495498,0.028135066324663893,0.06680004891802498,0.04708997885321353,0.024149950826900194,0.06586221758141521,0.01335547056462503,0.05232839629269927,0.011251329581521,0.019073141250735417,0.012808188513665022,0.018420349970111726
-0.3855847210766294,-0.3938556742936965,-0.25397000205243747,-0.21713995919396223,0.06834559620223112,-0.061746694129417974,0.015035589330533072,0.03476997900505047,0.03289087902976881,-0.11966737162245272,-0.04578768373266211,0.034300659838221725,-0.052365564250409995,-0.03516613450513543,-0.04010871555799571,-0.0681607396834553,0.028116355979634845,0.007127967111926717,-0.018257161143567135,-0.0382165031732554,0.6002715126015683,0.23095409116329157,0.231196636364069,0.14880986611836527,0.07773361673870383,0.11763999617934619,0.07221087902993792,0.0555428996895408,0.07045113532152356,0.05981040988078393,0.06063765608159196,0.05394354566692109,0.05619376231417047,0.039810559895868104,0.040061158687338595,0.0417886803231305,0.02876925414115414,0.010762019059764743,0.02386853227569872,0.030192218945649822
-0.3760675799177261,-0.1365225989007713,-0.1654099914311438,-0.11365727246351821,0.05179150594742166,-0.10594582194462945,-0.24577194835622784,-0.059726018022557455,0.05047291849347719,-0.2537155182583897,-0.1564264693033176,-0.13931965674314642,0.28410234618005936,-0.07065854575172813,0.029932711009510993,0.11434646466803552,-0.038929379589116915,0.04941229962497783,-0.05752590527458941,-0.022917339079934602,0.43634551581897285,0.2464159472573676,0.185417888017664,0.2149174799252482,0.12948983127794278,0.07514994143694788,0.10972078809689403,0.14511503189089606,0.10082481232153563,0.16644451934090548,0.07138029444396347,0.0716086198485095,0.21520060475035113,0.07912079974527497,0.03579234719166127,0.06591382614161279,0.0546410960787866,0.047962305927957014,0.03916736155420317,0.056581283758169565
0.3298291079367059,-0.24355063774151464,-0.4174394207710257,-0.18299668223813825,-0.20146327166372494,-0.18368142644472055,-0.11858209647286864,-0.16003799335181776,-0.04472167065026345,0.02412489714398563,-0.04529441097836548,-0.004292056857304384,-0.04734750056758088,-0.0047753555771514805,-0.0010539173022888326,-0.00034921733670234697,0.0067672940805550775,-0.036873255004991126,-0.014021344404026434,-0.014626331133131928,0.4144250468016273,0.26088243080618173,0.370419505339993,0.2647104818124186,0.10080743125006021,0.10943546893859242,0.05945851257513659,0.07601869794221258,0.06925075981915724,0.04040138750560703,0.04988333130869004,0.0468663965477761,0.046824819999967675,0.04951456436726793,0.03658343079984246,0.0533646352589892,0.02671715046357493,0.03195253908067147,0.027169006419988054,0.021444969289291835
-0.2794084581248078,-0.39287900249235513,-0.15574014440489536,-0.22655413447573094,0.10340653512602592,-0.19132264682021746,-0.06757477525123173,0.06212412567691818,0.020666975866401205,-0.005275311059641942,0.021212086570856836,0.0473664335351679,-0.06259849218648302,-0.00908202613776807,0.019546215062143834,0.023383293209759643,-0.005992248135186899,-0.03561411781037626,-0.0050910716366791625,-0.038189777986082536,0.0971074126453716,0.652671192745262,0.27398330830926226,0.27729245168520134,0.11619593137705425,0.1316606547351488,0.024434821255000728,0.03675141419616099,0.023998972186741418,0.02517067130340808,0.019188032407211262,0.038492637828707085,0.023859548952087625,0.014751493469692232,0.01634402473486574,0.015194791482752767,0.010543928181828826,0.014916456993073653,0.007954228538414633,0.022643562495716033
0.14680460859511557,-0.5836108201004049,0.28251303728748434,-0.17365361590332123,0.09256963064757814,-0.13596907208065748,-0.09971232546998723,-0.07364248212112773,-0.13564818776618226,-0.10085245962375856,-0.005536895013837145,-0.0304593416971909,0.01032344862581602,-0.02840836240481305,-0.04953465410711568,0.00796979102121757,-0.009000122105818137,-0.08567937090403124,0.0144713415066196,-0.03465837032840011,0.12820281437949177,0.45923118573863053,0.2720171354614817,0.1516240743542806,0.2807009988040453,0.0820750628451434,0.04119199311828377,0.04281290324224616,0.08336673187817494,0.1134183257122708,0.028177050323708507,0.025227322586920408,0.026292539611050977,0.014532773057222765,0.03322993362454613,0.047517184413330214,0.033353491485350995,0.04830177175702897,0.02388555096297163,0.027666101848612824
-0.6424549207570143,-0.09737343550390265,-0.06061933290501813,-0.13699618595637691,-0.10912039160433151,-0.13857809232605378,0.012461949550695024,0.0570715565910966,-0.14943892311214188,0.16686287141084208,-0.023197988804049528,0.0255096514053384,-0.008132844372363593,-0.2891893933926078,0.0968532005124066,0.0013566736355556928,-0.2421185617216946,-0.022221900863307838,-0.07585989337036199,0.020564071459084756,0.41595179413500444,0.13254424283806235,0.08228556911335158,0.07185666215639827,0.07174625361413257,0.10625873948711893,0.06782141705668239,0.04654051244882263,0.11281592283156408,0.14043056992502984,0.0395846620657913,0.03358040913467788,0.030195422658831968,0.17246911365429213,0.0476288421587831,0.024052213076521927,0.11965640013687404,0.033168298633125,0.03206278878591533,0.01589171259696436
-0.30560509846808054,-0.42897562608607237,-0.5964143324100262,0.19221816112300016,0.14371249340918524,0.03797378866122044,-0.12259249277736127,-0.05555912919564978,-0.08897254242027208,0.003265669942525204,-0.049615632220542535,-0.13613356177275898,-0.011959374633703937,-0.0292223986225719,-0.03204232279677612,0.01738354529626204,-0.015018332415610373,0.052010934871662994,0.021566242575648167,-0.037609519632171864,0.1368304722894787,0.20737064502369482,0.3853751472208439,0.06656611242566925,0.036722900021221076,0.008213456254917123,0.04448187829883316,0.055498665588586356,0.013929885795952775,0.061870349256452246,0.02566452983353374,0.05540181231261666,0.025921126111660912,0.026122223739049016,0.029363054692891806,0.008831550701143222,0.0661821356210951,0.10215651139026546,0.05074972581619632,0.07126386416327678
-0.3570694138085111,-0.5983114391884864,-0.23554952369775617,-0.11886576582781179,-0.23681889304609482,-0.20235718362972785,-0.007330627609543092,-0.05157230849641825,0.0030343660703094594,0.03233905210024513,-0.07368144688464646,0.14727999041493903,-0.06638123031985849,-0.055927748250973956,-0.017695750418579556,-0.1892321564666851,0.04500844807721518,-0.10708035533702351,-0.11535587056595945,-0.06921169958248093,0.168949196599626,0.39891105724195675,0.09478930650489463,0.024170502970306713,0.08147160948367772,0.09630557959138863,0.01168586203868249,0.011694551675593447,0.008392085697727163,0.03323667739817932,0.027411834462906865,0.05174792443505163,0.013315358406884371,0.026220552622980176,0.03447421691709973,0.05401310260658108,0.08750543246290797,0.059314912171319935,0.07823619317666823,0.03802662051429707
-0.378544438530081,-0.4466089890358493,0.1797167959583081,-0.3321564133856784,-0.012320976779202835,-0.19465338545813482,0.14142609676379528,-0.33969226583337936,-0.0059786796967115806,-0.1125167878267192,-0.13565614201279233,-0.2506046143888201,-0.1868294582742313,-0.017037433961076976,-0.15161769255318855,-0.09478796756663249,-0.020800251639969243,-0.07568099019426602,0.02120455144881377,0.002517712456363051,0.19474180582850517,0.2087877756117536,0.1133486091878121,0.15184640470142646,0.036777598023841555,0.07837401513463262,0.05090848626781207,0.12415689666873014,0.013292136996384872,0.07337341066511244,0.03202568745928873,0.08139161432629756,0.04639563815725431,0.012986549283119486,0.03565110381764167,0.056917144822291085,0.009724391314299597,0.05841063365653117,0.034961674576870806,0.07618695320420753
-0.48575207757327277,-0.07552402844581389,-0.23797095939661372,0.1012710065201819,-0.0005616092551397733,-0.14890475789257115,-0.2782361891345926,0.05795180761851595,0.2271794044826347,0.01833509192627202,-0.05312565859755097,-0.05137389033881877,0.17552650864866864,0.16119377052439465,0.1794462481037002,-0.05959211116884463,-0.15570266630014068,0.020102043279495385,-0.025933428197090123,-0.10803905177101145,0.3320005524171758,0.10219096832761723,0.22437962340802806,0.1961641556044646,0.06358307768195255,0.259957434338983,0.2005857812377731,0.13049489433372805,0.11782436762630097,0.041912325404336,0.030851883811531255,0.032644616392127505,0.08707421044607201,0.07225919870528469,0.04720918956847003,0.0728985969086678,0.12378621509503743,0.05082932466410742,0.03287521721490644,0.078701369226359
-0.6976105381129407,0.07638779828705933,-0.1843225953343246,-0.2187948872526013,0.04580420709929469,-0.12638183221729823,-0.067564272557475,0.05305878913415243,-0.05176787734438169,-0.008186793563741397,0.004586674077638556,0.006888699501244492,0.0008859697070072261,-0.020892587579632912,-0.052068607150946536,0.003143820167831168,-0.01416951690415952,0.04199606710945871,-0.0026146066002597453,0.0061125264160600415,0.42528348869387905,0.23491170288026236,0.19814343642392065,0.259698074358338,0.056691482059740755,0.16807778129152695,0.07318497559244454,0.050651395201628896,0.04450032875778222,0.04896159159287745,0.040977396435250626,0.03750058036249958,0.023665982776588664,0.01789790222224301,0.02799096395022715,0.012832917829861736,0.013598610393962228,0.0182283091526095,0.010406105223187937,0.013012146990588962
-0.2989273797900914,-0.5819054119031325,-0.16039013358764886,0.04110820751801746,-0.23692708588430003,-0.10108160749766726,-0.16529756804722393,-0.2179842007903133,0.04370512460152318,-0.243333381557731,-0.03273268345425006,-0.10692630417254938,0.1821027278571671,-0.1206592196574585,0.07437145116169779,-0.0900411820926091,-0.11442627279368876,0.03889772649838364,-0.07652065607724846,0.10056460329015822,0.11808415439305174,0.34173492828740026,0.06397783181998709,0.05189386315760003,0.13101146196191502,0.03196687425640451,0.061072495760886844,0.08212796030877852,0.04726068210927667,0.14984196626813606,0.04036948054739743,0.05718344335558085,0.08837477811786304,0.09328018127667186,0.039893543129462555,0.06876268285398444,0.12870376690691182,0.027719116500199405,0.025475833836625522,0.03590655562020379
-0.32703205488665654,-0.33722136949540515,-0.4221313516222246,-0.3942213560938279,0.08057946756875556,0.10371818218203284,0.10960676422623412,0.058187907684272004,-0.14678378501489137,-0.010836807344530493,0.028144510056177144,-0.08332496782981628,0.00597766255859813,-0.01591581401925211,-0.020008708833582866,-0.008033135130635317,0.05733336210207319,-0.0732901291301135,-0.024993913872663625,0.07657858000175058,0.2752318915677707,0.38577529272879724,0.21710130661759844,0.2650425670855827,0.04247207082201818,0.053761081410114105,0.05054420356062637,0.06010168500761884,0.04177683635701112,0.04698959003532007,0.05882887363282595,0.04320732313481792,0.02655607272565522,0.018318161128792802,0.016736260805405,0.04150680984671093,0.013952549167002505,0.0365524703980868,0.011374301579877738,0.031229299358885947
0.1908037734885171,-0.36886111805071875,-0.6249085999443763,0.11323799835135338,-0.13837211557455553,-0.08544330912417239,0.21389039858336595,0.07728913093429686,0.13900701485229375,-0.1427262133152629,-0.028473265786893895,0.136336865219631,0.026820390729770466,-0.018893424482590213,-0.04351559992820228,0.07705875868420124,-0.020944634831406305,-0.015831200379794387,-0.05029908146028531,-0.059172902671129665,0.14502402835348413,0.15502459131076574,0.3676852206890026,0.08097417294077223,0.06853249590040425,0.0325878755200395,0.08345174848286345,0.06923894174082741,0.12114340599798942,0.07716270997283678,0.029381492692475662,0.035168151684056466,0.016022930309745515,0.05176460976622051,0.044191109318650376,0.16363461882675845,0.05987714296602284,0.04598056920254032,0.022938584672008926,0.07974381643735826
-0.6175265634378834,-0.44848405405308667,-0.09230010199596055,-0.15636744214888318,0.09459066687212105,0.014836050101981557,-0.052748316204426424,-0.09420635772667198,0.07635370320968411,0.03677632923531764,-0.04336129056226527,-0.007894132683882364,-0.027215801347128,-0.054443773489870055,-0.021397751773690164,0.04017755414766326,-0.04806882656221558,-0.004988217119651326,-0.039821603976596114,-0.017269078904223453,0.5004032526898644,0.24252365271512075,0.11980720311863945,0.08953404502327042,0.05405394061895239,0.0585475405576487,0.025543968842131726,0.029844967640964913,0.039447418666630145,0.012840293047936423,0.011501813989292736,0.010844116095335974,0.020207257587550296,0.017368269539346438,0.01550799958459624,0.02639408985930041,0.02253528750684246,0.012196290406318807,0.023835711101038787,0.016734644525886556
0.13487566765951695,0.6239897928678867,-0.059622480126807716,0.004879173998606195,0.03827267964413729,0.1113016555944449,-0.3051903557619692,-0.0035494384712934676,0.08726748913969151,-0.09800975480848366,0.08757345975520803,-0.1525197581811202,-0.17741555802546596,0.016233492476799068,0.035114503945267134,-0.09494234234917978,-0.07382164681133312,-0.11864089843394474,-0.08978006924392476,-0.04351635954323247,0.10232548897211244,0.5727746678560367,0.03894237624889279,0.014678345399815147,0.02219702509912564,0.03212677441410175,0.12415415371799217,0.0056363000201570725,0.013990116495327165,0.01741291352700927,0.01505902181413094,0.033921937768361984,0.04392812933497181,0.005592765214429216,0.005424719591611353,0.016480072984576415,0.011294685334492705,0.02136095274190967,0.01535119555153112,0.0062254148792184275
-0.5421061870210026,-0.09212078475451942,-0.07712442496907962,-0.3204327819119741,-0.2625578215373614,0.040303056194338355,0.14381104169275163,-0.13836869652547035,-0.17363109066335028,-0.1336051010584141,-0.2286728524018547,0.009291745497217582,0.019825710851242795,-0.26137061069419626,-0.04981696968190335,-0.15639734781216272,-0.0819293560619553,-0.1718581776264601,0.034361756964609844,-0.20359423089809542,0.37293191795691605,0.06451346517010675,0.04648216129928896,0.15292212828659107,0.10576328447383976,0.016834925022049085,0.03927810444633871,0.040807997992897534,0.04326666341189751,0.028521687592960636,0.06299048830046433,0.008377416103260026,0.0074958632561380354,0.08311819722173024,0.013352679650939649,0.032714883333340716,0.015299705739987426,0.04421804940115875,0.007040709870463251,0.055475935256428
-0.13853787029838452,-0.582251700122459,-0.3085267798601262,-0.21219643355390977,0.11085462950740245,-0.20066673277319189,-0.04677199043919945,0.1728562267582155,-0.20303880683225575,0.0197301275609029,-0.028403977128148506,0.06039667890222893,-0.27580572239554707,-0.01025249286091315,0.056539175803936366,-0.10393562195407632,-0.04817062452444713,-0.029821020998596477,-0.004665210498810847,-0.06950074340131346,0.1043997976770661,0.45776387096266064,0.13537300594087232,0.10610062495369992,0.034065089963514046,0.06454932513254538,0.021087631643431668,0.045118256479854575,0.06581739629924103,0.01140517381135557,0.006755056359213274,0.014430879286224683,0.09496057544891164,0.004317514911701504,0.008119755755820449,0.02292787381250685,0.011937249636884325,0.007298197173524305,0.003788518944766617,0.016009277431856178
-0.2656320509652865,-0.4438313290462741,0.1699021836186673,-0.2981630424597168,-0.2304217420818097,-0.030357115417462204,-0.06773074064479197,-0.4768086882469648,-0.12303706515946447,-0.096986698160239,-0.17794732927941256,-0.1642101302662517,-0.07757842581021045,-0.09226944516679123,-0.06532318227321668,-0.043173319552969464,-0.045481753703852316,-0.04917561156625871,-0.03533042455960849,0.02640395483817017,0.15081779771575357,0.2949387504978125,0.08376993850811262,0.12051127846050248,0.0761373210886721,0.017058630386623544,0.0126316020383957,0.2744277228442473,0.023113582166390777,0.015684037737676987,0.044975422624558774,0.04485134905681933,0.015758003007069615,0.014503383897200645,0.013089247857091169,0.007103767316685988,0.006111735984115422,0.00823170891037884,0.004899629179943325,0.002843845121847433
-0.7314014038666092,-0.17064306183110747,0.0044670373103641615,-0.007806322187852142,-0.003750045467776487,-0.001407071903836981,0.0005476376435797454,-0.0005225874191957631,0.001211064040818747,-0.003405572175833009,-0.004882250313479898,5.130245021860385e-05,0.0008960996390760883,-0.0004848536527788631,-0.0005415187645512552,0.00037342181272796335,-0.0004647351767135898,-0.0003812704749939806,-0.00042243962826913934,-0.00027541909527714533,0.6432739537114031,0.13322649272214565,0.02209894896334716,0.035447145447797666,0.03201065523208079,0.03292463963101949,0.004231669340250556,0.0019986307448946906,0.012582267134897173,0.006202178090006938,0.007583993074981742,0.005072454471620941,0.005335188812884323,0.0036724993028602374,0.003313692191680315,0.0031679978998613604,0.0026856608081153917,0.0028844673562201566,0.0024540963870486724,0.002392706367608184
-0.6098036046872032,-0.2922585503052956,-0.011040979294266638,-0.08168490390204698,0.03464690556541445,-0.09123651544546922,-0.01572934054876697,0.03176833632449871,0.0008953902720327616,-0.0182441053008402,-0.018662712895874397,-0.00842345605929296,0.006968525522117548,0.0026191556700023346,-0.0014088158516912814,-0.003626293068215408,0.0067086289536738295,0.0014184738215048316,0.001921140117581041,0.0007818866671780691,0.3227345588625957,0.5745792633939468,0.16486163140943907,0.1294744872836858,0.05558949006560968,0.17920117475137326,0.07451919122078567,0.04396587998449075,0.02341386982733217,0.03137591407010815,0.02290865115186853,0.012674291618173922,0.013753234264321797,0.00920279056150261,0.010473536636604353,0.01662277752217159,0.013385327094479899,0.008738719107635308,0.010101356347885773,0.010365326479735777
-0.5809990697778766,-0.05348630107677119,-0.24947404223494446,0.22495949623629324,0.05024229536986913,-0.14399587576771286,-0.15109201606440958,-6.115692291146614e-05,-0.10891737351308814,-0.003995069098073637,-0.00824001041391642,-0.022795977779376725,-0.02567353645008072,-0.005116354334223497,-0.010433765162735009,-0.04492597144113804,-0.04257201127439664,0.017396802708557542,-0.010711672133592318,-0.00851625576491669,0.2746305441038263,0.4580317295047562,0.2249356343866075,0.20976806557293826,0.1717686127531232,0.19422076629326057,0.13549412626224827,0.05742154720740025,0.06828160080523722,0.046922755720183146,0.03768768791888663,0.04097303733745086,0.025605952479010815,0.024792382800051763,0.01691892599266605,0.016768087384844515,0.021361463393531545,0.019971532695974854,0.03417169111476972,0.02337462041792258
-0.5644854773007846,-0.02766555749811853,-0.018481423717991975,-0.034638489910393325,-0.34461444840506883,-0.313258885805257,0.010749432179566348,-0.058851544570079635,-0.0020605360964468236,-0.052612570465232385,-0.04515574882174843,-0.03033605400046268,0.01469025073381307,0.012285089092751554,-0.03279901028354357,0.017346731267019796,0.0008611263724237001,-0.03661618757868395,-0.027772978585010256,-0.015604449832743306,0.321554799620794,0.04979306581946719,0.39261885615040554,0.03795109831390081,0.2787790176181528,0.2831612559027408,0.08920511900832663,0.027573145927896007,0.03975251603743623,0.11163812374460509,0.018070268940037913,0.036319626009415434,0.012828727845634842,0.033233087160337224,0.023379911457062835,0.01887319303817136,0.03378160161828313,0.029454035620207025,0.02362417437636607,0.015442739660653095
-0.17162610245673185,-0.23068879467597275,-0.13475396542328447,-0.058729888283907156,-0.0025608278022650134,-0.15492701147571492,0.0903259255405278,-0.1918261318743721,-0.15538469627773932,0.07987368568130825,0.009635529484054838,0.04078726279919748,0.023513136449513344,0.07854248727374916,-0.033786823868636816,-0.022195248732869714,0.02812265703394301,-0.024638440438838706,-0.027593294549569495,-0.0427816743752376,0.79717701345415,0.2142662523701715,0.25566666416187667,0.06174720017161486,0.016166554937228822,0.1137688862989055,0.055532841327852994,0.09653231345842346,0.06351614254440453,0.022393874055922802,0.00966276962511681,0.009346743978649149,0.014649080061445793,0.02464051887341454,0.010928971392573844,0.008701874821931087,0.006287994237918522,0.008984471867027539,0.004725594083873441,0.008101443200406023
-0.6290414498994759,-0.28013135178176934,-0.10492376000960797,-0.059269058688226524,0.04158831761659732,-0.18111826713746043,-0.18717546463845167,0.034434769277451364,0.003316996297677354,-0.019609130122012566,-0.037083160760253635,0.006049591955983757,0.004308194062785746,0.02377322645833874,-0.009146362066938682,-0.04746804319836493,0.01846739344053295,-0.04073864324965532,0.01707596300349757,-0.029941114888970062,0.46311693215618704,0.12261610013853814,0.046638251059436926,0.30936400724682783,0.02131638430150342,0.24751824810360276,0.17324990246719474,0.009246734486088561,0.011013754740908604,0.007906603388242667,0.04420056159398334,0.040069816797323764,0.05475053424373767,0.030651364958277257,0.01168021946698491,0.055054973181007244,0.039603940109240454,0.021850917238040543,0.017663398173777836,0.014881959432081935
0.467770170295478,-0.290492388942118,-0.5000690350243603,-0.07101177194947947,-0.21793831425316626,-0.12392524944834589,-0.055615884442375745,-0.18609687501840042,-0.15557915641328418,-0.041600156868772026,-0.0667621178473923,-0.09386174654104437,0.1175351786583437,-0.07416851995424255,-0.05717062456958064,0.06099983442076475,-0.03004242683407297,-0.10349997030115171,0.017621028134374012,0.029357925127721916,0.2996847175275437,0.17001615824118707,0.3194274718903309,0.09258925896194435,0.12418732832740946,0.054337519661630945,0.03257248352772839,0.08982920358244934,0.03675518057923307,0.03399479063710682,0.014941136217080478,0.03376960282217527,0.025286973909419506,0.012727578117548443,0.017776044047539356,0.014584873377495576,0.005276659512557076,0.02505447098437763,0.0046234354771523285,0.010643940838021412
-0.35362846075178184,-0.5758317390177531,-0.3155831215248246,-0.08566731030970474,-0.1959689897333594,-0.05784391672280424,-0.018391802713266157,0.02749716639218127,-0.1614817631805833,0.010711833149494815,-0.021261911880993176,-0.028680777885888874,0.07829046742912983,-0.06481000132530922,0.016304594131314885,-0.0405074625272007,-0.016121474764326973,-0.08152786426252807,-0.005299926031312322,0.02228875414573732,0.24069750753482322,0.4532135770148761,0.21773415082170894,0.10204174543355013,0.12469226699465095,0.027679814052316263,0.035462631996147326,0.016093982511211115,0.05323900566417974,0.01596656250451003,0.023336430922371136,0.02964620025610326,0.02768663043847946,0.02812334990647973,0.009824780828091184,0.02876540773440713,0.005933697475742546,0.01911372224964266,0.0059057023118343896,0.006009174137110714
-0.15750638577820705,-0.3868873637682833,-0.3711558287063179,0.11394483557274607,-0.32680479563693743,-0.06603863803846644,-0.30338740979950884,-0.33747023590097674,-0.130136131775504,-0.01389045691731168,-0.15468072098265434,-0.10348542643662272,-0.13399792534431426,-0.09075616010124672,0.03065340852753766,-0.1552073999710309,-0.04155406654750935,-0.0031424746031732042,0.0011861191442468738,0.03779951180586535,0.12158222567051287,0.2522147747727939,0.17597031115026082,0.08205036421695358,0.2380934611152601,0.035657072963378805,0.22887843689781606,0.13383568937106075,0.03318726796269494,0.011404373426982927,0.043971885175009655,0.015171218305897159,0.030017996224424578,0.016739205713861442,0.00677462618931021,0.044084139678951945,0.016653500910831665,0.007177810430890645,0.00973510613099414,0.013662928073389275
-0.03767892644940955,0.05361442293642758,-0.16496273894536032,-0.3272345126438386,-0.5636474352377672,-0.27927453088003534,0.013263136273944936,0.19596613169675556,-0.3220593853745177,-0.17003124568283748,-0.03983829713262771,0.034931428072201134,0.05258150510209147,-0.032717225873984276,0.1371253858168833,-0.04176480393124596,-0.0052973966543270615,-0.07583653702927454,-0.027594477334990816,-0.0488528593982388,0.05886147612287578,0.20444822072432034,0.13973247704280048,0.1708989149896534,0.3506059103083114,0.11358359337487929,0.022886993535506984,0.05994245543774721,0.13146925062010867,0.049648080268045326,0.018656568988366692,0.041241880249651586,0.01725995858738489,0.009396096650683384,0.036659164816912386,0.009855207669244208,0.020365513069741045,0.014143563438566847,0.004688316456189673,0.013744694665175737
-0.3831463611126263,-0.5195571294950784,0.088178105948952,0.004486508728583669,0.10602449026451816,-0.1806382121251855,-0.045515989343558744,-0.010721039349082355,-0.004988253100301105,-0.049236575429536834,0.0028533069185001847,-0.018246405585477677,-0.00872738179070601,0.010722586996865112,0.016207517481206888,-0.020722605408175148,-0.011695202568651421,-0.012885718603436075,0.012376339307015354,-0.012358496853793225,0.4493952748190649,0.3589546797285946,0.2783159983020902,0.03399838315227736,0.25788034229407636,0.18773354823744806,0.05754481083029311,0.04493583598545941,0.03576453560565321,0.039146949198277665,0.025558031519463984,0.02873086155849051,0.025790173470932973,0.034560724390846044,0.03277009258927085,0.018803714095231194,0.013084635730276139,0.022720876508557985,0.013644682493457532,0.013251524944446235
0.2597809743913699,0.13045567608470685,-0.37285895933778335,0.24402059826037417,-0.23484649734824856,-0.10275169275383901,-0.02854849830523176,-0.14806585934541025,-0.29794247834217175,0.22814963560321697,0.07557998024981229,-0.09724948269680612,0.01610079635291918,-0.024737523583707163,-0.13775782036314047,-0.18043895028225868,-0.055677496280579546,-0.11953336460100027,-0.043679783397640934,-0.04072242667914034,0.4811050069570775,0.18553879598780332,0.24875094467088044,0.17197544108661367,0.08556694012351834,0.03874018302262394,0.0212851112778054,0.04453800628444697,0.13084683024479773,0.08324547671308564,0.020471062159066734,0.025542100685546836,0.011056591429243336,0.01245742478140061,0.03735937674145108,0.05168475407488713,0.01134972639779827,0.027450372763013667,0.009226302751323415,0.009519327379351598
-0.5228429355025996,-0.05807348443068475,-0.17658887962740433,0.08235940250956955,0.025853604239747287,0.08556902548712927,-0.0012905474577227624,0.02761446343649284,-0.12021004209143353,-0.19176510739487648,-0.11014319664358428,-0.008453858551366046,0.009788548553856427,-0.06552464855559463,0.08323070039981229,-0.13401986825532855,0.11506864947606761,0.029333773198395266,-0.10821879617484645,-0.14854879606116908,0.6912597201580314,0.19223531618915424,0.06057352123677702,0.04934552776408044,0.02498713610858467,0.022453948348262746,0.022727018907105503,0.017918516118815463,0.03227421125626976,0.06671583279654278,0.03645288086429968,0.014963421090885186,0.017648566637154434,0.019921202430896137,0.029399645545976353,0.03725889543380538,0.0268379768671092,0.012886538113955404,0.025249893501401076,0.03952142353712462
-0.3906535758194026,-0.3352891920583281,-0.41248371716075327,-0.011337167269758105,-0.11850427438449401,0.07425634178007287,0.005049884841574574,-0.0333507731286165,0.029610966973646905,0.07898925392054276,-0.20346639490322813,0.03925147799194946,-0.07786616764451056,0.05072213062773493,0.0925806850062916,-0.07495896905525146,-0.03609972747237423,0.03570239069189097,-0.05877979048846747,-0.009888990744489823,0.4731629440498471,0.32065423692110057,0.3483287871876298,0.021481968217402274,0.038805556813554305,0.034358851193316005,0.034455529368995035,0.027437293576089657,0.023672305333886152,0.035731332401763106,0.0844536482183486,0.014523014457462888,0.025957138117574902,0.017812955437923113,0.02568324643271822,0.01862822002488318,0.01607311571829695,0.00998480733978119,0.015895215910868638,0.008977617966696484
-0.5407959867862784,-0.4789338856993613,-0.30673115815933655,-0.13394950034572656,-0.04383505046650122,0.0872944226838042,-0.050609231337763266,-0.1832505559007592,-0.01300151437969453,0.02960898727804299,-0.1452619212425936,-0.035110301452198546,0.04309727871674105,-0.04858608314512691,-0.02650327617651989,-0.09387126381301515,0.00851658854963333,0.029106234577589714,0.012219151372328355,-0.06124902036872784,0.398883053411667,0.27307654744705606,0.1401064763069875,0.08903615640747235,0.043795974495679624,0.04727719261114406,0.0221681985784658,0.07212654332970579,0.018749156837292558,0.013690514202444125,0.04319990205788824,0.024429251082868406,0.02574084679657336,0.025436962885263818,0.021615560714071894,0.03217482983080504,0.01738624032514662,0.013198885681508277,0.018925932714949793,0.02807347617821038
0.3102444226862714,-0.010749349200422911,-0.5370291182429427,-0.4238460570170228,-0.11341867093894566,-0.19311446072852134,-0.1610701722287139,-0.0341071036564497,-0.13951963140004747,-0.12103505758034043,-0.10432694061768633,-0.1062954313154043,-0.10882017874664264,-0.11222912658853665,-0.031129748159537826,-0.009958583904187902,-0.15112259871877554,0.034529145178053215,-0.02340072146008738,-0.0019332002776856596,0.25683980326976646,0.0890051349495115,0.3196245985655133,0.22533104971727744,0.03400676524220602,0.05827487220185362,0.0475399076943216,0.019376067929919975,0.05264402210866798,0.03825993273795143,0.04857505375464481,0.03911799544343768,0.04512869051747771,0.049511353122173196,0.030900643850071952,0.02458644878332255,0.04912486413932652,0.023810907577579886,0.020353909764287786,0.018996187127121072
-0.2820466870670234,0.09477040424229367,-0.1205336460761863,-0.04800834069850654,-0.2835940926614932,-0.01601905894306211,-0.09433382008080404,-0.016220047268539574,-0.0281132772275509,0.027065981794277418,-0.008257883696730034,0.014820896611363472,-0.04605633179283015,0.042849894583734845,0.05898472860012118,0.013805487808344865,0.006322331351556063,0.019940314431079,-0.027949243516728648,-0.005245104575726538,0.7326558814239403,0.29245810790778565,0.1718393556426305,0.10697102232208669,0.30453131008132417,0.08565350563808244,0.06417334834286671,0.07368046799010657,0.0490542604410756,0.0616401486078466,0.045855010268395724,0.032457208737469996,0.06467678623621248,0.049012850690701576,0.043055615522960736,0.027722942392766965,0.02897568543958203,0.01987418391802762,0.022925906926422757,0.02942969735448419
-0.5661109625758795,-0.04472028978804646,-0.009723291244054364,-0.09356488006904565,-0.05378383878873382,0.053138031411860485,-0.12433866104743795,-0.03578923717316104,-0.014535821592540424,0.03661710603970797,-0.024618757574189166,-0.07638525373393544,0.03307115191323997,0.027995829598294966,-0.0229006307974435,-0.07841517922535755,-0.0008134455852846095,-0.09386242604734356,-0.06620887434498673,-0.07832943545190252,0.6327678615765522,0.12654930100890688,0.16284390416356745,0.0716424907455295,0.3043582382139236,0.1259235148524597,0.15601908533892653,0.08145331995006236,0.040387780646559714,0.050126105156028646,0.053549884009608376,0.0422205867045221,0.04010682733837188,0.025550728342907697,0.027846642352646542,0.05216360037986915,0.040081005030279795,0.03862878620761607,0.055053445691210116,0.04614339376621144
-0.4875683967539273,-0.1008036739708522,0.043061721412156,-0.016905175584327397,0.02574660542840905,-0.06456057179476267,-0.12787567081627593,0.10981431896241933,-0.06181627731328137,-0.023998956070848926,-0.12687205155071574,0.08882986287949049,-0.037729352068707256,-0.027474398083181438,0.024394537375748284,0.015773611850386386,-0.011523147570341345,-0.002772888360462107,-0.009706240593949379,-0.008239633630683961,0.18558489654163593,0.30687081454321397,0.5788832622649518,0.15369985662473695,0.3330214634047699,0.10495217831845369,0.10721163362647997,0.15130338732369492,0.05768571189996311,0.07850241583478754,0.0721021664015848,0.08606715174258069,0.0471040053385288,0.03347435521238346,0.06621524599615246,0.0686181180574165,0.051048846149988815,0.0361395542642644,0.033735237176144704,0.04241280296631381
-0.2210058504081793,-0.10626963977644582,-0.02009980585023125,-0.07403125141739739,-0.12162418958943143,-0.04486595245548856,0.11162994740608967,-0.01743437733262649,-0.028907965486997672,-0.01741064233273619,-0.013464360953711674,-0.019711279421623127,0.01565378565838692,0.012744361507660892,-0.022947132319253955,0.016397420387646452,0.02407477192281416,-0.004798432486210642,-0.012243114343977223,-0.0017739900398638733,0.6847885763484254,0.35946349326574956,0.3573194103907396,0.34968532234045524,0.1267094743094676,0.09316765204039372,0.11059996754500954,0.05323671004664589,0.07579658616478681,0.024446254200655184,0.03209845129061169,0.03662690237460953,0.02351696871135708,0.023280200356044292,0.032368597248367895,0.01927423423984306,0.030513510650536854,0.016989709226751745,0.014854552624430053,0.01277383003318736
0.05980371984553084,-0.21832173142563202,0.06371323288156937,0.04207465369069707,-0.013464397400868718,0.013208242199895566,0.0002652401328189869,-0.00582500434106155,-0.02044011789438696,0.008823122851107963,-0.0007723623012501697,-0.004685198621425102,-0.013242692620812596,0.0007390800325408437,-0.005421292789111301,-0.002003441382902099,0.00386614534687335,0.007385193374564582,0.001264394646525051,0.0013498346537371994,0.7647936725454586,0.2508224116832699,0.5255149535762474,0.10873888522453795,0.050306214995790195,0.029678130269466942,0.030089946750099388,0.02418180238896992,0.019037497432982102,0.015657888618575564,0.01037062175604844,0.007645578318363049,0.008010911493029713,0.005319534296288446,0.006865456053971654,0.005726060938491823,0.0056716288871335755,0.005182292547628468,0.003133201235634907,0.0033840549332330018
-0.29330900580948477,-0.06095830696396292,-0.21055982496500056,-0.08141460881963411,-0.11218045920160645,0.04735343412835669,-0.001922654079204593,-0.011743989165570195,0.032759200491175554,-0.02791959006629775,-0.0013796779196905838,0.055270373722896976,-0.020954424968372312,-0.011131788710663486,-0.01565995687610478,-0.011346863725549081,0.002603002461801716,0.004822677269008684,-0.018020642268448416,-0.008847749882667347,0.12414472273859273,0.8220346097684821,0.3111760021923139,0.1057048134783867,0.0916241788812703,0.10190365318970351,0.06166326256962847,0.06220661331800502,0.05924261749517199,0.0663470959769669,0.026924005634467722,0.03179533826550609,0.0159094204270276,0.032902552039707475,0.014733763915821067,0.023261123756091955,0.012909337560672382,0.020755785415508744,0.006238618277279047,0.007509384767802487
-0.11520540041297635,-0.25474039605357707,-0.22747605584925998,-0.09916036215424567,-0.08276121363183729,-0.0017996805904239009,-0.07428847535841403,-0.036588031978234375,0.019743648624243038,0.04273078921066869,0.026781602341193166,0.007123207314544636,-0.013394138759265579,0.024399973848350874,-0.058043318239194,-0.030121085872342516,0.02930508254087714,-0.013405211620309028,-0.02911088938795045,-0.036406163113756274,0.4857385912146889,0.47720911888997003,0.2483950370141374,0.275297251057016,0.25432023594359277,0.15819147468957556,0.23725752222138996,0.14834419818960978,0.12395968653421413,0.0653537961580708,0.09732751927669563,0.030493994015038495,0.049818593122510905,0.08723201341279695,0.0742964553013411,0.05421179371482804,0.08287461244377223,0.06918213557154228,0.065159828945683,0.04063231567622674
-0.0009782892702286077,-0.19882358483406296,-0.12783630622907738,0.0013630882779841506,-0.08419423610241786,0.10670326900035951,0.08690394727591143,-0.05339457395937741,-0.013858460249614154,-0.02466947244563323,-0.06244190187521534,-0.007967783018049316,-0.027724458298108073,-0.0655122693555037,-0.03813661850912268,-0.018474005248492954,-0.04509191439441344,-0.028709411592612692,-0.01694455568934056,-0.017264917317328196,0.44669312321401444,0.5856446790709587,0.48190160191177744,0.23569675005144947,0.08695594607491836,0.14648450890622225,0.07441687611820569,0.06718476183851221,0.10222697617024333,0.07192910319747893,0.049526855637478114,0.05741527396317065,0.05223861493723382,0.027395595296917274,0.030740481608785827,0.03662350501910894,0.019744968825657724,0.04708335965644947,0.01946353972274568,0.026318747252889803
0.08450448821395604,-0.27709439406956743,-0.09818851807958251,0.027548723657015602,-0.06115577412762998,-0.039460946564677475,0.003835981678037347,0.03905430325871375,-0.05752299405759181,0.032483766672211006,0.012334244127546861,0.03899967944703105,-0.023256509432662918,-0.023572473143959646,0.0012441009756423117,-0.011120457067736783,-0.01483116291611412,0.007948147853271944,0.01572817217808625,0.001479056851806322,0.746983566578498,0.17034803101345958,0.3773644718500585,0.3811181536809112,0.06585631660925675,0.05994759747849195,0.04313675080760658,0.04961288638783718,0.022700884691035997,0.03917791975480425,0.017521655252331556,0.022321792541224895,0.01952712318765096,0.014678954843381537,0.014928144472726333,0.007406076778859952,0.009539136171348177,0.005641946762919811,0.014071188972962988,0.009343001652961539
-0.01743295737554232,-0.1903703439668721,0.039368605223999174,-0.06976041217923622,0.10144825954864241,-0.11194324520441754,-0.042846828047957274,-0.14108969942156896,0.007508342973258449,-0.02837615474779544,-0.021138131411292702,0.023114926675955074,-0.019609695907624715,0.01583541372078351,0.0014458063236390554,-0.015201077295621321,0.008595976326933997,-0.013399748661296814,-8.91246985961118e-05,0.0017712045739206603,0.6407828011804162,0.4488243221256755,0.2396819171216766,0.2483362812152053,0.23120316433739022,0.1602578383140504,0.15256716047612803,0.17730128526948835,0.10721882167988919,0.06537804611379254,0.056559037810689654,0.0857241178377536,0.06723660876550348,0.06634455725666498,0.042674567956230425,0.060360781897699285,0.031118355061565118,0.03452191633453038,0.02725471068000016,0.02973481145187088
-0.1894008914945537,-0.6366735052063449,0.043804928616031774,0.041196848004773225,-0.018437957283288127,-0.03011984349806366,0.013113338138564587,-0.023584222935846166,-0.07862245556833801,-0.026215173578356017,0.009174306256720317,0.011406041195203599,-0.04226228988487774,0.01429194501306713,-0.01252763596689984,0.007195759582839161,0.011901415971363297,-0.01916461758085352,-0.0073759694915282335,0.0002279388336437625,0.07671963517208243,0.6262470954494789,0.09807912344925739,0.06276757893224061,0.07616261215309336,0.1752173791822114,0.20038489019551986,0.03369516571344122,0.16956959936317248,0.03564737978000954,0.09408223873771532,0.0457583268434264,0.06618829140723963,0.04590224857795879,0.019775311962288655,0.03352891025328121,0.03580943789112079,0.044965162552956246,0.031769951926092076,0.02507599793383208
-0.26594925768147404,0.08592877057180734,-0.24477766761306793,0.032829070722230354,-0.26849124377658173,-0.10222557942490344,0.014218982829282108,-0.06567719198245521,0.018543110544130423,-0.04339274290480807,-0.002788562555863257,0.014267019017333349,0.004634196502991936,-0.015626098869097514,0.006472427160246086,-0.006690408817680331,-0.019670831207379516,-0.021919317301416483,0.049574719185555866,-0.004772075680842161,0.32299551992102676,0.4500541075035191,0.491688151512046,0.20506886818332848,0.2820800533083732,0.1421459180856059,0.12633403583186625,0.1427145298362829,0.10658528439676998,0.11795496637200582,0.04741093924178311,0.03350690320755736,0.04021882299642263,0.03045165817970096,0.07685092311827531,0.024087358080252634,0.03982019565175221,0.02413132203497912,0.02785063369744809,0.01718082360075539
-0.10820303463105989,-0.029563823188357125,-0.1095152731225758,-0.027711699967336408,-0.09359331558062843,-0.05505380274210791,-0.023301069778872686,-0.06070241313535489,0.027053655787271733,-0.053937385104212504,-0.005953004260125303,-0.026388983466901446,-0.06914320793772354,-0.013368829851109477,0.0038675088949951153,-0.026561173306998996,0.0524262915112374,-0.022726873082003437,-0.009316124628505049,0.011096574867271194,0.5938038011872241,0.2522300748097643,0.5509644713305647,0.24552279212748057,0.2472871777143578,0.1574178779771774,0.16125790204469295,0.127603763611756,0.08840380396850567,0.08366604219492683,0.07627042466920861,0.051862890642091396,0.059164265915183076,0.049252960246035,0.03539673807380416,0.03942221176737652,0.04748082217336553,0.032795306029806105,0.023917668015819717,0.02946874006052946
-0.23359126232736926,-0.1835057109522753,-0.2835087051894158,-0.08606685358214945,-0.10163116203546367,0.026561606142466325,0.009085467736492556,0.06416728952639898,-0.03641635428681823,-0.03482823571962334,0.013360995335384797,-0.02093128644451138,-0.0012112267417488474,-0.014794922990955176,-0.026969041615225904,-0.0160373822560921,-0.023762666747868276,-0.040529447313684665,0.017918512277200045,0.0014169248853305482,0.09651143613270612,0.4036529891309772,0.26705391538084466,0.446779822610042,0.35486786181595514,0.3174201950265068,0.17016187263670052,0.22100181596488666,0.0812575961606596,0.10294429252863663,0.10327790581720563,0.0691374375396499,0.05101579661404994,0.07940312698661009,0.055253109373153426,0.05433844608337015,0.04899807706311764,0.05147592025742121,0.025018724779759326,0.0308317221819417
-0.2636349481668215,-0.19631467321616186,-0.010773905789342727,0.0492002727358463,-0.16582567715905955,-0.11391673330624359,0.015464073148035601,-0.09263269274036641,-0.0035570110903004044,-0.033880677912814655,-0.07580561327959284,0.0223670561808462,-0.013426458446197163,-0.07344952418323338,0.005317168178268511,0.004415685389895774,0.014825576123011963,-0.002789501641057924,-0.007960543020034353,-0.01218378200608806,0.15196598554283444,0.6536356569780047,0.37905394805989,0.3138398748569008,0.2012766999753711,0.17685038265482841,0.07518241123024072,0.11291710628693102,0.07781010199853938,0.08718709053454332,0.0689187259686173,0.07224019503689011,0.07408386671119793,0.08814051823717402,0.05311117981710477,0.03077061362579008,0.03180493409622271,0.0236587686710268,0.033038566076113295,0.025337487694019965
-0.4786584608926311,-0.08457455154684809,-0.241931102027011,0.3805899461441204,-0.19793613869590537,0.06365363717061076,-0.2595924216044095,-0.20780482377015827,0.04019474185425959,-0.11265086400805646,-0.0784777150999908,0.006047054094921342,0.034197712616738006,0.0013155037993308903,-0.07174388214674868,-0.1916434175925375,-0.1320751064978391,-0.11393594703094892,-0.06072213748854773,0.022209146250801164,0.38968898187852125,0.05438587190314084,0.19329651765267747,0.2736395622072315,0.11383321778385366,0.05331907598070733,0.10397530909845101,0.06559232155962541,0.029542596753137647,0.048248036352808166,0.028280707350088745,0.022338095688624056,0.014321128746086435,0.01603246099214395,0.022948285517462745,0.054195515128886686,0.03609550353196563,0.020028712394664777,0.01285913606899003,0.011555275278726167
-0.6557227423701962,-0.33469090803906143,-0.08073481237459018,-0.02163532903952084,-0.2238968991420757,-0.08598414142204158,-0.0852511426385639,-0.042187474039038046,0.027401822349322893,0.04902682421223887,0.054348616393153804,-0.040673241728821266,0.018884199782778475,-0.05385491371069133,0.07764041757738262,-0.024916685595551977,-0.004483027755814217,0.07904611602802154,-0.008618248785404401,-0.002478796219023213,0.5330771355981399,0.20089995966810725,0.0770375284249363,0.02884410689006371,0.13976464862479537,0.030030078511708583,0.04188186305801298,0.04809068676236966,0.015739927504143183,0.02214000135274696,0.034123871059166914,0.016354859772424808,0.010806413771959532,0.017229788211209893,0.028472131995444485,0.011635925374156824,0.01202478144154544,0.0245618891952029,0.01792954989569177,0.005931007844961086
0.006151673140425894,-0.5149015790781646,-0.41369235583435976,-0.11779030909639827,-0.148416409015822,-0.3961923217559444,0.09948722953050307,-0.030846943261336704,-0.07852626947828743,-0.13327062187698832,0.029404703623087208,0.04697688072532267,-0.02662375899788405,-0.021380545779841723,-0.14023604005157075,-0.023040796296810117,0.026960954820561597,0.011724815252659601,-0.002968290555127758,-0.11166357052636058,0.07191943103681439,0.3169534681221584,0.3595161325438976,0.06905887912192886,0.05075027725475558,0.19567104035960767,0.059714796034100896,0.05858019984710116,0.03791255266402566,0.07187643114207218,0.014844671013620251,0.008760294804575956,0.01677332720810395,0.01648649869435289,0.042406439738146555,0.01979948771007759,0.007351813186730083,0.016216949183175136,0.015694037883329258,0.02351877368915462
-0.5339719309319749,-0.4238369360429058,-0.2985519297276294,-0.34019535704781717,-0.16740614024394215,0.009459930007632185,-0.13138433323815263,-0.160782365330278,0.011039402523749683,-0.10122169917875512,-0.04851397947795355,-0.00749227389300554,-0.14925183371476614,-0.024328867590112366,-0.08330967294207657,-0.11423086625902915,-0.004756489533591396,0.005752535604274061,-0.03547979940127143,-0.034073997702555474,0.33126333968548183,0.21949481504424814,0.11659303262860415,0.14342513792638154,0.040036423970922067,0.013966920843279475,0.029594846077362253,0.048139958774856086,0.011194828958054664,0.020150730648364198,0.011247965820536976,0.007231821050160117,0.039362010907042985,0.008623204144707726,0.022887946670194382,0.026824860139154718,0.010356885314741797,0.00705392210100134,0.010169553540889664,0.011206894442219562
-0.5491938972878799,-0.5402194558034691,-0.18662011233547723,-0.038363504695937356,-0.1291709757789461,-0.011526979677853197,-0.12820128481103438,0.04024180626830169,-0.037383475545842974,-0.03292048776532998,-0.16839426478968292,-0.002908651734798086,0.03666472744510382,-0.0880224364706994,0.019102185627324686,-0.0017949444497039368,-0.022539568783873264,-0.0779735073751932,-0.03783002690182427,-0.016126023305476345,0.3917632738038193,0.3516441507726949,0.05035948966663182,0.011801192338690977,0.03289572575729585,0.00974565397993063,0.024600491121413267,0.026353503128244242,0.007076608999840182,0.021700100845114065,0.05492077167550018,0.010088704804344734,0.009935524046854737,0.018278489480813395,0.006420580375498037,0.007163171571518311,0.00515469807934015,0.015409449611663649,0.007124659882159413,0.005291345103912412
-0.0931961438315334,-0.6773920981922034,-0.14967725660435632,0.0016845610609644414,-0.3053795546655199,-0.05825863540760254,0.10139001786363237,0.0670128613134462,-0.09030630914387537,-0.060742852573731736,0.08476950535522099,0.00197871244776372,0.06492520016134316,-0.06121805833360482,-0.022851355890393606,-0.04595833080553832,-0.027394069312509248,0.04345079728717377,0.030585138572885577,0.01044566249008991,0.020886228427912594,0.5747936261530745,0.09887413138359862,0.008367785418466741,0.14694634287868147,0.014273079998820779,0.028264109429034096,0.020029548500878007,0.01928078518102429,0.01691671898722341,0.016929279520904977,0.0073071777012471886,0.015423722329982464,0.011591462214258335,0.0046547994619658235,0.010956390755260576,0.006199670275915453,0.007299709079551638,0.0050612050114662785,0.003958636843966759
-0.18729027206585616,-0.5256906420430163,-0.10351594505448619,-0.39245608680699673,-0.3136053152683729,-0.060642152548986236,-0.2286982346185433,0.002348639632209346,-0.19109092212116158,-0.11247261163535328,0.11760412499407791,-0.05102263871471646,-0.09077806943839932,-0.25765839854470496,-0.04756633730231774,0.09807711435306786,-0.06309175297061059,0.04262562519391136,-0.004571126601813434,0.026856688702801407,0.15811928060201091,0.30397418087408573,0.040636874005897716,0.18985182444423152,0.12170790622290761,0.019949277823134524,0.12239247548570757,0.008150457835738145,0.05698333180116689,0.020186083481198002,0.0309357610303812,0.030401376511311563,0.019966692311199682,0.11477706576178492,0.022053442733497464,0.04134977207748682,0.05558971260590544,0.010086435703859318,0.019605382360045418,0.024808877837229702
0.2167486145545596,-0.18336028316755223,-0.5567889371202085,0.0702481489157978,-0.29581442455875606,-0.39691261103507236,-0.05342257879158429,0.05269986766640901,0.1317460160785984,-0.11648469017587029,0.00501867767419848,0.027698887421401933,-0.055979026616656935,-0.009104352575198227,-0.04919279787565944,-0.004850490849213635,-0.09286328800100693,-0.04483232392112088,-0.031897790738854966,0.012230323512438645,0.10201892389997186,0.21992464707161644,0.43076035650711364,0.02530602869328754,0.12061827616662305,0.200982222173671,0.011221457915380978,0.012090897752647062,0.031826689208002856,0.024530530358762504,0.01703143722600296,0.02546415994133374,0.01640913985409048,0.006266970978657081,0.009748646486766226,0.007905637689478306,0.02205271552805648,0.019198170332630254,0.012784917673205361,0.0193047288123429
-0.5129254192621443,-0.45153672297201086,-0.4258189853297668,-0.1242185561808963,0.11769020436968256,-0.0832743015291477,-0.06996072164908765,-0.03707242561909935,0.03357262943969375,-0.029537520219386132,-0.04348247127734377,-0.0966834752842699,0.01139137074181562,-0.14621125688932834,-0.093464191689448,0.10287876734584081,-0.05559748817382113,0.03283924388118303,-0.07427065513143957,-0.0070698563447459725,0.31736689540865526,0.24112111168641273,0.27284494824212363,0.05300534890050483,0.022864606686870695,0.016289380534906573,0.02013270996335614,0.010652751860126871,0.0240464643674097,0.015291714549384394,0.012328158374943476,0.022817135961836973,0.018708323821290115,0.05286695465683728,0.02549627940385101,0.026019122909247402,0.013729820903869629,0.01803289888952837,0.03738706530805473,0.01116843987845801
-0.670982727921044,-0.2634936526500897,-0.08078432482918109,0.07913384321083838,0.07149847999179897,0.017700003633310122,0.004617843975912714,-0.033968093722007126,-0.041287934673772335,-0.017560792893014425,0.07990939748656034,-0.08049286086463556,0.015810668191041367,0.013650201976032495,0.03712122818957932,-0.01473706523229177,0.027033676021305377,0.015674757370472598,-0.01250750101105944,-0.06894630486639407,0.632333970762508,0.16803034676914994,0.06109831110084324,0.018917984351723722,0.023906698511610175,0.020726162136691893,0.02020311202535425,0.009276973556220324,0.030909295968088717,0.012381749696417074,0.022388503629625023,0.032241842413763024,0.019264378548153337,0.014597001595690218,0.017648602244276612,0.01262365864622724,0.011073181098574716,0.013208965583950237,0.015057606957880892,0.016547673312050065
-0.45447353750718567,-0.5803066083323054,0.020617561690600587,-0.15258403055356248,0.09301989234935706,0.007934765226953579,-0.21251660790527035,-0.08416082107691057,-0.09251992588461112,-0.01966929293293747,0.014367426509502594,-0.043354993146544556,-0.023684387431224793,0.009878499609250984,-0.037749509955614324,-0.08235886004767266,0.024505857084557683,0.00905322235092969,-0.028943856588999783,0.038238841976268756,0.32109279242856553,0.4699288458860696,0.07136367981316794,0.05898355776154025,0.035296837269835325,0.02950705595918819,0.084635419210975,0.03240607685707638,0.0432242113875318,0.02949302614070756,0.017489356932769647,0.018467170165192684,0.015467531853610455,0.015723866739337476,0.018325104817968202,0.0242779044701087,0.01457550361265552,0.011858852679484406,0.024294969992862094,0.023909661082573894
-0.2048495627466328,-0.5228086846553917,-0.40443841717555695,0.2719625772212142,-0.019747692409259575,0.10285354445778311,0.07087678462075334,0.09228842373257455,-0.16337359662476986,-0.07596298543934366,0.03899698627591981,-0.04321669943326202,-0.13570521560396667,-0.0323905730881588,-0.014693918797700586,0.011550072957950406,-0.10167649463626822,-0.04740908624057886,0.059204498388087244,-0.004928045834886259,0.185065342586716,0.4290197601774722,0.23081505545074626,0.18566451579871526,0.03908513134175286,0.05992645050607196,0.06819149176404012,0.06236634891606361,0.1108901643624013,0.06715901718544302,0.031697867055063965,0.04046105375088209,0.04983044137764901,0.03099227225205926,0.041585878962083815,0.037754256414823655,0.03666399977941868,0.03713764774642808,0.03265636604835118,0.03654141485893672
-0.26890488703514326,0.011306605985910613,-0.0340233671433213,-0.043020370223365474,-0.015824346735339882,0.02434505706332525,-0.03378738895487993,-0.011490288458755368,-0.0026545449716027128,-0.014994713765509707,0.004337145465230585,-0.0027910111622894314,0.010802271204344457,-0.005119568342334722,-0.012210803601703466,-0.01010536980385705,0.00022544620239995495,-0.002985546111519188,0.0006189001616115176,0.0036540736494682174,0.8373759318449122,0.3409116433003068,0.10530486019875859,0.13955690588457695,0.14824457193389448,0.13280697693703927,0.10528317171031017,0.07905059435091803,0.05046154911734589,0.04764580520534003,0.04750125567933076,0.03843418598908871,0.038750774087951585,0.04564043361828591,0.03171880092279278,0.028519774106812182,0.026744991140851344,0.029701057321092888,0.027738215465590087,0.022556564635001317
-0.30787082247089254,-0.14460156775802002,-0.32767339882047875,-0.11060425308528098,-0.003190278747109739,-0.05302616530660988,-0.010224201372088737,-0.017000809656663046,0.01201634716584052,-0.021902905136924895,0.012576481024993303,-0.005951489342082313,0.008708856695077932,-0.022181416751021383,-0.009204017511006466,0.009735127267889098,-0.005506025601511849,0.004842254759032372,0.0015722334657376938,-0.0013035529311187703,0.13341754219096777,0.43454737945711436,0.6459053212791357,0.08967067550657803,0.24105673530071106,0.16491423976138567,0.1421686265389626,0.06312325757876465,0.030069177152349847,0.06996019019346512,0.013244077692446586,0.04569479865707294,0.04776606585125687,0.03739693423542281,0.03905271691397372,0.04672198613008995,0.030297189310113944,0.033298701217492344,0.0186032911117764,0.025953374416908644
-0.641694518146031,-0.14776752411731128,-0.3829405770938594,-0.2834351148170915,-0.05998727970928483,0.045234058376065554,0.06735205424075645,0.09326478126057752,-0.0968902833450852,-0.0642411878261739,0.032267292301329166,-0.04924739049138956,0.03330981768657821,0.0007005295772386436,0.027748493975666404,0.024457825970274828,0.025828840820496284,0.024430809740258155,-0.0004185453172959031,0.0019967824623712206,0.36136437115655007,0.224887025866736,0.2091759911297219,0.21242300889551394,0.06340310361886711,0.030848581446031195,0.06310764174986323,0.04889038143679607,0.04753763930268267,0.08733524183102585,0.04056039625709166,0.04066561973213656,0.03476850115819632,0.018537066719748415,0.026558058405808462,0.030911711766557198,0.02438523811776788,0.020429248442473482,0.024032721481346626,0.020911462829887918
-0.631298569091186,-0.1292317451364368,-0.21061759231642305,-0.04239644430821612,-0.021138338987184816,-0.10699488719601206,-0.012923676543793014,-0.03106585748284049,-0.06336474228006403,-0.013751150341096186,-0.024436949896144925,0.02127131081193218,-0.03612672757344089,0.06259533083807511,0.005610241438244864,0.021829102643864978,-0.007943298685373414,0.004830303217069919,-0.0012101104634818867,-0.009246194500177512,0.6614550047742597,0.15323011294447642,0.1633630038128603,0.07054792047964249,0.05860913721624489,0.07950794018654264,0.04200501392985588,0.03637044179883701,0.04360698392232062,0.0218134047604018,0.034480136527900176,0.018170311857848925,0.023551879711122672,0.04396964624972731,0.007254371367048063,0.021765740835967464,0.01862497510038607,0.028316286863091344,0.02259709471335403,0.01838733598924108
-0.6912880704128292,-0.2785305939594498,-0.2644890831594358,-0.1611485360450423,-0.11145301140990878,-0.02637336002331087,-0.013037319930658793,-0.02306693392322235,-0.013002760720496501,-0.009620048757114735,-0.002558177005475607,0.00928178189220719,0.009340660978345638,-0.004924056796999508,-0.022479286514144537,0.00496398621642475,-0.00564736969341903,0.003972827482621769,0.006648566583671692,-0.005836625843390871,0.4590288500559019,0.14212300042815848,0.25663006605589594,0.15323441684694672,0.07967934648559014,0.02602890538326226,0.005990024401877077,0.05053601346977402,0.01711342210217397,0.022887482859012105,0.031898013380361585,0.012632829301886379,0.017744552587347598,0.014605174118886618,0.01736676422600516,0.009437246310242413,0.01791622690735022,0.01444228046161909,0.013797363810978548,0.013499916790733599
0.428326493539976,-0.11622393220352636,-0.43557863779572853,-0.10237973016331885,-0.029030255929962757,-0.2643242293452357,0.06836816584496014,-0.06830822704878177,-0.07277804624796516,-0.0294426848102071,-0.0532182246685221,0.012296301564002004,-0.09345333966802204,-0.08655711190786369,-0.0485179249936518,0.0380671829211809,-0.07666483158553594,0.07881098346235535,0.022271420305624536,0.01770708106869909,0.3375340659558549,0.16540167967240765,0.2806597429690009,0.34444786811837463,0.0638533458115398,0.3114828234306049,0.05002237571051723,0.04706657995328147,0.05683615051377086,0.03496408599179978,0.05166079640427876,0.06343537429801377,0.08278291121822257,0.05035129176962653,0.02763578480182771,0.036206695217999255,0.0852627162211767,0.06976117558026618,0.02020715409980301,0.03198576300835548
-0.6144855112506753,-0.41126041994237633,-0.060417409311459794,-0.05428223095645808,-0.1814319366490119,-0.09565367380785568,-0.07524844433659707,0.013913743444943711,0.01694584133386709,0.018595324930358804,-0.03952739847111492,0.00240064161686022,-0.006725386651367701,-0.02109743574349644,-0.013453058968760711,0.0029952160766373932,-0.035217824617354926,-0.024278129810163716,0.0021193104563644234,-0.01387081111595897,0.4649552206991689,0.33465072104124477,0.04612904045782191,0.020143177166695347,0.11861199635865485,0.0706763270811475,0.06338317980849827,0.07137044739610351,0.04334223699478429,0.07125924694165918,0.08647591392014997,0.06224592677012065,0.035028265246683336,0.041849078098114424,0.03493793946265911,0.04926592830588331,0.06383949990598295,0.04382150594211129,0.04645942817765032,0.04326421934935705
-0.10368169862750244,-0.004441843584955516,-0.01069742913785136,-0.01791840226246763,-0.031802661483085116,0.03720032062916688,-0.005171220600172598,0.04072707957802682,0.04574768274974361,-0.014425665976400208,-0.014527607360665757,-0.0013177590035192107,-0.017377465606695494,-0.012240744391385583,0.012337803134653656,0.01278077060675648,0.005270437990963511,0.0009065348007444548,0.0017014781244233856,0.001881628704781095,0.8680952151078156,0.3722660778223386,0.22648453975230043,0.0873720035784229,0.06474016016300792,0.09544187718706974,0.06729567778944506,0.043443802360312256,0.06265682658816206,0.04196563100736825,0.03413507601842057,0.027682600462922945,0.027510534366668445,0.026707802907120996,0.018506842065629196,0.017376841327436585,0.01964548957822319,0.01103420792021426,0.01271724903296158,0.013360469195603606
-0.008243061101088647,-0.0030965372029720527,0.007248580593090878,-0.08505650492406479,-0.08999063799394678,-0.03357931604698687,0.025070866954298315,-0.017387977951485858,-0.004178801253365802,-0.024301551297376843,-0.002932793412155074,-0.020313032952632995,-0.005442904392285107,-0.019131228234175145,-0.005316955428990696,-0.015174586045595732,-0.0300243175283834,-0.005241404913319556,-0.007544898386131371,-0.0005958841655113027,0.912107894312767,0.131758330400643,0.22012082724293436,0.12719059999683066,0.1338052159594868,0.1361087631112968,0.0614178261731658,0.0589428787609522,0.05007421976583782,0.054584858281814454,0.050490366083611085,0.04159243831395178,0.03922042823596882,0.05267145235319034,0.037621847976340037,0.033511749844471944,0.03803353299800129,0.04206163396885743,0.03187628600865487,0.03677545714602578
-0.7055806026855165,-0.019703815372899686,-0.11147892718721501,0.011553684979936564,0.041664800548346564,-0.0817600545085698,-0.02547055009939582,0.0033666266488044847,-0.0021241330126203443,0.014327342147771956,0.00014775070660651723,0.015342293095794355,-0.015602320114248138,2.523491683513939e-05,0.0038372319815878258,0.008197909774406304,-0.0007335259107755777,-0.00317485655308358,-0.0075264597439067,0.003581652054050166,0.6889523705482238,0.010501132851778063,0.02219440698481511,0.00439910360410137,0.007652463900522679,0.02723464999364984,0.003697104345859346,0.0010432687468598096,0.003449192539239997,0.00954193406352705,0.0008667179063936128,0.01688449752883792,0.030299105768939072,0.021965417629083328,0.0036435617261299388,0.02632122996614625,0.008691508540677325,0.008291215969431592,0.017417196058589515,0.01548171308008648
-0.4442112033654359,-0.39951736114256914,0.06754679951528048,-0.25697533674690426,0.031913642566794895,0.09239539714316719,-0.2741642664423174,-0.06856574479035167,0.08193159014912998,-0.049901622674123354,-0.0782972813073604,-0.014286844967268479,0.00497520408705478,0.02644403544902154,-0.1222589574313417,-0.03706755812141,-0.05093296055287339,-0.018317558951448827,0.07445280655264228,-0.013333846599404455,0.3982270318390085,0.3085883661068592,0.23909504536653806,0.1583715499332889,0.11095487102625383,0.1360096030107001,0.22515382198353057,0.03715118149440598,0.04040477455520654,0.037495659366907116,0.05892682370380205,0.04343624191320897,0.03308867957416454,0.023594082506992898,0.07141621941424754,0.03463752647952557,0.04088560571685191,0.04557445835010909,0.04295384592097244,0.030343768152472354
-0.3966880150631835,0.25181971341840315,-0.2687028219924877,-0.15728461978582997,-0.27586894287214264,-0.17319832013759684,-0.08281192640281688,-0.05241456288340227,-0.0315467953648137,-0.08263868837135455,0.016377724181572993,-0.025964953839822596,-0.03197965069403952,-0.026772109456618263,-0.048196280403106306,0.0020432158050482886,-0.0843728213758357,0.01420177655905927,-0.009328761482619324,-0.030848808696490728,0.5061377796432042,0.2877382946112874,0.1616115608595109,0.15395808444629358,0.27745523836492614,0.15204083321425957,0.09056312448516353,0.06051088213496967,0.12959806818132172,0.07144396093891245,0.09483103537717227,0.036766320160141634,0.035520064136392894,0.04939766758039494,0.044719884834106265,0.028533094669017184,0.06661082092412805,0.02775705280055914,0.018003273755910324,0.018540552322502044
-0.7474140475460365,-0.17644517973029725,-0.15361890768166628,-0.003105343562419094,-0.029762452828391017,-0.003726204483480068,0.009324648434909677,0.01900019393401153,0.013000209115622103,-0.022620276890393098,-0.0315207715611036,-0.007895140595960184,-0.015352612661084295,-0.004311110077167943,-0.00274079357943205,-0.0035107136884901333,-0.00200674333733966,0.0041859526408422176,-0.009992513623595585,-0.00021270760825418643,0.5150706030140433,0.254792450036421,0.1596136634362785,0.07520000158343058,0.10132122056999392,0.03435007483841892,0.026721530798337216,0.03801786313168199,0.03384703691595933,0.028571224021088464,0.025078254273588278,0.022610943307984497,0.024093311621347074,0.026076377412983964,0.026113938266410695,0.023581683653838028,0.021518612113775898,0.028097866365346467,0.022317821611118536,0.02908792967414648
-0.13062037750814284,-0.510200743404099,-0.17705904074753112,-0.44865083922507815,-0.1367409331983201,0.023244219901196187,-0.09536506231990297,-0.1933952090357533,0.09728739472018848,0.12785513626269604,-0.0637041246387729,-0.21378633276812556,0.0496252315718796,0.08621390732538432,-0.05283914470368063,0.03284221111701561,0.015058418984799564,0.05830916134852582,0.007435296153034301,0.009377591734744737,0.1235710750262371,0.28495645149547233,0.09539608826579979,0.40106441616908645,0.11381843536879972,0.04455201250195978,0.0847182075250677,0.10659472906639257,0.047267781283185685,0.07362070076916602,0.032466402238414065,0.12361369694487691,0.045920806857642237,0.03360676349915974,0.024749585142114124,0.01226192533923696,0.020921056563855758,0.02568330715865077,0.021010370735693895,0.041475273561460656
-0.19161894959325595,-0.15726682225053715,-0.061326441820680554,0.0686099422750744,-0.11284104606143236,-0.6188030259140814,0.018179526004575026,0.08607274648663348,0.07466225587927992,0.1215930064209953,0.023302403116875016,-0.06380713676753234,-0.043162250625158785,-0.00644289442324247,-0.06844243797863103,-0.04582530927914382,0.08464032442690468,-0.0705790075420726,-0.0013093154721014767,-0.06265084319927655,0.11393467259193217,0.06562969185782201,0.13027510547772594,0.05971254539726749,0.0500729282600528,0.6494990833564878,0.045501380965454495,0.023437640756963096,0.03764739422579136,0.06197222113386754,0.01869375625709287,0.04506286478832397,0.015862225063042037,0.014350106035979065,0.02504837437415632,0.023958380439961027,0.02306947484278015,0.03519005275147792,0.013987987753392465,0.029871136805825024
-0.39372183212289835,-0.2556613724847259,-0.3975968532616268,-0.11646692680715287,-0.31936746641704933,0.1903489726905987,0.04122591663552544,-0.3944271576400393,-0.025777358515714766,0.1705512897680508,-0.10324477201037913,-0.012265814548145267,0.08307429329305888,0.03755983827781664,0.1323325066635895,0.022915280282230117,0.014797566757013374,0.1009983953435194,-0.0302185089197293,-0.023531225934948084,0.248915687405053,0.12150078229849974,0.21624135823555593,0.04539105067512803,0.1946624418003047,0.10333261526034326,0.039744544504562454,0.20785755374568574,0.017262398759758067,0.07324447872879687,0.04352228974294066,0.016357335243892632,0.045816713317372526,0.03439493111980311,0.04319014790555259,0.008748169136398197,0.026169133553475887,0.026470795544839432,0.008628226703159804,0.016369766943357525
-0.19904177373199947,-0.037139444746668304,-0.2913248769895728,-0.3855943154339162,-0.3839339969711136,-0.14310508803547556,-0.10557203605745355,-0.04745122556998726,0.002688953987610929,-0.03138081371950365,-0.06423311283804949,-0.07952103815870273,-0.03980637998269072,-0.06772092493854916,-0.022187391571006493,-0.08740586135837096,0.059123846629605833,0.03980513235963519,-0.0020081010805466713,-0.024101272494265406,0.2948211871932323,0.1430304021515118,0.18863404835353748,0.19432613595345666,0.40714783289008444,0.28438411665674324,0.05637633409212789,0.13980652938071686,0.119221125902572,0.048337935119963094,0.015089374397562487,0.07862401809505183,0.053500344522957516,0.10434824238143607,0.028522654417122126,0.06342516687289373,0.08613517053201523,0.09787737909393351,0.061984740422430976,0.016749813968518136
0.04783363961719548,-0.3905105365986367,-0.15232390617108077,-0.6298051216732489,-0.18854115524675732,-0.15580990521402102,-0.10053414226791647,0.06925300960458894,0.10180699343419758,-0.011075744054593283,0.004740058209103383,0.0165018060331482,-0.023998058017627402,-0.07848259461399311,-0.025179370745422383,0.04165059319516101,-0.028376590828547738,0.04877573562270693,0.014387943340912132,-0.06287778148015452,0.16169280806164038,0.21620542918593774,0.10057797638267621,0.4001503179713413,0.09259070748002156,0.07604626609835423,0.055707795583696054,0.09260736630973715,0.026594863891149744,0.11613747988668141,0.06931816685945504,0.02405186278357982,0.034452145623763045,0.028827555959820287,0.13794109157860787,0.03312371341183049,0.034902079485731125,0.07496869070658815,0.07111701525399927,0.024874921098884974
-0.08529560085116072,-0.6450562103557013,-0.31694886999666594,0.02968724792601847,-0.2863683481494012,-0.024969233937209095,0.01181672289838468,0.0066760862662616416,0.017734702104432197,0.025522437037611177,-0.07310747760808739,0.03222805054119446,-0.005731372590701438,-0.01162206229975925,0.009891963180829657,-0.0021076079830558547,-0.04185117136513963,0.019365889238980957,0.008200626313022102,0.007314165968427692,0.10653126801667287,0.5095753928107192,0.1820269253996528,0.05039446212854181,0.2526911258010924,0.03684672807690994,0.04133468859283988,0.044708400097881934,0.015339458296004698,0.023834340959274475,0.020282771697351393,0.019000503305323723,0.0314779266658403,0.01552112122267944,0.017174920806958458,0.04711499084171587,0.02784703458959685,0.026139496739539216,0.012329117880725974,0.00822051943185002
