-0.5877638019367408,-0.0733410101415249,-0.05995217528652561,-0.03643175301707187,-0.05869054094889761,-0.0011277747034632024,-0.04805302838707898,-0.027514274218183456,-0.005735259947017487,-0.037468050329379055,-0.024746670118282073,-0.02388842728532398,-0.020841979498275463,-0.06655295899723636,0.0055519595685765855,0.012729971753356006,-0.02037437117688232,-0.024132083757219376,0.0020902550801418715,-0.009058146296470782,0.772548099563668,0.12981558871130972,0.07828025845802801,0.03985172532670398,0.03887825998746708,0.04828657506450843,0.03126342584547444,0.021384263702788127,0.010271863064027935,0.020398423421985463,0.017967503668093767,0.011306830342659936,0.011567072970904781,0.016993917544925487,0.012705750969709408,0.014237105614264448,0.010689860674163068,0.009498628376463722,0.01664842122273597,0.00662976232525472
-0.6746240021550839,-0.4101067082001211,-0.07080667847682554,-0.031745053256531604,-0.10401890254350762,0.0012664167561524655,-0.05165671139479145,-0.0224155482150542,-0.03399184809122555,-0.01057488906796877,0.011245850566687155,8.641763463780561e-05,-0.006727990923951526,-0.0210411681713618,-0.012413845081782534,0.004282755739671099,-0.008125503243393261,-0.012853522103587402,0.017203158147119327,-0.011731143166347421,0.45537046879026116,0.19750608457739283,0.2924402274813553,0.08804899986626868,0.09311418381862753,0.043680632074471405,0.029608783209182737,0.030314237603423614,0.018897814829805622,0.011729268519658784,0.016299129173870674,0.012895093620670707,0.011574178990636808,0.011284036277054323,0.01321003647349338,0.011101148749275556,0.011886972295982031,0.01037571821206241,0.011810319586364327,0.008328960769828296
-0.5495302892845647,-0.22869150657290502,-0.1344020754195724,-0.12290068533201749,-0.05705231773975568,0.006269051763847102,0.030458159076003345,-0.019514502713926594,0.0048348139231590885,-0.013393396297027774,0.006633328444048423,-0.010221668704897217,-0.017208582548868465,-0.0009053327561378838,-0.008539320847284468,-0.0014595829001608556,-0.006953081019444037,-0.011291783714585172,-0.00281442473903655,0.00964329817042737,0.2716084501973175,0.6606037460373375,0.22954077076535812,0.1297676578177369,0.13500532253592112,0.06024714083608485,0.03441236245215133,0.032727985301955954,0.014804585244840926,0.026786232616733144,0.021172623701525183,0.018618765409723174,0.01434572840566999,0.017356565419442662,0.012251258418994496,0.01227818062896497,0.010319621501725024,0.01479782864748305,0.012399991866434465,0.010865748773506774
-0.6210025873777676,-0.48441071511881023,-0.01384645576174944,-0.015539410128689445,-0.07560126951097834,0.013406797906407492,-0.009101998993041033,0.010058920040706932,-0.037330123013553936,0.01061756715765554,-0.008520149645409647,-0.010372277158954456,-0.021314757633666775,-0.02504537737660874,0.0016693294662190102,-0.014036331656249854,0.003978111352134329,-0.005957505397761708,-0.01335592164009691,-0.010742672670010656,0.44121779284469137,0.24270513368855398,0.09267795608436256,0.22258914885703257,0.2133167158536488,0.002938664172117998,0.054769611472049534,0.08144066355725615,0.03301365831081154,0.017995286097417667,0.023341474685238322,0.021137651781086,0.009180571524138844,0.009757242726425149,0.012246964625834517,0.008729951039386912,0.008739489368956617,0.006303033697195507,0.005829007412428192,0.007513147700958542
0.06970725273679323,-0.7063676599377219,-0.2375609003575085,-0.18127776284437014,-0.010806265894445133,-0.07079512399411973,-0.037379357195208913,0.02312737425306389,-0.006966896216738744,-0.031250878473857824,0.0063244022000562726,-0.004265271789725151,-0.009212487864557672,-0.00322549460791276,0.000686031745813721,-0.015401189351908996,0.0034557525540891165,-0.00184468905194101,0.008969800376739057,0.0032138240858806465,0.06558474372812767,0.5652001351875174,0.07348421005560538,0.08191723615779206,0.09507003589294567,0.19586256351678905,0.08427485255047591,0.07319972285106353,0.0063120153929879875,0.010125154036375032,0.038112295105258286,0.0019064128804704246,0.018521232227826107,0.0035209421860010305,0.014130274276610939,0.012247525438596819,0.0077605679207709,0.008242421233096845,0.010088215882232384,0.006941722729479655
0.44891782371881433,-0.638334429387769,-0.07668344993429767,0.11173487631749442,0.017740486390584138,-0.038091117476470135,-0.014235084687804286,0.005943928292414073,0.0073566197080534995,-0.005736685087890602,-0.020317881136463996,0.0055836085248516356,-0.017910834801233524,-0.01114751348472477,-0.0040826686139652235,-0.00311320588052657,0.004288430994655897,-0.0020862645310812584,-0.0012055245530862425,0.0029850450538563976,0.2569267297316447,0.44596954043549863,0.04552882446768586,0.29203662967976807,0.09000256888402919,0.01702157116172136,0.08101057332461954,0.007881798356326228,0.03516804862552885,0.0022498043390182,0.01973200440113522,0.016194732517068284,0.01135586665933764,0.009944483235294833,0.006654267882038314,0.007106585347897344,0.004620685925774087,0.005686979637651388,0.0050421698940092165,0.005388213249230414
-0.01475885714562983,-0.5883554998288466,-0.4245210882987418,-0.14351824905064092,-0.0410430085081769,-0.1012661332932913,-0.03491844937297267,-0.005007697311333022,-0.06092714328942157,-0.015195416472513197,-0.027786361112131484,-0.019455754855723744,-0.007534217888036141,-0.019916764222742918,0.008700669004049406,-0.03248578651345372,0.0037656605517695104,-0.023185093168396193,-0.007500563484399218,-0.027784723692770928,0.01666130895136554,0.37670586431395703,0.25605273238029913,0.44421629517928185,0.013859965377477884,0.12194025263812915,0.016665211489692515,0.06394116189590329,0.06814931990397571,0.019560308054886354,0.028218453953268847,0.014266817217661428,0.016863928490404675,0.012057624898726112,0.01010939843749586,0.011686790696172459,0.007996349909406026,0.007693967048974825,0.0108907617619057,0.011032482749329877
-0.5070624406355885,-0.5535324661754342,-0.4118076142999459,-0.007490270588189518,0.009231074391960697,-0.00031143985150102724,-0.0008986065545471748,-0.006282011717114139,-0.009915322894632558,0.008745987624108793,-0.01043234900482482,-0.0014095650377432287,-0.0006428059516224568,0.005839434841928085,0.0009927188950745204,-0.006845639803160782,-0.00041955026959660744,-0.0017936148893236158,0.002295262611293167,-0.001113207245269705,0.25655468292552214,0.32530115969597323,0.22834928845449468,0.16940971372156718,0.09400925721323576,0.0034107342059286334,0.05303444190015105,0.03440219670149325,0.005357486474222427,0.017829953020194165,0.014206403854290388,0.013584866719246939,0.008591546878085454,0.0065065065897169545,0.006282920002462362,0.0061521643482870545,0.005279228836268096,0.005368537844903255,0.004465828137751853,0.003403240461919918
0.18402881084646225,-0.3820372885547692,-0.12571924879424293,0.09510890340339777,-0.06605020781044496,-0.045317194462468485,-0.012235961111877879,0.0005032644830205185,-0.014330338087582427,-0.021342075635448068,-0.017732880748764564,-0.014666150479021397,0.008914071405294962,-0.012426274171100064,-0.016273548817835264,-0.02815831346161561,0.008105889195536918,0.00935630691583232,0.007840605199368016,0.011968582931908025,0.5988797109144652,0.612755581193411,0.12670157819787145,0.16596599144135288,0.04602727772595527,0.04413061009410985,0.030983244156592486,0.018644058996883185,0.01949585155552772,0.026247283170175887,0.017733048645017985,0.015116179653925359,0.014286379954649835,0.016825692937650755,0.014615403456847227,0.010811393398179705,0.008633532970515632,0.010793549709981247,0.011103727571155934,0.009042996385757082
-0.22476528668106957,-0.45759194999565933,-0.06742418483862407,-0.07796831450598825,-0.1389656961071815,0.01944399825076327,-0.022970439037818625,-0.05747651618777068,-0.02513706576893578,0.036990911192671026,-0.00935011290482366,-0.003985046933681053,0.0022167975411137436,0.004139613095204326,0.0018642297615031238,-0.010557460473282713,-0.008756580021822192,-0.005005496396827223,-0.004376900556830768,0.004248811033865769,0.09177152370477076,0.7031125801186171,0.30468146731270096,0.2903407215280541,0.09608130165129299,0.06936793364554586,0.058865032888766086,0.03433845491168892,0.020179164285425894,0.03703175554090644,0.01670657274801049,0.021846596415715347,0.013315389756634294,0.025940240706026112,0.01519745167332061,0.01625174048260709,0.0187189267039556,0.012858502968790063,0.01982852456175638,0.01304700683876394
-0.2685050263892498,-0.6558782463706909,0.08389585054813764,0.15402006269006918,-0.0907295913500755,0.03572840981932151,-0.02964216203027754,0.08154081787623789,-0.08020835890629958,-0.014270280263118657,-0.07573727304072522,-0.0051151367763191775,0.1191705481458453,-0.06694772237984464,-0.04002085198801695,-0.06606013117360914,-0.005903638815858673,0.003342669425858357,0.05499835086666133,-0.015728740399570007,0.10287283750406523,0.4210155194875885,0.07065877543988867,0.1920465335623778,0.21610375063360746,0.23480717316020353,0.1549684240144504,0.0859601765713268,0.08395921035646253,0.05382064926473531,0.08484958188345917,0.05035923486353799,0.0872361492003639,0.06613937196978147,0.06203406457900204,0.06321078533856554,0.04676619615445773,0.03237471895352563,0.045694057050387996,0.04220756174678146
-0.49985107812437407,0.23365561213996253,0.25546998902721274,-0.029321442209086064,-0.08459161236149855,-0.09067156490362305,-0.09052603290908591,0.0017456338632472063,-0.018957649884544448,0.01109853027537611,-0.011571130456742068,-0.0183884298771747,-0.008441680504851163,0.0035299635434227873,0.0028508116514140555,0.004862959252322618,0.002653850263023632,0.00485497148196114,-0.0051588934690901785,0.0065707995914968675,0.2434462489458485,0.6197671623999875,0.34804294079307957,0.12851210356203735,0.06980409753079361,0.08594408458423701,0.07023626224200148,0.04824793738083123,0.030012806393207872,0.024956148466919154,0.022097658961388794,0.016758725441410875,0.01634474854242072,0.013148572941679211,0.01405347844842704,0.016845508455830806,0.017025007435521693,0.01825055093642086,0.012692106308003137,0.011789313257411477
-0.4355043195519764,-0.31659820965725743,-0.0428524218475816,0.036232229818365935,-0.006825790810673438,-0.011294317609968879,0.02221220612465031,0.004630936152860791,0.02656256984717632,-0.02840745650952014,-0.03181682525630705,0.014037317262306361,0.009339309488045257,0.006234594409448038,0.0002483979833066096,-0.010179398190291686,0.01054591071272241,0.012981351612851733,0.007294219017822023,0.000803405926498605,0.7009876624295075,0.4187366530565127,0.14759129586291778,0.07857148566500045,0.04448599499109553,0.04097479057635808,0.03979738609615278,0.03722927911310006,0.021445945686881886,0.02443543935377979,0.01234448434475199,0.007470316407204612,0.010027468740821438,0.010314538243259947,0.004742428814640584,0.008174412014255701,0.0067671504815243946,0.0055558148635048215,0.0035872348408948784,0.004320995349268602
-0.5188810844737124,0.013694082851850291,-0.25244580302026715,-0.04320565943927585,0.014850928330082643,0.001918528459278424,0.020404466537539374,-0.020941344653672866,0.00024736457316059394,-0.01952379206782007,-0.03887201582951301,-0.03177159160523129,-0.00841759028824019,4.923293593806935e-06,0.012342792245266798,-0.026472025888560926,-0.04718318144968628,0.006277487417637731,0.019278496603831654,-0.013400286832294798,0.2819917182535559,0.5491856472198552,0.4554783289849272,0.16679946514843932,0.1628387133418407,0.08270499185959973,0.052134330506761715,0.03834646439552183,0.030983015528036645,0.02068581083750004,0.02086448746113015,0.01850149030363736,0.01270210150422515,0.012939141345700268,0.012994303317412595,0.011216585509081037,0.01456319469453454,0.008363356545924011,0.013575010246842665,0.0071136239158328726
-0.06755372291378386,-0.2995953832421459,-0.11741052795042026,-0.05542579311406647,-0.003153116908827747,-0.15978456761233242,0.057163161845114795,-0.023126215881380034,0.003124291806461182,0.013271797360341965,0.030979108135922362,-0.009670379881855531,0.01876286666803187,-0.006012233822343089,0.02231620484897551,-0.024103154302020393,0.008178734703518103,0.008740909001479426,-0.009983008391208572,-0.008908670183128109,0.7557413030050353,0.5078408496576674,0.07679775666294043,0.06040386988177946,0.035602118605339086,0.11425763115327792,0.04175425294535464,0.024589363894163496,0.0175946817560921,0.012733129901397588,0.01730377538066997,0.007866283023373813,0.012350124459954292,0.004156825563553426,0.00890661149666797,0.007431590088498361,0.0026400951747390282,0.0026745257902646147,0.004006713172292875,0.004249482600066216
-0.6002981357629716,-0.16481859394400755,-0.09346672786428717,-0.06325781321418422,-0.1304944649254239,0.033584716339217675,-0.04031006852876935,-0.010179922862799553,-0.003927954862025535,-0.013352657038686978,0.021902389317009375,0.0002416033120481379,-0.003862499761636655,0.0012143355888725698,0.0066927827904599115,-0.004508740385779966,-0.014629228300826247,0.0042219574685822036,-4.2838262677812314e-05,-0.0007850175388262661,0.6888440340759584,0.11530384507479069,0.18651165734654035,0.0821808108901496,0.17056799341037399,0.033605547149406674,0.12357187085744877,0.013531011706161758,0.011055742819494528,0.04831467666340801,0.026715783947565717,0.01932835968039391,0.006059693456637363,0.006616789513825612,0.011887811142758777,0.0035706803140208984,0.00536963415128082,0.0024690002095596256,0.0020015561436163834,0.005662544665590696
-0.2804077850276972,-0.0870003855202687,-0.1162226907781801,-0.054025695130467906,0.07536991237490724,-0.03485205711161191,-0.07503380735079594,-0.0058028683017343,0.01094987949036485,-0.06753083931311821,0.013759084457444632,0.010119184900826113,0.02092871525690804,-0.019358743425392528,0.013983084943059342,0.009962814612679114,0.01178342547691484,0.016036310040329845,0.018363169863027128,0.002545161046154627,0.8033455848064132,0.15628886769647873,0.17391935550292498,0.2579245050767637,0.14964263560200128,0.21607314913505052,0.13439018614861703,0.07052646978357052,0.09513968660469693,0.05291267320210748,0.057903980871341576,0.02314465544067018,0.02035251683689582,0.02919232171713212,0.024729641450026152,0.022305926368796036,0.020505033510668683,0.013939548897290816,0.017058021141673194,0.017260303238753848
-0.636752347701395,-0.19389920676689223,-0.30700796771386624,0.06644750209660547,-0.06074418308655586,0.019119172199851195,0.03290793949137275,0.030576990380031543,-0.009585304405943356,0.0060339045965952355,0.02635500851253799,-0.043108233612117526,0.026826558984170714,0.0014946329882520825,0.013168868475717238,-0.01954876455159228,-0.010874276030318021,0.031282083026499305,0.00866959947845561,0.0046514286283940885,0.3677998787135765,0.2773125631846276,0.44511055693458973,0.10510417213162941,0.10016937246999415,0.06794254185327246,0.05421980570378163,0.04396902674094167,0.031640828077817915,0.028325326047388306,0.025718945602924204,0.031222829788580018,0.022962745669551317,0.018140267249901487,0.01712938766983674,0.017800071288005107,0.017962988266848105,0.022585470523630004,0.015527891217166263,0.014214858016481154
-0.23770871485207523,-0.17266343485116364,-0.06253777635727648,-0.15123782572225783,-0.26619808440218035,-0.02347004481731323,-0.032509955970828446,0.0450204234373791,-0.037657710006669405,0.012184064981622203,0.026109800148247625,0.016075070084685065,0.008736274860612112,-0.009617692654062465,-0.001405730432840423,0.004061772976678844,-0.0012066903650679293,0.0020333524630084007,-0.0005986968384267163,0.0006585187449741911,0.7835984585799779,0.13199522318020077,0.14017679778790007,0.1841912419998784,0.3362162596393118,0.07585322444091931,0.05398869164803912,0.03166864821701125,0.03128955965769349,0.015230224618960557,0.014210538459784473,0.01367430114052469,0.0073519048277076475,0.006061174928710313,0.008044065913444915,0.009798884112748131,0.007772213378807382,0.005230640000650906,0.004050744261680395,0.002842504806009469
-0.4350544258515361,-0.39614294421318885,-0.0828122828960971,0.1482194362315811,-0.040231556883493336,-0.11594266206166944,-0.1233882840400307,-0.055825586666939986,-0.010749988411849886,-0.0396377894624707,0.0006929722774902259,0.0189976070767093,-0.03728116495212638,0.014376567225779475,-0.007313876008539705,-0.023601486940787574,0.03444101297024245,-0.029109741941850224,-0.005061545553316231,-0.008447557370494628,0.17867182195355408,0.14069022229111602,0.08208974480025208,0.5612979056253399,0.2479181946196991,0.155200197951753,0.16449163064416747,0.22623950688487665,0.10860662787940913,0.10264112075054363,0.06070447686791327,0.06125290950482465,0.06492471001582135,0.056696605037250936,0.04386594744887933,0.056154885183506816,0.044330699970253865,0.03840833108251778,0.033191532343330735,0.03259802213685997
-0.39053917513110725,0.16826726599017575,-0.09469497051621452,-0.45148084683834444,0.04455375896849456,0.1729534384149081,0.0367902069345561,0.0872020115701576,-0.07230325751669006,0.0547739622648944,-0.17074235390187567,-0.11987981767033472,-0.09835738913853362,-0.015625847613808055,0.036934744831928705,-0.018143667509154304,0.012489942502031946,0.021042536122877667,0.02445116293194318,0.02226328961646745,0.16628127051860386,0.37065280672561396,0.22927949222424127,0.32588687861625704,0.15434494871866852,0.2809370993760549,0.0759650804841382,0.14296912812707552,0.07765338677556445,0.08045623060024241,0.09766944523605162,0.09954697252971974,0.08540776292725415,0.037908268221692375,0.02770973405141177,0.02739611617854629,0.03461978522934952,0.019393090330980706,0.03783050177016429,0.049803970673348755
-0.4632349442681658,-0.13094656082192208,0.0020958589720101307,-0.03742529380382277,0.16656715333060412,-0.026699550216963134,-0.18836830740303387,-0.12187205464328259,-0.11968012546270519,0.04487009181385731,-0.0034305792714493374,-0.11821402401818652,0.05940271642084974,-0.06071021289532018,-0.015016321931261624,0.018513381086031327,-0.046833808394955656,-0.015392213880362967,-0.010172236788715877,-0.03185808289937076,0.7615578698485358,0.16111776834843528,0.08776095158957195,0.04339262333618745,0.09517383401506152,0.03500061369131226,0.11023390720729327,0.05379974124835327,0.0454187653883497,0.02068058067611711,0.014983001927527719,0.04121183742285173,0.020805017745287518,0.016520349381795377,0.009006832728491957,0.008452381991251881,0.012026819143773904,0.006684794623030672,0.007159670609657867,0.007643998048494264
-0.7599915371400274,-0.13272012669123756,-0.04351139448772524,-0.019729931526392144,-0.02752650183169163,-0.016129032908280962,-0.01444169297659436,-0.0024071401103124123,-0.008206522797062965,-0.003662351672848257,0.0011864768500098885,-0.0016897677855879924,-0.003502260641765712,-0.01109337325708825,0.0021456878995908643,-0.001359086497485761,0.004287935711742268,-0.00015797557776497104,-0.0008968204630739066,0.002182793299606911,0.5765268243345912,0.23086622894220277,0.09458647826907002,0.023139463916002377,0.04028018707303502,0.038981966065448674,0.020900894416242786,0.016438059775503715,0.017605756077580696,0.01576573567739761,0.01402959465852118,0.013724778464000014,0.014127291093503079,0.011675543127021045,0.01113101688101901,0.01203392624516034,0.012854126369682964,0.009816126613167954,0.009885735898513595,0.010559534598514277
-0.09162810489774177,0.047501177195150034,-0.031726213473951624,-0.0582928255475409,-0.13757517321202126,-0.47600236246777117,-0.0894691961926589,-0.18985850235652954,-0.002333277312760628,0.11190994450883722,0.17374631215798356,0.01505930397341588,-0.026800307126125626,-0.021418912282632842,0.02050703826336089,-0.0017816135547574882,0.018997640008526103,0.03531268155094005,-0.06394059654675313,0.011355559581506839,0.609636439792035,0.06783600411965678,0.0776893047414173,0.11156599250255082,0.07013625975006949,0.4561603479695695,0.053369654930181316,0.11734639853332328,0.03738452010361119,0.06604935934706407,0.08719967699476247,0.036632112436809014,0.0314516857178081,0.02702785336440768,0.019285527786220884,0.025145047031970555,0.03105783750932682,0.029979670102924072,0.01986072231578389,0.03112895456631688
-0.2739882632273108,-0.2529759312269391,-0.26070654983736313,0.07813483275577815,0.0844238198903242,-0.048256513553309364,-0.2570645118787038,0.1286865230485468,-0.021264817161173066,-0.13380816674466503,-0.0444916781328323,0.11092686203373137,-0.03866531222682867,-0.057166688197754466,-0.028733484138119884,0.01627575820698799,0.018298099285679895,-0.039442398445145924,-0.06450844278381677,-0.012498454032066808,0.37841341127256495,0.4725496757312699,0.31711688974106306,0.2289967901949234,0.12859499278894015,0.10486202551815481,0.29391016033942025,0.05858972235088451,0.04237821193714302,0.06097264003952943,0.025022903959680227,0.060724613011934304,0.02043355003214963,0.02637748494482127,0.01362472099783413,0.01663899359139114,0.026820371441103465,0.01692992926128095,0.02025945034446382,0.019719857184168094
-0.08026219938070181,0.19058849596796998,-0.02790333747394607,-0.05570988510632215,0.010309026006830946,0.0027846566848221833,-0.0889260885376706,0.0002372255193917775,0.036170233840503926,-0.012269436750037176,-0.011016990808474802,0.008343375286011345,-0.0005340376046462412,-0.019520169624374015,0.0003703844597163263,0.0017585055952434924,-0.0012164022052014653,-0.005994193068869917,-0.001043257932566287,-0.0006827073875190664,0.5735337016239731,0.7062019525721569,0.17500135598437555,0.1565615640476164,0.13198370645173552,0.10891692300409032,0.09194733469778621,0.0817200499451524,0.06612433879938279,0.062233074396808474,0.04653918590727491,0.04112213327341775,0.034009159463920274,0.03150464590293655,0.023707229327691707,0.020703333099775376,0.016676467757134866,0.014792732913826868,0.012973820220966686,0.0116186200742736
-0.3911321064055699,-0.10254268395827738,-0.005775935029549498,-0.02791910057383281,0.0009849584793357648,0.039964532590673466,0.01459357401606523,0.014540781505973661,0.0012765909416045892,-0.023412771532999418,0.009273416663376466,0.0034641238794837397,0.012284840038781018,-0.005082526903348029,-0.010066001429497552,-0.0066191613402705515,0.003476859763424662,-0.011505173445318581,-0.006520765595229217,-0.0034086914192608254,0.879968365545954,0.1748587359263839,0.0789434814727148,0.08433749554538521,0.055409857180039955,0.0635152377023902,0.039402416874379766,0.03840321449352043,0.02946583391775114,0.026458325681071773,0.02169131160407172,0.020490936202090505,0.01882379658453078,0.019658162116575638,0.015397546200050943,0.012814708327596902,0.011586648880568316,0.012471448815711926,0.009582015187363227,0.010866982919079716
-0.25798229638295783,-0.14974536807940403,0.03722237667270944,-0.08054106203176296,0.06108114767144337,-0.02203709742332978,-0.09267415021674043,-0.033266233541540124,0.05838970363703833,-0.16847734629271618,-0.09349163046191449,0.005296365518172255,0.033971557632742566,0.10347559265655379,0.17493437854188562,0.05772023015331361,-0.06355886217655435,0.05475519925394946,0.05875671874317774,0.08641042112470598,0.7805388965859396,0.21501788947356487,0.1826140731671962,0.19308497753453321,0.11014925973995339,0.12392241388502337,0.04522480524506567,0.02887722287541017,0.03268396123783063,0.0933179502265048,0.060177907996947735,0.030552658910441902,0.022073355970927185,0.05059377605638438,0.09108291299440929,0.02094177538629211,0.02082076183320067,0.020174375987412285,0.021806022454529565,0.03196360167960054
-0.6290254088564186,-0.5044086424428839,-0.07579500758404091,-0.02480206771225781,-0.030946838348155797,0.04690541216380201,-0.10477730642428894,-0.013312669579419532,0.02350694404644633,-0.014351646860639392,-0.0006936827115081092,0.01179605939131515,0.011499232017081345,0.00555244254453393,-0.011113705394929283,0.015458350934410958,-0.00020144851017771256,-0.0056127262828818535,-0.0069928255765818285,0.0014929118236138164,0.4416669989148354,0.29446160644588293,0.06371339301727315,0.0905266203384612,0.07128793676602481,0.12143017337416775,0.08474701992145543,0.04319795713839529,0.028694212536003308,0.027131610492826246,0.021550009459283218,0.02417291469963009,0.021334954119284683,0.015487360037054192,0.018984906574631238,0.01684501452262786,0.011857321907369997,0.012694842257151442,0.017892183849096722,0.015577971253733613
-0.1463051339068587,-0.030233704406917188,-0.04469409458232355,-0.2772271295555141,-0.1489477065261657,-0.006233308888742136,-0.2235052858090399,-0.03539929221559869,0.04233711537458053,-0.14360478450612907,-0.23276364029822508,-0.03681013052300388,0.025733356150385155,-0.13858637457571296,-0.07818415426062121,-0.028112460639155814,-0.10044978634253178,-0.13317111939254445,-0.054396317876290054,0.023620282405717927,0.6010200662585754,0.35004451097264977,0.2587328710088565,0.1526496724595957,0.16135909865419018,0.07402039329724563,0.16924474370718906,0.06409671341012521,0.05599159433484865,0.07532534094237417,0.1608592021104685,0.057241020668041695,0.028653545944272704,0.06375672480609623,0.031238622877301628,0.03080779834713513,0.03453026901666272,0.052596447573577676,0.0347941664940046,0.03353017249277115
-0.6780655807218644,0.003015824200586463,-0.02024090763936819,-0.06601227922551633,-0.04927581308293225,-0.018982319138706065,-0.0019004389585215028,-0.06333341147562689,-0.043128427888118215,-0.019463018445239427,-0.046503455227512445,-0.00390832216771569,-0.04680602932365019,0.0285964915702431,0.008247259535111134,0.03425637305293065,-0.040520842942093065,-0.0034306360041962895,-0.02541145882106218,0.02550137754824315,0.7149083696149426,0.0700162162406038,0.010231951228565295,0.011311880180118826,0.008667933074470589,0.0038331510889796617,0.0073660811437018785,0.010636393476342987,0.0060844878533948465,0.0053997569900812075,0.010459411129832267,0.0024877711385223027,0.007151591142312204,0.007081099647014389,0.006020874283047621,0.0047195415060903,0.007765062101850666,0.007449898492167449,0.004628207347097097,0.008124660761797133
0.006082417050385829,-0.4423612437315648,-0.05809292976823475,-0.33534984047804123,-0.007654796941184135,0.05982700428753146,-0.1039591373750486,0.07547269524420797,0.04231045098924597,-0.011611237688279223,-0.12813116115822884,-0.044008490320869426,-0.023127668885903053,0.08017365480388017,0.04412218932739764,-0.03470851806973451,-0.07332870312298907,0.029805128635490185,-0.08798520033344553,-0.01586157057185383,0.4860562054017162,0.24074022498396008,0.29507958921183275,0.27093357732186635,0.23958828056420275,0.10142107380343279,0.10987258620698262,0.26824091307270054,0.03543926533997387,0.03572788331159701,0.07529795320952237,0.04693840054192823,0.01843647466900494,0.04991796002505426,0.02591276183775819,0.03187194808157126,0.02089448550754634,0.019337219820478504,0.03614052318735592,0.014606298195411939
-0.37159251161487084,0.08852257718056449,0.08306319210706845,0.017930320454320723,-0.0028187123680747956,-0.21485395034233126,-0.25576146492801655,-0.14227350600285052,0.013629592893462885,-0.12536765639165257,-0.018208967698731225,-0.20273490586120893,-0.045326975143702944,-0.06405061996512475,-0.022277298640536413,-0.01676737948209344,0.03613950755801331,0.07226806276222535,0.00017795723028675805,0.030253372996162313,0.5709905789600879,0.19711993284313997,0.1932271195900172,0.12454287272369963,0.09102599762496037,0.1201953016819074,0.15094259117695272,0.06809702497788923,0.04271261599413971,0.056408567950220305,0.03744020381288623,0.08847122133135603,0.046275352205155086,0.050883852474812495,0.032674326759319014,0.05938380869579721,0.045665922020851984,0.12049340535100439,0.34967243798924613,0.1140143140669397
-0.4100672527311672,0.10001604265916367,-0.07288715343344318,-0.031319320851163485,-0.26828191117578426,-0.21663436008048712,-0.258340924521682,-0.14807954432064552,-0.03698649065346292,-0.14724618609273768,0.05788663366764765,-0.07337299617206486,-0.02463954546050245,-0.07179662703788936,0.023886817160088926,0.031679665643437376,0.0014275085665310101,-0.010566834146339325,-0.040516529717532064,0.01986443211487792,0.18651083025291612,0.40667897297737143,0.24385616217125453,0.27031656590217257,0.33803090420571436,0.16872382796627422,0.16946998769540483,0.1557794353152651,0.0759585586842339,0.09235435977877031,0.07643349689777759,0.06553239964169463,0.049134001266437785,0.05634440332438965,0.039520108579645025,0.0377337330839013,0.04155352297519556,0.03153640779896338,0.035444164706460946,0.03586966149284448
-0.7009988751239833,-0.00042015177196731495,-0.04838932946705499,0.0989328296967402,-0.06221625380455347,-0.03228476726689934,0.025325613769189865,-0.005887226107517898,-0.05753271539017888,-0.019372983311598688,-0.0025159569288882053,-0.01954240512055445,0.004318451087999719,0.01615494469949889,5.634471322293006e-05,-0.025892051623438495,0.01736687817065477,-0.030426837368960163,0.020420761815409093,0.004344428402873164,0.3950808749987307,0.487631863007888,0.1472266581749263,0.15249454373514595,0.10685953309548972,0.062077204810938584,0.07037994609210367,0.054160570660784266,0.06082819295627223,0.04095542220929544,0.060013929348659824,0.03554824580083141,0.053893163593424345,0.04112039659770357,0.037002566616306284,0.03593300523905499,0.04279966977795349,0.033701757521006605,0.03325184417290648,0.025690973707003673
-0.2422799157502036,-0.6648529274285739,-0.13773962061217382,-0.06276577316620317,-0.08527443615719678,0.06678608480801483,0.007226783424501648,-0.04799522482332759,-0.011603226531207692,0.010730855458062539,-0.01155571328773688,0.019148555645903034,-0.028574097850173445,-0.01739042283605502,0.03548952860488108,0.012725291208833483,-0.04862631313451611,-0.027133866100271766,0.01695072648888976,0.014057633275842207,0.07552917831458245,0.6425584177200069,0.08580478451250298,0.052261588097225246,0.10190719270829743,0.028196711232209477,0.07205672259950877,0.051435268581748926,0.03665466765882685,0.056671747692913506,0.03243165992091601,0.017394843968074936,0.01798431076795482,0.01034762109945505,0.013626243770526616,0.015623435792767475,0.020918971272299223,0.014112438298050629,0.01118940881602654,0.012879196422386642
-0.6325383963502741,0.24161685176100414,-0.3851522137580326,-0.14153517518681946,-0.07021469559532718,-0.002872177305984729,-0.03828389620233504,0.008608054932836909,0.0018962607234379691,0.005194431380921309,0.018798507999016657,-0.006990929607319642,0.010528092039146132,0.006555776360462881,-0.014419428776630909,-0.02519912668693643,0.014204337163993653,-0.008481767853669392,-0.021553520231919827,-0.016771257578338288,0.44694171287821294,0.18727079452276277,0.26240811459919694,0.04452177999215482,0.032910475728318934,0.032518004205518286,0.18629025580495898,0.017777256094046786,0.10603329934212286,0.01625476831996212,0.06537557012942724,0.03250797871188153,0.057587246818239096,0.014272465255991282,0.014681523665658582,0.012891409856399737,0.007118324168457172,0.013752370294035029,0.01650431726158121,0.011611814571833474
-0.369544221092385,-0.12704962236687406,-0.36451198796916867,0.02631875772034772,-0.17288864703856924,-0.0353173090078807,-0.09549469759328938,-0.00883325823301218,-0.021418934172932384,-0.08967846613062948,-0.061288386152875095,-0.030717347371466,0.05229620830629857,0.009401617658656016,-0.04976416371387396,0.012523233810090944,0.03686104303009842,-0.06628086766967069,0.028720312941698398,-0.007611738877833204,0.360396416491466,0.42302445766104635,0.5321699206758508,0.12475110130491955,0.12711574514505355,0.06816238797901626,0.07854505229311498,0.035040778468110434,0.05919887239954408,0.0540741475152664,0.027320714892565726,0.03075616382597915,0.034056299195057,0.017857273466615753,0.022833630448394284,0.02074889258778154,0.019165595521414856,0.0258915976047784,0.01697430688265923,0.02060820154487012
-0.4628871389959454,-0.3471081105733318,0.0841489499361869,-0.07650030002713241,0.00738279512233745,-0.16613010069467163,-0.04238060346585164,0.04353453859389693,0.049109967909842615,-0.03134233546099108,-0.009165379859927696,0.014613201210648654,0.0455660327587831,0.01814941228111685,0.006264763978331262,-0.01173209112813708,-0.003379358194056923,0.008211692674351852,0.0013070689317236305,-0.009251355508230466,0.3097187997077866,0.5557556372342677,0.041862929978815654,0.20498338977007893,0.18694461690908168,0.3020300391059258,0.03623769897992226,0.039723236148310526,0.07643273043793439,0.1017105827577391,0.07293368355230986,0.013859174583346717,0.08138713953572035,0.04163309837969099,0.04152932729525131,0.03579532803697654,0.03345865539170378,0.0460722479132601,0.01285128746889199,0.021011438204518552
-0.025693403762258336,-0.23964917426360824,-0.19057494843536427,-0.046638820321141174,-0.0027206899769768567,0.02595062725874733,-0.07867200342093128,-0.05337655640134597,-0.016001561692449467,-0.017018244653205502,-0.04349724458139297,0.03991418583303064,-0.0028898597510104767,-0.034133801950134324,-0.007302051103248047,-0.02425347508426537,-0.013030117992258625,0.007628412459314827,0.002485245277215288,-0.004701373200779016,0.22016168394853797,0.09687209578994145,0.7737745128895182,0.21990655091139963,0.27644072802464914,0.16842844986129266,0.13228226161834716,0.1355845792698279,0.08647518635293434,0.07876062664201836,0.0655041550654755,0.06571872216689709,0.05007360966825449,0.06384695734837023,0.04390045581843167,0.06425097714708795,0.04804058336230922,0.044190084023020264,0.041667451876087634,0.03248367294880538
-0.4378540471917874,-0.026845189442799698,0.15004663465546905,-0.14259098676928486,-0.13262863766045008,0.10795147146119156,0.054205744664775374,-0.28424734863259254,-0.009423903045789878,-0.00913030099350588,-0.15747128839074181,0.0019768599396177275,0.02813803906780282,-0.06745038527366143,-0.03750872348813064,0.0961538931039579,-0.08433248663809917,-0.0668248877236071,-0.04446543576991179,0.02369853222338638,0.4735265412119958,0.2602919608861161,0.29283656643188494,0.19476342827487447,0.1498576578655401,0.20786252002459626,0.1257536282450674,0.21324689870691388,0.08282617118881608,0.0724972073751022,0.08441946097191802,0.06955062067283618,0.055684435138026095,0.06323696736944207,0.03442983716577991,0.06790005067719015,0.10062663189367439,0.0485433332433075,0.05155934343304729,0.043831557365646
-0.5518844878112099,0.006399433640898632,-0.33977897563625226,-0.0016509088837448915,0.00972163090284544,-0.01647156159554682,-0.056337497673797414,0.022865610914492723,-0.0391739090790618,-0.018902925076793912,-0.03609006955792045,-0.05358745138572155,-0.08241790916480715,-0.07875341450331101,-0.09849372233768597,0.018698061038454245,0.018793924703853996,-0.0017584852995906404,-0.04594025546090602,-0.11322084506040846,0.6330757935345854,0.24484882133373878,0.22987204690397864,0.05506395954256118,0.06745588549569644,0.013159526955445302,0.04698430687011246,0.021735870813484846,0.035300851725008804,0.021955768905310553,0.015404048532913408,0.02310350590038505,0.026988884847498163,0.03568426689468787,0.03182310942752406,0.016769696449073185,0.0121489162065647,0.013775695539553509,0.012588516567125547,0.03416030945725761
-0.049074503858965564,0.025508040593621824,0.04040697387734542,-0.16066829935253735,-0.30013267370385954,-0.07316938176189934,0.03631429262145442,-0.20364590361432092,-0.15619153582378992,-0.07205750565436618,-0.14789680347420836,0.018104841180722968,-0.12524677632497336,-0.02331884734265813,0.004799683057383557,-0.152878169289495,-0.0980330639720747,-0.0396366861899037,0.04693154629959455,-0.024997046588509587,0.5216235546654113,0.492467454185175,0.28172507455883855,0.16721939344946202,0.21318959034021534,0.11994374772018208,0.065023633530146,0.12138365224058793,0.07798513375897166,0.03618621556778016,0.06774630185296066,0.026106245808729066,0.05949698993813888,0.024052945706702338,0.04385385322236985,0.05581861394571724,0.03818405495039641,0.024471350436961907,0.025714646704061702,0.023747938618221987
0.04551766772473837,-0.31563587290422335,-0.31024094127806323,-0.1486775081679234,-0.0195199273372116,0.27945905124821274,0.03529872603515301,-0.16331383062957278,-0.3372403361804895,-0.09104507901877788,-0.1285842777036828,-0.3615860623414954,0.07663467481600668,0.06955806858251899,-0.04477863939986249,-0.18259675639456888,0.057405383255866506,-0.1382749891661066,0.09576328750440698,0.06856179294171927,0.2133711619878286,0.18515021587413655,0.2020067172799421,0.1508526294738101,0.11704863845488818,0.16979538636741223,0.07312167729618875,0.07932163039312119,0.22947189619735414,0.047140541520400564,0.053260363527561465,0.21144909611211773,0.05162641406222641,0.0346234731411959,0.026749417571174605,0.09564746251246918,0.03078172121173947,0.06572820249552466,0.03896788778599273,0.03777320318485065
-0.4509330192515274,-0.27871486626541425,-0.24139859829152488,-0.1839628833675304,-0.061329159667644455,0.03102311548519604,-0.002783403764149393,-0.09951969825807418,-0.03236788044714848,-0.07254055686808611,0.06843890545196957,-0.04396474913296121,0.009936201971799069,-0.07329442113488017,0.05221305376573136,-0.06836709965754088,0.010685821605244263,-0.034982265850528695,-0.03344225619650078,0.0134651766087252,0.26612743216882656,0.5340681368563043,0.3790056592577704,0.1274235327507266,0.20559953945818776,0.09090188912594127,0.05935452373770307,0.056197055255960374,0.03907370094460634,0.039981847215478546,0.034751940236694166,0.029099431578334778,0.028084930535271065,0.038062291564358156,0.029432350790723594,0.03339909812494679,0.0193564876613125,0.01664185665278569,0.01997845422377339,0.013822600123554797
-0.4786837620308003,-0.5032318563986943,0.05067053354588635,-0.03740619405394676,-0.06470746838917717,-0.01451365351737525,-0.07975587464629225,-0.02627526320901782,0.02157950904194029,-0.02909834430569373,-0.019560032716973028,0.01582268202483629,0.017921081692700635,0.013428616876911456,-0.008006115487363463,-0.009187842759342549,-0.015129430566665492,0.005445290924884528,0.03984749667043754,-0.04052158382423795,0.21428691784430198,0.5075931320821092,0.3182340878937527,0.15354997419687208,0.17819567573935619,0.1446493473838358,0.06890058973859396,0.022333938035264046,0.0555931074067651,0.027510518985777686,0.0273663257281294,0.036947457066175964,0.031893039373616844,0.026586331536027036,0.007981362059410642,0.005445006813904487,0.019140432326617215,0.016707477175100134,0.031878955433961034,0.018330889944265953
-0.12284727706780493,-0.5392309598272794,-0.27963755820033714,0.016845049183300247,-0.08021805259767531,-0.2863581081797506,-0.06892484563509195,-0.3026348435218058,-0.036425661811699116,-0.05756163928770107,-0.04219173507977432,-0.03464850203393739,0.008428253495853313,-0.13625935348344936,0.009970978553020872,0.08400973582616618,-0.05591098495947697,0.011379357153379264,0.004367754446435059,-0.08252765906729329,0.10438631866796876,0.48888177702601,0.24361983065094897,0.05663560215967011,0.12666860368361724,0.1406456665858622,0.05997293510613056,0.1429582816729727,0.0467957376109584,0.03955294564723604,0.04485180517745831,0.020991821126159292,0.025245675113225098,0.04941183813699461,0.03456060756396425,0.034601613324288745,0.029557876593863424,0.02713877270737781,0.026791592770751934,0.0325118273620161
0.26882516907231724,-0.09760188544684922,0.21260888969059702,0.308977121367355,0.1211908826457461,-0.12239010062652435,-0.1357726085632142,0.4263414918137163,0.08350841613645443,0.12954871708323895,0.11080956987995276,-0.16051996104364155,-0.0464658154888236,0.009991391383721078,0.06213361640335044,-0.3302112567700536,-0.14136215428261448,0.14727091476983717,-0.013783835576038243,-0.020273481420570384,0.3625639053439458,0.15827121226143953,0.18055051764886093,0.20927441261006294,0.07318338102880376,0.04097190949530228,0.051724469139247546,0.2403363870180724,0.027396442284731586,0.037685772550347926,0.038875811952138364,0.05706328814542732,0.011725010080978222,0.006286105295596571,0.014703522586265914,0.135895502800404,0.03183256713753527,0.03440624501191429,0.0049758213762551564,0.0068315999837031075
-0.37290994539023764,-0.5538320450312224,-0.15800893501049468,-0.07435099498776894,0.0881126833017659,-0.022508228350515514,-0.0065333318209892886,-0.0491328232998542,-0.13194398448080172,-0.031815471201158144,0.021294005082059864,-0.10159016768716483,0.0068612743431306095,-0.10009895146878582,-0.022093595214421793,-0.021942822728191206,-0.015236267649364215,0.0021275803415467254,-0.021187031321456638,-0.006880486709094811,0.1726927949807091,0.6494950444647681,0.0593862126891835,0.04497611654573239,0.05348732136064351,0.04680992002529443,0.02705747489314572,0.038477321362288534,0.05023733706721327,0.024649911148107453,0.02031574201913493,0.03439405153302198,0.014776154270346925,0.040266341326147384,0.01248449473071901,0.018650521149304433,0.009120956119222463,0.014707748957693993,0.009071155896435106,0.00938981568477939
-0.5037914592366379,-0.27458816950140935,-0.35610961799395524,-0.2414807078353939,0.20328005273657554,0.013720874622335337,-0.09859741741495297,0.03042686823434912,0.02257047213923254,0.05007965362759474,0.05201695589086983,-0.017343476008595378,0.05165906028605098,0.03435895806984622,-0.1057720521455825,-0.038243526558327245,-0.014804772334442077,-0.04494834870491052,0.023295719842813273,0.05731326528036545,0.4605861021320667,0.2738461311582257,0.258678134854989,0.13269868470142562,0.10962830636408695,0.04888010662787552,0.055087314192919776,0.05057834513379981,0.0537064873998468,0.03263112401498278,0.028529869323696843,0.03958778944869775,0.03398363021892562,0.030339271400393802,0.04088455697258034,0.02700094904857182,0.020029668730064943,0.028242919066257744,0.02554144736714457,0.024642471178050625
-0.60581305271862,-0.14465073392910052,-0.011676338682486395,0.06829370614819671,-0.02433414922174019,0.02944902023053134,0.008808040806136171,0.04847039798922527,0.028014490078691324,-0.00765972392911062,0.0055713296402006085,0.012155160891897101,0.0015168195242988192,0.028713897140455986,-0.003041452362186971,-0.01349555921302702,0.017140121136201364,-0.02419779437090393,0.02383316400397187,0.0070058673823684406,0.7450609905571239,0.14404079845659376,0.08706360809110551,0.07418209000707182,0.04562437637630925,0.039075928180804076,0.03323257649327423,0.035483029991388824,0.025401787945506057,0.02444034167637553,0.020694193707005485,0.024385017082878994,0.02222337571859005,0.02306068934731941,0.017478376439384043,0.017255085498120073,0.01677680420020554,0.017965337910340485,0.014636079526217918,0.014549434667561971
0.15254182529488683,-0.36939156428257125,-0.15862034912306766,-0.29083517122573616,-0.25148426648187555,-0.031848343897159695,-0.37432259137793095,-0.11909356793991857,-0.05745223896974904,-0.07427838935313687,0.11261185984662041,0.011648808624672565,-0.02803659293733959,-0.040583890005511505,0.08501467096338769,-0.014860933173799528,0.04359797362870585,0.04234591656620228,6.96514105240785e-05,0.054316089053202676,0.29953460127412707,0.3904967426403426,0.17466525940137526,0.24608254376119043,0.18308335203408635,0.08120084578143322,0.22492226877030588,0.09838889990968298,0.08022172929014608,0.0752391652352286,0.06349203445586377,0.061433857336867397,0.04543889236035656,0.05261978688333485,0.05434155132930081,0.06185897589484521,0.052713593084361784,0.0389546428952432,0.03254015755823199,0.05734564100375595
-0.6198462526523131,0.013569394681604178,-0.06319525975467219,-0.11455201620260101,-0.1409303929257387,-0.05769481323699985,0.011667959450809647,-0.021279912066947106,-0.009219555902095425,0.0006002028575657871,-0.0160807823472617,-0.0023298089886357853,0.0085971215477973,-0.0045195435045163835,0.0038045561808719435,-0.028502005676287336,-0.013189459628672684,-0.013009975004289237,0.00027294887600139573,-0.010355740116640068,0.740064372540002,0.11484226039045699,0.022732009992366277,0.06416635787287145,0.0596982158166462,0.051051819951476576,0.018424123042225002,0.011606921411536162,0.007510450308429892,0.010548583736619254,0.008055608555708684,0.009701093607984719,0.0065512702542214205,0.010341310661306845,0.006342055397270524,0.011431578768852644,0.007459796898838718,0.004652822273120129,0.00953069385777761,0.0035431056267592165
-0.3618665768643837,-0.4872980405796651,0.12754291149957384,0.05363208901036554,0.02627093520879677,0.06213874971954856,-0.009611456861607892,-0.009950271735560939,-0.07110379439538349,-0.05015534975507023,0.007502769839743854,0.013994953546742626,0.02306787709475416,0.04406968513664706,-0.01611653403779545,-0.003461752747879704,0.022640349250129532,0.004890202913091551,0.026453961434943087,-0.008785152661257258,0.48413372347019507,0.5880289467238417,0.09473600422365666,0.043458553336050726,0.025723713012862935,0.04182101716752466,0.021113521708548404,0.016364188782171947,0.020222123470725564,0.014836064290150493,0.01233276540880431,0.01443262873512102,0.00917281363604048,0.01455019715522871,0.0089238810681414,0.009932564217877594,0.006697388000031193,0.0054301706725064045,0.008899944983561035,0.007444707105786294
-0.08558861372868251,-0.26429463768871564,-0.5734541541811267,-0.07410099209340573,-0.1053931441644174,0.06592233482040999,-0.05323263308566588,-0.009780906239749846,-0.040883490067470246,-0.003927516526380359,-0.02034850812491949,0.0036976404084918184,0.014596040852787486,-0.03440736935954904,-0.05026340877977929,-0.0036295236591256997,-0.06345805541807653,-0.0416309396517109,0.01204245946838884,0.0006159789063904447,0.349530771615093,0.21317356171847335,0.6185967802486005,0.056660492960442704,0.0447957169292217,0.025286515809018667,0.02565274579787832,0.013745251184147966,0.013239674216619621,0.014434610848594922,0.012588959748127453,0.009462086746796924,0.00831372959564136,0.007093067727017905,0.008633838277556791,0.0056683172799850525,0.013378872659833754,0.006362971416316547,0.008867896162437378,0.0026129341103017997
-0.6997180408302139,0.10097839421536667,-0.16849053400060096,-0.009694819775046526,-0.017982279115860936,-6.018128584371444e-05,-0.026523577026242848,0.008730720744100912,-0.04776755028707346,0.09252485922895254,-0.1295200800248292,-0.05545008246713442,-0.040128030288511474,0.01346657877048955,0.01725516192096723,-0.0709520553102438,-0.09177182735515893,0.025833880018074226,-0.01662408038188496,0.008306570071344974,0.5715664061701496,0.2080745376096247,0.16101646078719883,0.05752072551891304,0.05121115116893574,0.04090068607439724,0.03627630552282459,0.039345145088508504,0.03408037143358571,0.03848429155415959,0.07052686902933154,0.03792306582128235,0.03317460211348086,0.03381720960022879,0.030641405885585664,0.03583659542727923,0.03455207889678062,0.02812426719530981,0.026470659499513386,0.027850857174202024
-0.485267147563983,-0.14383240533835975,-0.4028644800251537,-0.19887839256367623,0.11523408404132433,0.13737117219726866,-0.14975739467602298,-0.1163836408175171,-0.10627417031670083,-0.05662259985037769,0.07177438548035699,-0.11250526638888066,0.0684952924004126,-0.05874745512502898,-0.00982833798464813,-0.08223723378741664,-0.05051236548776199,-0.0011716567590148534,0.02292361101080611,-0.012425515029073766,0.40467469979571496,0.15869198604289483,0.4434958259576583,0.10303787827861198,0.08802609877454616,0.0819223376125047,0.06820374383120202,0.0355660754575121,0.03289505815192712,0.017581235244876578,0.024285569755028397,0.03914426161872734,0.02442586760131739,0.02570266544390185,0.017805866703991962,0.025894270953861476,0.01843257634745172,0.015010196975754227,0.014676330109991328,0.011990730557981978
0.30751236260067066,0.1658513874825298,0.037655937090922076,0.15644353762221302,-0.45275256637413064,-0.04277263624508713,-0.15830328042774172,0.07466823862623373,-0.19466460713979944,-0.03200194035019278,0.06209616203563291,0.05122474384286333,-0.2007397583045391,0.019321263984582226,-0.2607983384348544,0.08853250672854628,-0.17844946840856266,-0.12661546215813926,-0.09621265878706642,-0.15536899979180946,0.4891030029254133,0.1305280878437868,0.11282165107012897,0.08519350048905773,0.25607796596644006,0.03394962253525439,0.05678698573999656,0.033024605480948856,0.052954562366080093,0.037375289591519666,0.018016803033740075,0.01562745907732862,0.06485582210564485,0.018575085754713106,0.08868906402248904,0.018586357750058125,0.05836048249821927,0.031114377527429172,0.020952095199940065,0.041927721924141494
-0.47778236666975915,0.22600306804732942,-0.34664953067629434,0.011767030767018459,-0.00875883733896127,0.005763441538717951,-0.03614703771300079,-0.12785336023918786,-0.0770414850563327,-0.07261558998460407,-0.026781449405795684,0.008778003817116981,-0.030393746644217155,-0.022903810013701835,-0.05250650977601264,-0.03788923793867304,0.029620437695524398,-0.026470809467253314,-0.022396232216321227,-0.009531680068590277,0.6520521072070482,0.2570366511181341,0.24410323745818976,0.039575816795845646,0.05641222955429836,0.03645823592069199,0.026231729489688167,0.046536358978887714,0.023350327471318988,0.024279995204088304,0.016152329265779645,0.011997117781395002,0.014395046469026205,0.014018027033959633,0.015132055428076047,0.012398123769291324,0.014481133741908556,0.012823698364886718,0.013297709528273947,0.011420597405303842
-0.2665726252854225,-0.5110405283220057,-0.23781210800178412,-0.3683542403668673,-0.021009212882724025,-0.0572295296273836,0.08136651286004098,0.036007474310970095,-0.07367305433399893,-0.13259144483550261,-0.044838822228388614,-0.041597751825742754,0.03833568384940155,0.012252711189850114,-0.037053730410603336,0.08518919872191623,-0.04265019447349934,-0.00749433695452414,0.023760102921816947,0.015176958564859514,0.3305777601231202,0.47635859514418366,0.20285205734608755,0.18832061514718737,0.04436802274449822,0.03794265108846716,0.024122823149207096,0.02375506423716936,0.032470382722496596,0.036919972497011254,0.01668684629746707,0.02705329624502454,0.024437066445888382,0.016230454569930643,0.018572141290217087,0.03433152758243547,0.013720108661385082,0.016029569889162532,0.014470430970851237,0.020018379817700237
0.5337179935891689,-0.09352436437458882,-0.1954537130228901,0.18906083834063528,-0.04162100746953305,-0.03814359075721061,-0.16632201924903653,-0.08515896142569658,0.019124582321110303,-0.03762765163377525,-0.026309958534506937,-0.029253751029140865,0.02698662680084825,0.07643801288093015,0.012491145109469436,-0.02090821056485362,0.026000972213872636,-0.04760285102371573,0.01049259149466887,-0.04148535050714079,0.7328273207538518,0.10322497342906033,0.11596462724410576,0.10952373830537669,0.01669042498783403,0.014448855722899856,0.058171014330187044,0.021723230631810794,0.010502596900450148,0.018292523310274318,0.00898152200894991,0.008669549692569216,0.005036155097724398,0.019917200006874785,0.007020714869050685,0.01573940231207655,0.00607336386888321,0.009094348991113438,0.007212342890246942,0.010665228455134864
-0.7073685299631848,-0.08885819307050843,-0.06612216658967587,-0.008581996817900292,-0.02924127239920631,0.006827678855195474,-0.006899242489366833,0.0059610874652558125,0.0069422673306500935,-0.008746056559195048,-0.007828427333860096,-0.002020130631867677,-0.004852387140661388,0.002449037226048942,-0.0024081742373711244,-0.0021262428950682357,0.0037351913301479477,-0.0008834576557875807,-0.002337725353351837,0.0017070025899116256,0.6899952281921252,0.047869899238771864,0.022362179016779324,0.0016209366587539573,0.07659026868431416,0.01695016806150405,0.026543316518379247,0.005778623143940201,0.007477120261651387,0.008335791491944983,0.005050052759097246,0.005768172507494948,0.0036522942444913937,0.0035320665968733567,0.003468558113400472,0.0036897879138116894,0.003143398683528637,0.0030180346946973775,0.0025949441637419203,0.0031710839737108605
-0.5780247401285922,-0.07865389687410472,-0.11824158533053868,0.020610050352590243,0.1533351179635065,0.027698255455542057,-0.10759722329176434,0.09322295075450493,-0.030786446650785282,0.018930269708025232,-0.015698526908112912,-0.04136248057120253,0.017356841311873518,-0.005855159106109649,0.021879687795827038,0.011603780864163981,-0.009714182697427225,0.0185354869589785,-0.004972414325948413,-0.017171680367570795,0.7531740429542019,0.061273050293554544,0.07551329972538544,0.050699123136844194,0.11170001360244823,0.030200581430071358,0.030600284058579636,0.04045185783753358,0.009402479814980252,0.006362918940273561,0.006833326392363298,0.013462293256403045,0.006990296209582355,0.004809898057233323,0.004935645787540049,0.0035980219996811203,0.003737365862857538,0.003922136222971683,0.0031841676953254638,0.0036322425423893083
0.507973355552898,0.003839834951728174,0.028420654904105058,0.07619522837742919,-0.25866310317923713,-0.01739293742170146,-0.02854824133882312,-0.0893221197469783,-0.10439269207232588,0.1689737063464971,0.002551583872617074,-0.011457267387239376,-0.004045301460100781,0.04536957802796388,-0.01215239428532098,-0.08577794329449279,-0.013539005326396578,-0.0028007765460805398,-0.015654518322558823,-0.016031787472820695,0.7318677555066981,0.1226893338717443,0.09602986074351684,0.08175639378528926,0.17376740193299595,0.0322949165357015,0.016449453653280526,0.03980421909349087,0.03723605877305831,0.06860454906382532,0.020272440805492047,0.028869602204217793,0.013669157004162057,0.02053011229618498,0.013389733105207274,0.025818950627996443,0.016911301267696775,0.015093629320964043,0.013076623806374782,0.01767847827519016
-0.4525945268041561,-0.5638215997542712,-0.03570266153881401,-0.10596590373878753,-0.017868489402934496,-0.23033076589965093,-0.3016802441898302,0.060374779879954536,-0.032216269261104026,-0.060956985766975925,-0.05604362133946221,-0.04024618119948259,0.01474837001977761,0.014869234461603221,-0.05179224216861011,0.012642481740981846,-0.03959796080997175,0.005313868944438099,0.012366778876807302,-0.0024618952944766522,0.222826575663318,0.36498215697527386,0.1794884069572752,0.1487836403684284,0.06864464804623009,0.12451173152425894,0.200363653799694,0.028067480105681532,0.026323845732273487,0.020780718419487153,0.021988484671062195,0.019094443671839743,0.01308395156691029,0.014211305524036077,0.019338332002297766,0.017911030703766796,0.016118836242808268,0.015510944393269143,0.011407054834243783,0.012068078166030616
0.3818249072632123,-0.12284619974723943,0.14381685619026277,-0.2533601605638379,-0.09516009852312006,0.23435106331583838,0.07394193911161949,-0.01802946807074598,-0.14309881749343611,-0.02697636568540821,-0.20306648293805263,-0.0943988999630655,-0.14291414756205917,-0.2024560580057408,0.13485586179137246,0.02298272729488733,-0.0007672190198156958,-0.1972116867826695,0.09827383696473253,0.0033877528969884193,0.6345830201453267,0.16386418655042267,0.09516694010437153,0.09905523160856648,0.04099317021278165,0.12370510275245927,0.029144396202604728,0.020446801935101695,0.04277566685386065,0.01294615737100831,0.06400005602488665,0.024147865623773943,0.03267699405813968,0.06493460269087423,0.03562015229690143,0.007235806840469876,0.009999679210330037,0.06327557181262002,0.01817048923005066,0.007170598959213614
0.23523167601957412,0.5283590774101816,-0.04424249605742634,0.022567805905639997,-0.13545512976374688,0.04749406806304689,0.061922421027874444,-0.0884073985469782,0.05333230443612752,-0.13528020970417093,-0.12800492158692264,0.051574282589922894,-0.1512313551311698,0.06650975086898792,-0.0441913670764034,0.11668907895501077,-0.05191663502207862,-0.07762022372321421,-0.04209450601863897,-0.1629859340978603,0.3575896310210325,0.5865192961037975,0.13735700122998756,0.04764438299029639,0.038833579115196186,0.043896718651785606,0.03276677222481562,0.033882959898897724,0.022377646209245806,0.047293569234202505,0.0351805801453252,0.020126342081834378,0.04716030145427344,0.021510739530433184,0.014277930315740315,0.033129533487044074,0.013944993912764382,0.02046453143869843,0.014116111370378038,0.053119654541913454
-0.4960852045870623,0.28514334449123213,-0.15564091426594523,-0.43341169118687256,-0.0493299043449252,-0.0665798936892293,-0.14891952650640808,-0.053781618296946145,-0.0730452710413516,-0.03125173252785734,0.016187316911824245,-0.04737648282696152,-0.00278092300576852,-0.0009845724699735691,0.004415169336547364,-0.01997589377790539,-0.03934685049273445,0.008687477030295179,-0.027708392945232193,-0.030991610150701752,0.24583992435945262,0.37703812570797013,0.18097300054980822,0.40077141043169423,0.056390498936935415,0.05718709885640644,0.09423275858826734,0.025466650821602054,0.03361288980740601,0.019339664154154366,0.024251977443183744,0.018559206473860137,0.014260622863945398,0.01335204543944476,0.012287561966847944,0.011245835149474743,0.021871956102716777,0.01018994902661828,0.013414068559198864,0.013744199628317076
-0.6158223060774428,-0.23662141634481873,-0.3617352447033219,-0.1760565831283425,-0.12450469087651381,0.04675722169528786,0.051080242886999846,-0.04958113358571624,-0.040066651966234476,0.03412350610266521,0.010454257655969143,0.10360751528659401,0.0069339303261161415,-0.06038183655606134,-0.0008779987173318228,-0.04521116769080457,-0.02931771966405117,-0.022986876795224907,0.007808016737677396,-0.04438606786846284,0.39202748701927415,0.22951150309208895,0.34819527256996247,0.08757681674514647,0.07270804820902409,0.06836768609600744,0.036509963905986216,0.018137233032911395,0.04554856140856414,0.027511784875691087,0.02876943978380196,0.04880804913723065,0.02887730138412069,0.02934643271132772,0.01847719213001674,0.028557920750048323,0.022084540606732823,0.018753108638268488,0.017356241635721116,0.021699113232390977
-0.6000071087448023,-0.11281916191043323,-0.21586281105098834,-0.010404827847377814,-0.04565300919036299,0.15753847303117793,-0.02605693268121357,0.1535131676998304,-0.05135799327137505,0.03133226094971607,0.10027440616982346,0.12896905587286153,-0.0903102181350705,-0.033130309316939284,-0.1710799735636355,-0.005793242360846665,-0.013874360423917868,-0.022590582779555234,-0.03089844124410009,0.008100252446752151,0.6377536995440811,0.1299820812124643,0.12663482525619632,0.02728581359597992,0.029698088563210864,0.06186748148527139,0.054319648333108254,0.0545748874728377,0.0370166890556784,0.023358642866922463,0.023215800550950783,0.03529741644895442,0.024967800420026037,0.007513817400009238,0.05375480083289329,0.008442672823238623,0.010140820682283135,0.01037971147545053,0.012750120956142882,0.008080738352578847
-0.20806239482426,-0.5818663654477575,0.24717405424628122,-0.014138876358132046,-0.11701399010377317,-0.009026381523858205,0.03946590251350441,-0.043503449613720796,-0.016079347036291138,-0.03592628694626239,0.01510834160156615,-0.014765936794463698,-0.028402667052629525,0.001499067407036453,-0.008619710563582118,-0.014180513352541134,0.00035439412060703267,0.019434662663621212,-0.0029504706622558575,0.006318356617558219,0.21564862021451603,0.6645969545533486,0.2104866928844562,0.020351289601443546,0.039903920371289175,0.025205106596535284,0.012319368776059887,0.012238915798865473,0.011729426954056177,0.007978035662031344,0.012188126106724116,0.008631888323650907,0.005651880983533315,0.004255533451997312,0.005972158783290951,0.005030347579370786,0.006197283253905081,0.002976650772477915,0.008960063992877125,0.0034856616955310994
-0.13947706291538922,-0.6343276779817116,-0.0556971365880214,0.04350520134475457,-0.11843287343977224,-0.03167115264636357,-0.08279290332528444,-0.012008625657246386,0.0310980982905022,0.009395153767298365,0.04145706383213071,-0.002702667950596651,-0.022959730167326338,0.0388459773720988,0.02612279246212099,-0.05517402170613022,-0.013403289251634707,0.010682415710127074,0.0007589133921539133,0.03880731993546826,0.29834524018867026,0.6603553241730731,0.06178111978207042,0.02901791121123119,0.07760736205093022,0.02241334535200907,0.025840770614134315,0.027005295203981407,0.028016695818997767,0.016840631003025113,0.016521514819279864,0.013203594036693998,0.02017163627963913,0.017040133047001714,0.013775473809241082,0.013896884510465845,0.010357589581136981,0.011588954968196183,0.012611613505061571,0.012250102288966454
0.029354607479482757,-0.4864231350214427,0.15724995880410325,-0.4489285721723975,-0.17490237292636218,-0.25842174380395894,0.25798534498175985,0.14811327199832533,-0.10045420704069313,-0.09509326701055879,-0.03982733376718276,-0.2550934209443272,-0.11353316435593439,-0.018431374717204203,0.07074607694394358,0.00815433338810453,0.022183569726698868,0.005705848884816195,0.028761226807142694,0.009348448668796108,0.09154603513684333,0.32252926172487056,0.08053521983584612,0.2400538111693366,0.06656866683105724,0.1485102356640941,0.10340022368361326,0.047433513002914776,0.033269899957863246,0.05222687625158608,0.057909243160837814,0.13407597538728358,0.03185572149156521,0.022449950726568954,0.024815427455729965,0.023073806605511605,0.00909830922880107,0.016544436021993725,0.018170710908633814,0.020076756567468827
-0.6735214834127667,-0.004027749522484809,-0.00908193633924493,-0.08345396205311774,-0.12861589930317777,0.08528963803477059,-0.047770009840968235,-0.00814815423398298,-0.022367522169157987,0.01184800154063644,0.010993369839127265,-0.006063921450525932,-0.004465171717125467,-0.007315950901713284,-0.07119902898446771,-0.014390832077458672,-0.009396897948457624,0.00974625115128739,-0.0022739006130010585,-0.0026605006879694714,0.7015166088348724,0.03469302705763749,0.06353454417257662,0.04913736043525111,0.048844488748557374,0.03154861508071101,0.030651054084412595,0.00351154014598052,0.00550824319615452,0.006472376892127618,0.020766466574967987,0.0057815566221004165,0.004961773897717223,0.009138129865903656,0.037508946484301475,0.01692505778904577,0.007766371986919405,0.011602576289201492,0.00844677899708526,0.008900169578605755
-0.5256861621619465,0.011174133140516332,-0.23379825086654446,0.018138512076445946,0.040248789785916166,-0.030292036205009622,0.053133446688881876,-0.08413880448653585,-0.0007171244908966626,0.0029206089647188854,-0.04493446236366202,-0.017598782746794207,-0.01776914439084231,-0.009088852660665107,-0.015143645852443878,-0.01708543592665825,0.01121010281713491,-0.005374728807781584,0.002048937360488207,0.01603826675985912,0.7862379990986998,0.055926748548839764,0.14923816428864384,0.062085952235392254,0.041205052392570045,0.02030125391706941,0.016991993000635433,0.028360467857599176,0.011471940595816384,0.00825673965856146,0.025097351525078176,0.016678748098698647,0.010205176017009173,0.010737599485132613,0.012694968935130004,0.0068144686628878876,0.004608605542997138,0.006777850591696314,0.012067537275998763,0.007046127442519208
-0.6934262410774297,-0.07399885214437935,0.2022461752465217,0.0066095239026027165,0.07555865946215509,-0.03700690409873652,-0.01463288590283952,0.0891183765833107,-0.11257533136069688,-0.0021153119046946767,0.018732646017155016,0.04633336971690803,0.01258812601526653,0.011684376566605408,0.07329101313055024,-0.04122655797471498,-0.029611673171124186,0.02113486306957774,-0.012786521156417494,-0.0016389253524382293,0.6260962668738651,0.034075866639355225,0.16692249237231327,0.014659963069745758,0.033112268958298545,0.010267723106096915,0.03543490672760277,0.06257888960760542,0.03858099701599809,0.004038246359559274,0.016900158602477774,0.014895184790657495,0.03257996886229859,0.030467649164772775,0.030439364122745546,0.02030221229528721,0.00945230096156473,0.008729576511412913,0.016295631382859808,0.009472770472153016
-0.569692036426885,-0.2808618979708586,0.16743014163789985,-0.05793211028143415,-0.16083827367855064,-0.2786858163280716,-0.07407219031499242,-0.04353970887106719,-0.12470215614942869,-0.12257360327020428,-0.031140165112917596,0.019507203210799823,0.024119865522768347,-0.0347436893791481,-0.016261570192356436,-0.029882291965109286,-0.021674637462951372,-0.020683388028495227,-0.008170559081146313,-0.04915748628274878,0.5571900978265464,0.22701586626220627,0.10477782255821931,0.04564598752519929,0.08031492269318975,0.14629452767747544,0.06220902968264689,0.036670107724107504,0.04964063552315887,0.03850480488946407,0.01692470664564689,0.023071832104271474,0.018933951873974803,0.018477974367664258,0.01765165554673794,0.01575087093931116,0.023152779271349698,0.020504439863499986,0.01838429660862199,0.023735864215110355
-0.7473718116148573,-0.12595739598241767,-0.1086111167076117,0.031591172670752156,-0.03289986623015643,-0.030924152194187766,-0.030688312742640243,-0.01463483250133463,-0.028648804938391025,-0.024076677090489006,-0.0186836030612841,0.04155441188492516,-0.03607970541172588,0.02136029041793889,-0.011303960537322306,0.001064890214756226,-0.011842494646562956,-0.004437347780398635,0.007727746473047544,0.002492123829620456,0.6034627878955371,0.13246061210918622,0.10050538771258416,0.07171987595603402,0.0465976607166949,0.03071753624522239,0.02845014113472835,0.020262564434094753,0.021030079144043652,0.02436930963651299,0.01860124799102225,0.017576562217350145,0.019287931426766207,0.015066200576081771,0.007862438277548381,0.008907459690348235,0.009293232790907668,0.008216337831511062,0.008166113312236762,0.0068621638830834615
-0.13819488773442098,0.14852456978510417,-0.15015802785243065,0.47762198886423207,0.12016688142185435,-0.14034050454739302,-0.09866507047548043,-0.19976679784535273,0.04978439288856238,-0.07097640783998935,0.09775460589932619,-0.08680490919672999,-0.011271608245955677,-0.17998618632492872,-0.40000298823004893,-0.19852361105719768,-0.06355054755523513,-0.01897132776745036,0.1550038947417311,-0.13006552660202472,0.19960054527677268,0.1564987804516805,0.1402182290872932,0.3788081236484806,0.07722079553944436,0.054206243985467764,0.05060865333204654,0.09223653922546757,0.03910927416402368,0.03828278742311934,0.03783967311371576,0.03662999319838506,0.025151096176667175,0.07661951023049088,0.23042730601351885,0.07188516174771815,0.02068504752753065,0.020684848667251777,0.04975092355257694,0.03441063174058427
-0.4349030410680346,-0.1045259582645811,0.44879295267253605,0.12050431301406343,-0.2265404507502455,-0.047909470760459136,0.2268396154438848,0.10532710279492218,0.05576506786729073,-0.037789366150938176,0.01607824429630479,-0.29113969474377266,0.023775980814212297,-0.1353533199410458,-0.04922112635329252,-0.11295268011464742,0.04835192777220862,-0.08214697661580408,-0.011508892841412287,0.05652832351309506,0.3808148475033709,0.04037847386521849,0.35178935084767066,0.11393241695194863,0.08010191796448493,0.05855003504392205,0.10494803282211948,0.042110494396092976,0.0511836790791177,0.02481528476086609,0.028687465326590885,0.12600241249051586,0.021462547713090026,0.04511346507055361,0.017537290999664914,0.031132280132209353,0.013091095699501376,0.03282584208208676,0.023847659914386303,0.01574912361199753
-0.05697794852304109,-0.3205078612362257,0.42040426426356114,0.30729945426696337,-0.19247096305300485,-0.29555926270117633,-0.10646666245822248,0.07318581270245288,0.03025450190081515,-0.05707220632949794,0.0639471460698507,-0.20285919991941662,-0.13810784333752993,-0.14210443413679344,-0.08647197504231477,-0.144266140497241,-0.12337690594052679,-0.2400586783509016,0.08530718329605325,-0.022485100304833507,0.2994015520529126,0.1621926767096482,0.29042044449088295,0.18714254934215468,0.09952355040531198,0.13709638539793803,0.03038894127417224,0.0339000981881462,0.021308121514420793,0.029499942289336167,0.02357024743498267,0.05539577644953379,0.040596968864849925,0.039940603277963824,0.01780515877458207,0.035147073469314144,0.03340441973521185,0.08117647884011595,0.022754144393772994,0.010249725540050667
-0.46535507876739307,-0.5199051676946344,-0.08375533387427263,0.16158757966445386,0.03876136460170569,0.04329212421674791,-0.04774333920844146,-0.028867279803249195,-0.03632126223678097,0.00024221315826460633,-0.0023456421581303476,-0.008120601002679601,0.04707651412217432,-0.010703374897660801,0.001985526616702165,0.0330043090277584,-0.019605969638548437,-0.020725665283460915,-0.000123915368850621,-0.02042332104989725,0.22865839239938604,0.6185693971681022,0.04258589521069131,0.12507860152648168,0.0726271507094958,0.05904652838009397,0.03759689226899152,0.03727883899184,0.02417504672864799,0.018049050437317405,0.0216027315963878,0.013652205411005891,0.02458872686891719,0.015773958865764423,0.0138791516456585,0.017284372455375455,0.014180886776888174,0.013428999716133108,0.012008887483611513,0.010651023579260155
-0.40621038900046996,-0.4373632972688548,-0.09024788851203706,0.13671779777469206,0.2910430887076679,-0.031241773781856448,0.15018801600821535,-0.05594691042204797,-0.007948515644975472,0.06477568981209221,0.0544132869482504,0.15913335986619398,-0.013144454369669236,0.09867331992236693,-0.10560475960426256,-0.17525538004627642,0.00548761676834393,-0.0859011145253751,0.004884431820508601,0.12295212755811341,0.3387429448737294,0.40013543153323716,0.12229437922219848,0.10927516744664852,0.18313405773560054,0.0637669600027942,0.09435313756011829,0.0679503939826203,0.0770075223770873,0.07908883667287447,0.0678822730242908,0.07932628427582408,0.0590664646721987,0.06660430553261326,0.039152379149141874,0.07683344149285988,0.02714582926145787,0.04543791275078305,0.03978050332638138,0.05407926104277018
0.0074443529498678974,-0.40098847477408717,0.33706611961415656,0.3467703457764514,-0.20158335994181076,-0.38713489581278765,0.0954675809787713,0.16211995272266,-0.17699759868662784,-0.1007283791983637,-0.19211407387787058,0.04155308828342146,0.027657934600469423,0.025579757864248705,0.1326059397877721,-0.060185805405897526,-0.05252114047135713,-0.0487358950139548,-0.042050403356913485,0.03739403932557021,0.27046144883792295,0.18524381406751156,0.19378734033010897,0.20972913780631397,0.12407637809024488,0.2150040530356462,0.03041512128083909,0.06217643125551073,0.05059323213319298,0.04284439748023561,0.057118595728195394,0.03458493053400368,0.018547607802690453,0.016526527937337467,0.03677234477244761,0.012583044356486028,0.02859769212771055,0.019012647046501182,0.018350134907969842,0.020820686829300748
-0.5514487667969465,-0.03169110483598825,-0.2157996762458511,-0.118960275966931,0.048217737674805534,-0.0008045478354920779,0.18392058681419754,0.15437299662824006,0.0057881602071722165,0.013182941690127313,0.08692492449254673,-0.029108404572475197,0.0004123313914422786,0.0016695094221096155,0.011633840928427348,-0.06808867162569544,-0.02339440155869982,0.05130146186117566,-0.03701654029371283,0.00985677659407539,0.6735673246618363,0.13227999675631832,0.20595538553515005,0.043346523354654436,0.04372817354826607,0.07369091397249107,0.11287821534315964,0.08517113808499514,0.04260192130664294,0.034298558855670964,0.05899910431892932,0.03765702443280806,0.03355723738141036,0.02892706789820559,0.028021133808759646,0.026358924742483986,0.02271715539667485,0.02348307128821002,0.023169142149054106,0.020025637652068988
0.11352639756392965,-0.5249466855919512,-0.12222561587081099,-0.05152055046345088,-0.1469336303116631,0.22750630695081708,0.0004393499844027578,-0.009841872797337937,0.22284094628528936,0.045721406545493004,-0.0034821884335976333,0.04923336088576734,-0.04044435511963032,-0.0512106958867783,0.04169252710613686,-0.0035239501430100796,0.032402059997400603,-0.010622357108342428,-0.048676639620162075,-0.06970543611413355,0.29836387708915896,0.6301579933676862,0.10354179323967556,0.042171221876137734,0.08065571747142818,0.1354956396306876,0.049850347579296725,0.044197831693142224,0.11117820451892192,0.03506771759942183,0.03203399212354153,0.029520485921087657,0.043586234481345645,0.03971692830037909,0.03392095214322228,0.028799602798050154,0.03207873467016188,0.021340166440717987,0.027042191276047116,0.02890987135733954
-0.42854999853467896,-0.397249281901353,-0.20012972535029167,-0.3733293233653456,0.04709016519454922,-0.23609072132360653,-0.06703022660929511,-0.037555684852550605,-0.14996832939855517,0.04880805651953522,0.017185883779502024,-0.13507501357117382,-0.05446190198548957,-0.0025328126452504596,0.018631761777691803,-0.05751160990883393,-0.0527213420287763,-0.04893756221153113,0.0012328282078294906,-0.028860696435526065,0.3770060281040861,0.27120266211255123,0.20800470212265645,0.27994924670513965,0.033557040077306595,0.09369468121199115,0.02221144159696977,0.01448020688015807,0.055332606660626074,0.02669011160115954,0.02935570387221221,0.05121952740273517,0.026378144195950033,0.02365169614708867,0.021389137952628264,0.023150815543918252,0.028965182844920126,0.02095726922131277,0.014157703703659305,0.01690109185585119
-0.4509465232458512,-0.1938509723865695,-0.2280410713731084,-0.04423001755327523,-0.11312371787338596,-0.2789242897088849,0.09419936628032868,-0.020102780542893658,-0.16432669223022406,-0.021910477660035274,0.018908509540487468,0.08047369319692112,-0.0576233340470751,-0.08017765199353188,0.02960405396265942,-0.01996792088112763,0.1112288610571111,-0.03167221748538765,-0.04397080038417574,-0.06521352729898817,0.6804759616566094,0.2096879096794152,0.08663514187573905,0.030316062255138814,0.03491131644684892,0.13288085022328247,0.032636709806566765,0.020012298316778254,0.04895220113705426,0.015033698532508768,0.010631800205581457,0.020539174799919735,0.011327178385810785,0.016357256849868617,0.008706700858639125,0.008528363852729613,0.025138230224859618,0.008420438552219906,0.006003641949553593,0.010534182585872107
-0.5603412319730646,-0.3435284912734916,0.02755735444814176,0.10911377660030788,0.017558698920540204,-0.011670329516337282,0.01933027114052539,0.02765205610227865,-0.02384977308256582,-0.012606374069279057,0.005791602956928386,0.0053507891987917226,0.011247110374097915,-0.01004006551921326,-0.007956201207259987,-0.006842737088979182,-0.001830649054421611,0.00324472387962698,0.004422271915266611,-9.531373322329085e-05,0.6751548850644252,0.2992744133827712,0.0189073572440592,0.05365714132943213,0.004462093469946537,0.022940206638552754,0.012931320302621506,0.04605546958616855,0.019761058883298703,0.013779443356507982,0.006224481150500486,0.004315874215180902,0.006735377577847689,0.010226112954150792,0.009363486685726227,0.008178857192255142,0.0036535728167438513,0.006460440694658193,0.011036652823012312,0.002752521841155904
-0.1308774037082501,-0.3899240615073631,-0.4740180163869647,-0.1268941525207367,-0.22502850900253535,-0.021245186045774453,0.19293139477449453,-0.28823990671002214,-0.28489940431323707,0.11397915247109332,-0.17074541830599801,0.09878072538520287,-0.03132458273030759,0.053012289282315675,0.032986959383279904,-0.00533561441718329,0.03277091947825112,-0.037531095837215686,-0.013291602681193192,0.011434178473307842,0.0935446720272538,0.29002927424184194,0.27593823725832856,0.057128866324067246,0.1272327064264598,0.06196871451248988,0.08229286910992148,0.1685590333613435,0.16743553268987024,0.036555950358317345,0.09862685086479181,0.06959729886403476,0.03224163394336308,0.03522653918965904,0.03204164235801572,0.034247196238589316,0.016715191726732723,0.022779946894371593,0.02045866250707141,0.027348199213375377
-0.4751000230174063,0.07535285020485942,-0.4538789844822545,0.09496383172592963,0.005442092761664868,0.06836050092403254,-0.0011260891883597963,-0.13639100099469187,0.014677390810114984,0.04838642742130649,-0.02822790138443217,-0.06281004048371112,-0.08265992692445306,-0.04902461820787226,0.006625482155633786,-0.03221545164676373,-0.04207464347292532,-0.0024659648954526536,-0.020129995890595866,0.020515085384758696,0.5064260196289584,0.14010590796188682,0.4269147935217387,0.13097038608237924,0.08970726744910644,0.08187705456737394,0.05740613324234073,0.06797228186753053,0.035999347435007836,0.0331820298321952,0.03947938646831961,0.03760288824213324,0.04601485958918187,0.033059467387114176,0.02838465945726833,0.029211368285076398,0.023889930144746226,0.018157425470700216,0.020961006622515762,0.017326055051369083
-0.37759237409567314,-0.09835130779730226,-0.07917060334937327,0.025630654016259514,-0.17118716267622747,0.12560569505889355,-0.25833090790521673,-0.014325214729863289,-0.054320922328375605,0.03365831724521966,-0.022765703242085582,0.022436685396569428,-0.05030128496315677,-0.010907570019533987,-0.047130547481796306,-0.005473242066990174,-0.007206856709687075,0.009317070616030217,0.021780266615762725,-0.016233155025576543,0.8059772711879365,0.09345290049328962,0.09285204235176465,0.035332218766057244,0.10345654834241894,0.0756485167499341,0.17256924425136613,0.01729553395790137,0.02388452734772508,0.028017038675303956,0.014942725651386699,0.015028512075613105,0.021947360691467847,0.013008619576933094,0.018552506610357712,0.010450370217942411,0.009058040292561213,0.010238889740527796,0.008185634460419478,0.007149262543459707
-0.48835342550935645,0.08652334429220168,-0.62154671080669,0.04082708789599578,-0.018182306049034015,0.05950397484105243,-0.000684455028763429,0.00454496055584756,-0.0031201966551209987,0.0012312747866866946,-0.008638503274479686,-0.0027216641647446176,-0.0016737845264784335,-0.012282085030353742,0.002908253401889631,0.002546713817418625,0.001290731521082886,-0.004177305856761871,-0.01047501106578416,-0.007119028047452272,0.22798779010697864,0.05354545679244849,0.39855104393115254,0.34811338824236676,0.024542516357072393,0.13336489715367772,0.0032347949202659165,0.052556204794738146,0.0371730415656139,0.03297169785120631,0.026105496114568662,0.022088810540928816,0.01961163490209301,0.01701502018567681,0.01871155830613576,0.01852086774422351,0.014405389330396704,0.013610066231722378,0.01287905132929643,0.010334328599704689
-0.37673507972023657,-0.33015791338926137,0.04110627827528074,0.006463814910586227,-0.02312326171246533,0.06438193056057011,-0.018688601457197328,-0.03782792137989416,-0.134157720387696,-0.00368373153285159,-0.04212262709390318,-0.03322776550405597,-0.01596586962363744,-0.02284264988467645,0.004048345978051812,-0.01270883995335051,1.5710654104138214e-05,0.0041915494159534055,-0.008653855329975825,0.0017466252198567163,0.2063136820698046,0.5110977699284142,0.46561585848029674,0.2636078993450251,0.2302648292751004,0.1688477945230265,0.09632815244335201,0.08665723004710513,0.13813612941869313,0.06674730119065653,0.04136396642811564,0.03189378626370955,0.02928671042916587,0.02742794600543071,0.026783657261957677,0.026190326863958703,0.017145773103643198,0.01743805100525094,0.017156376270767677,0.019244569929512286
-0.54926940128818,-0.45286140776357103,0.2114535558943061,-0.08250512288165798,0.05614603231187601,-0.06841106973908002,-0.039713250338703286,-0.013441430154647887,0.023987268544230143,0.02757024963985231,0.005199385605691914,0.006551634892616466,0.015129203407056051,-0.02421642447377978,0.004618706726843864,0.0036499501918465407,-0.005022647547695375,0.004022301893067151,-0.0004303759278077274,0.004638864399885648,0.3151549610048536,0.24302744167269358,0.5012393851638154,0.08503803482804066,0.04028018819580663,0.03351851385200491,0.038490072525143144,0.044369377978299096,0.010935698340039334,0.04647531296546738,0.023894014939059054,0.02063768947267118,0.02042005160262366,0.026802435597215655,0.02278484197283182,0.023298931716541533,0.01965875046045402,0.01788544574453243,0.016742377278982954,0.01665155010411995
0.24184478249924726,0.40528300285084895,-0.1684286654240275,-0.2811129270341427,-0.2622458539354995,-0.3205700275646106,0.14246923927089472,-0.1400028356604816,-0.06188805992580871,0.11439471444981723,-0.14173803591056483,-0.0329900537346684,-0.061364502087433645,-0.13842303682443766,-0.0807358605437045,0.0897792752184478,-0.06746507673428391,-0.06111689201026896,-0.05812850205443935,-0.10598615888284513,0.31142405193894585,0.39119524066357575,0.15117016319673288,0.16048601959626033,0.1038443525822796,0.13211023181259285,0.09531841089753604,0.06829478852816011,0.038817909895643404,0.05261613773325921,0.05459593442814288,0.03400510408978172,0.036084122722367905,0.05394154039346753,0.03199482971121378,0.03254875980587472,0.028809906217772983,0.02903076666563398,0.030816023290869812,0.0445708053016168
-0.7160588778187611,-0.2136970013969695,-0.25135501542863353,0.001163349689852859,-0.007492819009119213,-0.05320485908820513,-0.00990472855714234,0.0027231064177307015,-0.01295606835045859,-0.004798683857515579,-0.011410540026243515,-0.012431006618948418,-0.00708003656837224,-0.00340652918756271,-0.0033069488975003055,-0.012235037330053511,0.002408505532289855,-0.009592631265432916,0.003636216425219797,0.007736713974077632,0.544479969177034,0.06586235835479347,0.2158547621542266,0.12816485216063853,0.06246099288418638,0.04142022487009622,0.05535284820641018,0.014741942038623458,0.011053373997284038,0.01626202027096886,0.01638648084009763,0.014568410846922676,0.014462234223059037,0.012351938632682484,0.012733896168943016,0.01138970690092479,0.009298054605816106,0.011092926284409086,0.006582066905748188,0.007961915608212074
-0.7601830254559032,-0.2121901901379646,-0.029955190590857463,-0.07107644059092577,-0.013511980725258124,0.0018260041999088876,0.03745508402536532,-0.02696578973458914,-0.028488725835617724,0.0013704338911583857,0.0016254008690766528,-0.014579392726509075,0.008064907521846834,-0.0013807254434804038,-0.003294383740184852,-0.008361289953013764,-0.004680363288099477,-0.014671860302065723,-0.004120906456912869,-0.007062265201107279,0.45233729359400093,0.312649905765911,0.13110124473107548,0.15000564206609582,0.01906364467290807,0.09493612256423015,0.06973588514210674,0.05595337686203007,0.036248064553059435,0.020936552926311337,0.033809356677634905,0.027054921970951516,0.029015941938663782,0.025781275487122734,0.021762024762349737,0.024425112023178278,0.021721674082438486,0.0231258173751364,0.01840496479919255,0.01958854657697244
-0.15079308052819812,-0.5792872065002065,-0.2732928336018607,-0.09771791608327186,-0.34314669206849546,-0.014357111806836315,-0.1851610325148673,0.07617408940419461,-0.02160405789624461,-0.052962566227242165,-0.008585930840301787,-0.08582587661591781,0.013205783996314115,-0.018749638332117978,0.021458059240716018,-0.017239831937692022,-0.005044356156051745,-0.0002759561943338647,-0.014644864491573052,0.002942845249596619,0.05029804633578449,0.2805566961601635,0.34293482634085465,0.177338570432415,0.2898957026993817,0.08730935912274486,0.12247604888669353,0.11159970855784865,0.05275782292797284,0.1427167688670106,0.07285976016357781,0.05763162401424819,0.03840788217163222,0.030690150204590854,0.02773456887558581,0.03088900959800554,0.020706973617098657,0.017069748869288387,0.030194964118537507,0.014038655940156772
-0.2132390366234096,-0.38048580085819517,0.2553812671917234,-0.118531037467447,-0.1636351263153831,0.01994447833126505,-0.024751902163358,0.0022623567005137543,-0.022030822130788982,0.018972492367918935,-0.018300638420646057,0.005127862506948606,-0.00390953884176132,-0.0022314271983324492,0.009635462281515444,-0.004215695761338126,-0.007780038275844747,0.0011155555786722213,0.0003134253160898421,-0.012377477973759104,0.4479364223755517,0.6103346954679537,0.316084995923905,0.11015302565839043,0.09593860927802593,0.040814323165251944,0.03045316135517846,0.02890744289987607,0.017359857076360754,0.021006053517538852,0.01990769829837767,0.01080564595176346,0.023716813856555746,0.016856019108251324,0.019248446277809687,0.010548147226563477,0.01684780990525901,0.011548807236378964,0.012931203515259082,0.012063017259956302
0.045882418944234275,-0.24160469103982182,-0.027246855706139585,0.13825729731590913,0.16662699814561072,0.021049346513249897,-0.1275939366940442,-0.25776153278074937,-0.0551355287495539,-0.14407037774003842,0.047297877939000275,-0.06602370889675775,-0.09019241693554998,-0.1312084730194165,0.009053321501190465,0.016032538809480072,-0.055202305816354075,-0.09274598364204269,-0.01702208716095798,0.010945399528680826,0.6831318003356529,0.3682921141879666,0.19560574315667795,0.15355083404839737,0.13739537349951944,0.061234470729456786,0.07661022386985368,0.17559393033532356,0.04445747644696972,0.06554912206430935,0.028926091736791747,0.02914705253492832,0.05244141864033403,0.05915151546243844,0.022234360302932108,0.01319399030174628,0.026616430591832045,0.03410776802142988,0.01523278577608288,0.01172316451101628
0.24508401485086923,0.12355645064141427,-0.21996722168205493,-0.09336006969741155,-0.0739350084969729,-0.015476833286684498,-0.015771046689342642,-0.042983062897514475,-0.02109511763376145,0.06313838976319404,-0.012590393993244122,0.019488127682479404,-0.080516602766408,0.0009330178327235907,0.011939643484622115,-0.027315999433593304,0.015050474347495821,0.005678651708368266,-0.03142854503545386,-0.005371783957519743,0.8811628896998156,0.1956639729683353,0.13041206801600808,0.09432303057402305,0.05575027913782974,0.019751669260046886,0.014033456834146238,0.02212826980533539,0.010594197208017839,0.016704879723973155,0.009979381319105847,0.008634933140456347,0.018603130639898616,0.007936387959044312,0.007924516522497285,0.008975804764174129,0.0069364330502812025,0.006178792367675313,0.00877342601481581,0.006602128668361879
-0.7554333199078741,0.04790136732303916,-0.07093699386317522,-0.019240825919340485,-0.018055078369334305,0.0020044642241604585,-0.00887700403645546,-0.013873719083377055,-0.00482766947359225,-0.02123234529173823,-0.003626937687715167,-0.01181096915971613,-0.02845064183001047,0.00019162289718094904,-0.0043781262782735045,-0.004175431458865323,-0.002777284247550433,-0.010414345090169051,0.010655810487173092,0.0010839297074627166,0.5862108604743256,0.21915371556500812,0.10917995758778766,0.04451649269138477,0.029455626734386463,0.04475021058210751,0.0376739529942854,0.028318385113249932,0.03830663742287911,0.02993540020954104,0.021490407837774245,0.027163374167349725,0.02488261330272578,0.025837293447283017,0.025575725957983717,0.02169939673764527,0.03382092424649431,0.02382685680732521,0.022133464801224904,0.02184755499814296
-0.5571607813252631,-0.32501173557452734,-0.04684989861930436,-0.07567828624321858,0.024199545287098313,-0.032417457100075896,-0.05093452246265704,0.01793547866670476,-0.05119605320642364,-0.015962937597660574,0.013391830055036295,0.019274284153391892,-0.06686074216800583,-0.006078708031822434,0.00011621166851762181,-0.014043385954296864,-0.04907809167588894,-0.029436500162656462,0.010319507259335076,2.4852032126023682e-05,0.38014375819901747,0.5633194266801718,0.0765831524486679,0.17817913876307565,0.0332799388271465,0.12740391755794245,0.06366613261407225,0.0782690323972274,0.08274861275963084,0.04676716174699739,0.07559940669007648,0.062374819954692795,0.05848768034620125,0.040489607436412355,0.04127975835205797,0.03792873478680769,0.04112097602483817,0.03633717914074027,0.04264591671046943,0.036179168077085815
-0.3783011557759434,-0.46900998823232687,-0.4574432339983835,-0.14304212311313647,-0.04954430603301229,0.011869535258350864,0.028705046550831018,-0.0064064949928227324,0.01293397342949088,-0.005284975125176992,0.00013759184348471147,-0.010171293040232746,0.016731389925208423,-0.009256403001218556,-0.0064415191029359555,-0.00823970977351788,0.008349611344973347,-0.003925559523825115,0.0022082999024006403,-0.0006097915622417458,0.22688324025437034,0.48090226007944786,0.3369611803581862,0.06266667331654373,0.011103308783293808,0.009406990564794023,0.016710103950772624,0.040666670016778095,0.005255593632565594,0.007181914276514573,0.00801454590719973,0.005391843573219202,0.0036475014039433758,0.013001086362994298,0.003796778235275898,0.004910638030500151,0.0023490276791959214,0.001790975241624004,0.0011095147706979228,0.010809323678277034
-0.5069060041303599,0.127400887968353,-0.28731142086217215,-0.010675554295928891,-0.41691362040266794,-0.06338166908664088,0.17205196928278105,-0.07778728380498881,0.0025137659095582163,-0.14088701276797272,0.009934846217866835,-0.029033332282830112,-0.0649404626809259,-0.01092381143466797,-0.08479336926056286,0.02508189131033105,-0.05324110402317877,0.038689336183981536,-0.049986327055226994,-0.046188987606171815,0.4847625314255229,0.20595984338981985,0.157809042014624,0.056731782657693366,0.23939803954590216,0.05294292632357493,0.09386535447521142,0.0384202140909363,0.015183003354429755,0.04503861015693187,0.025393720525379374,0.03732446632193535,0.024416248471964358,0.015547100004585016,0.049530407132868555,0.037590785950255945,0.034035008344954945,0.017570860264855853,0.0284851893897572,0.039154537907528916
-0.3812133644487516,-0.06907051898395729,0.1883400363593126,-0.15591139636677043,-0.013497848337366294,0.20795960411996672,-0.030805013874070978,-0.25437610901638524,-0.004054579367100126,-0.06275583957065148,0.0033903152787002175,-0.09543839636036151,-0.03307784855737468,-0.14731048159366156,0.059896668677448195,0.09309693450529696,0.1453841027611528,-0.050987015666886744,-0.17816641023381402,0.0559653372235901,0.3790401723999241,0.24335679129345822,0.2625566430469236,0.2438330202890524,0.1321245257557941,0.1991053688236459,0.11564127209444519,0.18055554494810835,0.11003868538279157,0.08828646995742963,0.09500453688175793,0.13039137543041598,0.10475317214650111,0.1124215232659007,0.09603942065768906,0.10422563049447091,0.1389731698615775,0.08162531733352968,0.12561763407061166,0.09252848150796761
-0.3177992434634573,-0.1840843704580588,-0.169165977350141,-0.059552461479750844,-0.010088452610097597,-0.06195263747772905,0.09179078176993087,0.0958251384125374,0.006994038487517936,-0.07487101823288198,-0.012880020243995817,-0.014061837179689281,-0.02913924028730738,-0.023495092443648103,0.01733382587490459,0.015368346881264407,-0.03413299896912437,0.013969419597259017,0.02292488159027125,-0.014020744618960706,0.8653264516051784,0.08451186010391626,0.05947717767826778,0.09580252165582882,0.11914536066283346,0.05645726486004794,0.08062353138119485,0.05446256930432488,0.03483396094117513,0.033405013098007606,0.02171648839452691,0.0187393364735246,0.01949618252289232,0.018986423074103573,0.013283361975249848,0.016803309448207647,0.03237385291943362,0.005735809262131962,0.0166175691924544,0.0126896585949818
-0.6978392091035203,0.05323096930157762,-0.045330937632445785,-0.05555441011617698,-0.008895725502425015,-0.04932485848556405,0.02063167173655246,0.039025493934629084,0.026150110727662854,-0.018173156819375022,-0.023616511691244405,-0.024365662468032227,-7.230097338527354e-05,-0.011383746286816902,0.013560747593521208,0.0027504971153421848,0.016603224731819737,-0.0467218583734182,0.022356177167326578,0.00150116974559455,0.5624586981457652,0.2839927640032404,0.23317878588715735,0.13253296279077928,0.049066186220764696,0.07686596352006383,0.08708964202352078,0.06770576220759637,0.0072719926666860975,0.006228101362698963,0.03814035995676815,0.03468298891946191,0.020342592140839093,0.011229351212907333,0.02361132802964759,0.017079425617679764,0.014444355615018055,0.027125293171805964,0.019480389602007174,0.015553612074273391
-0.4291614137824042,-0.25478041644890576,-0.07390788620868824,-0.19980512076370488,-0.043896368730097717,-0.04669770745850135,0.08084273830974886,-0.10640863253933891,0.14726539317743187,0.04534069679506723,-0.08216880195459046,-0.03802586038241549,-0.10348533277657694,-0.08451905837686179,-0.010123064861256238,0.07900880081336484,-0.0946443977137633,-0.08100526217286806,0.03334624763247583,-0.04013251932762569,0.7070022882420447,0.23009084557728576,0.12448470198908644,0.13317592915347193,0.03343896645000229,0.031545392887708454,0.0869186102574829,0.04148654200111613,0.07566502810901805,0.028367095795267874,0.032429366859471266,0.0123173702335691,0.040980266598531094,0.023037949322495588,0.007394495119202817,0.023887144162887296,0.02477098624179499,0.02000032042024721,0.009659664589584185,0.009261817589575545
-0.6109785053543247,-0.32872955683449295,0.012539970629033151,-0.4035239800791202,0.12531071662253404,0.0054322683556602795,-0.05023256607253407,0.024303333547770492,-0.052335922272594364,-0.03257212993519673,-0.011736563731922375,-0.10947065758867781,-0.000375088099584086,-0.005007765032036312,-0.06541403012517472,0.006313130412488108,-0.04154559740886781,-0.022415357646486195,-0.04808088640873781,-0.03921104596371201,0.3384920806003335,0.24891780451721485,0.13463198515049654,0.2279306743551584,0.11188408361781607,0.1401910546650077,0.06743532778183943,0.08557098421823409,0.02969473327599565,0.026310246309376884,0.017090059218007155,0.10283136297724128,0.03556586135759174,0.04859175979149978,0.03635257192278799,0.026269669257428744,0.012800773570234944,0.011143318074204238,0.031699293829249964,0.02088266256037693
-0.417007675000885,-0.29623551122226355,-0.020326866509028128,-0.005252530289971695,-0.1262614909157979,-0.13385870429128574,-0.005151626915009854,0.001964705124422443,-0.198623278926828,-0.17813964073316946,-0.009224204409351818,-0.001845634302285272,0.018855452602339555,-0.046524589322686,-0.045024118627701525,-0.002757129722295116,-0.028140647806287885,-0.010738255409783723,-0.00018307922482969376,0.012743537764573782,0.1739368259433087,0.5445059906839642,0.21342856081011258,0.33594961753178637,0.15100506065276537,0.2708140564701996,0.0712444749771426,0.020995814575938805,0.15601246467195964,0.10877271417463379,0.014919593590314714,0.02500848471736703,0.029536280682667237,0.024011720984906507,0.018098955583326366,0.021384774762222343,0.01201041931018938,0.026682498422204527,0.009861673599440261,0.009957510002309324
-0.46327538309203536,-0.08949410719614298,-0.05402003170109113,-0.17711851258239883,-0.13664395909578245,-0.02524430958419507,-0.23349799325157333,0.0037987360343357457,-0.09831220859559013,-0.07716106307954998,-0.13351174669527494,-0.06763973908925815,0.06505772106087936,-0.19119912286914584,-0.01630409337836276,-0.10760383777365141,0.0002985392212083481,0.0013630567928794306,-0.11147619393817815,0.03554829142023459,0.381605226811621,0.4544557910288996,0.2061368258155393,0.2003453148325456,0.09623616531667145,0.12712596469331738,0.2038927537848758,0.06787427224125293,0.05634349843582196,0.06558834215649068,0.1490552724279629,0.07576190083147284,0.06701013095410345,0.0876897512974398,0.038217170808848976,0.06836077386594885,0.0266411487172426,0.028577512066768885,0.050344428140942823,0.026336157459634503
0.03909187825339632,0.2700508592706695,0.07986828577887774,-0.021319241904431095,0.02204007591585742,-0.06755711729654555,-0.0011774460710491542,0.08682489893403067,-0.00673337942391983,0.0297058171482805,0.054195109986642565,-0.0038780998109382045,-0.08263018623042308,-0.023939139014156393,0.019067297701487993,-0.02002866928435482,-0.02823795232025169,-0.017739843831468344,0.006546552445803151,-0.0031583898942842232,0.6871040679606795,0.6129856870160962,0.0678795585991053,0.12047295694109889,0.06472900876648673,0.057180378245459226,0.06348246326254864,0.0685336662068086,0.05042957828643629,0.03371324049937888,0.03713600782909543,0.03628280518668024,0.03435625342198277,0.01221634012716703,0.019677243931600044,0.018688298665417644,0.018269975626339884,0.021095153669808114,0.015143462928871441,0.01703790316126553
-0.40653216526794644,-0.14740066774246055,-0.24280164523442366,0.10426348517832516,-0.18381077623674855,0.02890627841594887,0.015600608210114279,0.049969914238734196,-0.02375385790998244,-0.045685495604430165,-0.013364540418613262,-0.027866032223427657,-0.06103078233287098,0.017517840872250626,-0.0086378898647621,-0.002030947649858911,0.024228700515615053,0.0064403580702513535,-0.0014318470648072045,0.028801530041425345,0.7304587541865971,0.2799227970517408,0.21830241766448613,0.09747865535455331,0.12107552232626383,0.04645654282798694,0.047947247549705085,0.04336338628799766,0.035412021522627964,0.03212078537084679,0.025265607788951868,0.024373377238870796,0.02830971179453548,0.014921174449420361,0.01444653988217545,0.024917840657140852,0.017059482290457006,0.01972845564116991,0.014063189451972501,0.01761578971692357
-0.6626577243081303,-0.1844867750120538,-0.2335879906739941,0.08522888976596014,0.1433387749778112,0.046133981209120434,-0.0236855726812167,0.07748974362044271,0.02794210876633964,-0.04064514968196948,-0.01513345378396518,0.005328430520078412,-0.0024550598224062463,-0.0012170103357620875,0.0023643358467752267,0.01495893467974206,-0.01672569176325718,-0.00999480367300132,0.008815150769160394,0.0032211180485554863,0.6329345165656675,0.06146640048678534,0.0856471710823795,0.05562043986019821,0.07614333373385657,0.030056159575351835,0.023737319892657455,0.041808125729200354,0.010201443967868868,0.051576399903686454,0.009758457348730288,0.01283991646276446,0.004388426232654573,0.013342055569680425,0.0078214356179669,0.05965797600808203,0.029982162474960886,0.013567682771502866,0.020022859239668896,0.01535126459068308
-0.042030910018239845,-0.37561227843037037,-0.1864813960165989,-0.061489868313802334,-0.038439319087160084,0.03506978875560135,-0.11345745126886511,-0.14340695375722667,0.049093449310563655,-0.012759982248648315,0.03825608069297638,-0.01895086775539227,-0.015989094669132963,-0.018844865847691038,-0.044397789220926596,0.037363274144484586,-0.002953636803799162,0.00475169387794915,0.0251383462514772,0.001843490322417854,0.09649676647782122,0.7759873026342351,0.23053372458280547,0.16688935814785724,0.15894649256267504,0.0864874329765916,0.09642169552717901,0.14540066037716232,0.05277235737815027,0.08321466852916165,0.044733392669591074,0.025246592804715938,0.028727345426299192,0.03561011287836596,0.02986027293204123,0.030625329897090152,0.015651434050449373,0.027420630716902303,0.015466503054932367,0.015851802950071166
-0.5664902283587812,0.01861357588119529,0.050039088533401055,-0.07329435610177329,-0.11880826246648843,0.03472032880915414,-0.02853372723809556,0.05122739006920458,0.01984542042353445,0.02287134141600536,0.08335426169311513,-0.055968403638911424,-0.0860673257849651,-0.01614498557067364,-0.11285994795620401,-0.011154299819908526,-0.021615244178806278,-0.022248190568019802,0.030735179505251772,-0.06868332979744032,0.6556799723744982,0.28208279622347393,0.1597173945295773,0.13435429419185957,0.09650159417330238,0.0939124293197723,0.03617457731318171,0.05351650705878689,0.04535974517631109,0.05872266407212684,0.0829668253739059,0.06070757698128102,0.06030862075412202,0.047858862057831054,0.10882840294071267,0.02465492029802973,0.01912791002250738,0.0339452876465861,0.023537534835423795,0.04557463397473982
-0.3326886891076667,-0.48523036252694707,-0.3221351532892275,-0.25742854095809115,-0.15333071576687304,-0.004368901199922448,-0.33766825992870714,-0.006782436731135064,0.013453516829350427,0.02487991154539462,0.05688345796019354,-0.008928660840534237,-0.0033789611622260145,-0.10350321457892364,-0.13873778503531406,-0.008001962929636123,0.09545757564776358,0.04867631837210773,-0.004903297231035842,-0.03335080084339594,0.14316188307367889,0.3423041918936878,0.2435783074032716,0.13709717379574354,0.10904705497803081,0.055151407012955664,0.23573523292278314,0.045024602839206986,0.02814434815324647,0.0459525067989919,0.022722498728630868,0.016049143446414678,0.03134437535618712,0.0418434916179943,0.04531320113209348,0.018581707361215987,0.03300549614396931,0.022979306214973454,0.010603282364800447,0.024494545563327738
-0.46078562403564294,-0.2939294306163273,0.22324803091733253,-0.08609788142230276,-0.02713149913276237,0.16184810026606974,-0.02689892980760238,0.10294325737827255,0.011508180944724713,0.05419848323668552,-0.12091970126055547,0.059027749233162126,-0.08067018677758107,-0.05632856878073745,-0.011769029481332979,-0.027528713880548145,-0.006286221731170383,0.0008302088399390948,-0.10098452102265484,-0.054611781772689764,0.2727325077596909,0.3979023247268684,0.448028632529608,0.23203105866666826,0.14227257937992333,0.12044334222473266,0.11233831392709945,0.05914767188781665,0.08787585327835881,0.06823112821687562,0.06493339835373856,0.03154028860519303,0.03149699965503506,0.030455336353565118,0.019621913670120627,0.026554910330705537,0.01244464679218953,0.02321949959312242,0.02781489069761817,0.024383217481274606
