-0.3191323230367227,-0.27679817551625924,-0.3111345997994292,-0.05581615053817627,-0.06000913080727536,-0.1639985066091389,0.07615804017422459,-0.0940020626251277,0.13128572910744574,0.03151060562379654,0.05791728650876206,-0.02011550173872226,0.002243549281125434,-0.024462162835605393,-0.01180017284050273,0.003513613228937511,-0.00935547821029303,-0.049705073465507864,-0.01907336601693276,0.006442452924593198,0.5396654162395242,0.34897243613599827,0.31004163567181936,0.0987355780609219,0.23940676568048105,0.1244086932902015,0.11152865414386973,0.11420897652657948,0.12123161641541891,0.05443780100854582,0.041584038521982135,0.04976463506079012,0.04463136548637675,0.053212602305961865,0.04515386075790531,0.04316179183223744,0.025587449975008853,0.03666988248146705,0.022249188301330824,0.022828733583426963
0.4057312735881623,-0.07925415155384702,-0.14972864626224863,-0.08044827475850715,0.009430532699453181,0.016052584841915882,-0.005790684300843852,-0.04363447416704551,-0.085466624273938,-0.03217574489109856,-0.06912368512599726,-0.06712916470757295,-0.05546995886721921,0.019268301798574586,0.010946771005499869,0.032899397423307115,0.011565341702985905,0.0265529440717157,-0.06921893634305808,-0.01096006977940918,0.7970777091923007,0.09428035544580908,0.25274911326532334,0.18452165566871156,0.0750846226063856,0.07268246086711708,0.05374236043975744,0.043754432729233905,0.0609953257654534,0.02892839298572869,0.04196107645765059,0.04427543633504294,0.03380249687280432,0.011929961650924878,0.016761380051580038,0.020103450563111244,0.01416146628108388,0.016413856315797573,0.03527675317126685,0.007966891747371382
-0.24906080039712164,-0.11972631938026927,-0.17876472588082815,0.04316376686376301,-0.10322337666502636,-0.008267242154378816,0.018733614324778124,-0.003242687885577791,-0.05328483608232698,0.005630007620578843,0.0024575562974303833,-0.029923529117550394,0.005819940246708732,0.04007926305257388,-0.04337558430959353,-0.012621208184310685,0.01547747979606998,-0.001788948143094684,0.014849170144625258,-0.0027406916897318515,0.8277242157784961,0.2448739547649769,0.22417212314133192,0.17954881049433435,0.13462213623209202,0.07211956238705713,0.0640722517802573,0.018598996946718082,0.05210427764659082,0.03525052167353564,0.0415908579997097,0.04035759653562652,0.02547948856384474,0.038155393172230774,0.05321751414467489,0.01749736262775556,0.029104218849708884,0.023964086777547904,0.030872854582825095,0.02268339848698672
-0.3269429961130968,-0.22973037613495037,0.010201948854205013,0.011193189305005829,-0.14735373234153473,-0.011982747643405681,-0.22051562924048343,-0.0436776831087045,0.061465544460754806,0.11027174210384169,-0.01704417995486841,0.09273563175627386,-0.008224718544886942,-0.12100131130316606,-0.06455121011559069,-0.039399324561567174,-0.07472890522048913,0.003986330313167717,-0.0390514038069711,-0.029908149866742968,0.6669768134659374,0.2942255861946576,0.22748199584783424,0.14269267618392767,0.13408638747961898,0.15713183398915267,0.12777975085827822,0.028688370418059505,0.08787122237359928,0.10216678275869286,0.04199350804965233,0.06426867747987415,0.10589068074747504,0.0726857280203145,0.05610510212503367,0.05640127065293355,0.046728440401726905,0.03287260719553361,0.024701664007364173,0.01806083060917418
-0.7184615957164415,0.028984797856418627,-0.16376804050485186,-0.017576464536916265,0.10769392898773174,-0.23128539979448098,0.04031996860255602,0.09958406272007637,-0.036396466404089174,0.017740957949838803,0.008426399382068937,0.017587212261049714,-0.016000122147869812,-0.009643110843074296,-0.006568083427697548,-0.004556299286778548,-0.025220443862818097,0.015568324978446785,-0.015843971032932877,0.00565215023067036,0.4061529705036791,0.16965800676834517,0.17486264837410748,0.18399135518430954,0.09882479613297664,0.24292930632825457,0.12072971555957866,0.12089661420028294,0.04427009102539674,0.06543017146865662,0.04412548701272627,0.03732923489622639,0.0335761264103287,0.030819937407896555,0.04171854528355979,0.03163288950441429,0.033155938232329006,0.03799225886352124,0.03658452765836366,0.03447923368418975
-0.416728499755631,-0.5324696663056964,0.18128050351070338,-0.16674105498974148,-0.1192358527782785,-0.14588501921306715,0.004662294942437994,-0.01236332563958609,0.03763609022535185,-0.021110588928544217,-0.01683846680704067,0.0019210194718202833,0.0011592419929289301,-0.011232094594119663,-0.010470326250802358,0.014585355084033724,0.00947112329996707,-0.00985848565583716,0.009383180532014668,0.020425888668174016,0.2513492985337493,0.5366874757566658,0.13546944256944726,0.1755106176327759,0.11355809065908155,0.13773116152590187,0.048369983711743635,0.03914347443759024,0.03542817821307673,0.023279240662587894,0.018058290638307998,0.03249162838697646,0.02103184053829752,0.03969417821020042,0.02482382321750846,0.014379400092412047,0.01703425344044673,0.013716780542555687,0.016089766607033037,0.017959405861880377
-0.012414612567387585,-0.32832723755508075,-0.14519796691747902,-0.49516453838385915,-0.3774421460260286,-0.3460587651183761,-0.12223628166382791,-0.06423557435833009,0.12247544787861284,0.1047427461440755,-0.13017402895309338,-0.12254175445748029,0.02793137465324667,0.016840755180275863,0.04160346398275463,-0.052889661421552166,-0.05276292940325783,-0.004440135169456937,-0.05819788259924755,-0.07359858933981349,0.14650824770168921,0.20648547716762713,0.09398517326406032,0.34284895725697667,0.20257176500492702,0.16150192512420394,0.03777943145743463,0.023176039864424697,0.04240521522015512,0.027516987902728322,0.04411024435084232,0.03533623125774621,0.02232084732162707,0.018344778691596723,0.014601313813818977,0.013867375760943301,0.014524711878129032,0.023406873422622983,0.037711301936526234,0.02498140381918871
-0.6376858131813731,0.09014169161743776,-0.0010308765955596814,0.014227250331848648,-0.01734881298155538,-0.03049739666785307,-0.02149736205685107,-0.07469177839130058,-0.043740806433761416,0.061940485210937396,-0.05496129896567166,-0.02993756961382769,-0.014116503982956441,-0.016861129832925925,-0.010063059394802489,-0.015996122084932056,0.0004586171723808459,0.01241729840794852,-0.00436882132993089,-0.023524885893638506,0.7322727801349345,0.08190878219614744,0.038894805575636016,0.06689585788840023,0.10345716051482981,0.022383136973278137,0.018241189492909725,0.0479968125064146,0.016691951116142086,0.022124913581203113,0.0235341831110567,0.029553553036646727,0.007938997282448665,0.01636717905344343,0.018230965184931548,0.015090865400126989,0.009120831053068967,0.011119497844447466,0.01587069260637107,0.014660742984483988
-0.5965684231735221,-0.1267133909043485,-0.05182076588220687,-0.07362541538942716,-0.05773834738664859,0.06351747821491605,-0.021997868838593008,0.013961510607899066,-0.0025895094228674813,-0.007883519958038196,0.009542314922079262,-0.005653607317080285,0.0007067751798741361,-0.010102158946371622,-0.003665510847464784,0.0017991108318029826,0.002562648448044804,0.007299270595208461,0.002902801348939474,-0.006224808512142405,0.7720532812136071,0.10826493491848226,0.01971104712009057,0.03725265049194265,0.02600066406419444,0.025261686917726418,0.018937649653178238,0.0052797598617587765,0.004362646329875991,0.006580658109398439,0.0027025305937236573,0.004126760448356126,0.003612899398003419,0.008271080426003786,0.0009345899449027043,0.0007631054388866689,0.002787203676071646,0.005032098836625487,0.0012796710844535718,0.0031198836353160246
-0.6214850320722389,0.03367100102931899,0.031532800141848914,-0.00778651098006481,-0.005568860674949619,-0.02607904230309758,0.005340882172425627,0.007154810900729774,-0.00034869587526600604,-0.0024661594411362732,-0.0036930963573996826,-0.0008712147501859862,0.0011669537779080686,-0.005582718372588527,0.0015122935939988575,-0.0014193248814409094,0.00282850058462308,-0.0002229454705130038,0.001141976489640957,0.0004884998181857603,0.7783621482502234,0.03308091935438777,0.019478347604295388,0.010311693911898144,0.004324125436749227,0.05256104036010334,0.0071564246496025425,0.005220029466834697,0.002040171964386782,0.015307016996936028,0.006362027749482031,0.0016185367278185618,0.00635517900192548,0.007043531832745293,0.003246335750410765,0.0036185442810452054,0.0035839212411934796,0.0020565340377378194,0.0025402537292817996,0.0018811314527433945
0.3644094996571727,-0.4820676798474019,-0.13487787152946787,0.07357156069642524,-0.25552723759607654,-0.02902907240105107,-0.028718515484370755,-0.1365637309098874,-0.1312706568129154,0.008042850384213214,-0.03159016091659112,0.03667390396364144,0.025727366280808104,-0.019385908874718118,-0.015203400406319957,-0.0721319022530379,-0.0065123853903282375,0.015825583073102525,-0.04900343867443651,-0.018770944847786436,0.392785377606409,0.5419289373080883,0.1018082695953017,0.045107993349162545,0.13058769902670309,0.04332066724617248,0.03563108203915283,0.07423109645683139,0.04890325203575471,0.0306449360405151,0.02824202823645899,0.02984989822682576,0.025924354222594332,0.035360141828754556,0.019710062894967524,0.028281445936780187,0.019996116129876017,0.02130422642348726,0.03126693723886229,0.02011002934763203
-0.4751787596922453,-0.09029976561837265,-0.12111430878339659,-0.041044424313916555,-0.011864956725826754,0.003073356602655311,-0.0067516268766302815,0.002244402940875069,0.011796947918986408,-0.029750765499009228,-0.01079011689322224,0.0010560411415482063,-0.017245246490245492,-0.004132011064359284,-0.00781426616866396,-0.0024008402310407074,-0.0016742671156860184,-0.006303646368020289,0.004678550210735939,0.0035513750001443106,0.855249723000428,0.07337483827525056,0.07512818844211523,0.05252488669863804,0.04329033000439606,0.01115182504002905,0.008602076251219013,0.012922171306890072,0.0064437463465823975,0.008565125676019377,0.009315828970572189,0.007651091990588377,0.008719497458363333,0.005131988638501673,0.004782250065842213,0.0013963410079573613,0.0020620824624727556,0.003362451926046284,0.0021912623085940173,0.0032503684535546908
-0.42942350995755246,0.07296271396306345,-0.16774749373150485,0.2654992714420573,-0.16696211064896518,-0.45277023340819617,-0.0502516549373276,0.007488669049166082,0.09233861478582518,-0.06688529745538563,0.07464793160648495,-0.12505911432975805,-0.19391012405253785,-0.2879466364592855,0.01768586754294398,-0.08819268543133761,0.05311857310152522,-0.04273427556279039,-0.0850603716469659,0.01300335714822182,0.2559689225134414,0.08531008897284623,0.1831557193816549,0.21943969424185322,0.10507341110697564,0.3191090282349266,0.036370004620487326,0.03214241506837765,0.05942021697633447,0.03173093026601462,0.030997193512853443,0.045395026625873344,0.06334529583989713,0.12923354233842224,0.022699269471515647,0.03118428114492552,0.01668944025501003,0.022636740112698825,0.0275263381398558,0.016755601897178618
-0.6064363356777018,0.13424273555411817,0.004031579686501264,0.024784863198584448,-0.08293340703993103,-0.11532990506564816,-0.05104721634897593,0.01647454101477505,-0.00568575249172149,0.013294426913898835,-0.02405803772265558,-0.02030642903452924,-0.00604683243095505,-0.017149167537699888,-0.023716067430569733,-0.009974589792507073,-0.004214279873257475,0.005179293130905697,-0.003255903296232193,0.012112451201826375,0.742438676382356,0.17550609344981025,0.0336932914726967,0.01823431302346877,0.04661530461425876,0.03342985270152119,0.02535381407929726,0.017445064507559692,0.012233501432755544,0.00427186614454867,0.00700451655678529,0.005283893754143477,0.0023619284130539397,0.004693038949214776,0.00792767615880557,0.0022341818235341784,0.004348317001633639,0.005544923242342279,0.003454147927408481,0.002743860510826417
-0.5878264428008312,-0.47212368959847184,-0.07325618366072913,-0.09608921764811583,-0.0028754426337364593,-0.05920007213328517,-0.03635311815019819,-0.03459623661044357,-0.08537693940620743,-0.01894069487870678,-0.01965203490588669,-0.027152496230771424,-0.04288841147002694,-0.01065752306977315,-0.013255135987975295,-0.03070642818043993,-0.004415032304874548,-0.001356586709085305,-0.001480302877649759,-0.004170554709703985,0.2798756363811481,0.27272588436795575,0.052590657947919055,0.4283522879891849,0.03877055892342563,0.04389149907558366,0.10154710211964715,0.1589651340895701,0.0828515713404809,0.024551196346125938,0.050127159909759224,0.05765166862694371,0.06219470792886146,0.04069063738105996,0.022537921265965828,0.03198999815083087,0.01644448169673615,0.01378402996481704,0.01070368384759583,0.011747159329465396
-0.26583546200902314,-0.5215215964590291,0.1024165892531939,-0.08508568640947657,-0.01998432263311785,0.14650834089321169,-0.12309347705858942,-0.0013773340926593112,0.04514831726933793,-0.01932736341277216,0.009470617938308138,-0.054612123824651006,0.006309796075995771,0.05935579072281384,-0.025178045066583585,0.11805347937132385,0.06113932148392255,-0.12698872830076205,0.04104468477208273,-0.07265893272948189,0.43149327902670104,0.49033710237885153,0.18508502254279094,0.07989999904574434,0.13449371509876734,0.08493892188382433,0.12459095997583827,0.06745872226245511,0.05121562446716184,0.03992019243358298,0.06014824432618223,0.03821251154443729,0.04822503306137883,0.10743001587008158,0.03549774248986846,0.06060509048340764,0.025788926298919122,0.09040513590707054,0.03179241689857872,0.03970688543736926
-0.15622970365705338,0.004213414428792921,0.04408733928223238,-0.108622247357117,0.03163382491070771,-0.06712380591234764,0.06007248274866983,-0.08640183445249411,0.04040659438549072,-0.046071003222244014,-0.033765060064677305,-0.0290362326452354,-0.003951881987576016,0.020846099876255,0.020190641375567725,-0.03687288318480306,-0.006154360657797416,-0.0062741007941311605,-0.01761771647711598,-0.006343447780066797,0.9134017680526282,0.19941967082840584,0.1542074695734742,0.09099205897210597,0.08815544568888253,0.0635733724967487,0.052478751244536354,0.048447352505828684,0.045832621388678337,0.05034144457869941,0.0638425661118406,0.028295891205082222,0.03524401174214759,0.026985598989556287,0.01819514571561758,0.02419220765700295,0.01693651044437754,0.02355625108261485,0.019614930842348437,0.014100302243982584
0.05227103489963559,-0.1651425977045889,-0.20434512618861922,-0.16950645299613845,0.08186414835943125,-0.014225276493703415,0.006086074823249655,-0.03913341685916464,-0.02577431860933261,-0.1167935035433424,-0.041253988917272236,-0.16152090788885265,0.10242649225015214,0.09616591654345183,-0.18440036533856707,-0.03969061519073211,-0.018899963933854298,0.0730694746776855,-0.196917752440536,-0.1522021324066472,0.2518037272603297,0.41911549230295786,0.2898306772040846,0.23651264667046087,0.26703747334520583,0.3918440694498266,0.11353427315184472,0.15152203988401072,0.08041159593600697,0.09637377294953509,0.11615711560133311,0.11676304854082968,0.09193343955892624,0.04945298076685405,0.10301023236427877,0.037975297230239284,0.08142857622762738,0.044187122694272676,0.08487470267255126,0.0682737035764253
-0.6984860090064644,-0.1760021630132029,-0.03552512172302447,0.04806487234198366,-0.036273998865828085,-0.002501729802217347,0.0023386526298459867,0.0007674533023300381,-0.0036560947071945338,0.0006402119716663044,-0.008922699435899021,0.002606199979666213,-4.061700892729894e-05,-0.008067763578403393,0.0020804682541638642,-0.0001717474427236502,-0.0031889566579891148,-0.0038139225369923178,0.003104605229397161,-0.004030475088566075,0.6865759346458268,0.057382726911310036,0.012684343326803441,0.011324729865815543,0.01009683907140989,0.007642744084632053,0.005999319852060723,0.008092916026644265,0.0076901189228257005,0.008847477950587785,0.012364545802095476,0.007911508488873531,0.007992183377458687,0.008191156755609276,0.006428728487507883,0.007194682056034257,0.006272986455087025,0.007840382196220758,0.008252021507655277,0.006615813945225456
-0.3555291239048593,-0.3750857893815101,-0.5567532757332243,-0.07211396707431147,0.0027553497244619056,-0.062031629575288856,0.027813948816664016,-0.04470621480702165,-0.014427651852107834,-0.02154033432189359,-0.047543178841381484,-0.011719037881553427,-0.07170704044326155,0.02260487037895007,-0.029020801528731273,-0.010941939480038092,0.014593162054887233,0.004556390041175462,-0.0071104623382485105,0.01271446235074303,0.3538216283027029,0.279994804200636,0.43821630249810606,0.0431208531381439,0.021811805522276236,0.020820064302367998,0.020110483862317285,0.020281229546481833,0.012307246381994225,0.01167352958133736,0.016734547378820443,0.00988679643881894,0.025091378816384197,0.011648506273337465,0.010923069667264359,0.008319052667653919,0.006140622814815469,0.006250568834640389,0.006623801456084831,0.005654058906686891
-0.54447971888845,-0.33114528957548006,0.024873965353781308,0.0279288415517179,0.14276851960731485,0.11305486311074914,-0.1357001205195883,-0.10415604205772272,-0.15282700640223731,-0.1290305861173247,-0.016386761185598432,0.09562367899935284,0.009048799664046349,-0.03187043148781037,0.03793195646507952,0.0016147301455353336,0.002610886946418972,-0.004385490516618156,-0.0009107391926695898,-0.01584727544145076,0.5894764945941914,0.3196607096651765,0.08635913932037854,0.03640877582706681,0.06421692987365799,0.0404180661618981,0.043537760850382676,0.0240999309524214,0.07185269938219871,0.06386944778904452,0.013131352369251802,0.03394130024506402,0.008119665922996708,0.008541093467877268,0.011408492138207597,0.013736831855908632,0.005595525962892335,0.0051012390187219064,0.005630459183729708,0.005297956438838064
0.4128452851179741,-0.024191074206204144,-0.12396491258365759,0.16437676626999043,0.318647172554513,-0.09083492316886153,-0.2818151257240655,-0.1968330801857402,-0.10304362148753067,-0.07047877097733547,0.024491149652557283,0.19834117728292755,0.10106576374884806,-0.15270571710105663,0.027140868911330846,-0.24384358117358693,0.018585754951924757,0.011780474538747525,-0.1149121052725816,0.05563344263527613,0.5402159129574853,0.09969149998963618,0.07138985236198254,0.06394808978128674,0.15865600789103396,0.056140909786215776,0.12245445417662268,0.06610368367472019,0.047637619863409246,0.02849767753227488,0.04556374211854834,0.10079733427133213,0.04116186557842495,0.04601461457171756,0.011079856535144246,0.10971360656878834,0.02737786518898632,0.005933923588828479,0.037209197661309784,0.022232867470923814
0.3988528612505097,-0.29157427531609054,-0.3175734278916845,-0.33827691880565935,-0.10066459185295833,-0.13214354827097477,0.1034307229724358,-0.16256697100695913,-0.036886125619506396,-0.12266329287755447,-0.032559154548022204,0.017698797633628954,0.005801927139046286,-0.07477473798431139,-0.040680282767015484,0.09053411125538605,-0.09126406749158211,-0.07902608487132189,0.0868726436253567,-0.05810573931125613,0.5356875267164797,0.21661144517587994,0.19057629657106165,0.17619692604764003,0.04947968415536054,0.04538669861144131,0.02405322852225415,0.05268435449627838,0.012989334879229387,0.05032905210646792,0.02271008624689306,0.0371467553605737,0.01094651233072478,0.021589620992084065,0.014863367096290157,0.028462723820682205,0.030186938500414966,0.020482220884523915,0.019192175877708988,0.010929547682409816
-0.0880326336740188,-0.29696086902106694,-0.35863213501754393,-0.3288540684127752,0.08963925087943049,-0.1365216679059459,-0.20998766793504678,-0.3261100284801744,0.12398306390900624,-0.12015341959312277,-0.1131240919782895,-0.1443334211849441,-0.25995515301287414,-0.21058031971575197,-0.029874384812973036,0.11269269271661042,-0.034709712059885565,0.054415931223197954,-0.06314301938424378,0.03266911693239195,0.291772278613461,0.25467034294330543,0.19999785525618907,0.19867249791895253,0.04933888531215783,0.0729680875846231,0.06761939125910699,0.15166825708863632,0.03883765568226969,0.043465458347649366,0.03389713017029549,0.03989358586210464,0.11407798302386084,0.07370370889134106,0.018331027639511836,0.03296012957987789,0.016700098956889536,0.020952963476738376,0.013487831854489048,0.017805323423429918
-0.570121818931978,-0.030305790377331592,-0.29424691343073883,-0.011859608170254407,-0.11178489251091414,0.013829440162266837,0.1427915637588101,-0.25195797375196594,0.17082900544737806,-0.02093581410746836,0.06607211538074136,-0.06049321683507033,0.041212021319240996,0.12802498199543,-0.07120830262275109,-0.04961208674299174,-0.013961393118075401,-0.00861026427930594,-0.008633982160645306,0.02569260361028876,0.5831740271623616,0.12083055420530982,0.1781241236016352,0.06826524012022808,0.08887878985768664,0.021698809742929082,0.06471849448700663,0.11991579490662609,0.061239516394343566,0.017872009465506364,0.025516928152310596,0.022312930526877807,0.015207046956212566,0.04192850851095329,0.027585439996610405,0.01483359436797149,0.007793072113683884,0.009305674649511072,0.00924522967858776,0.007105325669988102
0.00965586953191585,0.288053487632479,-0.18872802433872882,0.2783032641536238,-0.32001759439817945,-0.13281056071533123,0.10136091701413465,-0.4262016809241765,0.09977428842039827,0.07679213352729311,-0.010941754293789154,0.02982366049662474,-0.30407956613132137,-0.057738486267437994,-0.0017577930363246164,0.055883171833693054,-0.04606810882884703,0.0007226940738206979,0.0015936155833760235,0.12218199532943186,0.220933088991482,0.3545381032430528,0.12894594493218514,0.1822805364012231,0.1549955614654536,0.0589338046533709,0.08271718743037984,0.2612957255551688,0.031867916105627066,0.023327116904089222,0.020920809673117262,0.0157040063237262,0.16714577052994206,0.014289797240814832,0.01133757087966507,0.012778370121991591,0.013745067407609154,0.004978882026994092,0.013491360756718867,0.03162766419678157
-0.28732530820697844,0.16935425001035218,-0.3976695550600177,-0.2431928348499759,-0.2686668382077654,-0.11018980761037472,-0.19264837983274896,0.06572431836807113,-0.109134272747453,-0.2340329533984766,-0.12337049346281959,-0.12104426198270009,-0.134558157901451,0.28810520575012405,0.12859158672811197,0.05109694649030049,0.039097011229777136,-0.060977657010402975,0.04767582757034289,-0.06820037089649861,0.3412047511239517,0.16024273705369935,0.31377363877777564,0.11793070202649164,0.13644850917875537,0.04823835805791911,0.052917949567156494,0.053575584128883566,0.04178976614190838,0.09948906025944755,0.03127028482553892,0.034717266236907414,0.029955634716792755,0.12769652039834054,0.0554101776278762,0.02072893764291356,0.019133334676127493,0.01837960921275194,0.010881660995626362,0.017644932939143404
-0.1848701481279398,0.47546783001121057,-0.10297516180011178,-0.36042282916675533,-0.1193016683972875,-0.09892238906343945,-0.10642189066459797,-0.3100473558963168,-0.04814623357220923,0.044587240637164925,0.05051485403879019,0.17162463968027564,-0.05811128743564749,0.11934355044835711,0.04458176951706139,0.09334706391951218,-0.07357828070947005,0.015566018005495669,-0.04194447176127312,-0.02325342718319501,0.28011602110184336,0.45312636525782407,0.12477204057998961,0.2033311041353962,0.046968925550375844,0.06348221055561284,0.06631337549467518,0.18402493738136017,0.02514238035090848,0.02286066550473672,0.023282398120437888,0.06581129409316726,0.030020254291307044,0.03862326087068156,0.012251998133612727,0.021598938070754223,0.02032704981730125,0.014950384228881182,0.015262845936126687,0.008681798717507662
-0.1659356699422876,0.32927736789686135,0.1868419807632596,-0.2905361123984324,-0.019267543626002102,-0.4303529481503307,0.05667384972852246,-0.03447406258832945,-0.21795040874321403,-0.15349247500987767,0.03855180152765001,0.02274721359319754,-0.27590491390321964,0.030460781592082084,0.008195888349847543,-0.05826275446801214,0.18064980874237904,0.1019572825162994,0.0011169021984047223,-0.09766694609309909,0.26782111443348205,0.32794798784102747,0.14822677479639962,0.18516463410169062,0.041353302183280205,0.27256257612948165,0.04650189419953609,0.020885747540797493,0.09589125334444484,0.05557327756299159,0.031559279313742625,0.018892000602808857,0.11629336151752136,0.01582219152732135,0.012767183478083591,0.024553717047356188,0.07135640039037475,0.023503682312642465,0.0063381393579629575,0.024518127729404936
-0.5847270800393963,-0.32891865928246183,0.1760856799602602,0.021641200968645382,-0.17947946437593018,0.01282330578535867,-0.13344910122062875,-0.05183874145469762,0.02771485174101585,-0.0915620196658676,0.044340391897849586,-0.051715627530272944,-0.006231219205103551,-0.004568205741049648,-0.012731423501744058,-0.03652273182627945,-0.014727301736250899,-0.0019273227821256624,-0.007498849406870811,-0.002739165857829495,0.5941912475239037,0.22098682813081819,0.1280427483445235,0.09256772711090222,0.09831691446218904,0.04125939053064239,0.07872615284688111,0.027692416166302233,0.03468053114756268,0.03193726157967442,0.03201442214441336,0.016736075429157487,0.010652679727905142,0.01616726584896344,0.009144310132899259,0.01699333702524853,0.014701889849447576,0.010510977254378186,0.007193246831498174,0.008828308460427531
0.38572928090697545,0.06120208533538796,-0.5547727313982,-0.08130787359548901,-0.15239956172105062,-0.11301311517355606,-0.0831137817670172,0.04872388059831296,0.10785351133251489,-0.007636561697047533,0.07886867766222724,0.025761245921082993,-0.06968136087103517,0.03706753852196496,-0.07869752222872849,0.02089933645609834,-0.02634353143653887,0.03513366891913879,-0.051587503267558524,-0.04733369051170054,0.35555879056069406,0.0975020354905666,0.536794181307912,0.07170987910784019,0.10178486895663644,0.04469163039532294,0.03532905172890998,0.03768102993478993,0.03437335966144486,0.01663199176718088,0.023008741571965467,0.012541681082079174,0.03280739517277522,0.017149156813656724,0.022846505750984274,0.01717458904382777,0.018064504981041517,0.01696068325212051,0.015207167128734237,0.010850267166663435
-0.5727152699936383,0.16411801259116213,0.28792111356329897,-0.23983290968029525,0.11601322517265118,0.15645472972580188,0.15535175955736377,-0.044316090358801366,-0.05694272390137089,0.03079635940723751,-0.026425383183866214,-0.0632575656802873,-0.004759625110063036,0.05345867194261426,0.04711320106932129,0.008771640518901268,5.806589053994657e-05,0.06188289116594189,-0.015653964234359434,0.024223827040736154,0.5427534650412295,0.1404543830642645,0.2551455903569754,0.1294503346065539,0.074459758832773,0.0843206327594195,0.07930742671497448,0.04043642897546088,0.032379471434098674,0.02340394724949428,0.010088160391187852,0.024463653749037872,0.012499702430859174,0.029179026261018082,0.0155109504013298,0.020868765294203222,0.01176521527404914,0.028142409565590686,0.008304457249980936,0.012481143942835358
0.12451991824098979,-0.3937707475513048,-0.06274636987784292,-0.14351008505109417,-0.3051152930524968,-0.19927555084238896,-0.2834248121756994,-0.06669282266517133,0.2815469219126549,-0.007745730800196266,0.034918564557215113,0.05807874110279063,0.0009475220706333751,0.2513132259272161,-0.0926193276868801,-0.2522118282437287,-0.08038288356361328,-0.2239301927451284,-0.020304620013472295,0.14083901344109803,0.30660540390023466,0.3018148147220709,0.07006635870172706,0.08389199320187452,0.1272307485262274,0.06897788791862751,0.13290408822237368,0.03137055117303226,0.13601597394960524,0.02264092805597746,0.013036028299688161,0.026779531665859762,0.027094653205261467,0.11940207741159968,0.022103571779430887,0.09957499523832491,0.02380627594493186,0.08142631480856971,0.013249591436117899,0.043511148487144505
0.49958949790812307,-0.06639595012169412,-0.19071755623771736,0.18444405561442578,0.020032174316988383,-0.22161559882031412,-0.1900923599596906,-0.120365586056628,0.007166292417926685,-0.02640169750844244,0.06294128240471031,-0.07706758538632998,-0.09969749873690799,0.07784616262330281,0.07538634426487742,0.05081812195604572,0.06461366584576367,-0.03646155296516863,0.13253137706234708,-0.0641984565139838,0.6787719363008836,0.11706283661456536,0.06979885323358664,0.07875244348157794,0.03239455138830606,0.09486178169756564,0.0771329773922574,0.04203299481094344,0.01967183955200065,0.02768454482947397,0.027440931134652322,0.03954459851712006,0.051736229943463906,0.016452205805116023,0.022164430783319627,0.012139345387108334,0.026555166101291473,0.013989705613493449,0.043531015578935,0.01552715354744755
-0.37779718834002246,-0.4735423074535952,-0.23145851707036957,-0.05761344203478731,0.045396030115226936,-0.19855015589674296,-0.14089902962805562,0.11744482836395678,0.020399264057376916,-0.0905424087324923,-0.20162482709579693,-0.2006442404897767,-0.07077032483175194,-0.061566689572978624,-0.037319348872891824,-0.045405399950876245,0.2004710119517019,-0.07685356097045301,-0.005062068208689965,-0.09710879357787335,0.35373300338106295,0.3874057469362913,0.12968638129572788,0.06957090313647654,0.04209068895047206,0.08554955973146175,0.0678636274619868,0.04231673143081374,0.0686961209712586,0.03613057683279717,0.08266767495047538,0.08782947727324278,0.02568557722337972,0.025569803589380685,0.01976228032712928,0.021705490829861646,0.08271294213614058,0.032120533410813085,0.009059382465970075,0.024869825473468946
0.23795561888819905,-0.4565082952282554,-0.2764677198718034,-0.0628829773755769,-0.2595487058675819,0.33290519533492413,-0.055844973795386374,-0.0937505758729144,-0.09112201095722829,-0.09735034898462236,-0.24168069064762868,-0.11415687672982447,-0.07183120833010521,-0.004484409788355075,0.04314933023944635,-0.06479074890306871,0.012763354813166906,-0.021756644588689047,-0.0255190627926121,-0.03716830248246134,0.4268654148725091,0.29237934793048165,0.16127482034155302,0.057311299684599346,0.10470453400427271,0.1720504339000652,0.020445487286030874,0.043807750603290535,0.02950596139346413,0.03813717770642741,0.12391047607625202,0.0324318617455495,0.02314468946722907,0.02296453958413816,0.022328285411842674,0.02029793083653758,0.007770244536842015,0.010014260478948022,0.017977941016396732,0.0166025072497761
-0.4689047437799277,-0.1370275070641717,-0.4068710112998251,0.2201400778886472,-0.14309146356595132,0.11044578120930973,-0.05114896615912991,-0.06000877994080687,-0.09281011464094843,-0.2594667393836454,-0.007804227216194754,0.05068656702492028,0.08927799810567687,0.010498592173275966,-0.0259793116817213,-0.009624698210328539,-0.161561104577265,-0.14301198033332713,0.10766483951086779,-0.09999719699215165,0.4644832586879017,0.14225123120716016,0.22420854124150275,0.12107148639376017,0.1225314146669408,0.09307944916391019,0.032571807498174406,0.07266757323396886,0.023197168738469824,0.11420045546249477,0.017451148836615988,0.017258220748990874,0.02242162594215796,0.012736627972149679,0.022216728653745983,0.008597476891599534,0.05732691225943457,0.03996433636368146,0.031288407393179375,0.02627682770584579
-0.4429327209802555,-0.384858421735659,-0.1995000851211077,-0.2086918556502659,0.08314504430049154,-0.13154551652564705,0.05829091078522395,-0.23576645535843926,0.16639051167291524,0.024696373387325405,0.08343679352820572,-0.06056608490498665,0.07185315675982466,-0.047388874848822204,0.027347339762869006,0.045450725011098723,-0.1074850915423569,-0.030901957023845295,0.0245987176178794,-0.01591808809668332,0.529260691261719,0.3116622314017614,0.09462782696398943,0.096704807632233,0.07941206425669366,0.045975802398238196,0.046877681574335826,0.10017213045966071,0.06972547390049831,0.009347621488547477,0.02644800421828697,0.03662935913637934,0.022382891200956136,0.011808909510140407,0.01689352693393161,0.024999370368279393,0.03814100785621285,0.01575048155176638,0.007973137964137775,0.010525901789306126
0.41185273624265006,-0.2935385530929207,-0.19727511138395754,-0.291982744641198,-0.09957833415940187,-0.3708883980400813,-0.0612029683309972,-0.10479750240132843,-0.1201361558832267,-0.19417220996975665,0.010414854790321611,-0.010714792287558537,-0.01210603364709104,-0.05275973798381675,0.016777776393574546,-0.09540916325477049,0.010567277910539342,0.0022915679863916173,-0.0027272625094890103,0.11923055175755722,0.4678923855028572,0.22541929829616456,0.12857974062000987,0.14658508124051828,0.04364290509089414,0.22792373616104333,0.030744799866595916,0.04419733260697514,0.05806052378560766,0.07778077737456329,0.023621707448270735,0.024064120405756857,0.016179418123604985,0.024871014747515147,0.01622271649149192,0.025824949257421882,0.02476719275242984,0.008358451946619988,0.007546990179748978,0.03473832954814224
0.3035073673912474,-0.4711337770589978,-0.16140744519289774,-0.4156350696090431,0.05790133601098048,0.0841039371131352,0.015337536524040313,-0.09676743294052718,-0.0001668212672302773,0.08660351943602346,0.0475857503427597,-0.1162299068272013,-0.06855389139087308,0.0389607696848063,0.029011551496220873,0.08564314216996534,-0.10695993262480046,-0.008379585233511242,-0.0015527639477464412,-0.10288189440328467,0.438906935951971,0.3543632246706247,0.10192532711424244,0.24568623118276642,0.028365948888859304,0.06702409792241025,0.037588885452320836,0.058293375954976745,0.026198929107296588,0.034604962039626146,0.02505538818817493,0.03644036422662927,0.021882038943831325,0.013504805981768852,0.012091662358405406,0.02037163267023911,0.037710258652391054,0.008249514577984155,0.01375863883429529,0.03883355357061368
-0.017113977679619256,-0.477391871463372,-0.37771928284885886,-0.08911812478266808,0.0280723049464725,-0.12347197947633598,-0.15601674807987484,-0.2762784993367406,0.008349391029814916,0.05297965393378266,0.11996005955096412,-0.0011910305546384912,-0.048728116273444116,-0.025826397718918127,0.053633052065900806,-0.03760891928400821,0.005189757007545628,-0.01877887268716858,-0.03377203825990341,0.01548064641113359,0.09076915443240477,0.40934863550239814,0.41961298086939947,0.06040954882173465,0.1377039595719112,0.09595739337238213,0.15462654488901026,0.1866992180861597,0.06639890811116099,0.07901164823462069,0.09620161491255243,0.060496734210400714,0.059826277539677696,0.03950173929625336,0.04560789404291032,0.023492821775458705,0.03292129556638336,0.03624324544130359,0.024515334908323395,0.03637537065230395
-0.009790686181149044,0.22327117909129549,0.11928773438932236,0.09349607727161258,0.26248531634571276,0.09718812388254176,-0.15196051238620406,-0.12336674650721513,0.023196893995438114,0.11428107398592995,-0.02255436089014569,-0.186912061857154,0.06338002588073234,-0.320492364936574,-0.03110618773513723,-0.009660995208750748,-0.06964057520182325,-0.06863340760937402,0.25125536144230165,-0.08858215066112109,0.3568386379176704,0.3794376702121815,0.2434465532581498,0.1844287138687608,0.24503532249966695,0.14107737407024182,0.13312332418414996,0.11894188426324548,0.08159690473023469,0.09481930920514207,0.05510703861639068,0.09142087051171333,0.05270540090279729,0.20031473203817932,0.04081522153011489,0.047072680334337896,0.0372592613480077,0.04982774458374255,0.12805654083047188,0.050550338279632345
-0.13155479658923175,-0.0924363187748526,0.22504063028998728,-0.3969114651571599,-0.025653682775464863,0.039643096907209505,-0.046335435433680836,0.11979187298122618,0.09838460149713418,-0.07701523090003842,-0.056531629048130756,0.023924786766882217,-0.11360482562107978,-0.0763310524150281,-0.08021596003315816,-0.07480122427774258,-0.04193544044658617,-0.02726996513366036,0.012018953163267147,0.00033128818153130497,0.5387042737997514,0.18555856111338678,0.39740528740065534,0.35750386978716797,0.13565315537812786,0.043054975646525405,0.08828350051515957,0.13404967359122782,0.07880716534014318,0.06831067905572523,0.05523524838777121,0.0640147656693213,0.07769144785679864,0.05293434778143555,0.05725001325442599,0.055326636783262155,0.030412993237323955,0.05383069388332504,0.02674243282164346,0.01785097580467226
-0.7542561036934032,-0.11152146024491769,-0.04866200852480744,-0.0322875357166028,-0.0035337151107918507,0.0036895245434353076,-0.018948487954026087,0.0001635339243820411,-0.006016908172650576,0.004314477315250751,-0.00120568404118398,-0.009296814610759183,-0.014694670990803639,-0.006771907632350782,0.00299340328524752,-0.002990282364796378,0.002102846853008717,-0.005014354678780806,-0.008854156082035396,-0.003026909758602484,0.6249613210142628,0.1190401317452224,0.07050694520401318,0.021727535371097464,0.020418445643926742,0.02203649308828862,0.020346256398481023,0.019934165838882956,0.020108602354857525,0.018969575740892225,0.01655219701844628,0.0128881684978433,0.016169666257646896,0.013969709462087358,0.011079534549040903,0.00896952631812805,0.011839388187930688,0.012085411464616318,0.010443187900583201,0.012718295072829991
-0.2566958721390803,-0.12071947745982638,-0.45359621141949397,-0.2234928855234327,-0.007645626654825809,0.057488481348639583,0.021825267081586313,0.049250285726894306,0.013999491203960514,0.013058892310124835,-0.009563263698413937,0.0161214813693775,0.0056881512694639666,-0.001683167294049378,-0.004227465137149738,-0.012551387782262283,-0.0008529706698056082,-0.010062233451249921,-0.003450854074404957,-0.003346080560667245,0.10248558692908892,0.4027296961903612,0.6058900749694722,0.27759860349293225,0.07598318828826817,0.11073434816467734,0.05513461053309419,0.08301558065684002,0.03909896029231518,0.06086863876071035,0.0368596096984071,0.036872024694217825,0.02478452010643158,0.022515473645828656,0.021708922470362997,0.015878006769135904,0.02792614668054577,0.02102214270748846,0.017864717156963503,0.018812156133111085
-0.1817074455636962,-0.7023516734510367,0.07177572868231324,-0.18854325319758622,-0.005834614152030962,-0.03065149468072922,-0.020116248975598564,-0.04802819307518942,-0.0320417785540647,0.037788206804363546,-0.05391751612895823,-0.03579050776975836,-0.02149351830680667,0.004169181772295525,-0.0026380988698403657,-0.011174984556818465,-0.0018638767645855155,-0.001149088721534879,0.0003690481282589844,-0.0012668256943908114,0.12124938146907796,0.6115646563563079,0.0436451100704722,0.11495033797600467,0.04691958111525979,0.05504669266856603,0.02598032672097402,0.06152533330688004,0.04243873829014325,0.03876716431020842,0.038997876105177846,0.027150628146234115,0.030611984995726416,0.02026639348160533,0.009767971536319921,0.021184903270471234,0.01790004555180071,0.01464939205589177,0.017039225177924774,0.015375808845860811
-0.400999480705561,0.02839560904760889,-0.08446625036974562,-0.03659400853837529,-0.036183438675109286,0.06665899398603832,-0.0246760818499308,-0.00010389141702990712,0.005308430208891523,0.007305037504654323,0.006982758830692765,-0.015597651025058062,0.013570705654090005,-0.005235266003667168,0.0014309784548953996,-0.01001940897823916,-0.012494237582952965,0.002769930263919647,0.0018154086664520332,0.0014044380309078408,0.8772885765192094,0.14941100803865925,0.07759620512933608,0.08358776897329047,0.04421754227583769,0.05985655470382997,0.026330638872820552,0.08070017066133772,0.019717911089529038,0.022039686200413265,0.043608893559555044,0.019782187548495297,0.018556938976701923,0.008891256640979383,0.019729606485358174,0.01447549459215384,0.021144635950600257,0.009252806866862534,0.014156730282181758,0.00821348981357542
-0.3183301214444267,-0.055401202216116316,-0.023532321910453603,-0.12277963553916878,-0.07654411585665023,-0.011487925170998867,-0.0006162450162150847,-0.02692437373131799,-0.022755713202833282,0.019722635685118357,-0.047550941857698016,0.006941972445890054,0.022246817965317627,-0.06592550637950506,-0.07123089390555219,0.01576852174029787,-0.01972916272735979,-0.01959203341089355,0.012371221222624497,-0.0009501467143885672,0.8473443568903111,0.17264635110800372,0.20302085811925216,0.15658559605930608,0.13042881621544963,0.06462753091883143,0.05822575826386017,0.060993450311897214,0.045090014700378614,0.03599056690883384,0.08277346741174106,0.027809227828580974,0.03026450791782556,0.03983960836563946,0.04148941193934454,0.0204316133104667,0.020157875578963674,0.02067686024155091,0.01956907112399085,0.01727625279777941
-0.5301720181697976,-0.08305925215927339,-0.24037128198842764,0.22379406152193673,-0.1089094503664759,0.17185213930206447,-0.12799612242703262,-0.2163670639964856,-0.18143731999350468,0.08568637056387347,-0.20504624502013602,0.05975356050656886,-0.01170064948254916,-0.0038101525780888513,0.044284531204630044,-0.0648365000111706,-0.0356952051589048,-0.026665027031134603,-0.04671778696524112,-0.013727152193492097,0.470476336827208,0.231173103161848,0.24546241387310733,0.14053383622018692,0.06290525950952298,0.10006280948239074,0.06311597686828813,0.09681328405141049,0.07199561636918435,0.04449093828684569,0.09324188259953285,0.022659017102353164,0.018676224874518657,0.024975190113897892,0.02605483375687827,0.028139441564920653,0.014761378681031419,0.03418344662278462,0.019932091209778246,0.017380729233727906
-0.1668052740839378,-0.2674937272072329,-0.16081072415790562,-0.05287721395189951,-0.010353402538922803,-0.14197775927919054,-0.04445695998144582,0.0865736073791636,-0.025583974564896323,0.005624099060987883,-0.2119606032996283,-0.013409564704878382,-0.085578132640226,-0.11027579778464322,-0.08878587139302771,0.04468422788554101,-0.06050523838623241,-0.04847059086897336,-0.061324477601170956,-0.021651515245519524,0.5852759041196559,0.5006410540057317,0.17882810439250588,0.15289212214518075,0.16009385199687487,0.15166396666232865,0.0719109532925025,0.07611681387404584,0.07306332731269857,0.04645524371405322,0.15557506440821992,0.03927817829876398,0.05331666118342607,0.06171385035437022,0.060385797498276016,0.03380729584353329,0.03349743686463189,0.038799249917968154,0.027610513233125564,0.024874676026067473
-0.37813604116238164,0.020817052031436887,-0.22069890460383446,-0.3178420326093909,-0.10622396236408108,-0.11101982256628455,-0.02578545711840457,-0.06674566857529644,-0.1272702173587647,-0.24522736813983592,-0.02720320900091204,-0.06101483612723524,-0.018547522123441764,-0.008359105630203135,0.010493031305680061,0.0031482873461496155,-0.057377055658998165,0.01232475082546355,0.006386748872336449,0.011094868040181628,0.46015118943633315,0.17560751676469463,0.3037389322256316,0.4231908545236515,0.11988021382534028,0.1038747022824727,0.07077043014502056,0.0733984658288007,0.08602759363517933,0.14156143988659722,0.041249726912695635,0.04156964551455468,0.029486025022183195,0.045121493601787584,0.040801849655323214,0.0343904212643112,0.06567423956416046,0.04207568546377725,0.011051306327508377,0.029499366878895435
-0.28012001670905184,-0.05837875741673679,0.12782956643517726,-0.5565261962539534,-0.15832035582930734,-0.10624440995210291,-0.04831433563783628,-0.06751302108395098,-0.0686140048173434,-0.04003044085550167,0.002143611887759432,0.0013750871005988076,0.02770839126649717,-0.1010462070214372,0.019978599884416404,-0.08667764400690812,-0.054974274578970465,0.0018317667425079105,-0.023190703877900225,0.013190493626052072,0.1630983184028477,0.25907381574100763,0.09560519995935704,0.5702855634473721,0.13494594890985115,0.15809910946137049,0.09100237554680059,0.09083704344177376,0.07942591957143205,0.0691498602720783,0.0634998310244071,0.047488460093421274,0.02587429671949931,0.06079400152388885,0.020192689180728005,0.059454197066230334,0.05837536621885607,0.018459908452535832,0.037617901915155474,0.03462867760772285
-0.1704889535822037,-0.1320046309781748,-0.05047365993147683,0.29127349954586396,0.19528407998555689,0.16174910417211455,-0.18419675121071452,-0.02804589907129972,-0.07219314070394467,0.020881272114770567,-0.037248883605333405,0.04793991984241286,-0.027374899168182403,-0.07265180995152719,-0.07597055963668199,0.11615528189737849,-0.10549706980109815,0.023535383223028686,0.004219110279774387,-0.0007052834477752872,0.563184647508892,0.33811243934369056,0.23949672170512312,0.24281193069864732,0.271832322994184,0.15104761689723317,0.1103787503175146,0.09184636217546865,0.1119794390551556,0.05115376863417699,0.05034532800388732,0.05746465919162489,0.08205084574455658,0.06003567186775233,0.07024134784072161,0.07449815941446157,0.06645363749170206,0.07822869576978235,0.04273095831082309,0.03826581440699373
-0.25440294688765747,-0.17728814129404005,-0.10937512979825105,-0.08099554530939468,-0.305870521816462,0.1275413569739081,0.17363650168434377,-0.09243545879600874,0.040687688464570805,0.14436768124227126,-0.005157224210149317,0.025655942097723126,-0.09284145644890994,-0.05640780858911864,0.048261833675787534,0.03212190872691085,-0.047292808651821075,0.009595252338172986,-0.002098280380396802,-0.003224451076740422,0.2692204408551689,0.47132924034305623,0.12631138763374186,0.46850638214115586,0.2514189650218666,0.14205086845734868,0.12326514816011774,0.08274739479824829,0.05647771907447602,0.18630518975142882,0.07859485429714337,0.058144796401424455,0.06496576104108207,0.04634860690515696,0.046115148895530325,0.04677025886439025,0.038099363798823435,0.020264531755514677,0.01898624703613375,0.015531497250026886
-0.6362150190057159,-0.00047162054598939265,-0.38887918739086563,-0.14111887699934225,-0.12309822531860927,-0.22286216667655895,-0.005822933795735374,0.049704245998431484,-0.13212104518765927,-0.052996347332849164,0.03415189794847586,-0.11043700335564784,-0.03070215932332363,-0.021774431427777952,-0.01406339623141993,-0.0020992856113376443,-0.05183292402887168,-0.07844242049701514,0.02570056506528465,0.015407175871786442,0.40159824759645363,0.22849815842279247,0.2198057907231397,0.10976035275024983,0.07392972117734553,0.11189065848144238,0.014690933085929428,0.026255622439962805,0.04369060729798454,0.027388024954432422,0.028003089695885466,0.05219253069208075,0.024367030533954913,0.03119665469642046,0.0679633417926537,0.015781964381372134,0.04312129314175159,0.06138187881615212,0.01796829232978493,0.021964985244908353
-0.0167570457665161,0.03691832940829462,-0.07242145358618247,-0.04939842274543431,-0.029397097189427845,-0.22716258287928337,0.06639984653471065,-0.01035887230317754,-0.015137928473425297,0.06607391060602084,-0.10632860476999939,0.01772832247313605,-0.010236875589202268,-0.010189255558092454,0.01438552996688522,0.03736470118683845,0.006078436715137669,-0.0003453445017130664,-0.025031278727747023,-0.0310146388908094,0.5868041858923275,0.5226833325270543,0.309861270921197,0.1335270053879445,0.11780513617640671,0.28506445261363433,0.11710324820640113,0.11477167895264237,0.0537120183477903,0.16008532904400893,0.11757946709704971,0.04764361971741541,0.04594135813703892,0.059284985938215476,0.047327517216979566,0.05010380399418458,0.04480513269352355,0.03514346555084591,0.03997523130431515,0.028396794256803477
-0.40476849475325344,-0.1487493685037078,0.016001708155995466,0.030352002490346443,-0.015081111232627757,0.013097102215214058,-0.01674049345534815,0.09233918711265317,-0.018265575416181207,0.005948951073757629,0.005433318081375399,-0.018283662214418853,-0.02443259200159484,0.02745574873160761,0.023087952112267482,0.02554766048589178,-0.07578857884218443,-0.0018572523880245834,-0.024922347248479266,-0.014061868561428072,0.659712227803125,0.37115543000930423,0.30858563800226985,0.1838298093109739,0.123837264516024,0.16794871334211303,0.09243057148101451,0.09658879443262022,0.05571250388427368,0.07978675286257564,0.056239125727779206,0.05456287528509778,0.051196874338907204,0.05827018825326779,0.03591792916653344,0.03614782311672761,0.06302837782514613,0.029279269840627536,0.03162231006981231,0.018822832365874127
-0.4851910557253197,0.1259387398205662,-0.08042077814308037,0.06068428097741042,-0.04618778406178187,0.13502821437874657,0.10135204616922908,0.1430821149608905,0.17189844938398766,-0.00017018107204485786,0.07096921697860792,-0.08190784685047112,0.08485278990914714,-0.039183462328533265,-0.08857427723597892,0.025470245759817114,-0.15824692702415707,-0.08279945181808815,-0.06324630827794749,0.011922460905841635,0.6211578604239233,0.30097237706317004,0.0947134241999574,0.14963747671905903,0.10163217229756867,0.09463599710093556,0.0811151280633863,0.09522163975235284,0.1378908322886773,0.04898902347779698,0.0663565280249508,0.044604091655133966,0.051471310415631154,0.054309411547093345,0.046391537132192094,0.04149978293167469,0.0882020663367333,0.04954107180264915,0.04396585368893878,0.02724205762952331
-0.2685499469529749,-0.0164344507462052,-0.13748074905660868,-0.12353770733975596,0.04045466530469083,0.0108022269616916,-0.01967343758429657,-0.017132424443347984,0.0021441586671245003,0.0034174684089992,0.005207628350909407,0.019616051607514784,-0.016043452082305974,-0.022221346316951364,0.021721969206163663,-0.01712958278034328,-0.002475469359974944,0.006517998149514366,-0.007799250869872502,0.021073781066145037,0.913362095124738,0.09548082918379669,0.12158645996342618,0.12231175258370103,0.05923058893335754,0.038413665135234545,0.042749442078923915,0.03886642684260094,0.0329198621143795,0.028868171006057652,0.02533074277472766,0.03649509914406315,0.015958816922997984,0.020828150858716414,0.033366769008616945,0.018778366809823803,0.010343510895766609,0.01953466902253397,0.009237196554614028,0.02202206119561126
-0.6155051214615351,-0.08612042407896459,-0.20164970888113234,-0.11172700319327372,0.022268995875934762,0.05276392708842986,0.08028269615177151,0.015023776692620757,-0.05089423412163169,-0.041724273445714055,-0.002190133374293993,0.0040838296058566415,-0.019710288965283772,-0.008523213794296398,-0.0072228967411498745,-0.006552038752052569,0.003973024354957316,0.008795743585980054,0.004475822280260772,0.011381617493170374,0.7142558415097658,0.09387879128172437,0.12049323886404899,0.07623070052054849,0.02978686130154651,0.035819813041487056,0.03923268471037271,0.019598712754625137,0.02083756261878433,0.018039527037129553,0.016975959443639006,0.011864080512828968,0.011803367456717211,0.01166064064734552,0.020122829457319993,0.008918164774621519,0.005764768781401627,0.00633865374213206,0.006245603643425414,0.005468520079998444
-0.5224970896087036,-0.44183768263223855,-0.19292513208306009,0.06632577969055137,-0.2871914000100086,-0.016225905965781526,-0.07162580027592612,-0.06705803360213755,-0.051053893796260776,-0.09305579324683995,-0.032037493805783,-0.06095996456924155,0.03194195218659188,0.017042125322438827,0.021145849431608812,0.03828973549278256,-0.027556535462762884,0.04838833294842844,-0.0590736938608223,0.007482991397753577,0.41156727874148175,0.37808452176657087,0.13508244004992037,0.06303089000688074,0.16917647610329228,0.03639329596906911,0.03661266833727213,0.03768623667410071,0.016986689695257396,0.046844847237806075,0.014639281524400843,0.01760508334103445,0.01167784644428733,0.013751525341627928,0.010598258726170262,0.009980566494259116,0.00813594251673746,0.012377684726828762,0.02899295975167194,0.006537638028546211
-0.607537988660692,-0.17707567253035925,-0.11826725790732812,-0.05710803131535403,-0.021590858473379916,-0.07451931739145144,0.017219069949397082,-0.05947815025048336,0.0042820265906637275,-0.0068051476884135025,-0.022797774237745132,-0.003717420362482437,-0.04816067601069963,0.011682118968630218,-0.007520478431462214,-0.009269719315607834,-0.024819192266156604,0.0141032880229176,-0.022154287294007154,0.018238774467418426,0.48635829405195036,0.05041200747683172,0.4938879391210817,0.10719689245273287,0.14481199985407336,0.14781223854229558,0.07730843408441213,0.07882709308875283,0.09960060997829057,0.02513441567175974,0.02659853932911663,0.03832250074262311,0.04954833726166426,0.022392568643420277,0.027947520792539662,0.01877302320039209,0.02163134078997302,0.012317361006259537,0.021106129559317614,0.014499419116897823
-0.3140006712778441,-0.5937242090441516,0.03897616628005141,0.07284868684863799,0.14235406203070827,-0.1741186041424832,-0.07471474965347848,-0.023990986136030606,-0.04455042894143688,-0.01926366851922278,-0.04907992797772579,-0.008532211916377931,0.0024952549560709604,0.09757108742402114,-0.11260944017659434,-0.05494462370434613,0.0680440694382162,-0.07721301273298187,-0.07893546914094923,-0.035917271314062034,0.11145675111622444,0.3897055658018807,0.4095310339518678,0.030885801055956567,0.27123792556954884,0.1056362429431912,0.07873786022552443,0.020248476736077433,0.018257820785457582,0.05286939594612648,0.02937509856630004,0.009510654941451141,0.025404366305582956,0.0523999025232426,0.046369259801445774,0.02056325969795464,0.02848098404810469,0.030423175366318844,0.02568681359929924,0.020226401871471282
-0.47624722662587615,0.045214670131280325,-0.4104524042189514,0.008183777717596737,-0.11882024703636046,-0.025191481216463987,0.020064085092990167,-0.08433079917524279,-0.1407717588029172,0.08497737279779005,-0.101203845106552,0.10418864492353523,-0.05315588703595747,-0.007110931029345659,-0.010094880972602683,0.0018272495790281292,-0.027702942631921676,0.009426002954577184,0.01644011047778872,-0.0011655087912679945,0.20879350047039788,0.5223977401607072,0.3578922837585024,0.1002084326049999,0.1338278460650578,0.07977820733578486,0.10508714418656008,0.1305485383415397,0.08956745849469425,0.04930690473096616,0.04225371197596581,0.055864588447580736,0.051434273629867674,0.01250265839343039,0.027290720019153152,0.024020990662254677,0.030681103703676608,0.018032353771945432,0.01695831286799177,0.008572720546994409
-0.44989564933270487,-0.31365196701151005,-0.21932038269783857,-0.1201241909132389,-0.20975394678176656,-0.09444037602537513,-0.03762475717422316,-0.03829828611855304,0.003139520884106994,0.032400617386908116,0.0008313855428106139,0.030875377165346187,0.018304766739337317,-0.010731426271605131,0.014538294845531916,0.0033814151609644857,-0.018935082107701687,-0.003917355474726858,-0.0018094822837312877,-0.009442460569985312,0.19876910548357693,0.5879919960298056,0.28834761002942044,0.23717774045256035,0.1806741204528895,0.08902987205961477,0.056491230830241615,0.05327030955038996,0.022521707393160943,0.05455150044404478,0.021506174795195156,0.03477775402184634,0.020724552316391677,0.010868380511864407,0.01109753297087239,0.010558648180362774,0.013671432083131593,0.010798017719786914,0.009180073228339894,0.013002892516595418
-0.5719897326802753,-0.189628299293002,-0.11352926187032858,-0.04248923350218264,-0.12124489519071549,0.044345320554258084,-0.008938172154613453,0.06034245913091147,0.08759625974787077,-0.12880866201798163,-0.02777182174067042,-0.0918501048224543,0.019528536708798495,0.006602141051494322,0.04322532969106406,-0.015468396354267236,0.039378331843109404,-0.030069907404663157,-0.01604848806951854,0.04675686434666919,0.6097358663394743,0.3157599379939105,0.1168114528998422,0.08198601851018181,0.06944783308552455,0.062105990640177,0.102377369433908,0.05981345368067768,0.08948357217543641,0.15122320770410466,0.05813711491617237,0.04823452062131001,0.044204187479953375,0.036014721871395934,0.012527129101485082,0.048639677205625204,0.034714923639439565,0.04159822900057673,0.022065269473478283,0.022731542257119493
-0.42881823854933704,-0.17898123750276415,-0.4662062493446686,-0.16981598914980886,0.02475615234472873,-0.09680422129956087,-0.05121887338613802,0.04175516998334267,-0.04064146369119559,-0.03861666335631882,-0.001425411818344017,-0.01609426490261952,0.023866809360829706,-0.012625623030754847,0.0096462094425837,-0.0016029366428684418,0.011102985301652058,0.019905486815429037,-0.011968174689295664,0.014867757096246976,0.1632498388223028,0.07485033128215132,0.38097465620717147,0.4663276555491095,0.09287165454013412,0.2791930059859784,0.09979120720515837,0.05192852158041165,0.03772088979399227,0.09263411949007745,0.06137817908884287,0.0336493363631919,0.021755150236963013,0.019308444950115976,0.04234544624113033,0.04627815730087505,0.05628352449650532,0.020666457860739954,0.021382234057209903,0.02470009570158929
-0.13152178110515766,-0.4498919432771735,0.01858306071320811,-0.11852381716864116,0.04235975057271328,-0.022262420046902282,-0.023914658756315377,-0.043669171734500814,-0.010004480561815642,-0.05659800768541846,-0.05107156366660631,-0.012905892634307711,0.024740648275014855,0.012778192194399341,0.002685686803373925,0.03322281081100992,0.002406701613881272,-0.06881546600881085,0.005635771659744076,0.017056178238986402,0.05208259832876525,0.7253285402968382,0.1855924507767589,0.3280190077307565,0.16257311644892558,0.11970500960079837,0.0910391918862258,0.098214986311484,0.07266792503014725,0.0539569043319186,0.05324029805902483,0.05303996707219082,0.031102286413449993,0.017019376687890646,0.026229328516843644,0.026528835048709145,0.02272560213921795,0.030495104562526784,0.01885578138521979,0.016410084364723534
-0.28950321912645405,-0.3691868108322158,-0.020218187690850136,-0.2612665094544897,-0.03314200422460631,0.030385692077505338,0.01723416533031698,-0.01945793636893636,-0.007845022123982295,-0.01325955418923891,-0.05601495506348618,-0.0005510262527654509,0.025962401514415007,0.010299178882645012,-0.0014207274672282657,-0.011187389297765901,-0.008943911073855941,0.0017310095641394653,-0.003625938926393784,-0.0030566032819201302,0.11819085354618399,0.7624476050530737,0.11221253989809545,0.22365137266154542,0.14164106705921922,0.08631461817324115,0.05204706066256214,0.0465761014165209,0.04727515221408214,0.03357287438527706,0.08225115738209642,0.023118323434898988,0.035736325162728136,0.011666019625493157,0.014288951306254124,0.017958735154289213,0.01879467709080423,0.026267097983704333,0.0070581579319330175,0.011927484666767827
-0.16807882891535902,-0.08992988862089855,-0.30119114982320055,0.13594893918709955,-0.2374978123270193,-0.2474856094769043,0.3843442046624858,-0.020655939698832528,-0.3601330552493711,-0.06003223554587856,-0.07559351004631705,0.0376901917322619,0.12408234393012914,0.011824285829170106,-0.115728300583654,0.12294723222196807,-0.032313222820061285,0.10230497184759099,-0.2654465973262053,-0.16725169519255037,0.2870149995020052,0.1400589925087082,0.17334780477992126,0.1287768206287214,0.10336773792135197,0.11280696859940482,0.23590668927708144,0.043083545667657826,0.1980943837663958,0.04555234273215713,0.03372126797497869,0.020896805521707536,0.03964154890840971,0.02065888421914733,0.033088311380737936,0.03594372411478871,0.01538439957535215,0.028942839574201813,0.10342244088608642,0.07513792899611922
-0.381732251234008,-0.030506569116792413,-0.30885433761022335,-0.18489025152044394,0.2864472671832721,-0.16736250169520264,-0.15498227409767476,-0.21828373244138616,-0.23541040658569828,-0.14146766134599664,0.0891822579771603,0.05835296373997029,-0.08328783472600061,0.019358232252580192,0.02211766059798144,0.010678253324686936,0.03213223797041971,0.06540984180074462,-0.04463074992672985,-0.057858391801427336,0.5470155964369159,0.1639960172340254,0.16073757679333786,0.16025913862008698,0.149239296009376,0.0640675054212437,0.05623102570468072,0.10477348072352446,0.10160234653197622,0.06180680314275658,0.03872916050239398,0.017720602538076124,0.030542937750024035,0.011568326048586168,0.013486079916908228,0.01203342501180827,0.016889484987011368,0.02077357279632651,0.01120303885918092,0.018451050305777806
0.12237322272884471,-0.30985957896011757,0.16522735060158233,-0.363188998200073,-0.37084685642677667,-0.08544310075238924,-0.2923624971943134,0.04449593399260759,-0.10408835298864144,-0.02534825776172379,-0.092277620029955,0.016716551457095875,-0.06013357571910872,0.06847818801717359,-0.05316991579232822,-0.0018651608653209653,-0.024147443111651217,-0.03842153980246779,-0.06877875003003654,-0.19473887514381982,0.385494714213209,0.3103809656654072,0.1939048213178853,0.24952458362262525,0.205964239227638,0.05267953318642353,0.1428003018804524,0.031277110379527816,0.035060822929916906,0.02940931478417671,0.03211014577000749,0.012985877729739703,0.027937095201913287,0.02501446036002804,0.024284857284583936,0.013313625839508179,0.009257355128886074,0.017654290538477065,0.017805063573175704,0.06204272248091855
-0.20525911105535652,-0.369010841719626,-0.2904999751523928,-0.2787277079682663,-0.34713541715266283,-0.12965129997018893,0.09190689997696186,-0.06389474412622727,0.023932102775540524,-0.13016772783721672,0.03520787889391583,0.056729096972762086,-0.06373905322386002,0.04995349699012292,-0.023512939500285723,-0.07132017517040452,-0.05688227458142298,-0.032739574387616675,0.023370376651669373,-0.07777165649695242,0.40532249064687426,0.3992107657902206,0.27284580034299544,0.13851569564838737,0.18580117922881254,0.07569524607132344,0.03235785945458384,0.02942737852988323,0.020107224912400072,0.04770472772506914,0.016892583937407318,0.016268069372157454,0.01824841890879936,0.01742143301169485,0.009091860758089477,0.016050176947041677,0.013962412585880414,0.01279901179120444,0.007898150874351702,0.02499896436531906
-0.3689749043728212,-0.16104097754298785,-0.41136364377843165,-0.035148170522363686,-0.2248568535576814,-0.08284933065542247,0.17716420631084767,-0.03874844103912289,-0.15746048518876765,-0.1829225907954657,-0.1633607270106748,-0.00568018089805966,-0.019406637982012996,0.0245585416580633,-0.07064459493044883,0.020313597409347683,-0.08174001978348293,0.016222406890864963,-0.054543396196756036,0.012855985772748836,0.5353232442878928,0.1497996360371642,0.3666904005642916,0.054111494243680544,0.09176489496579104,0.03487600490413226,0.061618869505414404,0.023673166397139133,0.06921197943182729,0.06530940767837165,0.0641386155844597,0.013048339316000699,0.01866461148860547,0.010271495199725414,0.022189172868712338,0.012717092149890814,0.019699900985250315,0.013694393583598124,0.013430396687377917,0.010698807010619855
-0.09048571685320933,-0.33239574958354356,0.052329607741902116,-0.11575309873180244,-0.10003297866190011,-0.054035522112716915,-0.1145151007735398,-0.01329305488968271,0.18533087482280178,-0.04808111187345288,-0.0551903801353224,-0.010173055498054666,0.08261940022324005,0.004549443836638813,-0.06421871056097475,0.01878042055673588,-0.08535843844557857,-0.024908537606452043,-0.006146061397069531,-0.028549538898745896,0.22002000580350248,0.17147862375244488,0.5432563675398344,0.4377719291831542,0.23764517962877735,0.14309861521846215,0.16328472496934313,0.08528729532303449,0.20603956589601696,0.09171068928546543,0.15633021686120102,0.05235030312103651,0.07695995681277598,0.055661785973507565,0.0667431904149168,0.04268812259552615,0.07751367410577649,0.052999166219221815,0.03456399597343185,0.015915517842712532
-0.6544161274308999,-0.054605303349244516,-0.19449329271825402,-0.027977542029628964,-0.061548084878921,0.0704482052861808,-0.003475434980882775,-0.025925087355004407,0.035472383642634414,0.01399634027973143,-0.032652263746394,-0.05409840022343822,0.0016370568587115908,-0.02128061462097977,0.005516383560508492,0.06625617310821233,-0.03283217817260224,-0.006728239393798783,-0.03573251043025277,-0.003936758208122997,0.6922792222875099,0.07370232999161733,0.07524241868661337,0.03363332719851883,0.028261201604976405,0.09281196859594906,0.020922643163843433,0.020184328738660984,0.0388930909019115,0.031930876651030206,0.030658458259510576,0.024098694829275746,0.014965931149389483,0.009623338479164986,0.02125226952513011,0.03027549774410534,0.016375178822672382,0.00397340452662065,0.013423163072084635,0.006222063088864008
-0.5158122622772735,0.008046504803246113,-0.09949262328275621,-0.047604577673952826,0.013144273599193719,-0.07310780918172971,-0.005708339388877882,-0.005635525707125447,-0.07837492009135912,-0.008360752407392646,0.03368450616736492,-0.03165915383310075,-0.010434212235798166,-0.03884727026935635,-0.054607856835860766,-0.020120204668580284,-0.050265108749453315,-0.07175818656345283,-0.011524309281845587,0.00982757230039082,0.5988865675043614,0.3167596884565076,0.13089194235872714,0.18730354511067135,0.09860383993523163,0.20742280030973537,0.13477231256514144,0.09309479918807252,0.1964226184970396,0.06280122493069717,0.13018730327086017,0.09521906601923376,0.060626648428694176,0.08256082071653167,0.07882597677239393,0.06291185981816436,0.062480864450950496,0.07918118596579246,0.04799120885438878,0.04889866289522372
0.2472411132920896,-0.1443710138563764,-0.1574432810023502,0.20579768968110668,-0.038143200809994254,0.1999857535919173,0.1846537772499196,0.08041514942329535,0.16931677471071804,0.0786122958880636,0.08012982327596939,0.13549079855581542,-0.017056417709244983,0.15587206523318045,-0.06549144373965353,0.1665412647869806,-0.09473689039870789,-0.3732093898667938,-0.012029509558906248,-0.12669445406270438,0.364112481752491,0.19696926890041563,0.27442659300811484,0.16077864425340832,0.0980577400143016,0.16094830741730132,0.14980072854318552,0.1398129417307747,0.09680255650790934,0.08905688889777431,0.16207518181302077,0.08845677366914614,0.05641278759442713,0.10252287752823427,0.04891773525221397,0.0940342393647252,0.04953376975375599,0.22266931343902724,0.04576193610279815,0.08766202832050929
-0.4010898300545955,-0.037140159710812984,-0.042544243363639926,0.03685971830639578,-0.10827447057889465,-0.3008315137769403,-0.10431512973424495,-0.19218325050236928,0.030047388588698383,0.2084497957869404,-0.020653783051586036,0.09770445517783352,0.007075988929632747,0.02892064086657382,-0.16229015272660838,-0.1543482519904969,-0.1568993567126138,0.04641183310073476,-0.0452028213093971,0.03735639112269752,0.5513072886347198,0.2815192330933065,0.12328169309670328,0.06068984659965355,0.14081679816958614,0.24190794880732192,0.09334769818069143,0.1072575648521616,0.06991496172307135,0.09961775084608133,0.053725414738779495,0.08254612215530277,0.024262174419229184,0.052578872831807844,0.07634397455559391,0.07677515525822678,0.07826602547464083,0.018986640386937117,0.03223798177564634,0.03464233348436432
-0.38034032633695714,-0.1391496126273421,-0.0033347232225423786,0.029464199202859816,0.008114419530562422,-0.051519937283234236,-0.012905746971192116,-0.009327334300220645,0.0007615764327460043,-0.0035223837912895834,-0.0017301024145066964,0.003212788350199565,-0.005260706986996035,-0.008880869648485888,0.001661851812778099,-0.0031515949012654518,-0.001963579682262538,-0.0024948838028690623,-0.0056065006050398745,-0.001163516463411039,0.898638484375439,0.12246511810071506,0.058532064813385264,0.03866233495404942,0.03398334797713457,0.03208179150480182,0.019007537275092055,0.021137862867485074,0.016729467110998725,0.013431903488709835,0.010751124829012762,0.012619887537729677,0.01701879564115813,0.009132666282428523,0.009912116300983941,0.007958663007296725,0.0073505104328387,0.007938102473231663,0.0069655682384968986,0.006332192004097897
-0.44006230943117153,0.1934425667293615,-0.2299004103961709,-0.35904872080571415,0.07056964352451194,-0.17254531722904753,-0.17975148273980143,-0.056175683114835985,-0.03909291181770101,0.007157920980065332,-0.004806180562784265,-0.10394129200262138,0.03613992129998444,0.015404929353203617,-0.028454645455746462,0.01643364198295183,0.00611522527567882,-0.008424105038088978,-0.010889478665739917,-0.0037252511956639635,0.3820919114315646,0.45880873640818276,0.13965592871914884,0.32228654317011285,0.03654124119540993,0.08536422027638159,0.07385277132726754,0.020244245696049153,0.027751686259065142,0.02507910230536829,0.010806872241188486,0.06158804195988087,0.03207021139119065,0.01400004211937647,0.016003940701606104,0.012768397883144435,0.009426018977318516,0.011409974927845259,0.006504099844424217,0.009690497516444083
-0.16173423767092004,0.1835623382411979,-0.4282603859320088,0.06018365048513195,-0.4187113803296932,-0.17307090936838632,-0.31791157852807655,-0.10929647804223117,0.20650930954742733,-0.09258689463497208,-0.09137410619632509,-0.20133733225903142,-0.14099738680549678,-0.12241187679233204,-0.019880820163397896,0.04623086526168961,-0.055508612565895,-0.14707039819347137,-0.04347330133809296,-0.045394998751695,0.13332684164267197,0.20389458129094765,0.2532118651591882,0.0643146344763294,0.268533946886954,0.09843788962659632,0.16935907297009478,0.0552560086728919,0.08740785758270818,0.03904270533573961,0.050978202568550034,0.07459663436686703,0.050332905488918896,0.04132571893299126,0.015621572555974024,0.02780884440529334,0.03654883073684647,0.051990730672717145,0.02672897371295164,0.013804734286737329
-0.4106956884787032,-0.3752029713954486,-0.14203702630320694,-0.24047792478670602,-0.04720516712179301,-0.07827344052474051,0.01845083170042529,-0.0879896655141738,-0.07361062378510308,0.08212705471973558,-0.1381832016268479,-0.010983928895709361,0.10738617030900706,-0.03664914334400035,0.0052898932172388965,-0.013657465548000638,0.01563103647930918,0.0009119517747549502,-0.05417334145014182,-0.0024570936928590952,0.46096195737171797,0.4305603260081104,0.1780598267394399,0.21031747737931403,0.09823692605448348,0.09118969605788102,0.0695500041854409,0.08352286159604015,0.07341666159428127,0.058398231680519906,0.08759185252697939,0.03196458290429052,0.07276952314303847,0.0699131782031278,0.061907260139797436,0.04994687340190566,0.04166861847532162,0.05538371526540991,0.07309188388125805,0.026810549955643706
-0.2288813401054719,-0.5106776905434026,0.14399274295480236,-0.01814806830589925,-0.055659283237785434,0.13329421594117272,-0.09524544023930467,-0.02961272250386922,-0.08255062428276375,0.020692926991919727,0.07355406205567644,-0.008696854640482017,-0.23953096901386903,-0.05050778175088585,0.09116183392845778,-0.1435086644257213,-0.08133923292149886,0.10817654816439251,0.08258632042026907,-0.020508817071561537,0.448028994041034,0.4567008028389953,0.15539512118062543,0.07702671229907877,0.06251544457775197,0.13151504274611334,0.06872537234984304,0.06191199043973244,0.060368369842643724,0.0691826753593672,0.0512961260904295,0.05264613248418242,0.11205713678354302,0.05055700126650192,0.04248540500839128,0.06229681172779859,0.03107864754145724,0.041698367555772366,0.03147271561715317,0.01872800345124295
0.5230259211871143,0.007714835166188594,-0.4017033192414613,-0.18251395127481204,-0.16119031543233858,-0.09133223535571167,-0.2767575180393954,0.15304862337356795,-0.15732043936318257,-0.02746621336011689,-0.07748907438965778,-0.027375666776612687,-0.16454571365434395,0.021224879352897165,-0.11981766291162575,-0.006643730841644749,-0.006050319425459,-0.0067082978292699515,0.03895851398079951,-0.06511900408923564,0.45681099296961275,0.10533013162209719,0.2551908183248492,0.08409598461000502,0.06035505948324646,0.026004822366403956,0.10943783782091715,0.039767779628616745,0.04607159643208843,0.013882247179869227,0.026621653487472703,0.013839392784556885,0.050192762040876436,0.01058085623401221,0.03272385172680212,0.007686226483414203,0.013098173200784942,0.010819169248178903,0.007360407126280578,0.013377825294137984
0.21228896374453723,-0.4566833218173931,0.33531068124134217,0.3132497386607903,0.31940231300329675,-0.3180270040680171,-0.012365098565594352,-0.10621093501134138,0.16493356401236137,-0.09994473722659947,-0.038276703655025356,0.0011843598921623666,-0.02579230507314111,-0.015414390458326693,0.054945066216584466,-0.0024977005480656704,0.01962946886376515,0.04159220285492125,0.032812236140951336,0.023503708309783402,0.2569413141727555,0.2772371896574003,0.2242646703864581,0.14941188481811324,0.16016403043952468,0.15569097533523113,0.028786617680694876,0.030029197684646215,0.06388737089363798,0.024025653828841354,0.021999794462267658,0.02522067669450551,0.019220763435494257,0.01188880653273629,0.01752562091225319,0.014474076085964408,0.020441965415751665,0.011577299569692563,0.014272434354996215,0.0144612171780817
-0.296952278741215,0.22911224828714388,0.4069973289592575,0.07835568835351758,-0.3331738967820638,-0.055041081118778014,-0.2669903971243945,-0.38681828184775024,-0.25441920410798924,-0.03588230012820073,0.04514497183413946,-0.13209270238521056,0.11551009664753926,-0.09581255837588258,0.04896406069860765,0.034071935742726656,0.08091286096219548,0.004797745535905075,0.033228396470242526,-0.022368029348118934,0.2746269267720303,0.19321690652120796,0.23210769060649158,0.019967903979965094,0.12999115180462506,0.027284388753417606,0.08704333285826067,0.17695727309626752,0.08358749478892921,0.01020931449863733,0.010199038851240213,0.029200218942998065,0.022558327843972936,0.01512170375414932,0.009532111811731773,0.008347563331092435,0.014961057431530228,0.006394358049198832,0.006460346333300215,0.00499784538972992
-0.37054871262289446,-0.13680343218638769,-0.27256281741561517,-0.06142214934038611,-0.09912716664291119,-0.03491394763309234,-0.02454500319075323,-0.014148287370757254,-0.022158430791354666,-0.0058456747906592025,-0.00432192674692964,-0.0185884027552724,0.029893537372536208,-0.032051500380522124,-0.09258468317112328,0.024643958007618455,-0.03029887664577771,-0.0038282215932734197,-0.012675775572488399,-0.014334216906550413,0.7510031339988233,0.20541969592777778,0.2577313847449416,0.11472052601429063,0.0948305017027913,0.0730948615153702,0.0586402767706568,0.06594046491820053,0.0789135847640774,0.07266228660625548,0.05710281019728845,0.04861719544631183,0.027514667020294852,0.036065416474230255,0.09136236669760932,0.03207978916853763,0.03080785776324448,0.019152464187664343,0.04770630562718389,0.026647076099070997
-0.5989768901343929,-0.15935405601443997,0.03540989197637091,-0.15295376850327702,-0.007855178564199367,-0.11798078198593974,-0.005668470983738201,-0.051630654642465836,-0.12084292177426385,-0.03590857307050506,-0.009990503892753569,0.02751397580578876,-0.05453158101967267,0.009287822902945516,0.001844796931835938,0.0006943740245848975,-0.0023853353466322703,-0.002999920192628111,0.0006294015875175911,0.0029967878081847564,0.7227839355332868,0.08479868480388802,0.042997095113259456,0.06330199538635521,0.03353886063545171,0.04928963760529461,0.03079690695695227,0.038273086292618407,0.053183445990344955,0.01725201534577629,0.018970710819585686,0.02641964761203598,0.08111794599168382,0.014471798076311182,0.021056787448558715,0.035661703685786236,0.010283167725202783,0.01527564028447609,0.013626932976281305,0.004862797009060339
-0.18171922720405642,0.2926998004729572,-0.14516505072832114,-0.07234925751537144,-0.02572184298319879,0.03251986102868541,-0.05965387148350126,0.10374095807281045,-0.0010878301972474217,-0.015069398616715374,-0.020932981240140015,0.020472168216602214,-0.04365902093363836,-0.021337167713229757,-0.00892181521001224,-0.05054427094281396,-0.0060441218698722345,-0.005412136214765361,0.008245385674680633,-0.01372863641884087,0.4859755335034911,0.6927969315170756,0.20287494731852035,0.1424235249281272,0.12486637207684127,0.07977343480173672,0.08071723317434988,0.10119271403102044,0.07337257141237036,0.05265270659295322,0.03739006287623215,0.02895840340844788,0.04468146766533509,0.02926528414641731,0.021627152105071563,0.032093260631452465,0.01792479135612893,0.02284702181757586,0.020140836812012446,0.01640145971665689
0.1586071105300592,-0.20329736986290942,-0.06412433000764074,0.0350014546409196,-0.017177161969799716,0.026182485730542892,-0.005426869229727531,-0.01826209520757627,0.033610410676030406,-0.0002549697448715881,0.0006614443354057216,-0.00934270136750125,-0.002480082981711694,-0.006633156681096017,0.000817490717042568,-0.000230327813276824,-0.0020404029652281316,-0.0043110383705544,0.0016169080268093306,-0.0006653241167758757,0.9431971310277024,0.14582781751145252,0.06754273407089927,0.05064216076587359,0.0282899609731109,0.05146417734473616,0.03353354215795571,0.018459661176039446,0.03140008328623375,0.0198008306935013,0.016476346983615456,0.009539975663392488,0.011341864839435084,0.015689470494366867,0.01153423841532797,0.009330436961201668,0.00936528056487013,0.0077543676764881995,0.008658340407554314,0.007327121821065951
-0.40433998145776395,0.14945355359429804,0.017655183002075213,-0.1044293397488461,0.03672399328523945,0.0123723577989061,-0.024971291691645036,-0.050990526154545655,0.02229628696614143,-0.08132636308557248,-0.004554553331440584,0.028417701395211485,-0.012166187476094863,-0.025799034876291455,-0.026039102647853595,-0.005627757641872056,-0.0011534603740186548,0.012953505523822106,-0.003028878841948984,0.011574887394406439,0.6133788026624195,0.4172712592187881,0.11980851792384965,0.30978315824074043,0.06059417526116087,0.10010249330845489,0.054905059537389174,0.1254856691330507,0.10956075715064657,0.1134756545141006,0.09158477876289027,0.10726693215141116,0.07683186883934151,0.11648385764600247,0.08741475085698652,0.07935308844815488,0.07511941142814632,0.058304748147708405,0.07947535304619024,0.04231477994488523
-0.4271888226579598,0.024876874610431688,-0.17582651776020364,-0.07301190582815877,-0.17719524560494462,0.19563543244103584,-0.02690176611219939,-0.18777419554666885,0.15000234944540738,0.1105850065204362,0.12040426882496288,0.044865563325165655,-0.030720999363350095,-0.0940688580904667,-0.025946420811083542,0.024261017227247397,0.0067127466189523385,-0.003625103234830315,0.0002584538925002095,-0.00042047252361736623,0.7200158179123312,0.11075605390719732,0.12960177900110717,0.10110321686656035,0.10911886680538871,0.12546819296495748,0.04168657127169339,0.1080804270536082,0.08080371892251546,0.04368095501598356,0.0464929089816281,0.02644965726429238,0.025084069811047428,0.03356386226405736,0.01106850231059449,0.008539319062967855,0.004733505216146368,0.022330433401077456,0.006945544312593249,0.006531003768752122
-0.2250677931966158,-0.16915767571054172,0.013478848157944288,0.07120584605024978,0.03485970594661804,0.005447767036532617,0.01532525720803863,0.01515569735903678,-0.026275021067024736,-0.005800646569299841,-0.029998188440508083,0.008277264886668984,-0.004618258357168082,-0.005690072181891137,-0.026170587567176593,-0.0006170690531446875,-0.0012151586797219576,0.0027988821480372027,0.0022418506741042066,-0.0038429274410333035,0.8710510506594542,0.09199727544887254,0.3336727599513052,0.12183479543040301,0.07781108908469395,0.018443502832090484,0.06145078178398099,0.06496640010485448,0.02404187182172859,0.023213770658118717,0.024573356805447373,0.022361633083975242,0.01529347770822639,0.007468621290018598,0.021443043783018208,0.010620831491368686,0.009856086432429214,0.01005006999775617,0.015211908288415454,0.005425338967647413
-0.20476154472779023,-0.5657435049626022,-0.3015218655999846,0.009247196788114037,-0.13691609143846695,-0.04302000652202757,0.004354753623730873,-0.014369685977150166,-0.027794592646708905,0.003279193920846002,-0.005234337152468996,-0.05731376197968878,0.006090451443449598,-0.02838148943271334,-0.034708321336697844,-0.006790973589736155,-0.00382065042876941,-0.03073762337354288,-0.012282998311639244,0.024311928324181668,0.22426467655323934,0.6606692270480266,0.17150733090123066,0.009798201918088277,0.0389813807099273,0.015875204446924335,0.0020301309123836654,0.004620704765698096,0.006565018188680231,0.0025336847148377246,0.002187238326885169,0.009734217737337895,0.00229178646975715,0.003167240995284131,0.0037836481222166796,0.0015459798109896845,0.002061288755344715,0.0034784154874838344,0.0013952578865795958,0.0028191964828948373
-0.06684418703132672,-0.045628735920405304,-0.5910591873675195,-0.4184470650033749,0.017040835587230505,0.023384249458963367,0.14012667342223395,-0.02395116323124818,-0.18245870959552415,-0.08643566303588439,0.11356941987467305,-0.018182587366531125,-0.04889704619674326,-0.018295844110071978,-0.003193791161044691,-0.02994124782784181,0.016791877648162274,0.022210689837265967,0.021125277287857236,-0.035309093160668714,0.29465907370138045,0.16568448672210662,0.45991252884173306,0.2410080935011511,0.0051834938775177815,0.004560654520662358,0.03191589494467474,0.0054798045652581905,0.04809169308988504,0.011521066455186578,0.018534660516562926,0.004298257698131081,0.005732911470585183,0.0027646829262242515,0.002258212724439853,0.0025002864218093856,0.0024343065235991695,0.0027896069963187814,0.0018840838445445729,0.0032104547739813427
-0.02578346272694698,-0.33077511899596374,-0.5070856181397002,0.07011641662685096,-0.018180465450882016,-0.29661117616584903,0.07250485475826843,-0.38622187456437185,-0.09277355133272328,0.09385531456314314,0.14986204171540235,0.04159307015853981,-0.06666268869995585,-0.03396765309835962,0.03157967606107475,-0.012096737249618154,0.03373964602195326,0.001656022906539002,0.043230856674036144,-0.012843820768084034,0.1977264903653684,0.35662306124526455,0.3196372237180877,0.026432893761786706,0.014505456064936929,0.13946199056467573,0.013401188173694269,0.20612484647390825,0.014276009007284766,0.014056772081698405,0.03762039953205717,0.007574783698941839,0.008721128675112263,0.007852872928632165,0.005646359449079942,0.003880630769436556,0.0037052788151809243,0.0045086689192078465,0.007175048652930324,0.0018502026449511058
-0.37683206210931036,-0.09718957022514858,-0.5180775061401744,-0.35967241980134346,0.02249793792648781,0.10755477169685831,-0.08179956906166903,0.08519560587769895,-0.08113895085874308,0.01535074791695129,0.027492342120640154,-0.04806212601124522,-0.04099759145603871,0.031940281089631185,0.012632827856980758,0.03004139930095918,0.013960324849422652,-0.008792287405376967,0.005176860804193634,0.014098737018153253,0.4283122841340268,0.16921947081830968,0.3851713417453322,0.22149494900965244,0.007870452125092827,0.02078137078616356,0.012784674962248851,0.014260948189689468,0.01250610441852481,0.002872716863056366,0.0031246330404117676,0.005598593820276059,0.003691250027347494,0.0030567424607992706,0.001673206430613317,0.0027754346609525126,0.0020379671111840545,0.0017354110285229699,0.0013925615964529923,0.0010950351844249391
-0.5539127976371285,-0.2561789112429871,-0.20769543802419624,0.10645006295171815,-0.03763593802207848,-0.07213471225186767,-0.059586903249196556,-0.0024401836275427576,-0.007500310141274515,-0.009555025013083576,-0.01132328229402897,-0.0032567220807493,0.010900565892552934,0.010511921965469512,-0.009156203619040168,-0.014037611884487447,0.010364493556716198,0.0037825104735309716,-0.008610306835355342,5.769093254208454e-05,0.7004810968826848,0.24684357569858528,0.09381936192683164,0.030406624201782948,0.007146249500745663,0.02059191992395396,0.007324265448032052,0.0024362212560443152,0.0027606337859854557,0.0032204839727200327,0.0030815416367648116,0.0023262324264287045,0.0012593750656491075,0.0013429204701256013,0.0010173600678812045,0.0025778126093149523,0.001444457647221947,0.0009551673312727169,0.0008912926783373739,0.0006931915732553596
-0.519675819467776,-0.30949739173606694,-0.19565640756863806,-0.13854720827355155,0.09147124112546792,-0.15553607869962008,-0.0619834315448502,0.016575801447419068,-0.06542695519276799,-0.05115662741524008,-0.02230463448309675,-0.01427486627141901,0.029785775900840552,0.00400639787686645,-0.010521353792914082,-0.007667333236030249,-0.016916205902868693,-0.003372232690817284,-0.0304519554779368,-0.018468066821842967,0.6876542468210604,0.21345567476821764,0.07894579026423763,0.037596817827887395,0.016364826632394636,0.05511450383382351,0.009651447894975152,0.004491931375896616,0.011396481262982611,0.008628212188583019,0.0033129844434465015,0.0023456273960417526,0.0029804217539097944,0.0019012020371530663,0.0022639993896135906,0.0014306364562095785,0.002310823188069782,0.0016228920428675052,0.0031571217381691913,0.002018209249247932
-0.5463208259086179,-0.2429185047823818,-0.2442957245584376,0.06800356924375846,0.009415757200112835,0.02684421326935553,-0.023109929741904203,-0.04410821495005437,-0.04218960674969864,-0.007947385853093578,0.015263977341636639,0.01934631030173421,0.001548444223782514,-0.05930905743125017,-0.07274583325508682,0.012589521435756382,0.007440659180140053,-0.009489087558809874,0.017897014301447155,0.005542450214052179,0.7077006349729922,0.22189692232195565,0.11157415249607656,0.015279623976453565,0.0028542679842459883,0.004143025760042172,0.003534956738597379,0.005367736106599523,0.004119080136539914,0.0021110876335892897,0.001897302485377073,0.002914474721862093,0.0007734796078245535,0.00683097539371696,0.009999170140939616,0.0011789996806816946,0.0007310023792189842,0.0010255493740067535,0.0013198209840271855,0.0006093775092016035
0.12783458715835877,-0.307129596310665,-0.20973851624446072,-0.6017255043176235,0.07552447497416175,-0.14642825726397288,-0.087423086573989,0.03812267311701286,-0.024154803285750037,0.019298735119668526,-0.04689566925983432,-0.014727193301040291,0.03564381287638479,0.04479139357637496,0.03000382292702073,-0.01889099133628862,0.009676578670866527,0.02222991975307399,0.04387715847835262,-0.029262663301848856,0.27355005894356654,0.2926088038383766,0.08675488323894302,0.5145297882752964,0.026361429736638686,0.041350248240728596,0.019046920870614038,0.008150323091395403,0.005739028103668569,0.0033106098609684037,0.0061870362070866325,0.0031020326108420187,0.003983899100670302,0.004606859578220707,0.004437228937546985,0.002644121990613023,0.0021416091945891847,0.0025026337516625,0.00484593216701039,0.002947308517748033
